Episode,Reward,Steps,Reason,Time
0,50.08,24,FALL,21:54:09
1,291.94,96,FALL,21:54:18
2,548.05,177,FALL,21:54:31
3,59.85,28,FALL,21:54:37
4,33.85,18,FALL,21:54:42
5,45.46,21,FALL,21:54:47
6,75.98,30,FALL,21:54:53
7,32.67,16,FALL,21:54:58
8,34.83,17,FALL,21:55:03
9,142.71,51,FALL,21:55:09
10,33.13,17,FALL,21:55:14
11,80.33,31,FALL,21:55:20
12,132.41,50,FALL,21:55:27
13,39.50,19,FALL,21:55:32
14,79.28,31,FALL,21:55:37
15,40.97,20,FALL,21:55:43
16,43.81,21,FALL,21:55:48
17,190.32,63,FALL,21:55:55
18,112.94,41,FALL,21:56:01
19,48.00,23,FALL,21:56:07
20,24.62,14,FALL,21:56:11
21,46.75,21,FALL,21:56:17
22,199.22,72,FALL,21:56:24
23,246.76,79,FALL,21:56:33
24,36.97,19,FALL,21:56:38
25,124.42,47,FALL,21:56:44
26,30.43,16,FALL,21:56:49
27,313.39,104,FALL,21:56:59
28,31.40,16,FALL,21:57:04
29,72.66,32,FALL,21:57:09
30,29.70,15,FALL,21:57:14
31,46.93,23,FALL,21:57:20
32,95.54,35,FALL,21:57:25
33,162.52,58,FALL,21:57:33
34,305.36,98,FALL,21:57:42
35,37.05,19,FALL,21:57:47
36,40.46,20,FALL,21:57:52
37,84.86,32,FALL,21:57:58
38,54.38,25,FALL,21:58:03
39,99.32,36,FALL,21:58:09
40,45.13,21,FALL,21:58:14
41,123.98,48,FALL,21:58:21
42,71.65,28,FALL,21:58:26
43,41.44,19,FALL,21:58:31
44,43.38,21,FALL,21:58:37
45,153.59,52,FALL,21:58:43
46,148.89,48,FALL,21:58:50
47,143.03,52,FALL,21:58:57
48,72.43,31,FALL,21:59:03
49,117.29,50,FALL,21:59:09
50,257.57,81,FALL,21:59:18
51,66.75,31,FALL,21:59:23
52,185.20,63,FALL,21:59:31
53,43.43,21,FALL,21:59:36
54,442.92,142,FALL,21:59:47
55,36.90,20,FALL,21:59:53
56,143.53,52,FALL,21:59:59
57,96.71,37,FALL,22:00:05
58,31.94,16,FALL,22:00:10
59,42.33,21,FALL,22:00:16
60,200.79,63,FALL,22:00:23
61,114.30,43,FALL,22:00:29
62,44.97,21,FALL,22:00:34
63,30.82,17,FALL,22:00:39
64,59.74,28,FALL,22:00:45
65,375.97,122,FALL,22:00:55
66,172.62,60,FALL,22:01:03
67,28.52,15,FALL,22:01:07
68,41.89,20,FALL,22:01:13
69,35.18,18,FALL,22:01:18
70,136.37,47,FALL,22:01:24
71,34.30,17,FALL,22:01:29
72,162.34,57,FALL,22:01:36
73,32.62,17,FALL,22:01:41
74,315.03,98,FALL,22:01:50
75,102.80,39,FALL,22:01:56
76,39.11,19,FALL,22:02:02
77,38.96,18,FALL,22:02:07
78,51.59,25,FALL,22:02:12
79,95.44,36,FALL,22:02:18
80,76.98,34,FALL,22:02:24
81,38.33,18,FALL,22:02:29
82,155.91,54,FALL,22:02:36
83,155.14,53,FALL,22:02:43
84,177.49,64,FALL,22:02:50
85,210.79,69,FALL,22:02:58
86,113.76,43,FALL,22:03:04
87,131.21,45,FALL,22:03:10
88,287.86,94,FALL,22:03:19
89,280.42,90,FALL,22:03:28
90,660.75,202,FALL,22:03:43
91,29.06,15,FALL,22:03:48
92,44.64,21,FALL,22:03:53
93,146.92,53,FALL,22:04:00
94,41.54,21,FALL,22:04:05
95,180.07,62,FALL,22:04:12
96,35.46,18,FALL,22:04:17
97,122.77,50,FALL,22:04:24
98,168.34,59,FALL,22:04:31
99,184.49,60,FALL,22:04:38
100,141.92,48,FALL,22:04:45
101,233.35,80,FALL,22:04:53
102,41.80,20,FALL,22:04:58
103,35.37,17,FALL,22:05:03
104,492.35,149,FALL,22:05:15
105,41.26,20,FALL,22:05:20
106,438.35,141,FALL,22:05:32
107,564.12,169,FALL,22:05:45
108,140.16,47,FALL,22:05:51
109,45.16,23,FALL,22:43:17
110,99.55,37,FALL,22:43:24
111,59.72,28,FALL,22:43:29
112,240.41,78,FALL,22:43:38
113,154.51,55,FALL,22:43:45
114,60.15,25,FALL,22:43:51
115,248.05,82,FALL,22:44:00
116,183.08,59,FALL,22:44:07
117,169.53,55,FALL,22:44:15
118,170.76,58,FALL,22:44:22
119,49.07,24,FALL,22:44:28
120,190.96,62,FALL,22:44:36
121,35.83,18,FALL,22:44:41
122,33.42,17,FALL,22:44:46
123,41.60,20,FALL,22:44:51
124,155.86,53,FALL,22:44:58
125,136.21,53,FALL,22:45:06
126,149.18,52,FALL,22:45:13
127,142.26,49,FALL,22:45:20
128,38.56,18,FALL,22:45:25
129,100.91,36,FALL,22:45:31
130,37.01,19,FALL,22:45:36
131,59.25,29,FALL,22:45:42
132,99.67,37,FALL,22:45:48
133,88.79,35,FALL,22:45:55
134,188.99,59,FALL,22:46:02
135,38.27,19,FALL,22:46:07
136,72.37,28,FALL,22:46:13
137,88.68,33,FALL,22:46:19
138,250.13,82,FALL,22:46:28
139,58.13,25,FALL,22:46:33
140,42.64,20,FALL,22:46:39
141,52.29,25,FALL,22:46:44
142,65.74,30,FALL,22:46:50
143,43.45,21,FALL,22:46:55
144,90.75,34,FALL,22:47:01
145,225.53,73,FALL,22:47:10
146,29.66,16,FALL,22:47:15
147,31.14,16,FALL,22:47:20
148,152.62,52,FALL,22:47:27
149,47.15,24,FALL,22:47:32
150,48.28,21,FALL,22:47:37
151,38.15,19,FALL,22:47:43
152,220.98,70,FALL,22:47:51
153,220.32,72,FALL,22:47:59
154,34.49,17,FALL,22:48:04
155,223.58,78,FALL,22:48:13
156,142.41,48,FALL,22:48:20
157,125.66,44,FALL,22:48:26
158,150.74,53,FALL,22:48:34
159,33.77,17,FALL,22:48:39
160,52.88,25,FALL,22:48:45
161,95.68,34,FALL,22:48:51
162,977.95,296,FALL,22:49:12
163,419.71,132,FALL,22:49:24
164,163.47,58,FALL,22:49:31
165,200.69,64,FALL,22:49:39
166,302.41,96,FALL,22:49:48
167,40.40,20,FALL,22:49:54
168,33.94,17,FALL,22:49:59
169,152.36,51,FALL,22:50:06
170,131.10,49,FALL,22:50:13
171,42.02,20,FALL,22:50:18
172,180.06,62,FALL,22:50:26
173,88.81,33,FALL,22:50:32
174,87.61,31,FALL,22:50:38
175,645.09,198,FALL,22:50:53
176,81.77,31,FALL,22:50:59
177,43.07,22,FALL,22:51:04
178,41.06,21,FALL,22:51:10
179,126.72,49,FALL,22:51:17
180,106.47,43,FALL,22:51:23
181,203.31,63,FALL,22:51:31
182,35.08,17,FALL,22:51:36
183,60.68,27,FALL,22:51:42
184,1221.50,353,FALL,22:52:06
185,43.00,21,FALL,22:52:12
186,53.63,25,FALL,22:52:17
187,218.35,68,FALL,22:52:25
188,392.51,121,FALL,22:52:37
189,283.87,88,FALL,22:52:46
190,446.01,139,FALL,22:52:58
191,255.70,79,FALL,22:53:07
192,61.62,28,FALL,22:53:13
193,157.38,53,FALL,22:53:20
194,51.40,24,FALL,22:53:25
195,183.50,62,FALL,22:53:33
196,174.02,55,FALL,22:53:40
197,42.51,20,FALL,22:53:46
198,42.44,20,FALL,22:53:51
199,79.46,32,FALL,22:53:57
200,55.21,25,FALL,22:54:03
201,883.04,272,FALL,22:54:22
202,473.41,141,FALL,22:54:35
203,42.68,19,FALL,22:54:40
204,85.93,31,FALL,22:54:46
205,222.56,77,FALL,22:54:54
206,116.37,46,FALL,22:55:01
207,40.65,20,FALL,22:55:07
208,24.23,15,FALL,22:55:12
209,394.22,123,FALL,22:55:23
210,246.95,79,FALL,22:55:31
211,808.41,240,FALL,22:55:49
212,61.10,29,FALL,22:55:55
213,277.42,88,FALL,22:56:04
214,153.10,51,FALL,22:56:11
215,83.98,32,FALL,22:56:17
216,47.76,23,FALL,22:56:23
217,87.42,34,FALL,22:56:29
218,225.82,79,FALL,22:56:38
219,36.74,18,FALL,22:56:43
220,107.57,40,FALL,22:56:49
221,164.34,57,FALL,22:56:57
222,85.90,30,FALL,22:57:03
223,37.19,18,FALL,22:57:08
224,132.17,47,FALL,22:57:15
225,35.16,17,FALL,22:57:20
226,190.50,61,FALL,22:57:27
227,36.46,18,FALL,22:57:32
228,71.04,28,FALL,22:57:38
229,33.88,17,FALL,22:57:43
230,229.53,79,FALL,22:57:52
231,38.50,19,FALL,22:57:57
232,243.72,77,FALL,22:58:06
233,431.74,125,FALL,22:58:17
234,125.94,52,FALL,22:58:24
235,543.03,167,FALL,22:58:39
236,62.43,27,FALL,22:58:44
237,251.78,80,FALL,22:58:53
238,30.42,15,FALL,22:58:58
239,145.93,48,FALL,22:59:04
240,336.86,107,FALL,22:59:15
241,92.99,34,FALL,22:59:21
242,281.60,91,FALL,22:59:30
243,159.74,56,FALL,22:59:38
244,142.62,51,FALL,22:59:45
245,271.91,83,FALL,22:59:54
246,63.99,29,FALL,23:00:00
247,104.20,38,FALL,23:00:06
248,73.08,27,FALL,23:00:12
249,242.38,79,FALL,23:00:21
250,101.71,37,FALL,23:00:27
251,435.52,135,FALL,23:00:40
252,79.08,31,FALL,23:00:46
253,161.98,58,FALL,23:00:53
254,285.80,94,FALL,23:01:03
255,847.61,249,FALL,23:01:22
256,256.24,77,FALL,23:01:31
257,273.95,83,FALL,23:01:40
258,61.50,25,FALL,23:01:46
259,133.31,50,FALL,23:01:53
260,173.33,57,FALL,23:02:00
261,37.64,17,FALL,23:02:05
262,70.03,27,FALL,23:02:11
263,39.70,19,FALL,23:02:16
264,35.92,18,FALL,23:02:21
265,89.65,35,FALL,23:02:28
266,198.93,63,FALL,23:02:36
267,80.26,30,FALL,23:02:41
268,55.98,25,FALL,23:02:47
269,74.95,28,FALL,23:02:53
270,74.05,29,FALL,23:02:59
271,76.42,33,FALL,23:03:05
272,46.48,21,FALL,23:03:10
273,172.29,54,FALL,23:03:18
274,101.62,39,FALL,23:03:24
275,82.26,32,FALL,23:03:30
276,309.29,93,FALL,23:03:39
277,139.17,49,FALL,23:03:46
278,166.83,58,FALL,23:03:54
279,59.96,28,FALL,23:04:00
280,77.49,30,FALL,23:04:06
281,301.62,93,FALL,23:04:15
282,324.55,101,FALL,23:04:25
283,251.98,80,FALL,23:04:33
284,46.87,24,FALL,23:04:39
285,254.87,81,FALL,23:04:47
286,789.16,239,FALL,23:05:04
287,41.90,20,FALL,23:05:10
288,347.70,108,FALL,23:05:20
289,403.42,123,FALL,23:05:31
290,122.13,43,FALL,23:05:38
291,238.42,71,FALL,23:05:46
292,227.84,78,FALL,23:05:54
293,164.48,52,FALL,23:06:02
294,251.52,78,FALL,23:06:10
295,83.03,31,FALL,23:06:16
296,209.31,67,FALL,23:06:24
297,267.17,90,FALL,23:06:33
298,66.97,26,FALL,23:06:39
299,116.43,44,FALL,23:06:46
300,47.60,21,FALL,23:06:51
301,771.71,221,FALL,23:07:08
302,172.59,58,FALL,23:07:16
303,302.45,93,FALL,23:07:25
304,214.72,73,FALL,23:07:34
305,158.41,54,FALL,23:07:41
306,178.69,60,FALL,23:07:49
307,137.63,46,FALL,23:07:56
308,181.10,56,FALL,23:08:03
309,73.02,28,FALL,23:08:09
310,253.24,78,FALL,23:08:18
311,284.88,88,FALL,23:08:27
312,484.53,148,FALL,23:08:39
313,49.09,23,FALL,23:08:45
314,475.04,142,FALL,23:08:57
315,236.75,75,FALL,23:09:06
316,492.20,151,FALL,23:09:18
317,203.46,69,FALL,23:09:27
318,86.60,32,FALL,23:09:33
319,49.64,22,FALL,23:09:38
320,118.88,43,FALL,23:09:44
321,86.82,34,FALL,23:09:51
322,54.07,26,FALL,23:09:56
323,414.34,128,FALL,23:10:08
324,83.52,32,FALL,23:10:14
325,73.50,28,FALL,23:10:19
326,196.00,64,FALL,23:10:27
327,591.11,183,FALL,23:10:42
328,72.42,32,FALL,23:10:48
329,152.95,51,FALL,23:10:55
330,503.55,147,FALL,23:11:08
331,118.15,42,FALL,23:11:14
332,245.53,77,FALL,23:11:23
333,200.73,66,FALL,23:11:30
334,159.34,58,FALL,23:11:38
335,446.38,137,FALL,23:11:50
336,97.76,37,FALL,23:11:56
337,246.66,77,FALL,23:12:04
338,347.89,109,FALL,23:12:15
339,294.94,91,FALL,23:12:24
340,105.61,41,FALL,23:12:31
341,45.34,21,FALL,23:12:36
342,550.42,171,FALL,23:12:50
343,195.44,63,FALL,23:12:58
344,293.02,90,FALL,23:13:07
345,98.82,37,FALL,23:13:14
346,90.67,33,FALL,23:13:20
347,692.68,207,FALL,23:13:36
348,44.26,20,FALL,23:13:41
349,90.76,35,FALL,23:13:47
350,185.14,62,FALL,23:13:55
351,258.78,80,FALL,23:14:03
352,162.73,54,FALL,23:14:10
353,251.59,83,FALL,23:14:19
354,235.21,80,FALL,23:14:27
355,900.51,267,FALL,23:14:46
356,390.23,127,FALL,23:14:57
357,108.67,39,FALL,23:15:03
358,84.36,32,FALL,23:15:09
359,200.47,63,FALL,23:15:16
360,156.29,56,FALL,23:15:24
361,802.69,240,FALL,23:15:41
362,52.32,25,FALL,23:15:46
363,349.40,108,FALL,23:15:57
364,126.59,43,FALL,23:16:03
365,365.86,108,FALL,23:16:14
366,28.41,15,FALL,23:16:19
367,563.71,175,FALL,23:16:33
368,310.83,93,FALL,23:16:43
369,297.27,95,FALL,23:16:52
370,192.82,64,FALL,23:17:00
371,183.84,59,FALL,23:17:08
372,1039.81,302,FALL,23:17:29
373,389.16,118,FALL,23:17:40
374,341.64,107,FALL,23:17:51
375,411.99,123,FALL,23:18:02
376,356.74,113,FALL,23:18:13
377,90.98,33,FALL,23:18:19
378,103.53,39,FALL,23:18:25
379,112.59,44,FALL,23:18:32
380,132.51,46,FALL,23:18:39
381,255.60,84,FALL,23:18:48
382,307.05,98,FALL,23:18:58
383,150.09,51,FALL,23:19:05
384,217.15,70,FALL,23:19:13
385,369.38,110,FALL,23:19:24
386,205.20,65,FALL,23:19:32
387,195.96,63,FALL,23:19:40
388,658.94,192,FALL,23:19:55
389,633.93,193,FALL,23:20:10
390,64.06,26,FALL,23:20:16
391,173.46,63,FALL,23:20:24
392,37.47,19,FALL,23:20:29
393,35.58,18,FALL,23:20:34
394,172.63,58,FALL,23:20:42
395,124.92,48,FALL,23:20:48
396,77.41,29,FALL,23:20:54
397,69.90,27,FALL,23:21:00
398,297.37,92,FALL,23:21:10
399,250.78,83,FALL,23:21:18
400,349.34,106,FALL,23:21:29
401,63.80,27,FALL,23:21:34
402,99.96,38,FALL,23:21:41
403,296.43,90,FALL,23:21:50
404,40.99,21,FALL,23:21:55
405,387.58,121,FALL,23:22:06
406,219.85,74,FALL,23:22:15
407,38.57,18,FALL,23:22:20
408,44.64,21,FALL,23:22:25
409,191.67,62,FALL,23:22:33
410,43.43,21,FALL,23:22:38
411,152.07,52,FALL,23:22:45
412,195.58,64,FALL,23:22:53
413,199.45,63,FALL,23:23:01
414,47.68,23,FALL,23:23:07
415,34.45,17,FALL,23:23:12
416,151.57,56,FALL,23:23:19
417,143.85,50,FALL,23:23:26
418,629.60,188,FALL,23:23:41
419,260.37,86,FALL,23:23:50
420,63.92,29,FALL,23:23:56
421,42.68,20,FALL,23:24:01
422,35.09,17,FALL,23:24:06
423,209.31,67,FALL,23:24:14
424,207.27,67,FALL,23:24:22
425,269.83,86,FALL,23:24:32
426,152.44,55,FALL,23:24:39
427,75.44,32,FALL,23:24:45
428,186.21,64,FALL,23:24:53
429,52.89,24,FALL,23:24:59
430,463.97,135,FALL,23:25:11
431,197.03,64,FALL,23:25:19
432,299.93,95,FALL,23:25:28
433,196.83,64,FALL,23:25:36
434,153.45,51,FALL,23:25:43
435,195.58,65,FALL,23:25:51
436,63.93,24,FALL,23:25:57
437,144.25,52,FALL,23:26:04
438,56.84,25,FALL,23:26:10
439,186.31,63,FALL,23:26:17
440,200.07,66,FALL,23:26:25
441,280.13,85,FALL,23:26:34
442,45.87,21,FALL,23:26:40
443,183.01,59,FALL,23:26:47
444,94.96,34,FALL,23:26:53
445,377.49,117,FALL,23:27:04
446,99.42,37,FALL,23:27:10
447,58.55,26,FALL,23:27:16
448,95.17,36,FALL,23:27:22
449,652.71,193,FALL,23:27:37
450,137.46,47,FALL,23:27:44
451,37.90,18,FALL,23:27:49
452,75.45,29,FALL,23:27:55
453,44.60,21,FALL,23:28:01
454,225.58,71,FALL,23:28:09
455,173.80,59,FALL,23:28:17
456,394.33,119,FALL,23:28:28
457,590.72,186,FALL,23:28:42
458,84.93,31,FALL,23:28:48
459,174.27,58,FALL,23:28:55
460,372.74,114,FALL,23:29:06
461,82.62,31,FALL,23:29:12
462,60.92,28,FALL,23:29:17
463,248.30,78,FALL,23:29:26
464,88.62,33,FALL,23:29:31
465,315.14,97,FALL,23:29:41
466,1084.65,322,FALL,23:30:02
467,53.33,25,FALL,23:30:08
468,342.63,112,FALL,23:30:18
469,205.66,66,FALL,23:30:26
470,267.01,88,FALL,23:30:35
471,139.72,49,FALL,23:30:42
472,90.11,33,FALL,23:30:48
473,399.50,122,FALL,23:30:59
474,96.84,34,FALL,23:31:05
475,61.50,28,FALL,23:31:10
476,146.45,51,FALL,23:31:17
477,955.66,293,FALL,23:31:38
478,130.81,51,FALL,23:31:45
479,95.55,35,FALL,23:31:51
480,168.63,58,FALL,23:31:59
481,205.35,67,FALL,23:32:07
482,160.22,53,FALL,23:32:14
483,238.68,81,FALL,23:32:22
484,528.12,165,FALL,23:32:36
485,200.65,67,FALL,23:32:44
486,351.79,108,FALL,23:32:54
487,42.31,21,FALL,23:32:59
488,207.71,70,FALL,23:33:07
489,53.85,25,FALL,23:33:12
490,247.15,79,FALL,23:33:21
491,137.45,47,FALL,23:33:27
492,258.08,83,FALL,23:33:36
493,85.23,32,FALL,23:33:42
494,80.14,30,FALL,23:33:47
495,371.22,113,FALL,23:33:58
496,369.62,116,FALL,23:34:08
497,166.14,54,FALL,23:34:15
498,544.65,165,FALL,23:34:28
499,38.35,20,FALL,23:34:33
500,312.21,109,FALL,23:34:43
501,258.15,81,FALL,23:34:51
502,34.43,17,FALL,23:34:56
503,734.20,219,FALL,23:35:13
504,50.38,25,FALL,23:35:18
505,95.43,36,FALL,23:35:24
506,103.98,40,FALL,23:35:31
507,497.30,155,FALL,23:35:44
508,150.61,49,FALL,23:35:51
509,107.54,41,FALL,23:35:57
510,264.76,91,FALL,23:36:07
511,465.24,144,FALL,23:36:19
512,485.67,150,FALL,23:36:32
513,266.25,89,FALL,23:36:41
514,201.57,65,FALL,23:36:49
515,75.38,28,FALL,23:36:55
516,139.16,48,FALL,23:37:02
517,93.59,37,FALL,23:37:08
518,497.30,151,FALL,23:37:22
519,190.37,62,FALL,23:37:30
520,86.09,32,FALL,23:37:36
521,143.14,50,FALL,23:37:43
522,80.88,31,FALL,23:37:49
523,39.57,19,FALL,23:37:54
524,76.25,30,FALL,23:38:00
525,49.06,22,FALL,23:38:05
526,130.56,49,FALL,23:38:12
527,127.66,49,FALL,23:38:19
528,350.69,111,FALL,23:38:29
529,883.52,261,FALL,23:38:49
530,143.31,56,FALL,23:38:56
531,128.62,43,FALL,23:39:03
532,347.72,111,FALL,23:39:13
533,229.36,72,FALL,23:39:22
534,51.18,21,FALL,23:39:27
535,37.99,19,FALL,23:40:36
536,365.62,118,FALL,23:40:47
537,628.27,202,FALL,23:41:04
538,125.95,44,FALL,23:41:10
539,146.77,48,FALL,23:41:17
540,55.24,24,FALL,23:41:23
541,264.42,86,FALL,23:41:32
542,144.61,49,FALL,23:41:39
543,639.46,199,FALL,23:41:55
544,208.43,70,FALL,23:42:03
545,37.71,18,FALL,23:42:09
546,182.43,59,FALL,23:42:16
547,122.64,43,FALL,23:42:23
548,916.93,271,FALL,23:42:43
549,303.98,99,FALL,23:42:52
550,73.29,28,FALL,23:42:58
551,48.50,23,FALL,23:43:03
552,347.73,111,FALL,23:43:14
553,146.14,49,FALL,23:43:21
554,446.25,144,FALL,23:43:33
555,185.08,60,FALL,23:43:40
556,31.98,17,FALL,23:43:45
557,152.43,58,FALL,23:43:53
558,65.51,29,FALL,23:43:58
559,185.27,58,FALL,23:44:06
560,40.18,20,FALL,23:44:11
561,181.44,61,FALL,23:44:19
562,134.81,46,FALL,23:44:26
563,477.10,141,FALL,23:44:38
564,87.52,34,FALL,23:44:44
565,327.95,101,FALL,23:44:54
566,105.66,37,FALL,23:45:01
567,147.38,49,FALL,23:45:08
568,182.75,65,FALL,23:45:15
569,175.10,59,FALL,23:45:23
570,285.07,87,FALL,23:45:32
571,740.15,221,FALL,23:45:48
572,154.74,54,FALL,23:45:56
573,490.79,146,FALL,23:46:08
574,414.42,127,FALL,23:46:20
575,56.37,26,FALL,23:46:26
576,68.53,27,FALL,23:46:31
577,209.63,68,FALL,23:46:40
578,81.36,35,FALL,23:46:46
579,466.33,141,FALL,23:46:58
580,313.55,97,FALL,23:47:08
581,93.42,36,FALL,23:47:15
582,276.21,86,FALL,23:47:24
583,212.53,67,FALL,23:47:32
584,134.26,47,FALL,23:47:39
585,45.61,22,FALL,23:47:44
586,35.67,18,FALL,23:47:50
587,347.49,104,FALL,23:48:00
588,172.22,59,FALL,23:48:08
589,71.32,28,FALL,23:48:13
590,83.42,33,FALL,23:48:19
591,263.35,81,FALL,23:48:28
592,216.96,70,FALL,23:48:36
593,406.88,123,FALL,23:48:48
594,193.93,64,FALL,23:48:56
595,477.83,147,FALL,23:49:08
596,224.27,76,FALL,23:49:17
597,200.78,67,FALL,23:49:25
598,86.75,34,FALL,23:49:31
599,149.89,52,FALL,23:49:38
600,141.97,49,FALL,23:53:17
601,605.01,176,FALL,23:53:31
602,283.21,89,FALL,23:53:41
603,215.46,73,FALL,23:53:49
604,91.31,36,FALL,23:53:55
605,38.88,19,FALL,23:54:00
606,199.58,63,FALL,23:54:08
607,107.31,42,FALL,23:54:14
608,36.27,18,FALL,23:55:10
609,295.96,98,FALL,23:55:20
610,77.17,29,FALL,23:55:25
611,544.65,170,FALL,23:55:40
612,243.86,77,FALL,23:55:49
613,132.39,46,FALL,23:55:56
614,185.24,61,FALL,23:56:03
615,188.04,59,FALL,23:56:11
616,64.44,25,FALL,23:56:17
617,316.51,104,FALL,23:56:27
618,305.81,95,FALL,23:56:37
619,383.79,116,FALL,23:56:48
620,316.66,101,FALL,23:56:58
621,85.53,33,FALL,23:57:04
622,205.33,67,FALL,23:57:12
623,197.48,62,FALL,23:57:20
624,47.44,22,FALL,23:57:26
625,159.44,57,FALL,23:57:33
626,173.36,61,FALL,23:57:41
627,647.10,199,FALL,23:57:56
628,837.32,239,FALL,23:58:14
629,178.75,59,FALL,23:58:21
630,577.72,177,FALL,23:58:35
631,794.36,231,FALL,23:58:53
632,423.77,130,FALL,23:59:05
633,47.16,21,FALL,23:59:10
634,76.17,30,FALL,23:59:16
635,152.70,53,FALL,23:59:23
636,126.39,44,FALL,23:59:30
637,147.72,52,FALL,23:59:37
638,178.88,59,FALL,23:59:45
639,56.72,26,FALL,23:59:50
640,252.48,79,FALL,23:59:59
641,307.55,95,FALL,00:00:09
642,136.17,50,FALL,00:00:16
643,41.00,20,FALL,00:00:21
644,238.04,77,FALL,00:00:30
645,50.16,25,FALL,00:00:35
646,117.53,42,FALL,00:00:42
647,80.86,30,FALL,00:00:48
648,305.94,98,FALL,00:00:57
649,911.92,263,FALL,00:01:17
650,38.49,20,FALL,00:01:22
651,150.36,54,FALL,00:01:29
652,191.00,63,FALL,00:01:37
653,595.95,174,FALL,00:01:52
654,204.07,67,FALL,00:02:00
655,549.45,173,FALL,00:02:14
656,490.76,151,FALL,00:02:27
657,333.03,112,FALL,00:02:37
658,200.64,69,FALL,00:02:46
659,498.40,157,FALL,00:02:59
660,358.71,113,FALL,00:03:10
661,77.53,30,FALL,00:03:15
662,578.44,177,FALL,00:03:30
663,371.27,122,FALL,00:03:41
664,630.62,183,FALL,00:03:56
665,80.57,31,FALL,00:04:02
666,299.31,88,FALL,00:04:11
667,90.78,34,FALL,00:04:17
668,78.49,28,FALL,00:04:23
669,103.53,39,FALL,00:04:29
670,52.71,23,FALL,00:04:35
671,204.76,67,FALL,00:04:43
672,194.02,69,FALL,00:04:51
673,181.35,61,FALL,00:04:58
674,183.26,66,FALL,00:05:06
675,345.13,105,FALL,00:05:17
676,77.00,29,FALL,00:05:22
677,147.08,50,FALL,00:05:29
678,590.19,183,FALL,00:05:44
679,530.84,162,FALL,00:05:58
680,166.73,57,FALL,00:06:05
681,138.68,49,FALL,00:06:12
682,45.74,20,FALL,00:06:18
683,109.04,42,FALL,00:06:24
684,47.02,23,FALL,00:06:30
685,33.45,17,FALL,00:06:35
686,261.57,86,FALL,00:06:44
687,83.35,32,FALL,00:06:50
688,152.65,50,FALL,00:06:57
689,82.58,32,FALL,00:07:03
690,84.05,31,FALL,00:07:09
691,339.08,111,FALL,00:07:19
692,86.76,34,FALL,00:07:25
693,398.69,123,FALL,00:07:37
694,68.66,27,FALL,00:07:42
695,496.72,149,FALL,00:07:55
696,351.57,106,FALL,00:08:05
697,830.17,241,FALL,00:08:24
698,81.13,30,FALL,00:08:29
699,82.25,30,FALL,00:08:35
700,272.88,87,FALL,00:08:44
701,148.96,56,FALL,00:08:52
702,111.29,44,FALL,00:08:58
703,307.36,92,FALL,00:09:08
704,467.83,145,FALL,00:09:20
705,157.46,56,FALL,00:09:28
706,245.10,83,FALL,00:09:37
707,277.91,82,FALL,00:09:46
708,36.63,18,FALL,00:09:51
709,33.36,16,FALL,00:09:56
710,481.54,140,FALL,00:10:09
711,154.00,53,FALL,00:10:16
712,259.62,87,FALL,00:10:25
713,420.19,125,FALL,00:10:37
714,80.76,31,FALL,00:10:42
715,379.49,121,FALL,00:10:54
716,148.48,51,FALL,00:11:01
717,89.70,33,FALL,00:11:07
718,85.79,33,FALL,00:11:13
719,307.11,95,FALL,00:11:22
720,224.30,75,FALL,00:11:31
721,38.85,19,FALL,00:11:36
722,165.02,53,FALL,00:11:43
723,64.02,27,FALL,00:11:49
724,97.43,39,FALL,00:11:55
725,383.92,121,FALL,00:12:06
726,1362.02,405,FALL,00:12:34
727,77.68,30,FALL,00:12:40
728,357.54,117,FALL,00:12:51
729,194.99,62,FALL,00:12:59
730,466.73,136,FALL,00:13:11
731,40.83,19,FALL,00:13:16
732,206.35,71,FALL,00:13:24
733,103.66,39,FALL,00:13:31
734,116.20,41,FALL,00:13:37
735,151.89,51,FALL,00:13:44
736,723.37,209,FALL,00:14:00
737,235.74,76,FALL,00:14:09
738,607.09,180,FALL,00:14:24
739,632.08,194,FALL,00:14:39
740,56.53,25,FALL,00:14:45
741,91.50,35,FALL,00:14:51
742,91.31,33,FALL,00:14:57
743,192.76,62,FALL,00:15:05
744,250.49,81,FALL,00:15:13
745,87.76,33,FALL,00:15:19
746,119.30,43,FALL,00:15:26
747,304.69,97,FALL,00:15:36
748,136.83,47,FALL,00:15:43
749,108.40,41,FALL,00:15:49
750,190.05,61,FALL,00:15:57
751,97.14,39,FALL,00:16:03
752,135.59,47,FALL,00:16:10
753,202.05,70,FALL,00:16:18
754,78.74,30,FALL,00:16:24
755,66.02,27,FALL,00:16:30
756,251.23,82,FALL,00:16:39
757,286.43,91,FALL,00:16:48
758,191.94,65,FALL,00:16:56
759,317.19,100,FALL,00:17:06
760,108.04,39,FALL,00:17:12
761,475.68,144,FALL,00:17:25
762,200.39,65,FALL,00:17:33
763,377.86,118,FALL,00:17:44
764,75.38,30,FALL,00:17:50
765,191.86,63,FALL,00:17:58
766,88.63,33,FALL,00:18:04
767,1063.95,318,FALL,00:18:26
768,502.86,152,FALL,00:18:39
769,89.51,32,FALL,00:18:45
770,114.17,42,FALL,00:18:52
771,45.31,22,FALL,00:18:57
772,194.33,60,FALL,00:19:05
773,62.45,27,FALL,00:19:11
774,408.63,120,FALL,00:19:22
775,204.68,66,FALL,00:19:30
776,628.74,189,FALL,00:19:45
777,40.49,19,FALL,00:19:50
778,129.63,41,FALL,00:19:56
779,237.73,76,FALL,00:20:05
780,106.21,39,FALL,00:20:11
781,282.74,87,FALL,00:20:21
782,261.23,78,FALL,00:20:29
783,45.61,21,FALL,00:20:35
784,86.49,33,FALL,00:20:41
785,256.28,79,FALL,00:20:49
786,293.44,87,FALL,00:20:59
787,307.51,95,FALL,00:21:08
788,195.48,63,FALL,00:21:16
789,516.68,161,FALL,00:21:30
790,363.34,109,FALL,00:21:40
791,193.62,62,FALL,00:21:48
792,126.36,46,FALL,00:21:55
793,1004.14,298,FALL,00:22:16
794,412.70,127,FALL,00:22:28
795,102.07,38,FALL,00:22:34
796,42.42,22,FALL,00:22:39
797,276.61,90,FALL,00:22:49
798,51.70,24,FALL,00:22:54
799,524.49,155,FALL,00:23:07
800,53.67,23,FALL,00:23:13
801,313.44,107,FALL,00:23:23
802,459.28,139,FALL,00:23:35
803,392.49,118,FALL,00:23:46
804,510.03,156,FALL,00:24:00
805,421.03,136,FALL,00:24:12
806,549.75,170,FALL,00:24:26
807,311.76,99,FALL,00:24:36
808,177.47,60,FALL,00:24:43
809,157.88,53,FALL,00:24:51
810,263.35,81,FALL,00:24:59
811,79.02,30,FALL,00:25:05
812,288.31,89,FALL,00:25:15
813,322.44,100,FALL,00:25:25
814,216.34,70,FALL,00:25:33
815,1191.52,348,FALL,00:25:57
816,68.91,27,FALL,00:26:03
817,603.67,183,FALL,00:26:17
818,157.58,60,FALL,00:26:25
819,374.04,122,FALL,00:26:36
820,292.03,90,FALL,00:26:46
821,213.80,70,FALL,00:26:54
822,42.79,20,FALL,00:26:59
823,84.27,34,FALL,00:27:05
824,62.37,29,FALL,00:27:11
825,68.85,26,FALL,00:27:17
826,65.24,26,FALL,00:27:23
827,155.08,54,FALL,00:27:30
828,229.68,76,FALL,00:27:38
829,250.63,78,FALL,00:27:47
830,236.53,74,FALL,00:27:55
831,104.35,38,FALL,00:28:02
832,231.98,77,FALL,00:28:10
833,81.23,33,FALL,00:28:16
834,387.66,118,FALL,00:28:27
835,174.48,59,FALL,00:28:35
836,98.63,38,FALL,00:28:41
837,92.59,33,FALL,00:28:47
838,94.40,36,FALL,00:28:53
839,206.10,68,FALL,00:29:01
840,300.70,96,FALL,00:29:11
841,181.61,58,FALL,00:29:18
842,142.59,48,FALL,00:29:25
843,291.09,89,FALL,00:29:34
844,152.97,51,FALL,00:29:42
845,439.74,137,FALL,00:29:54
846,122.79,45,FALL,00:30:00
847,106.36,38,FALL,00:30:07
848,88.96,34,FALL,00:30:13
849,73.25,28,FALL,00:30:19
850,81.39,32,FALL,00:30:25
851,40.17,19,FALL,00:30:30
852,109.02,42,FALL,00:30:36
853,29.52,15,FALL,00:30:41
854,559.85,167,FALL,00:30:55
855,459.43,143,FALL,00:31:08
856,78.17,29,FALL,00:31:13
857,250.79,76,FALL,00:31:22
858,153.60,50,FALL,00:31:29
859,716.62,210,FALL,00:31:46
860,190.92,63,FALL,00:31:53
861,298.55,90,FALL,00:32:03
862,163.34,53,FALL,00:32:10
863,258.09,88,FALL,00:32:19
864,640.65,183,FALL,00:32:34
865,148.38,49,FALL,00:32:41
866,304.74,95,FALL,00:32:50
867,85.76,33,FALL,00:32:56
868,168.09,56,FALL,00:33:04
869,49.39,22,FALL,00:33:09
870,159.96,52,FALL,00:33:17
871,196.60,63,FALL,00:33:24
872,286.48,88,FALL,00:33:34
873,571.05,169,FALL,00:33:48
874,126.42,44,FALL,00:33:54
875,544.64,160,FALL,00:34:08
876,84.52,32,FALL,00:34:13
877,352.00,106,FALL,00:34:24
878,269.98,93,FALL,00:34:33
879,286.40,101,FALL,00:34:43
880,79.06,30,FALL,00:34:49
881,36.75,17,FALL,00:34:54
882,39.82,19,FALL,00:35:00
883,753.99,230,FALL,00:35:17
884,407.89,123,FALL,00:35:28
885,653.61,208,FALL,00:35:45
886,1446.56,420,FALL,00:36:14
887,289.49,92,FALL,00:36:23
888,42.07,20,FALL,00:36:28
889,324.63,99,FALL,00:36:38
890,87.67,33,FALL,00:36:44
891,186.78,61,FALL,00:36:52
892,273.42,85,FALL,00:37:01
893,352.45,109,FALL,00:37:11
894,160.72,53,FALL,00:37:18
895,168.35,55,FALL,00:37:26
896,189.35,61,FALL,00:37:33
897,311.90,96,FALL,00:37:43
898,203.62,65,FALL,00:37:51
899,707.30,206,FALL,00:38:07
900,492.40,150,FALL,00:38:20
901,193.75,62,FALL,00:38:28
902,89.70,33,FALL,00:38:34
903,692.68,202,FALL,00:38:50
904,771.65,231,FALL,00:39:07
905,50.55,22,FALL,00:39:12
906,97.28,37,FALL,00:39:19
907,144.37,48,FALL,00:39:26
908,82.55,33,FALL,00:39:32
909,74.37,30,FALL,00:39:37
910,290.97,93,FALL,00:39:47
911,1361.96,393,FALL,00:40:14
912,94.66,36,FALL,00:40:20
913,77.54,29,FALL,00:40:26
914,180.19,60,FALL,00:40:34
915,196.57,62,FALL,00:40:42
916,35.59,18,FALL,00:40:47
917,505.93,147,FALL,00:40:59
918,198.50,64,FALL,00:41:07
919,1425.87,417,FALL,00:41:36
920,158.96,55,FALL,00:41:43
921,86.96,34,FALL,00:41:49
922,91.85,37,FALL,00:41:55
923,356.26,112,FALL,00:42:06
924,270.69,87,FALL,00:42:15
925,150.03,50,FALL,00:42:22
926,368.25,117,FALL,00:42:33
927,372.47,113,FALL,00:42:44
928,132.64,50,FALL,00:42:51
929,476.05,145,FALL,00:43:03
930,56.44,26,FALL,00:43:09
931,85.66,32,FALL,00:43:15
932,57.80,26,FALL,00:43:20
933,189.30,60,FALL,00:43:28
934,239.96,75,FALL,00:43:36
935,453.73,144,FALL,00:43:49
936,165.16,61,FALL,00:43:57
937,233.06,78,FALL,00:44:05
938,99.29,38,FALL,00:44:12
939,310.37,98,FALL,00:44:22
940,77.71,29,FALL,00:44:27
941,120.62,46,FALL,00:44:34
942,41.81,21,FALL,00:44:39
943,45.66,22,FALL,00:44:45
944,861.83,264,FALL,00:45:04
945,195.82,63,FALL,00:45:12
946,182.15,59,FALL,00:45:20
947,641.95,197,FALL,00:45:35
948,208.52,70,FALL,00:45:44
949,502.75,149,FALL,00:45:56
950,687.23,208,FALL,00:46:13
951,1146.73,337,FALL,00:46:36
952,844.51,245,FALL,00:46:55
953,39.77,19,FALL,00:47:00
954,155.46,53,FALL,00:47:07
955,116.63,41,FALL,00:47:14
956,379.37,126,FALL,00:47:25
957,911.62,272,FALL,00:47:45
958,358.37,110,FALL,00:47:56
959,261.65,82,FALL,00:48:05
960,41.18,19,FALL,00:48:10
961,214.40,72,FALL,00:48:18
962,108.10,42,FALL,00:48:25
963,123.46,44,FALL,00:48:31
964,78.33,30,FALL,00:48:37
965,43.01,21,FALL,00:48:43
966,124.21,43,FALL,00:48:49
967,344.46,108,FALL,00:49:00
968,206.82,67,FALL,00:49:08
969,368.34,111,FALL,00:49:18
970,115.67,44,FALL,00:49:25
971,445.78,134,FALL,00:49:37
972,101.25,39,FALL,00:49:43
973,453.78,137,FALL,00:49:55
974,410.51,129,FALL,00:50:07
975,166.83,54,FALL,00:50:14
976,177.10,58,FALL,00:50:22
977,136.81,46,FALL,00:50:29
978,480.50,148,FALL,00:50:41
979,97.26,39,FALL,00:50:48
980,109.99,38,FALL,00:50:54
981,796.58,226,FALL,00:51:11
982,72.14,33,FALL,00:51:17
983,413.82,141,FALL,00:51:29
984,84.65,31,FALL,00:51:36
985,247.87,80,FALL,00:51:44
986,190.90,61,FALL,00:51:52
987,48.41,23,FALL,00:51:58
988,279.12,90,FALL,00:52:07
989,267.54,85,FALL,00:52:16
990,42.94,19,FALL,00:52:21
991,207.68,68,FALL,00:52:29
992,143.35,47,FALL,00:52:36
993,455.77,135,FALL,00:52:48
994,610.33,178,FALL,00:53:03
995,877.72,262,FALL,00:53:22
996,493.85,145,FALL,00:53:35
997,409.18,126,FALL,00:53:46
998,401.36,127,FALL,00:53:58
999,125.96,42,FALL,00:54:04
1000,210.85,67,FALL,00:54:12
1001,85.10,34,FALL,00:54:18
1002,511.81,159,FALL,00:54:32
1003,503.19,154,FALL,00:54:45
1004,45.69,20,FALL,00:54:50
1005,210.11,69,FALL,00:54:58
1006,280.57,88,FALL,00:55:07
1007,131.29,49,FALL,00:55:14
1008,80.47,31,FALL,00:55:20
1009,170.75,61,FALL,00:55:28
1010,182.34,56,FALL,00:55:35
1011,84.15,33,FALL,00:55:41
1012,559.13,171,FALL,00:55:55
1013,205.92,69,FALL,00:56:03
1014,177.41,62,FALL,00:56:11
1015,264.53,85,FALL,00:56:20
1016,140.38,48,FALL,00:56:27
1017,190.39,61,FALL,00:56:35
1018,737.37,211,FALL,00:56:51
1019,826.17,244,FALL,00:57:10
1020,587.48,173,FALL,00:57:24
1021,83.63,32,FALL,00:57:30
1022,195.31,63,FALL,00:57:38
1023,609.45,179,FALL,00:57:52
1024,292.55,88,FALL,00:58:01
1025,408.10,119,FALL,00:58:12
1026,279.34,82,FALL,00:58:21
1027,76.21,30,FALL,00:58:27
1028,372.68,111,FALL,00:58:38
1029,552.15,170,FALL,00:58:52
1030,177.49,57,FALL,00:58:59
1031,383.79,115,FALL,00:59:10
1032,118.24,46,FALL,00:59:17
1033,107.37,41,FALL,00:59:23
1034,393.07,116,FALL,00:59:34
1035,75.39,31,FALL,00:59:40
1036,332.08,107,FALL,00:59:50
1037,39.49,19,FALL,00:59:56
1038,141.57,48,FALL,01:00:03
1039,77.32,31,FALL,01:00:09
1040,169.47,63,FALL,01:00:16
1041,68.61,26,FALL,01:00:22
1042,253.52,88,FALL,01:00:31
1043,35.47,17,FALL,01:00:36
1044,377.47,116,FALL,01:00:47
1045,466.91,143,FALL,01:01:00
1046,451.56,138,FALL,01:01:12
1047,178.25,56,FALL,01:01:19
1048,558.60,178,FALL,01:01:33
1049,212.00,67,FALL,01:01:41
1050,477.49,140,FALL,01:01:54
1051,576.88,171,FALL,01:02:08
1052,153.61,51,FALL,01:02:15
1053,830.04,238,FALL,01:02:33
1054,92.70,36,FALL,01:02:39
1055,856.82,252,FALL,01:02:58
1056,604.29,189,FALL,01:03:13
1057,372.26,113,FALL,01:03:24
1058,451.34,136,FALL,01:03:36
1059,39.51,19,FALL,01:03:41
1060,102.84,42,FALL,01:03:48
1061,159.89,56,FALL,01:03:55
1062,314.37,94,FALL,01:04:05
1063,185.54,60,FALL,01:04:12
1064,286.40,89,FALL,01:04:21
1065,514.81,154,FALL,01:04:35
1066,82.74,34,FALL,01:04:41
1067,81.76,35,FALL,01:04:47
1068,153.25,55,FALL,01:04:54
1069,69.02,31,FALL,01:05:00
1070,319.26,97,FALL,01:05:10
1071,274.13,87,FALL,01:05:19
1072,945.99,276,FALL,01:05:39
1073,519.05,157,FALL,01:05:53
1074,455.29,141,FALL,01:06:05
1075,362.92,111,FALL,01:06:16
1076,151.01,52,FALL,01:06:23
1077,293.16,90,FALL,01:06:32
1078,71.80,32,FALL,01:06:38
1079,77.43,31,FALL,01:06:44
1080,52.25,23,FALL,01:06:49
1081,147.97,49,FALL,01:06:56
1082,286.07,91,FALL,01:07:06
1083,480.19,138,FALL,01:07:18
1084,219.55,70,FALL,01:07:26
1085,288.31,91,FALL,01:07:35
1086,74.52,29,FALL,01:07:41
1087,33.85,17,FALL,01:07:46
1088,69.44,31,FALL,01:07:52
1089,252.52,86,FALL,01:08:01
1090,71.53,33,FALL,01:08:07
1091,83.53,29,FALL,01:08:13
1092,95.01,37,FALL,01:08:19
1093,285.23,88,FALL,01:08:29
1094,416.88,127,FALL,01:08:40
1095,589.84,180,FALL,01:08:55
1096,46.53,22,FALL,01:09:00
1097,211.77,70,FALL,01:09:08
1098,637.42,193,FALL,01:09:24
1099,340.16,108,FALL,01:09:34
1100,71.66,32,FALL,01:09:40
1101,263.06,86,FALL,01:09:49
1102,1036.43,300,FALL,01:10:11
1103,180.42,58,FALL,01:10:18
1104,132.57,48,FALL,01:10:25
1105,81.27,30,FALL,01:10:31
1106,51.50,25,FALL,01:10:37
1107,88.25,36,FALL,01:10:43
1108,245.15,81,FALL,01:10:52
1109,488.46,150,FALL,01:11:04
1110,75.87,30,FALL,01:11:10
1111,319.54,100,FALL,01:11:20
1112,78.29,31,FALL,01:11:26
1113,399.78,118,FALL,01:11:37
1114,93.40,35,FALL,01:11:43
1115,187.62,62,FALL,01:11:51
1116,255.04,79,FALL,01:12:00
1117,314.74,96,FALL,01:12:10
1118,243.04,81,FALL,01:12:18
1119,148.20,51,FALL,01:12:26
1120,575.63,172,FALL,01:12:40
1121,39.97,20,FALL,01:12:45
1122,614.80,188,FALL,01:13:00
1123,46.77,21,FALL,01:13:06
1124,464.36,143,FALL,01:13:18
1125,41.27,19,FALL,01:13:23
1126,448.77,142,FALL,01:13:36
1127,162.67,54,FALL,01:13:43
1128,142.87,48,FALL,01:13:50
1129,729.64,212,FALL,01:14:07
1130,365.16,112,FALL,01:14:17
1131,853.70,253,FALL,01:14:36
1132,45.20,22,FALL,01:14:41
1133,453.72,133,FALL,01:14:53
1134,299.90,87,FALL,01:15:03
1135,669.19,200,FALL,01:15:18
1136,143.15,50,FALL,01:15:25
1137,52.70,24,FALL,01:15:31
1138,52.08,23,FALL,01:15:36
1139,354.55,114,FALL,01:15:47
1140,38.81,20,FALL,01:15:53
1141,311.26,92,FALL,01:16:02
1142,190.62,62,FALL,01:16:10
1143,398.82,125,FALL,01:16:21
1144,440.54,138,FALL,01:16:33
1145,255.13,83,FALL,01:16:42
1146,52.75,24,FALL,01:16:48
1147,192.45,61,FALL,01:16:55
1148,1223.08,356,FALL,01:17:21
1149,245.16,86,FALL,01:17:30
1150,359.16,108,FALL,01:17:40
1151,260.67,85,FALL,01:17:49
1152,189.54,61,FALL,01:17:57
1153,860.29,248,FALL,01:18:15
1154,415.87,125,FALL,01:18:27
1155,147.53,49,FALL,01:18:34
1156,672.28,200,FALL,01:18:49
1157,97.96,36,FALL,01:18:56
1158,255.61,82,FALL,01:19:05
1159,205.00,66,FALL,01:19:13
1160,36.56,19,FALL,01:19:18
1161,221.14,74,FALL,01:19:26
1162,151.56,53,FALL,01:19:34
1163,143.63,49,FALL,01:19:41
1164,131.29,49,FALL,01:19:48
1165,200.18,68,FALL,01:19:56
1166,169.16,56,FALL,01:20:03
1167,103.81,38,FALL,01:20:09
1168,84.83,31,FALL,01:20:15
1169,125.95,41,FALL,01:20:22
1170,603.27,184,FALL,01:20:37
1171,153.58,53,FALL,01:20:44
1172,38.46,19,FALL,01:20:49
1173,139.81,50,FALL,01:20:56
1174,102.35,41,FALL,01:21:03
1175,127.02,50,FALL,01:21:10
1176,39.20,18,FALL,01:21:15
1177,314.45,97,FALL,01:21:25
1178,700.52,216,FALL,01:21:41
1179,441.27,137,FALL,01:21:53
1180,272.92,94,FALL,01:22:03
1181,54.91,23,FALL,01:22:09
1182,198.62,64,FALL,01:22:16
1183,61.31,29,FALL,01:22:22
1184,479.23,151,FALL,01:22:35
1185,805.42,239,FALL,01:22:53
1186,416.09,124,FALL,01:23:04
1187,507.71,152,FALL,01:23:17
1188,138.74,47,FALL,01:23:24
1189,159.76,58,FALL,01:23:31
1190,38.16,18,FALL,01:23:37
1191,643.96,197,FALL,01:23:52
1192,80.46,30,FALL,01:23:58
1193,194.25,62,FALL,01:24:06
1194,376.39,118,FALL,01:24:17
1195,424.27,128,FALL,01:24:28
1196,91.70,35,FALL,01:24:35
1197,75.47,29,FALL,01:24:40
1198,203.64,63,FALL,01:24:48
1199,82.68,36,FALL,01:24:54
1200,81.60,31,FALL,01:25:00
1201,297.65,90,FALL,01:25:10
1202,384.61,117,FALL,01:25:21
1203,220.33,79,FALL,01:25:29
1204,299.89,94,FALL,01:25:39
1205,49.70,22,FALL,01:25:44
1206,518.80,152,FALL,01:25:57
1207,155.17,55,FALL,01:26:05
1208,607.07,181,FALL,01:26:19
1209,160.15,52,FALL,01:26:27
1210,205.27,68,FALL,01:26:35
1211,1201.76,359,FALL,01:27:00
1212,355.87,113,FALL,01:27:10
1213,332.10,102,FALL,01:27:21
1214,310.56,104,FALL,01:27:31
1215,197.08,66,FALL,01:27:39
1216,325.32,101,FALL,01:27:49
1217,913.82,262,FALL,01:28:08
1218,125.20,43,FALL,01:28:15
1219,413.16,125,FALL,01:28:26
1220,80.03,30,FALL,01:28:32
1221,798.99,233,FALL,01:28:50
1222,122.04,42,FALL,01:28:56
1223,449.25,138,FALL,01:29:08
1224,75.37,34,FALL,01:29:14
1225,81.53,31,FALL,01:29:20
1226,434.16,130,FALL,01:29:32
1227,183.60,59,FALL,01:29:40
1228,596.82,182,FALL,01:29:54
1229,314.37,95,FALL,01:30:04
1230,78.45,30,FALL,01:30:10
1231,133.12,43,FALL,01:30:16
1232,622.25,181,FALL,01:30:31
1233,51.96,23,FALL,01:30:36
1234,84.02,33,FALL,01:30:42
1235,152.17,49,FALL,01:30:49
1236,280.87,86,FALL,01:30:58
1237,308.21,96,FALL,01:31:08
1238,220.56,71,FALL,01:31:16
1239,240.83,75,FALL,01:31:24
1240,129.33,48,FALL,01:31:31
1241,820.99,238,FALL,01:31:49
1242,144.59,50,FALL,01:31:56
1243,127.82,43,FALL,01:32:03
1244,391.99,119,FALL,01:32:14
1245,828.26,237,FALL,01:32:32
1246,72.94,28,FALL,01:32:38
1247,68.94,29,FALL,01:32:44
1248,45.01,20,FALL,01:32:49
1249,997.10,285,FALL,01:33:10
1250,850.34,261,FALL,01:33:29
1251,334.02,107,FALL,01:33:40
1252,636.82,185,FALL,01:33:55
1253,202.91,63,FALL,01:34:02
1254,448.21,133,FALL,01:34:14
1255,290.76,90,FALL,01:34:24
1256,114.59,42,FALL,01:34:30
1257,129.46,45,FALL,01:34:37
1258,121.74,45,FALL,01:34:44
1259,183.86,64,FALL,01:34:51
1260,185.97,62,FALL,01:34:59
1261,160.79,54,FALL,01:35:06
1262,617.49,180,FALL,01:35:21
1263,390.56,116,FALL,01:35:32
1264,465.20,142,FALL,01:35:44
1265,255.79,82,FALL,01:35:53
1266,491.44,147,FALL,01:36:06
1267,301.70,96,FALL,01:36:16
1268,791.40,229,FALL,01:36:33
1269,74.48,29,FALL,01:36:39
1270,483.97,154,FALL,01:36:52
1271,69.50,28,FALL,01:36:58
1272,649.14,196,FALL,01:37:13
1273,355.99,110,FALL,01:37:24
1274,732.39,214,FALL,01:37:40
1275,112.36,41,FALL,01:37:47
1276,200.46,66,FALL,01:37:55
1277,355.94,108,FALL,01:38:05
1278,331.59,98,FALL,01:38:15
1279,762.17,223,FALL,01:38:33
1280,329.14,103,FALL,01:38:43
1281,476.40,148,FALL,01:38:55
1282,153.30,55,FALL,01:39:03
1283,155.44,53,FALL,01:39:10
1284,290.77,93,FALL,01:39:19
1285,89.37,34,FALL,01:39:25
1286,510.17,148,FALL,01:39:38
1287,75.89,29,FALL,01:39:44
1288,77.49,34,FALL,01:39:50
1289,53.78,25,FALL,01:39:56
1290,118.97,48,FALL,01:40:03
1291,296.46,92,FALL,01:40:12
1292,292.60,87,FALL,01:40:21
1293,186.49,60,FALL,01:40:29
1294,411.53,123,FALL,01:40:40
1295,68.45,30,FALL,01:40:46
1296,734.20,214,FALL,01:41:03
1297,364.42,108,FALL,01:41:13
1298,344.85,105,FALL,01:41:23
1299,387.30,121,FALL,01:41:35
1300,132.03,43,FALL,01:41:41
1301,87.25,32,FALL,01:41:47
1302,152.57,55,FALL,01:41:55
1303,191.31,60,FALL,01:42:02
1304,948.57,273,FALL,01:42:22
1305,1047.70,296,FALL,01:42:43
1306,124.90,47,FALL,01:42:50
1307,130.57,46,FALL,01:42:57
1308,41.40,19,FALL,01:43:02
1309,243.69,72,FALL,01:43:11
1310,432.76,129,FALL,01:43:22
1311,203.35,63,FALL,01:43:30
1312,301.63,93,FALL,01:43:40
1313,290.98,95,FALL,01:43:49
1314,461.79,145,FALL,01:44:02
1315,335.98,106,FALL,01:44:12
1316,80.33,30,FALL,01:44:18
1317,53.94,25,FALL,01:44:24
1318,306.02,93,FALL,01:44:33
1319,346.28,111,FALL,01:44:44
1320,715.56,216,FALL,01:45:01
1321,375.54,116,FALL,01:45:11
1322,73.59,28,FALL,01:45:17
1323,177.57,57,FALL,01:45:25
1324,146.46,50,FALL,01:45:32
1325,381.88,118,FALL,01:45:43
1326,34.75,18,FALL,01:45:48
1327,953.18,273,FALL,01:46:08
1328,71.06,28,FALL,01:46:14
1329,80.03,29,FALL,01:46:20
1330,935.71,271,FALL,01:46:40
1331,73.08,27,FALL,01:46:46
1332,134.91,46,FALL,01:46:52
1333,179.28,60,FALL,01:47:00
1334,201.08,63,FALL,01:47:08
1335,243.74,76,FALL,01:47:16
1336,198.58,68,FALL,01:47:24
1337,268.14,86,FALL,01:47:33
1338,83.53,32,FALL,01:47:39
1339,287.01,90,FALL,01:47:49
1340,523.62,150,FALL,01:48:01
1341,543.95,164,FALL,01:48:15
1342,410.98,119,FALL,01:48:26
1343,500.12,153,FALL,01:48:39
1344,826.53,249,FALL,01:48:58
1345,295.73,90,FALL,01:49:08
1346,504.88,154,FALL,01:49:21
1347,647.13,194,FALL,01:49:36
1348,75.64,28,FALL,01:49:42
1349,783.35,225,FALL,01:49:59
1350,380.20,116,FALL,01:50:10
1351,990.98,288,FALL,01:50:31
1352,382.91,118,FALL,01:50:42
1353,147.42,51,FALL,01:50:49
1354,139.03,50,FALL,01:50:56
1355,1303.83,378,FALL,01:51:22
1356,161.96,53,FALL,01:51:29
1357,946.94,272,FALL,01:51:49
1358,478.42,138,FALL,01:52:02
1359,204.09,65,FALL,01:52:10
1360,1095.56,338,FALL,01:52:33
1361,85.88,34,FALL,01:52:39
1362,48.33,23,FALL,01:52:45
1363,283.38,89,FALL,01:52:54
1364,640.90,185,FALL,01:53:09
1365,152.65,51,FALL,01:53:16
1366,236.52,72,FALL,01:53:25
1367,611.52,188,FALL,01:53:40
1368,100.50,37,FALL,01:53:46
1369,237.64,71,FALL,01:53:54
1370,296.27,94,FALL,01:54:04
1371,467.53,150,FALL,01:54:17
1372,92.46,35,FALL,01:54:23
1373,471.71,144,FALL,01:54:35
1374,634.88,188,FALL,01:54:51
1375,122.70,49,FALL,01:54:58
1376,83.82,35,FALL,01:55:04
1377,176.67,62,FALL,01:55:11
1378,119.64,44,FALL,01:55:18
1379,279.15,85,FALL,01:55:27
1380,67.25,26,FALL,01:55:33
1381,329.95,101,FALL,01:55:43
1382,1101.50,314,FALL,01:56:05
1383,153.63,52,FALL,01:56:12
1384,250.07,77,FALL,01:56:21
1385,59.93,27,FALL,01:56:26
1386,751.65,221,FALL,01:56:43
1387,171.43,56,FALL,01:56:51
1388,88.34,34,FALL,01:56:57
1389,85.57,33,FALL,01:57:03
1390,586.05,179,FALL,01:57:18
1391,909.02,260,FALL,01:57:37
1392,192.63,62,FALL,01:57:45
1393,75.25,29,FALL,01:57:50
1394,258.44,79,FALL,01:57:59
1395,345.32,102,FALL,01:58:09
1396,257.33,83,FALL,01:58:18
1397,93.56,35,FALL,01:58:24
1398,923.22,283,FALL,01:58:45
1399,635.63,191,FALL,01:59:00
1400,145.41,52,FALL,01:59:07
1401,202.27,64,FALL,01:59:15
1402,324.02,94,FALL,01:59:25
1403,29.17,15,FALL,01:59:30
1404,153.10,52,FALL,01:59:37
1405,1317.14,385,FALL,02:00:04
1406,154.39,50,FALL,02:00:11
1407,660.99,190,FALL,02:00:26
1408,725.97,214,FALL,02:00:43
1409,696.44,207,FALL,02:00:59
1410,168.36,58,FALL,02:01:06
1411,544.64,166,FALL,02:01:20
1412,840.80,245,FALL,02:01:38
1413,42.00,20,FALL,02:01:44
1414,188.99,57,FALL,02:01:51
1415,277.73,93,FALL,02:02:01
1416,237.18,75,FALL,02:02:09
1417,323.31,101,FALL,02:02:19
1418,1508.06,442,FALL,02:02:49
1419,373.55,112,FALL,02:03:00
1420,772.49,229,FALL,02:03:18
1421,131.33,44,FALL,02:03:24
1422,1000.04,292,FALL,02:03:45
1423,634.62,186,FALL,02:04:00
1424,196.42,60,FALL,02:04:08
1425,396.64,117,FALL,02:04:19
1426,192.53,62,FALL,02:04:27
1427,185.46,62,FALL,02:04:35
1428,198.70,65,FALL,02:04:42
1429,279.06,83,FALL,02:04:51
1430,544.99,158,FALL,02:05:05
1431,63.12,29,FALL,02:05:11
1432,249.19,80,FALL,02:05:19
1433,148.69,55,FALL,02:05:27
1434,38.45,19,FALL,02:05:32
1435,276.13,88,FALL,02:05:41
1436,214.48,67,FALL,02:05:49
1437,606.55,188,FALL,02:06:04
1438,705.58,210,FALL,02:06:20
1439,1011.33,289,FALL,02:06:41
1440,39.43,18,FALL,02:06:47
1441,551.24,168,FALL,02:07:00
1442,158.80,53,FALL,02:07:08
1443,826.97,236,FALL,02:07:25
1444,496.92,148,FALL,02:07:38
1445,678.04,197,FALL,02:07:54
1446,213.67,72,FALL,02:08:02
1447,452.55,136,FALL,02:08:14
1448,381.27,119,FALL,02:08:25
1449,185.05,60,FALL,02:08:33
1450,54.27,25,FALL,02:08:38
1451,694.04,206,FALL,02:08:54
1452,851.88,263,FALL,02:09:14
1453,814.13,245,FALL,02:09:32
1454,541.36,163,FALL,02:09:46
1455,904.47,265,FALL,02:10:05
1456,107.45,40,FALL,02:10:12
1457,193.62,64,FALL,02:10:20
1458,487.16,150,FALL,02:10:33
1459,199.06,67,FALL,02:10:41
1460,522.38,157,FALL,02:10:54
1461,947.48,272,FALL,02:11:14
1462,69.59,26,FALL,02:11:20
1463,155.68,55,FALL,02:11:27
1464,80.46,32,FALL,02:11:33
1465,293.82,91,FALL,02:11:42
1466,198.22,62,FALL,02:11:50
1467,87.23,34,FALL,02:11:56
1468,52.53,24,FALL,02:12:01
1469,457.20,138,FALL,02:12:14
1470,174.79,55,FALL,02:12:21
1471,37.85,18,FALL,02:12:26
1472,464.91,142,FALL,02:12:38
1473,152.52,52,FALL,02:12:46
1474,300.89,91,FALL,02:12:55
1475,301.67,90,FALL,02:13:04
1476,663.48,201,FALL,02:13:20
1477,269.87,84,FALL,02:13:29
1478,386.42,120,FALL,02:13:40
1479,481.46,145,FALL,02:13:53
1480,252.23,78,FALL,02:14:02
1481,718.42,209,FALL,02:14:18
1482,180.91,61,FALL,02:14:26
1483,744.73,215,FALL,02:14:43
1484,1001.00,287,FALL,02:15:04
1485,621.38,183,FALL,02:15:18
1486,176.36,58,FALL,02:15:26
1487,120.12,46,FALL,02:15:33
1488,192.25,62,FALL,02:15:40
1489,839.22,241,FALL,02:15:58
1490,375.69,121,FALL,02:16:10
1491,62.94,27,FALL,02:16:15
1492,511.60,154,FALL,02:16:28
1493,277.34,86,FALL,02:16:37
1494,569.19,171,FALL,02:16:51
1495,289.25,93,FALL,02:17:01
1496,145.36,52,FALL,02:17:08
1497,227.00,76,FALL,02:17:17
1498,191.20,63,FALL,02:17:24
1499,85.54,33,FALL,02:17:30
1500,73.04,29,FALL,02:17:36
1501,1013.26,288,FALL,02:17:57
1502,680.27,201,FALL,02:18:13
1503,103.41,41,FALL,02:18:19
1504,253.06,78,FALL,02:18:28
1505,78.77,30,FALL,02:18:34
1506,49.09,23,FALL,02:18:39
1507,377.46,113,FALL,02:18:50
1508,80.77,31,FALL,02:18:56
1509,575.46,177,FALL,02:19:11
1510,638.54,183,FALL,02:19:26
1511,154.42,53,FALL,02:19:33
1512,84.18,33,FALL,02:19:39
1513,485.20,140,FALL,02:19:51
1514,675.15,201,FALL,02:20:07
1515,1415.15,407,FALL,02:20:35
1516,43.19,20,FALL,02:20:40
1517,126.29,45,FALL,02:20:47
1518,398.73,124,FALL,02:20:58
1519,189.66,60,FALL,02:21:06
1520,289.94,86,FALL,02:21:15
1521,359.03,104,FALL,02:21:25
1522,171.96,58,FALL,02:21:33
1523,406.88,121,FALL,02:21:44
1524,291.83,91,FALL,02:21:53
1525,123.48,47,FALL,02:22:00
1526,88.64,34,FALL,02:22:06
1527,415.61,126,FALL,02:22:18
1528,283.49,93,FALL,02:22:27
1529,167.99,59,FALL,02:22:35
1530,200.81,65,FALL,02:22:43
1531,72.26,28,FALL,02:22:48
1532,148.30,52,FALL,02:22:56
1533,36.71,18,FALL,02:23:01
1534,876.63,258,FALL,02:23:20
1535,84.32,31,FALL,02:23:26
1536,394.29,121,FALL,02:23:37
1537,187.81,58,FALL,02:23:45
1538,491.96,145,FALL,02:23:57
1539,208.25,66,FALL,02:24:05
1540,202.97,66,FALL,02:24:13
1541,54.53,24,FALL,02:24:19
1542,201.02,64,FALL,02:24:27
1543,169.12,55,FALL,02:24:34
1544,285.34,91,FALL,02:24:43
1545,57.38,27,FALL,02:24:49
1546,757.29,222,FALL,02:25:06
1547,662.50,194,FALL,02:25:21
1548,417.33,125,FALL,02:25:33
1549,274.80,85,FALL,02:25:42
1550,176.49,58,FALL,02:25:49
1551,396.81,120,FALL,02:26:00
1552,137.75,52,FALL,02:26:07
1553,200.77,64,FALL,02:26:15
1554,298.45,92,FALL,02:26:25
1555,236.96,80,FALL,02:26:34
1556,89.64,36,FALL,02:26:40
1557,646.07,184,FALL,02:26:55
1558,178.09,58,FALL,02:27:02
1559,392.24,126,FALL,02:27:14
1560,137.76,46,FALL,02:27:21
1561,307.07,93,FALL,02:27:30
1562,238.03,72,FALL,02:27:39
1563,713.00,206,FALL,02:27:55
1564,208.41,65,FALL,02:28:03
1565,139.33,46,FALL,02:28:09
1566,244.67,74,FALL,02:28:18
1567,155.59,52,FALL,02:28:25
1568,465.22,136,FALL,02:28:37
1569,968.91,285,FALL,02:28:58
1570,1179.55,330,FALL,02:29:21
1571,125.79,45,FALL,02:29:28
1572,618.52,186,FALL,02:29:43
1573,546.31,162,FALL,02:29:57
1574,54.00,25,FALL,02:30:02
1575,208.52,70,FALL,02:30:10
1576,1423.30,419,FALL,02:30:39
1577,817.86,240,FALL,02:30:57
1578,46.83,21,FALL,02:31:03
1579,75.41,30,FALL,02:31:09
1580,186.00,59,FALL,02:31:16
1581,195.69,59,FALL,02:31:24
1582,47.73,21,FALL,02:31:29
1583,36.25,18,FALL,02:31:34
1584,87.18,35,FALL,02:31:40
1585,135.28,47,FALL,02:31:47
1586,171.66,62,FALL,02:31:55
1587,174.16,53,FALL,02:32:02
1588,71.20,33,FALL,02:32:08
1589,193.24,65,FALL,02:32:16
1590,622.72,181,FALL,02:32:31
1591,130.21,46,FALL,02:32:37
1592,177.32,58,FALL,02:32:45
1593,179.70,59,FALL,02:32:53
1594,76.50,29,FALL,02:32:58
1595,197.69,65,FALL,02:33:06
1596,189.34,61,FALL,02:33:14
1597,233.00,76,FALL,02:33:23
1598,392.10,117,FALL,02:33:34
1599,274.34,83,FALL,02:33:42
1600,660.57,199,FALL,02:33:58
1601,673.03,205,FALL,02:34:14
1602,599.00,179,FALL,02:34:29
1603,40.81,20,FALL,02:34:34
1604,492.49,145,FALL,02:34:47
1605,420.00,124,FALL,02:34:58
1606,79.33,31,FALL,02:35:04
1607,32.11,17,FALL,02:35:09
1608,482.67,148,FALL,02:35:22
1609,389.62,118,FALL,02:35:33
1610,45.46,22,FALL,02:35:38
1611,198.95,63,FALL,02:35:46
1612,489.51,147,FALL,02:35:59
1613,182.35,60,FALL,02:36:06
1614,80.16,30,FALL,02:36:12
1615,1972.55,572,FALL,02:36:50
1616,306.17,94,FALL,02:36:59
1617,293.10,92,FALL,02:37:09
1618,347.53,103,FALL,02:37:19
1619,528.12,154,FALL,02:37:32
1620,680.29,202,FALL,02:37:48
1621,413.63,123,FALL,02:38:00
1622,373.98,113,FALL,02:38:10
1623,365.75,113,FALL,02:38:21
1624,342.59,108,FALL,02:38:31
1625,56.54,24,FALL,02:38:37
1626,183.53,62,FALL,02:38:44
1627,111.20,41,FALL,02:38:51
1628,956.35,276,FALL,02:39:11
1629,355.06,111,FALL,02:39:21
1630,396.12,124,FALL,02:39:33
1631,152.34,54,FALL,02:39:40
1632,885.38,259,FALL,02:40:00
1633,190.07,61,FALL,02:40:07
1634,49.33,23,FALL,02:40:13
1635,615.61,176,FALL,02:40:27
1636,468.23,137,FALL,02:40:39
1637,285.96,90,FALL,02:40:48
1638,682.41,203,FALL,02:41:04
1639,606.46,177,FALL,02:41:19
1640,64.83,28,FALL,02:41:24
1641,247.85,79,FALL,02:41:33
1642,407.19,121,FALL,02:41:44
1643,172.03,57,FALL,02:41:52
1644,312.66,102,FALL,02:42:02
1645,335.21,106,FALL,02:42:12
1646,708.77,210,FALL,02:42:28
1647,484.34,154,FALL,02:42:41
1648,1175.78,337,FALL,02:43:05
1649,269.37,87,FALL,02:43:14
1650,41.24,19,FALL,02:43:19
1651,664.06,202,FALL,02:43:35
1652,93.22,35,FALL,02:43:42
1653,56.47,24,FALL,02:43:47
1654,192.32,60,FALL,02:43:55
1655,490.12,145,FALL,02:44:07
1656,180.33,60,FALL,02:44:15
1657,355.30,105,FALL,02:44:25
1658,86.15,38,FALL,02:44:32
1659,1333.08,397,FALL,02:44:59
1660,549.81,167,FALL,02:45:13
1661,144.64,50,FALL,02:45:20
1662,190.15,62,FALL,02:45:28
1663,392.63,120,FALL,02:45:39
1664,289.07,88,FALL,02:45:48
1665,92.27,34,FALL,02:45:54
1666,311.26,96,FALL,02:46:04
1667,248.25,81,FALL,02:46:13
1668,156.32,51,FALL,02:46:20
1669,53.72,25,FALL,02:46:25
1670,84.21,31,FALL,02:46:31
1671,105.82,39,FALL,02:46:38
1672,1313.39,381,FALL,02:47:04
1673,182.72,60,FALL,02:47:12
1674,153.30,52,FALL,02:47:19
1675,800.95,241,FALL,02:47:37
1676,866.43,253,FALL,02:47:56
1677,308.91,92,FALL,02:48:06
1678,822.60,239,FALL,02:48:24
1679,284.56,91,FALL,02:48:33
1680,248.42,77,FALL,02:48:42
1681,74.58,29,FALL,02:48:48
1682,382.50,113,FALL,02:48:59
1683,1428.31,415,FALL,02:49:27
1684,176.36,57,FALL,02:49:34
1685,280.08,87,FALL,02:49:44
1686,1198.83,352,FALL,02:50:08
1687,347.28,107,FALL,02:50:18
1688,394.42,116,FALL,02:50:29
1689,188.27,59,FALL,02:50:37
1690,713.96,208,FALL,02:50:53
1691,410.69,119,FALL,02:51:04
1692,79.55,31,FALL,02:51:10
1693,256.89,79,FALL,02:51:19
1694,691.94,206,FALL,02:51:35
1695,326.97,103,FALL,02:51:45
1696,179.35,60,FALL,02:51:53
1697,1992.88,563,FALL,02:52:30
1698,508.94,153,FALL,02:52:43
1699,620.25,184,FALL,02:52:58
1700,1307.39,376,FALL,02:53:24
1701,189.06,59,FALL,02:53:31
1702,146.91,51,FALL,02:53:38
1703,523.23,150,FALL,02:53:51
1704,185.29,60,FALL,02:53:59
1705,103.30,41,FALL,02:54:05
1706,193.43,63,FALL,02:54:13
1707,213.19,69,FALL,02:54:21
1708,219.73,71,FALL,02:54:29
1709,482.86,144,FALL,02:54:42
1710,42.02,20,FALL,02:54:47
1711,50.10,23,FALL,02:54:53
1712,1377.78,398,FALL,02:55:20
1713,1447.91,421,FALL,02:55:49
1714,722.64,210,FALL,02:56:05
1715,605.22,177,FALL,02:56:19
1716,183.60,59,FALL,02:56:27
1717,85.32,33,FALL,02:56:33
1718,197.15,72,FALL,02:56:41
1719,986.32,287,FALL,02:57:02
1720,216.72,70,FALL,02:57:10
1721,405.92,124,FALL,02:57:22
1722,909.62,264,FALL,02:57:41
1723,202.80,63,FALL,02:57:49
1724,1168.76,348,FALL,02:58:14
1725,489.34,145,FALL,02:58:26
1726,121.02,42,FALL,02:58:33
1727,182.71,62,FALL,02:58:40
1728,87.86,32,FALL,02:58:46
1729,165.44,53,FALL,02:58:54
1730,268.25,84,FALL,02:59:03
1731,344.60,110,FALL,02:59:13
1732,410.73,122,FALL,02:59:24
1733,157.34,53,FALL,02:59:32
1734,359.49,110,FALL,02:59:42
1735,85.45,31,FALL,02:59:48
1736,55.79,25,FALL,02:59:54
1737,88.99,33,FALL,03:00:00
1738,471.88,143,FALL,03:00:12
1739,73.60,33,FALL,03:00:18
1740,823.04,248,FALL,03:00:37
1741,298.44,96,FALL,03:00:47
1742,79.93,31,FALL,03:00:53
1743,34.05,20,FALL,03:00:58
1744,72.00,31,FALL,03:01:04
1745,144.32,49,FALL,03:01:11
1746,1208.23,339,FALL,03:01:35
1747,710.28,208,FALL,03:01:51
1748,181.52,60,FALL,03:01:59
1749,310.88,93,FALL,03:02:08
1750,152.32,50,FALL,03:02:15
1751,231.43,74,FALL,03:02:24
1752,409.17,130,FALL,03:02:35
1753,962.41,285,FALL,03:02:56
1754,43.86,21,FALL,03:03:02
1755,412.77,123,FALL,03:03:13
1756,260.34,88,FALL,03:03:22
1757,375.30,114,FALL,03:03:33
1758,146.88,52,FALL,03:03:40
1759,86.72,32,FALL,03:03:46
1760,495.45,147,FALL,03:03:59
1761,120.45,41,FALL,03:04:05
1762,955.15,275,FALL,03:04:25
1763,40.45,20,FALL,03:04:30
1764,55.70,26,FALL,03:04:36
1765,614.60,184,FALL,03:04:51
1766,519.74,158,FALL,03:05:04
1767,687.56,206,FALL,03:05:20
1768,69.35,28,FALL,03:05:26
1769,55.89,25,FALL,03:05:32
1770,255.23,78,FALL,03:05:40
1771,222.75,79,FALL,03:05:49
1772,424.35,127,FALL,03:06:01
1773,123.18,42,FALL,03:06:07
1774,1834.31,524,FALL,03:06:42
1775,215.76,70,FALL,03:06:50
1776,920.67,267,FALL,03:07:10
1777,1691.59,494,FALL,03:07:43
1778,312.90,96,FALL,03:07:52
1779,121.45,45,FALL,03:07:59
1780,118.17,49,FALL,03:08:06
1781,738.01,212,FALL,03:08:23
1782,296.99,90,FALL,03:08:32
1783,38.03,18,FALL,03:08:37
1784,101.47,40,FALL,03:08:43
1785,182.36,61,FALL,03:08:51
1786,124.47,42,FALL,03:08:58
1787,1370.09,392,FALL,03:09:24
1788,88.38,36,FALL,03:09:31
1789,547.21,154,FALL,03:09:44
1790,147.54,48,FALL,03:09:51
1791,206.39,66,FALL,03:09:59
1792,193.88,61,FALL,03:10:06
1793,90.63,34,FALL,03:10:12
1794,506.93,154,FALL,03:10:26
1795,509.32,150,FALL,03:10:38
1796,233.22,74,FALL,03:10:47
1797,2306.08,662,FALL,03:11:30
1798,629.49,184,FALL,03:11:45
1799,309.15,95,FALL,03:11:54
1800,364.60,108,FALL,03:12:05
1801,699.79,208,FALL,03:12:21
1802,733.70,212,FALL,03:12:37
1803,305.21,91,FALL,03:12:47
1804,503.23,147,FALL,03:12:59
1805,194.11,62,FALL,03:13:07
1806,526.51,149,FALL,03:13:20
1807,607.33,178,FALL,03:13:35
1808,516.57,152,FALL,03:13:48
1809,603.23,187,FALL,03:14:02
1810,77.99,31,FALL,03:14:08
1811,560.20,168,FALL,03:14:22
1812,592.75,187,FALL,03:14:37
1813,377.95,117,FALL,03:14:48
1814,382.81,110,FALL,03:14:59
1815,652.13,187,FALL,03:15:14
1816,194.58,60,FALL,03:15:21
1817,298.75,89,FALL,03:15:31
1818,287.68,93,FALL,03:15:40
1819,294.42,91,FALL,03:15:50
1820,75.91,28,FALL,03:15:55
1821,733.48,216,FALL,03:16:12
1822,234.81,73,FALL,03:16:21
1823,70.92,28,FALL,03:16:26
1824,407.13,123,FALL,03:16:37
1825,225.96,72,FALL,03:16:46
1826,602.99,189,FALL,03:17:01
1827,1934.34,537,FALL,03:17:36
1828,268.48,84,FALL,03:17:45
1829,88.79,34,FALL,03:17:51
1830,53.63,24,FALL,03:17:57
1831,516.25,148,FALL,03:18:09
1832,147.64,52,FALL,03:18:16
1833,599.59,176,FALL,03:18:31
1834,206.28,67,FALL,03:18:39
1835,187.83,62,FALL,03:18:47
1836,373.71,118,FALL,03:18:58
1837,379.30,117,FALL,03:19:09
1838,241.06,80,FALL,03:19:17
1839,890.32,258,FALL,03:19:36
1840,610.79,175,FALL,03:19:51
1841,358.58,110,FALL,03:20:01
1842,403.34,118,FALL,03:20:12
1843,1086.67,323,FALL,03:20:35
1844,919.51,263,FALL,03:20:55
1845,391.10,125,FALL,03:21:06
1846,706.16,209,FALL,03:21:23
1847,44.39,21,FALL,03:21:28
1848,509.09,154,FALL,03:21:41
1849,284.66,87,FALL,03:21:50
1850,155.27,51,FALL,03:21:57
1851,582.70,164,FALL,03:22:11
1852,589.53,176,FALL,03:22:26
1853,180.99,62,FALL,03:22:33
1854,619.21,178,FALL,03:22:48
1855,75.49,30,FALL,03:22:54
1856,426.89,132,FALL,03:23:06
1857,862.25,258,FALL,03:23:25
1858,511.39,148,FALL,03:23:38
1859,49.69,22,FALL,03:23:43
1860,519.92,155,FALL,03:23:56
1861,359.37,110,FALL,03:24:07
1862,709.16,208,FALL,03:24:23
1863,280.52,89,FALL,03:24:32
1864,100.45,36,FALL,03:24:39
1865,305.72,90,FALL,03:24:48
1866,1352.04,392,FALL,03:25:15
1867,532.24,163,FALL,03:25:29
1868,100.59,39,FALL,03:25:35
1869,297.50,93,FALL,03:25:45
1870,1285.36,360,FALL,03:26:10
1871,193.21,65,FALL,03:26:18
1872,417.95,120,FALL,03:26:29
1873,65.86,31,FALL,03:26:35
1874,243.09,77,FALL,03:26:43
1875,99.01,37,FALL,03:26:49
1876,89.46,33,FALL,03:26:55
1877,183.26,60,FALL,03:27:03
1878,341.56,106,FALL,03:27:13
1879,580.85,166,FALL,03:27:27
1880,154.71,58,FALL,03:27:35
1881,190.56,60,FALL,03:27:42
1882,339.15,105,FALL,03:27:53
1883,158.93,55,FALL,03:28:00
1884,305.01,93,FALL,03:28:10
1885,514.02,149,FALL,03:28:23
1886,502.61,147,FALL,03:28:35
1887,219.66,73,FALL,03:28:44
1888,140.57,49,FALL,03:28:51
1889,427.49,132,FALL,03:29:02
1890,144.99,49,FALL,03:29:09
1891,135.37,46,FALL,03:29:16
1892,215.07,72,FALL,03:29:24
1893,460.69,134,FALL,03:29:36
1894,47.42,22,FALL,03:29:42
1895,80.31,36,FALL,03:29:48
1896,1281.36,361,FALL,03:30:13
1897,301.12,96,FALL,03:30:23
1898,1809.19,517,FALL,03:30:58
1899,41.60,20,FALL,03:31:03
1900,803.77,231,FALL,03:31:21
1901,230.84,70,FALL,03:31:29
1902,451.67,137,FALL,03:31:41
1903,185.30,62,FALL,03:31:49
1904,133.53,46,FALL,03:31:55
1905,270.56,89,FALL,03:32:05
1906,165.19,55,FALL,03:32:12
1907,75.55,29,FALL,03:32:18
1908,1528.53,436,FALL,03:32:47
1909,836.18,242,FALL,03:33:06
1910,68.96,28,FALL,03:33:12
1911,243.28,86,FALL,03:33:21
1912,894.84,258,FALL,03:33:40
1913,661.71,191,FALL,03:33:55
1914,763.97,225,FALL,03:34:12
1915,298.44,93,FALL,03:34:22
1916,156.82,55,FALL,03:34:29
1917,1045.54,298,FALL,03:34:51
1918,788.24,229,FALL,03:35:08
1919,87.58,33,FALL,03:35:14
1920,203.45,64,FALL,03:35:22
1921,76.15,29,FALL,03:35:28
1922,381.26,114,FALL,03:35:38
1923,369.74,117,FALL,03:35:49
1924,71.62,28,FALL,03:35:55
1925,1433.99,408,FALL,03:36:23
1926,124.27,44,FALL,03:36:30
1927,380.53,115,FALL,03:36:40
1928,196.06,65,FALL,03:36:48
1929,1043.65,302,FALL,03:37:10
1930,478.90,140,FALL,03:37:22
1931,481.95,145,FALL,03:37:35
1932,364.04,110,FALL,03:37:46
1933,190.09,59,FALL,03:37:53
1934,543.32,169,FALL,03:38:07
1935,40.61,20,FALL,03:38:12
1936,378.54,112,FALL,03:38:23
1937,280.80,86,FALL,03:38:32
1938,285.79,87,FALL,03:38:41
1939,879.75,262,FALL,03:39:01
1940,309.83,96,FALL,03:39:11
1941,1897.76,542,FALL,03:39:47
1942,474.89,148,FALL,03:39:59
1943,142.94,48,FALL,03:40:06
1944,158.10,66,FALL,03:40:14
1945,571.01,173,FALL,03:40:28
1946,402.52,123,FALL,03:40:39
1947,122.65,46,FALL,03:40:46
1948,740.84,212,FALL,03:41:03
1949,160.11,52,FALL,03:41:10
1950,977.55,283,FALL,03:41:31
1951,214.99,67,FALL,03:41:39
1952,351.85,108,FALL,03:41:49
1953,908.47,262,FALL,03:42:09
1954,213.24,68,FALL,03:42:17
1955,477.23,138,FALL,03:42:29
1956,1580.96,447,FALL,03:42:59
1957,143.97,48,FALL,03:43:06
1958,306.20,94,FALL,03:43:16
1959,911.64,260,FALL,03:43:35
1960,789.23,228,FALL,03:43:52
1961,337.68,105,FALL,03:44:02
1962,601.42,178,FALL,03:44:17
1963,825.82,252,FALL,03:44:35
1964,88.93,33,FALL,03:44:41
1965,150.20,51,FALL,03:44:48
1966,256.94,80,FALL,03:44:57
1967,534.17,159,FALL,03:45:11
1968,235.96,74,FALL,03:45:19
1969,79.04,30,FALL,03:45:25
1970,55.79,26,FALL,03:45:31
1971,468.47,138,FALL,03:45:43
1972,617.38,182,FALL,03:45:58
1973,162.32,54,FALL,03:46:05
1974,368.69,112,FALL,03:46:16
1975,1171.92,343,FALL,03:46:40
1976,533.84,155,FALL,03:46:53
1977,390.18,118,FALL,03:47:04
1978,259.39,80,FALL,03:47:13
1979,202.06,66,FALL,03:47:20
1980,504.78,148,FALL,03:47:33
1981,272.55,82,FALL,03:47:42
1982,44.79,21,FALL,03:47:48
1983,82.07,33,FALL,03:47:54
1984,262.35,80,FALL,03:48:02
1985,670.07,195,FALL,03:48:18
1986,184.69,61,FALL,03:48:26
1987,150.25,49,FALL,03:48:33
1988,1217.96,351,FALL,03:48:57
1989,45.46,21,FALL,03:49:03
1990,80.72,36,FALL,03:49:09
1991,711.89,213,FALL,03:49:25
1992,97.59,35,FALL,03:49:31
1993,445.39,138,FALL,03:49:44
1994,622.34,182,FALL,03:49:59
1995,853.45,243,FALL,03:50:17
1996,372.60,116,FALL,03:50:28
1997,335.83,108,FALL,03:50:38
1998,1211.58,352,FALL,03:51:03
1999,168.54,56,FALL,03:51:10
2000,142.10,50,FALL,03:51:17
2001,44.97,21,FALL,03:51:23
2002,134.17,45,FALL,03:51:29
2003,191.52,60,FALL,03:51:37
2004,153.34,54,FALL,03:51:44
2005,56.96,27,FALL,03:51:50
2006,702.57,209,FALL,03:52:06
2007,523.14,154,FALL,03:52:19
2008,782.45,231,FALL,03:52:37
2009,118.34,45,FALL,03:52:44
2010,381.81,115,FALL,03:52:55
2011,285.02,87,FALL,03:53:04
2012,196.09,69,FALL,03:53:12
2013,183.71,61,FALL,03:53:20
2014,772.06,231,FALL,03:53:37
2015,378.43,111,FALL,03:53:48
2016,852.32,252,FALL,03:54:06
2017,858.18,242,FALL,03:54:25
2018,157.17,53,FALL,03:54:32
2019,139.21,48,FALL,03:54:39
2020,235.67,73,FALL,03:54:48
2021,209.66,67,FALL,03:54:56
2022,1112.65,327,FALL,03:55:19
2023,138.80,49,FALL,03:55:25
2024,521.11,151,FALL,03:55:38
2025,530.13,151,FALL,03:55:51
2026,361.29,109,FALL,03:56:02
2027,472.19,147,FALL,03:56:15
2028,110.46,42,FALL,03:56:21
2029,200.56,66,FALL,03:56:29
2030,1039.26,298,FALL,03:56:51
2031,43.62,22,FALL,03:56:56
2032,232.35,70,FALL,03:57:04
2033,174.39,60,FALL,03:57:12
2034,1161.49,337,FALL,03:57:36
2035,1240.29,348,FALL,03:58:00
2036,485.99,142,FALL,03:58:12
2037,303.49,93,FALL,03:58:22
2038,1491.76,425,FALL,03:58:51
2039,204.91,68,FALL,03:58:59
2040,393.72,116,FALL,03:59:10
2041,272.90,85,FALL,03:59:19
2042,607.96,179,FALL,03:59:34
2043,217.13,67,FALL,03:59:41
2044,532.05,153,FALL,03:59:54
2045,33.20,17,FALL,03:59:59
2046,206.09,67,FALL,04:00:07
2047,97.49,38,FALL,04:00:14
2048,41.31,20,FALL,04:00:19
2049,94.29,32,FALL,04:00:25
2050,413.58,123,FALL,04:00:36
2051,188.35,59,FALL,04:00:44
2052,1244.05,350,FALL,04:01:08
2053,555.83,166,FALL,04:01:22
2054,468.64,138,FALL,04:01:34
2055,1178.56,327,FALL,04:01:57
2056,575.33,167,FALL,04:02:11
2057,49.96,23,FALL,04:02:17
2058,113.00,43,FALL,04:02:23
2059,530.77,153,FALL,04:02:36
2060,241.93,81,FALL,04:02:45
2061,82.83,31,FALL,04:02:51
2062,414.01,123,FALL,04:03:02
2063,334.31,100,FALL,04:03:12
2064,297.79,92,FALL,04:03:22
2065,35.78,18,FALL,04:03:27
2066,42.30,21,FALL,04:03:32
2067,586.05,175,FALL,04:03:46
2068,157.31,49,FALL,04:03:53
2069,325.82,99,FALL,04:04:03
2070,280.13,87,FALL,04:04:12
2071,606.60,183,FALL,04:04:27
2072,259.41,81,FALL,04:04:36
2073,909.73,266,FALL,04:04:56
2074,184.34,58,FALL,04:05:03
2075,410.09,117,FALL,04:05:14
2076,1880.75,544,FALL,04:05:50
2077,893.26,260,FALL,04:06:09
2078,107.14,38,FALL,04:06:16
2079,99.12,38,FALL,04:06:22
2080,372.78,110,FALL,04:06:32
2081,996.06,294,FALL,04:06:54
2082,143.55,48,FALL,04:07:01
2083,416.68,129,FALL,04:07:12
2084,700.63,209,FALL,04:07:29
2085,78.57,30,FALL,04:07:34
2086,397.98,116,FALL,04:07:45
2087,301.89,94,FALL,04:07:55
2088,577.50,172,FALL,04:08:09
2089,579.61,167,FALL,04:08:23
2090,1211.64,345,FALL,04:08:47
2091,396.37,119,FALL,04:08:58
2092,418.90,123,FALL,04:09:09
2093,1167.36,339,FALL,04:09:33
2094,176.61,55,FALL,04:09:41
2095,191.03,67,FALL,04:09:49
2096,291.67,96,FALL,04:09:58
2097,772.18,221,FALL,04:10:15
2098,74.13,28,FALL,04:10:21
2099,196.34,63,FALL,04:10:29
2100,2022.75,571,FALL,04:11:07
2101,169.47,56,FALL,04:11:14
2102,541.09,162,FALL,04:11:27
2103,283.67,89,FALL,04:11:37
2104,83.87,31,FALL,04:11:43
2105,231.87,73,FALL,04:11:51
2106,909.41,257,FALL,04:12:10
2107,64.98,25,FALL,04:12:16
2108,2143.51,603,FALL,04:12:55
2109,398.46,114,FALL,04:13:06
2110,468.98,139,FALL,04:13:18
2111,355.88,107,FALL,04:13:29
2112,58.76,27,FALL,04:13:34
2113,1546.29,435,FALL,04:14:03
2114,111.23,42,FALL,04:14:10
2115,756.53,215,FALL,04:14:27
2116,2979.71,860,FALL,04:15:21
2117,916.62,267,FALL,04:15:40
2118,197.24,63,FALL,04:15:48
2119,313.79,101,FALL,04:15:58
2120,1038.96,298,FALL,04:16:20
2121,2434.49,689,FALL,04:17:04
2122,87.36,33,FALL,04:17:10
2123,188.02,66,FALL,04:17:18
2124,703.86,199,FALL,04:17:34
2125,95.99,35,FALL,04:17:40
2126,43.41,20,FALL,04:17:45
2127,219.63,77,FALL,04:17:54
2128,368.15,113,FALL,04:18:04
2129,84.65,37,FALL,04:18:10
2130,428.87,135,FALL,04:18:23
2131,778.38,228,FALL,04:18:40
2132,111.15,40,FALL,04:18:46
2133,89.72,33,FALL,04:18:52
2134,371.55,116,FALL,04:19:03
2135,691.89,200,FALL,04:19:19
2136,96.14,36,FALL,04:19:25
2137,184.87,61,FALL,04:19:33
2138,79.01,31,FALL,04:19:39
2139,607.12,176,FALL,04:19:53
2140,85.46,34,FALL,04:19:59
2141,392.78,118,FALL,04:20:10
2142,190.57,60,FALL,04:20:18
2143,1394.73,394,FALL,04:20:45
2144,142.41,48,FALL,04:20:52
2145,303.92,90,FALL,04:21:02
2146,1624.79,457,FALL,04:21:32
2147,842.28,248,FALL,04:21:51
2148,51.17,23,FALL,04:21:57
2149,644.24,194,FALL,04:22:12
2150,196.01,60,FALL,04:22:20
2151,66.98,29,FALL,04:22:25
2152,704.36,209,FALL,04:22:42
2153,1389.60,398,FALL,04:23:09
2154,783.96,229,FALL,04:23:27
2155,105.40,40,FALL,04:23:33
2156,556.77,164,FALL,04:23:47
2157,488.99,142,FALL,04:23:59
2158,493.34,149,FALL,04:24:12
2159,630.89,183,FALL,04:24:27
2160,826.38,239,FALL,04:24:44
2161,288.46,87,FALL,04:24:54
2162,106.70,40,FALL,04:25:00
2163,151.49,50,FALL,04:25:07
2164,293.32,90,FALL,04:25:16
2165,1528.94,437,FALL,04:25:46
2166,292.74,91,FALL,04:25:55
2167,45.56,20,FALL,04:26:01
2168,393.66,115,FALL,04:26:12
2169,610.26,178,FALL,04:26:26
2170,200.76,67,FALL,04:26:34
2171,1996.27,572,FALL,04:27:12
2172,191.20,68,FALL,04:27:20
2173,1803.06,517,FALL,04:27:54
2174,299.79,90,FALL,04:28:03
2175,133.84,48,FALL,04:28:10
2176,380.73,111,FALL,04:28:21
2177,149.27,52,FALL,04:28:28
2178,206.45,67,FALL,04:28:36
2179,97.06,40,FALL,04:28:42
2180,73.24,28,FALL,04:28:48
2181,402.39,121,FALL,04:28:59
2182,69.13,27,FALL,04:29:05
2183,275.19,88,FALL,04:29:14
2184,305.61,92,FALL,04:29:24
2185,307.08,93,FALL,04:29:33
2186,508.54,150,FALL,04:29:46
2187,311.72,102,FALL,04:29:56
2188,628.53,183,FALL,04:30:11
2189,460.48,138,FALL,04:30:23
2190,485.89,148,FALL,04:30:36
2191,64.28,26,FALL,04:30:42
2192,46.74,20,FALL,04:30:47
2193,419.77,120,FALL,04:30:58
2194,218.58,70,FALL,04:31:06
2195,257.21,87,FALL,04:31:15
2196,46.94,22,FALL,04:31:21
2197,1095.36,310,FALL,04:31:43
2198,821.54,237,FALL,04:32:00
2199,98.60,34,FALL,04:32:07
2200,350.55,110,FALL,04:32:17
2201,293.22,90,FALL,04:32:26
2202,1387.58,386,FALL,04:32:53
2203,897.94,258,FALL,04:33:12
2204,1018.06,300,FALL,04:33:34
2205,739.48,216,FALL,04:33:51
2206,1022.91,292,FALL,04:34:12
2207,244.11,75,FALL,04:34:20
2208,486.58,140,FALL,04:34:33
2209,274.77,84,FALL,04:34:42
2210,186.28,59,FALL,04:34:49
2211,533.11,154,FALL,04:35:02
2212,290.68,91,FALL,04:35:12
2213,840.40,244,FALL,04:35:30
2214,165.63,57,FALL,04:35:38
2215,71.28,27,FALL,04:35:43
2216,297.68,90,FALL,04:35:53
2217,513.86,150,FALL,04:36:06
2218,471.37,141,FALL,04:36:18
2219,738.44,213,FALL,04:36:34
2220,827.05,237,FALL,04:36:52
2221,517.80,152,FALL,04:37:06
2222,208.30,68,FALL,04:37:14
2223,539.54,161,FALL,04:37:27
2224,388.36,117,FALL,04:37:38
2225,90.48,34,FALL,04:37:44
2226,33.47,17,FALL,04:37:49
2227,251.10,79,FALL,04:37:58
2228,646.61,195,FALL,04:38:14
2229,46.54,22,FALL,04:38:19
2230,459.98,136,FALL,04:38:31
2231,130.45,44,FALL,04:38:38
2232,712.51,207,FALL,04:38:54
2233,50.64,24,FALL,04:38:59
2234,86.86,38,FALL,04:39:06
2235,174.12,59,FALL,04:39:13
2236,143.40,50,FALL,04:39:20
2237,1154.19,339,FALL,04:39:44
2238,210.21,70,FALL,04:39:52
2239,675.96,198,FALL,04:40:08
2240,681.48,200,FALL,04:40:24
2241,208.77,67,FALL,04:40:32
2242,246.76,78,FALL,04:40:40
2243,258.70,86,FALL,04:40:49
2244,680.99,199,FALL,04:41:05
2245,620.01,179,FALL,04:41:20
2246,286.51,85,FALL,04:41:29
2247,87.51,33,FALL,04:41:35
2248,91.77,34,FALL,04:41:41
2249,274.79,85,FALL,04:41:50
2250,159.30,55,FALL,04:41:57
2251,434.48,129,FALL,04:42:09
2252,1843.82,534,FALL,04:42:44
2253,68.19,26,FALL,04:42:50
2254,81.40,31,FALL,04:42:56
2255,639.80,180,FALL,04:43:10
2256,305.84,90,FALL,04:43:20
2257,778.75,229,FALL,04:43:37
2258,690.93,208,FALL,04:43:53
2259,434.94,127,FALL,04:44:05
2260,370.55,119,FALL,04:44:16
2261,1332.58,384,FALL,04:44:43
2262,72.73,27,FALL,04:44:48
2263,783.16,233,FALL,04:45:06
2264,189.21,62,FALL,04:45:14
2265,363.95,112,FALL,04:45:24
2266,422.98,120,FALL,04:45:35
2267,335.92,102,FALL,04:45:45
2268,80.30,31,FALL,04:45:51
2269,73.71,28,FALL,04:45:57
2270,49.48,23,FALL,04:46:02
2271,564.85,174,FALL,04:46:17
2272,727.70,212,FALL,04:46:33
2273,416.68,124,FALL,04:46:45
2274,2343.56,676,FALL,04:47:28
2275,353.55,107,FALL,04:47:39
2276,409.82,119,FALL,04:47:50
2277,551.46,168,FALL,04:48:04
2278,614.63,180,FALL,04:48:18
2279,280.18,86,FALL,04:48:27
2280,547.25,159,FALL,04:48:41
2281,615.20,181,FALL,04:48:56
2282,469.52,142,FALL,04:49:08
2283,1668.72,475,FALL,04:49:40
2284,1156.42,333,FALL,04:50:03
2285,692.84,199,FALL,04:50:19
2286,929.98,266,FALL,04:50:38
2287,181.21,58,FALL,04:50:46
2288,1136.71,328,FALL,04:51:09
2289,81.48,30,FALL,04:51:15
2290,975.04,283,FALL,04:51:36
2291,273.13,85,FALL,04:51:45
2292,189.84,59,FALL,04:51:52
2293,1689.71,483,FALL,04:52:24
2294,954.88,268,FALL,04:52:44
2295,428.43,127,FALL,04:52:56
2296,596.90,176,FALL,04:53:10
2297,230.46,78,FALL,04:53:19
2298,879.49,257,FALL,04:53:38
2299,88.48,33,FALL,04:53:44
2300,1313.91,385,FALL,04:54:10
2301,305.24,93,FALL,04:54:20
2302,1765.38,512,FALL,04:54:54
2303,272.59,87,FALL,04:55:03
2304,33.69,17,FALL,04:55:08
2305,107.93,39,FALL,04:55:15
2306,472.81,142,FALL,04:55:27
2307,684.32,198,FALL,04:55:43
2308,627.65,182,FALL,04:55:57
2309,713.76,207,FALL,04:56:14
2310,387.13,114,FALL,04:56:24
2311,383.30,125,FALL,04:56:36
2312,155.99,52,FALL,04:56:43
2313,35.45,18,FALL,04:56:48
2314,39.49,19,FALL,04:56:53
2315,247.00,79,FALL,04:57:02
2316,418.94,129,FALL,04:57:14
2317,191.32,59,FALL,04:57:21
2318,82.73,38,FALL,04:57:27
2319,394.10,116,FALL,04:57:39
2320,566.81,168,FALL,04:57:53
2321,181.30,60,FALL,04:58:00
2322,495.98,148,FALL,04:58:13
2323,1086.84,330,FALL,04:58:37
2324,938.67,267,FALL,04:58:56
2325,487.82,147,FALL,04:59:09
2326,833.12,242,FALL,04:59:27
2327,596.64,173,FALL,04:59:42
2328,36.92,18,FALL,04:59:47
2329,511.98,151,FALL,05:00:00
2330,611.77,182,FALL,05:00:14
2331,3005.03,842,FALL,05:01:08
2332,472.72,144,FALL,05:01:20
2333,64.75,25,FALL,05:01:26
2334,395.13,122,FALL,05:01:37
2335,541.08,153,FALL,05:01:50
2336,296.33,90,FALL,05:02:00
2337,372.51,117,FALL,05:02:10
2338,496.06,149,FALL,05:02:23
2339,301.42,91,FALL,05:02:33
2340,616.99,183,FALL,05:02:47
2341,196.42,65,FALL,05:02:55
2342,554.17,172,FALL,05:03:09
2343,2879.28,830,FALL,05:04:02
2344,318.89,100,FALL,05:04:12
2345,465.71,144,FALL,05:04:24
2346,874.89,249,FALL,05:04:43
2347,2142.19,596,FALL,05:05:22
2348,55.47,26,FALL,05:05:28
2349,264.23,83,FALL,05:05:37
2350,512.47,159,FALL,05:05:50
2351,155.79,53,FALL,05:05:57
2352,93.36,34,FALL,05:06:03
2353,52.12,23,FALL,05:06:09
2354,48.54,22,FALL,05:06:14
2355,195.99,61,FALL,05:06:22
2356,177.97,56,FALL,05:06:29
2357,354.62,109,FALL,05:06:40
2358,505.86,152,FALL,05:06:53
2359,508.95,148,FALL,05:07:05
2360,3198.15,914,FALL,05:08:03
2361,89.90,33,FALL,05:08:09
2362,396.71,122,FALL,05:08:20
2363,1337.95,379,FALL,05:08:47
2364,713.31,213,FALL,05:09:03
2365,854.61,241,FALL,05:09:21
2366,583.54,179,FALL,05:09:36
2367,231.40,78,FALL,05:09:45
2368,1489.53,419,FALL,05:10:13
2369,515.72,158,FALL,05:10:26
2370,177.43,55,FALL,05:10:34
2371,887.40,256,FALL,05:10:53
2372,540.49,154,FALL,05:11:06
2373,778.78,231,FALL,05:11:24
2374,173.15,58,FALL,05:11:31
2375,622.28,184,FALL,05:11:46
2376,281.39,86,FALL,05:11:55
2377,736.49,213,FALL,05:12:12
2378,146.85,47,FALL,05:12:19
2379,180.52,62,FALL,05:12:26
2380,300.05,101,FALL,05:12:36
2381,292.95,88,FALL,05:12:45
2382,175.36,56,FALL,05:12:53
2383,1911.73,557,FALL,05:13:30
2384,1135.44,333,FALL,05:13:53
2385,373.26,110,FALL,05:14:04
2386,569.44,174,FALL,05:14:18
2387,525.38,159,FALL,05:14:31
2388,83.62,32,FALL,05:14:37
2389,745.98,215,FALL,05:14:54
2390,818.64,230,FALL,05:15:12
2391,410.89,128,FALL,05:15:23
2392,191.98,62,FALL,05:15:31
2393,35.07,18,FALL,05:15:36
2394,122.97,50,FALL,05:15:43
2395,216.92,72,FALL,05:15:52
2396,260.66,82,FALL,05:16:00
2397,57.34,27,FALL,05:16:06
2398,156.03,50,FALL,05:16:13
2399,733.74,212,FALL,05:16:30
2400,215.36,68,FALL,05:16:38
2401,73.82,28,FALL,05:16:43
2402,364.83,108,FALL,05:16:54
2403,168.77,57,FALL,05:17:01
2404,1586.50,447,FALL,05:17:32
2405,835.23,240,FALL,05:17:50
2406,232.74,76,FALL,05:17:58
2407,2906.64,833,FALL,05:18:51
2408,1243.98,360,FALL,05:19:16
2409,1326.09,393,FALL,05:19:43
2410,1471.33,419,FALL,05:20:11
2411,909.83,268,FALL,05:20:31
2412,195.50,64,FALL,05:20:38
2413,250.84,85,FALL,05:20:48
2414,267.56,85,FALL,05:20:57
2415,503.05,147,FALL,05:21:09
2416,200.93,63,FALL,05:21:17
2417,2239.55,626,FALL,05:21:57
2418,60.35,26,FALL,05:22:03
2419,493.07,154,FALL,05:22:16
2420,300.90,94,FALL,05:22:26
2421,133.22,46,FALL,05:22:32
2422,1195.77,343,FALL,05:22:57
2423,404.91,120,FALL,05:23:08
2424,119.89,46,FALL,05:23:15
2425,76.44,28,FALL,05:23:20
2426,194.23,62,FALL,05:23:28
2427,292.07,90,FALL,05:23:38
2428,176.32,62,FALL,05:23:45
2429,197.11,62,FALL,05:23:53
2430,41.13,20,FALL,05:23:58
2431,147.86,48,FALL,05:24:05
2432,51.16,25,FALL,05:24:11
2433,361.50,118,FALL,05:24:22
2434,198.84,64,FALL,05:24:29
2435,798.98,233,FALL,05:24:47
2436,735.62,221,FALL,05:25:04
2437,157.36,53,FALL,05:25:11
2438,1150.76,346,FALL,05:25:36
2439,136.29,49,FALL,05:25:43
2440,444.47,135,FALL,05:25:55
2441,849.14,242,FALL,05:26:13
2442,161.59,55,FALL,05:26:20
2443,294.44,90,FALL,05:26:29
2444,226.23,72,FALL,05:26:38
2445,518.45,155,FALL,05:26:51
2446,281.22,89,FALL,05:27:00
2447,626.15,183,FALL,05:27:15
2448,201.29,64,FALL,05:27:23
2449,530.19,160,FALL,05:27:36
2450,305.18,93,FALL,05:27:46
2451,80.14,31,FALL,05:27:52
2452,73.50,29,FALL,05:27:57
2453,838.49,240,FALL,05:28:16
2454,514.28,156,FALL,05:28:29
2455,823.35,239,FALL,05:28:47
2456,98.39,39,FALL,05:28:53
2457,493.47,149,FALL,05:29:06
2458,169.66,54,FALL,05:29:13
2459,290.54,91,FALL,05:29:23
2460,279.64,86,FALL,05:29:32
2461,841.69,237,FALL,05:29:50
2462,686.12,201,FALL,05:30:05
2463,677.57,205,FALL,05:30:22
2464,552.90,163,FALL,05:30:35
2465,813.28,233,FALL,05:30:53
2466,232.50,77,FALL,05:31:02
2467,92.40,34,FALL,05:31:08
2468,100.88,39,FALL,05:31:14
2469,308.11,101,FALL,05:31:24
2470,297.89,90,FALL,05:31:33
2471,198.46,65,FALL,05:31:41
2472,517.38,169,FALL,05:31:55
2473,406.58,119,FALL,05:32:06
2474,616.57,178,FALL,05:32:21
2475,293.64,91,FALL,05:32:30
2476,307.62,92,FALL,05:32:40
2477,1356.09,390,FALL,05:33:07
2478,1619.01,454,FALL,05:33:37
2479,429.16,135,FALL,05:33:49
2480,1158.38,332,FALL,05:34:12
2481,101.84,39,FALL,05:34:19
2482,383.14,113,FALL,05:34:29
2483,380.03,124,FALL,05:34:41
2484,260.08,79,FALL,05:34:50
2485,1265.69,361,FALL,05:35:15
2486,855.49,241,FALL,05:35:33
2487,900.51,255,FALL,05:35:52
2488,508.38,152,FALL,05:36:05
2489,289.76,94,FALL,05:36:15
2490,967.98,287,FALL,05:36:35
2491,108.15,38,FALL,05:36:42
2492,360.60,108,FALL,05:36:52
2493,184.73,58,FALL,05:37:00
2494,287.28,90,FALL,05:37:09
2495,2014.49,575,FALL,05:37:47
2496,236.22,72,FALL,05:37:56
2497,1063.21,302,FALL,05:38:17
2498,403.87,121,FALL,05:38:29
2499,480.30,138,FALL,05:38:41
2500,377.80,118,FALL,05:38:52
2501,931.39,270,FALL,05:39:12
2502,842.58,247,FALL,05:39:30
2503,2284.37,638,FALL,05:40:11
2504,157.85,57,FALL,05:40:19
2505,185.86,58,FALL,05:40:26
2506,820.64,245,FALL,05:40:45
2507,82.33,30,FALL,05:40:51
2508,1088.19,313,FALL,05:41:13
2509,174.50,58,FALL,05:41:21
2510,1665.37,479,FALL,05:41:53
2511,331.55,111,FALL,05:42:03
2512,511.71,158,FALL,05:42:17
2513,219.87,69,FALL,05:42:25
2514,104.55,38,FALL,05:42:31
2515,1399.33,409,FALL,05:42:59
2516,290.94,86,FALL,05:43:08
2517,276.99,90,FALL,05:43:18
2518,1387.91,393,FALL,05:43:45
2519,727.02,212,FALL,05:44:01
2520,248.93,76,FALL,05:44:10
2521,1325.78,385,FALL,05:44:36
2522,56.04,26,FALL,05:44:42
2523,1259.48,364,FALL,05:45:07
2524,493.01,148,FALL,05:45:20
2525,167.01,63,FALL,05:45:28
2526,410.11,123,FALL,05:45:39
2527,1043.95,301,FALL,05:46:01
2528,115.99,45,FALL,05:46:08
2529,193.31,66,FALL,05:46:16
2530,790.45,226,FALL,05:46:33
2531,488.77,151,FALL,05:46:46
2532,562.16,172,FALL,05:47:00
2533,603.93,176,FALL,05:47:14
2534,131.11,46,FALL,05:47:21
2535,394.78,118,FALL,05:47:32
2536,990.43,287,FALL,05:47:53
2537,660.30,192,FALL,05:48:09
2538,150.56,55,FALL,05:48:16
2539,237.32,79,FALL,05:48:25
2540,573.57,173,FALL,05:48:39
2541,431.72,138,FALL,05:48:51
2542,459.58,133,FALL,05:49:03
2543,417.39,125,FALL,05:49:14
2544,247.41,80,FALL,05:49:23
2545,289.41,87,FALL,05:49:32
2546,213.98,67,FALL,05:49:40
2547,318.53,97,FALL,05:49:50
2548,36.87,17,FALL,05:49:55
2549,309.96,105,FALL,05:50:05
2550,1544.28,441,FALL,05:50:35
2551,743.11,216,FALL,05:50:52
2552,3902.14,1101,FALL,05:52:00
2553,837.97,242,FALL,05:52:18
2554,623.76,183,FALL,05:52:33
2555,144.12,46,FALL,05:52:40
2556,491.14,154,FALL,05:52:53
2557,41.29,20,FALL,05:52:58
2558,1996.32,571,FALL,05:53:36
2559,292.28,89,FALL,05:53:45
2560,720.27,210,FALL,05:54:01
2561,855.21,244,FALL,05:54:20
2562,84.01,33,FALL,05:54:26
2563,30.88,16,FALL,05:54:31
2564,89.10,34,FALL,05:54:37
2565,139.51,50,FALL,05:54:44
2566,198.90,64,FALL,05:54:52
2567,1040.55,297,FALL,05:55:13
2568,1810.87,510,FALL,05:55:47
2569,781.89,228,FALL,05:56:04
2570,899.63,263,FALL,05:56:24
2571,1533.16,453,FALL,05:56:54
2572,693.47,202,FALL,05:57:10
2573,364.10,113,FALL,05:57:21
2574,1137.51,324,FALL,05:57:44
2575,307.65,99,FALL,05:57:54
2576,103.16,37,FALL,05:58:00
2577,632.19,183,FALL,05:58:15
2578,836.10,243,FALL,05:58:33
2579,539.70,160,FALL,05:58:47
2580,310.18,103,FALL,05:58:57
2581,345.26,105,FALL,05:59:07
2582,1661.57,467,FALL,05:59:39
2583,817.08,248,FALL,05:59:57
2584,2401.30,687,FALL,06:00:41
2585,1759.71,508,FALL,06:01:15
2586,1308.68,371,FALL,06:01:41
2587,1596.59,450,FALL,06:02:11
2588,426.73,127,FALL,06:02:23
2589,606.12,177,FALL,06:02:37
2590,236.24,82,FALL,06:02:46
2591,98.47,35,FALL,06:02:52
2592,179.34,59,FALL,06:03:00
2593,107.10,40,FALL,06:03:06
2594,91.20,35,FALL,06:03:12
2595,723.70,212,FALL,06:03:29
2596,508.92,151,FALL,06:03:42
2597,1167.48,328,FALL,06:04:05
2598,363.52,107,FALL,06:04:15
2599,867.29,252,FALL,06:04:34
2600,53.25,25,FALL,06:04:39
2601,1195.04,358,FALL,06:05:04
2602,248.50,78,FALL,06:05:13
2603,835.71,241,FALL,06:05:31
2604,415.85,122,FALL,06:05:43
2605,731.97,215,FALL,06:05:59
2606,37.30,20,FALL,06:06:05
2607,192.75,61,FALL,06:06:12
2608,307.45,94,FALL,06:06:22
2609,912.38,259,FALL,06:06:41
2610,1484.35,416,FALL,06:07:10
2611,197.11,61,FALL,06:07:17
2612,2766.45,785,FALL,06:08:07
2613,388.67,121,FALL,06:08:18
2614,1275.76,367,FALL,06:08:44
2615,1347.80,396,FALL,06:09:11
2616,288.57,88,FALL,06:09:20
2617,836.17,243,FALL,06:09:39
2618,1401.16,394,FALL,06:10:06
2619,422.46,125,FALL,06:10:17
2620,1996.00,564,FALL,06:10:54
2621,929.31,278,FALL,06:11:15
2622,171.14,62,FALL,06:11:23
2623,76.44,28,FALL,06:11:28
2624,355.77,109,FALL,06:11:39
2625,33.08,18,FALL,06:11:44
2626,2185.01,629,FALL,06:12:24
2627,163.39,60,FALL,06:12:32
2628,160.26,57,FALL,06:12:39
2629,285.42,89,FALL,06:12:49
2630,779.35,223,FALL,06:13:06
2631,1089.85,323,FALL,06:13:29
2632,262.16,86,FALL,06:13:38
2633,295.30,91,FALL,06:13:47
2634,780.42,230,FALL,06:14:05
2635,1189.06,334,FALL,06:14:29
2636,472.20,139,FALL,06:14:41
2637,232.98,72,FALL,06:14:49
2638,674.13,193,FALL,06:15:04
2639,1161.32,328,FALL,06:15:28
2640,527.70,149,FALL,06:15:41
2641,90.99,35,FALL,06:15:47
2642,1670.62,481,FALL,06:16:19
2643,194.87,62,FALL,06:16:27
2644,900.03,261,FALL,06:16:46
2645,841.52,244,FALL,06:17:05
2646,1066.15,301,FALL,06:17:26
2647,241.13,75,FALL,06:17:35
2648,86.14,32,FALL,06:17:41
2649,792.94,228,FALL,06:17:58
2650,989.84,285,FALL,06:18:19
2651,451.45,140,FALL,06:18:31
2652,863.30,250,FALL,06:18:50
2653,411.67,128,FALL,06:19:01
2654,74.19,28,FALL,06:19:07
2655,2587.75,729,FALL,06:19:54
2656,190.22,61,FALL,06:20:01
2657,424.21,126,FALL,06:20:13
2658,383.72,111,FALL,06:20:24
2659,298.58,88,FALL,06:20:33
2660,834.57,241,FALL,06:20:51
2661,198.95,63,FALL,06:20:59
2662,288.23,90,FALL,06:21:08
2663,497.60,147,FALL,06:21:21
2664,493.21,148,FALL,06:21:33
2665,1161.48,339,FALL,06:21:57
2666,449.60,134,FALL,06:22:09
2667,2192.12,626,FALL,06:22:50
2668,545.59,167,FALL,06:23:04
2669,137.72,44,FALL,06:23:10
2670,483.83,148,FALL,06:23:23
2671,41.43,21,FALL,06:23:28
2672,338.52,103,FALL,06:23:39
2673,205.36,69,FALL,06:23:47
2674,648.59,194,FALL,06:24:02
2675,198.96,64,FALL,06:24:10
2676,972.12,275,FALL,06:24:30
2677,366.91,112,FALL,06:24:41
2678,233.90,72,FALL,06:24:49
2679,938.93,266,FALL,06:25:09
2680,453.15,137,FALL,06:25:21
2681,433.72,134,FALL,06:25:33
2682,838.43,245,FALL,06:25:51
2683,730.22,212,FALL,06:26:08
2684,870.75,257,FALL,06:26:27
2685,427.47,126,FALL,06:26:38
2686,339.65,105,FALL,06:26:49
2687,293.21,86,FALL,06:26:58
2688,358.47,107,FALL,06:27:08
2689,583.84,171,FALL,06:27:22
2690,300.70,90,FALL,06:27:31
2691,291.66,87,FALL,06:27:41
2692,71.17,28,FALL,06:27:46
2693,466.60,140,FALL,06:27:59
2694,1434.89,408,FALL,06:28:27
2695,694.12,203,FALL,06:28:42
2696,35.20,19,FALL,06:28:48
2697,959.66,267,FALL,06:29:07
2698,1664.76,471,FALL,06:29:39
2699,46.14,22,FALL,06:29:44
2700,624.24,187,FALL,06:29:59
2701,270.52,84,FALL,06:30:09
2702,417.91,121,FALL,06:30:20
2703,125.70,44,FALL,06:30:27
2704,85.55,34,FALL,06:30:33
2705,137.41,47,FALL,06:30:40
2706,163.51,54,FALL,06:30:47
2707,150.56,50,FALL,06:30:54
2708,580.19,170,FALL,06:31:08
2709,44.00,21,FALL,06:31:13
2710,268.49,82,FALL,06:31:22
2711,2320.01,657,FALL,06:32:04
2712,1809.70,508,FALL,06:32:38
2713,2620.73,748,FALL,06:33:26
2714,401.06,120,FALL,06:33:37
2715,1058.63,297,FALL,06:33:59
2716,597.10,181,FALL,06:34:14
2717,475.16,138,FALL,06:34:26
2718,1711.85,478,FALL,06:34:58
2719,154.92,50,FALL,06:35:05
2720,35.82,19,FALL,06:35:10
2721,118.16,45,FALL,06:35:16
2722,410.25,131,FALL,06:35:28
2723,196.26,70,FALL,06:35:37
2724,290.75,94,FALL,06:35:46
2725,1017.85,296,FALL,06:36:08
2726,141.63,49,FALL,06:36:14
2727,631.93,181,FALL,06:36:29
2728,772.29,222,FALL,06:36:46
2729,201.78,64,FALL,06:36:54
2730,836.56,237,FALL,06:37:12
2731,754.76,220,FALL,06:37:29
2732,475.15,139,FALL,06:37:41
2733,636.95,192,FALL,06:37:56
2734,850.42,252,FALL,06:38:15
2735,914.35,254,FALL,06:38:34
2736,1425.80,410,FALL,06:39:02
2737,1929.81,545,FALL,06:39:38
2738,110.07,41,FALL,06:39:45
2739,1291.43,364,FALL,06:40:10
2740,40.14,20,FALL,06:40:15
2741,906.15,265,FALL,06:40:35
2742,361.10,119,FALL,06:40:46
2743,3401.11,960,FALL,06:41:46
2744,883.52,259,FALL,06:42:05
2745,149.18,50,FALL,06:42:12
2746,345.96,103,FALL,06:42:22
2747,76.07,28,FALL,06:42:28
2748,95.15,36,FALL,06:42:34
2749,2112.21,599,FALL,06:43:13
2750,325.98,99,FALL,06:43:23
2751,245.16,75,FALL,06:43:31
2752,59.98,25,FALL,06:43:37
2753,372.23,113,FALL,06:43:48
2754,976.11,274,FALL,06:44:08
2755,188.82,62,FALL,06:44:16
2756,2154.51,602,FALL,06:44:55
2757,2435.25,687,FALL,06:45:39
2758,2420.19,681,FALL,06:46:23
2759,303.79,91,FALL,06:46:33
2760,990.28,280,FALL,06:46:53
2761,1731.55,486,FALL,06:47:26
2762,70.68,27,FALL,06:47:31
2763,467.69,140,FALL,06:47:44
2764,808.41,243,FALL,06:48:02
2765,830.93,241,FALL,06:48:20
2766,303.28,91,FALL,06:48:30
2767,1557.12,446,FALL,06:49:00
2768,204.75,63,FALL,06:49:08
2769,292.43,86,FALL,06:49:17
2770,404.62,128,FALL,06:49:28
2771,128.83,44,FALL,06:49:35
2772,50.25,22,FALL,06:49:40
2773,252.75,93,FALL,06:49:50
2774,98.28,37,FALL,06:49:56
2775,507.73,152,FALL,06:50:09
2776,1050.35,302,FALL,06:50:31
2777,272.98,92,FALL,06:50:41
2778,851.98,246,FALL,06:50:59
2779,447.44,141,FALL,06:51:12
2780,146.95,49,FALL,06:51:18
2781,875.52,260,FALL,06:51:38
2782,421.78,129,FALL,06:51:49
2783,401.87,126,FALL,06:52:01
2784,56.00,26,FALL,06:52:06
2785,877.32,256,FALL,06:52:25
2786,646.82,192,FALL,06:52:41
2787,131.50,51,FALL,06:52:48
2788,3547.35,1005,FALL,06:53:50
2789,928.02,269,FALL,06:54:10
2790,680.04,203,FALL,06:54:26
2791,885.30,259,FALL,06:54:45
2792,1018.67,289,FALL,06:55:06
2793,543.57,162,FALL,06:55:20
2794,151.87,62,FALL,06:55:28
2795,278.05,87,FALL,06:55:37
2796,460.97,138,FALL,06:55:49
2797,72.74,29,FALL,06:55:55
2798,48.15,23,FALL,06:56:00
2799,578.06,174,FALL,06:56:14
2800,42.25,20,FALL,06:56:20
2801,92.02,35,FALL,06:56:26
2802,351.04,110,FALL,06:56:36
2803,3209.17,907,FALL,06:57:34
2804,69.85,33,FALL,06:57:40
2805,1101.13,313,FALL,06:58:02
2806,570.93,172,FALL,06:58:16
2807,491.27,149,FALL,06:58:29
2808,854.65,244,FALL,06:58:48
2809,824.36,244,FALL,06:59:06
2810,571.36,171,FALL,06:59:20
2811,663.94,192,FALL,06:59:35
2812,306.81,96,FALL,06:59:45
2813,456.91,138,FALL,06:59:57
2814,515.65,162,FALL,07:00:11
2815,373.03,116,FALL,07:00:22
2816,2397.43,677,FALL,07:01:05
2817,716.44,207,FALL,07:01:22
2818,81.82,31,FALL,07:01:27
2819,63.33,25,FALL,07:01:33
2820,406.75,117,FALL,07:01:44
2821,182.80,59,FALL,07:01:52
2822,841.98,243,FALL,07:02:10
2823,204.16,63,FALL,07:02:18
2824,313.44,95,FALL,07:02:27
2825,240.97,74,FALL,07:02:36
2826,956.91,267,FALL,07:02:55
2827,379.65,118,FALL,07:03:07
2828,271.40,86,FALL,07:03:16
2829,535.84,155,FALL,07:03:29
2830,902.70,263,FALL,07:03:48
2831,727.65,221,FALL,07:04:05
2832,501.74,153,FALL,07:04:18
2833,923.30,261,FALL,07:04:38
2834,149.96,50,FALL,07:04:45
2835,142.91,46,FALL,07:04:51
2836,645.45,185,FALL,07:05:06
2837,50.24,23,FALL,07:05:12
2838,706.42,213,FALL,07:05:28
2839,518.36,151,FALL,07:05:41
2840,718.20,208,FALL,07:05:57
2841,107.52,40,FALL,07:06:04
2842,847.28,245,FALL,07:06:22
2843,298.28,91,FALL,07:06:31
2844,1155.73,331,FALL,07:06:55
2845,101.76,38,FALL,07:07:01
2846,370.58,109,FALL,07:07:12
2847,1176.89,332,FALL,07:07:35
2848,636.13,184,FALL,07:07:50
2849,1224.57,350,FALL,07:08:15
2850,393.13,119,FALL,07:08:26
2851,2858.28,796,FALL,07:09:16
2852,365.51,115,FALL,07:09:27
2853,264.45,85,FALL,07:09:36
2854,945.44,272,FALL,07:09:56
2855,492.26,150,FALL,07:10:09
2856,501.71,145,FALL,07:10:22
2857,415.74,120,FALL,07:10:33
2858,1837.96,513,FALL,07:11:07
2859,2030.00,567,FALL,07:11:44
2860,865.04,251,FALL,07:12:03
2861,350.57,117,FALL,07:12:14
2862,335.03,102,FALL,07:12:24
2863,1546.22,440,FALL,07:12:53
2864,1805.05,506,FALL,07:13:27
2865,169.58,58,FALL,07:13:34
2866,836.53,241,FALL,07:13:53
2867,44.57,21,FALL,07:13:58
2868,77.17,28,FALL,07:14:04
2869,2256.49,631,FALL,07:14:45
2870,1609.08,450,FALL,07:15:15
2871,265.93,81,FALL,07:15:24
2872,69.22,26,FALL,07:15:30
2873,799.50,232,FALL,07:15:47
2874,139.63,46,FALL,07:15:54
2875,1825.52,510,FALL,07:16:28
2876,51.85,23,FALL,07:16:34
2877,472.98,135,FALL,07:16:45
2878,229.25,72,FALL,07:16:54
2879,47.00,22,FALL,07:16:59
2880,611.06,181,FALL,07:17:14
2881,3332.34,925,FALL,07:18:12
2882,1152.63,323,FALL,07:18:35
2883,2093.50,583,FALL,07:19:13
2884,873.68,260,FALL,07:19:32
2885,255.60,82,FALL,07:19:41
2886,1127.48,322,FALL,07:20:04
2887,1711.02,482,FALL,07:20:37
2888,1159.25,328,FALL,07:21:00
2889,1823.34,511,FALL,07:21:34
2890,821.47,232,FALL,07:21:52
2891,2772.58,771,FALL,07:22:41
2892,1262.82,365,FALL,07:23:06
2893,270.89,87,FALL,07:23:15
2894,310.01,94,FALL,07:23:25
2895,264.58,81,FALL,07:23:34
2896,1490.69,425,FALL,07:24:03
2897,1603.65,452,FALL,07:24:33
2898,750.79,225,FALL,07:24:51
2899,1564.19,437,FALL,07:25:20
2900,409.68,118,FALL,07:25:31
2901,39.22,18,FALL,07:25:37
2902,1634.56,456,FALL,07:26:07
2903,86.15,34,FALL,07:26:14
2904,450.95,140,FALL,07:26:26
2905,739.30,216,FALL,07:26:43
2906,292.12,88,FALL,07:26:52
2907,491.27,144,FALL,07:27:04
2908,273.94,86,FALL,07:27:13
2909,196.75,62,FALL,07:27:21
2910,657.45,182,FALL,07:27:36
2911,969.25,268,FALL,07:27:56
2912,419.64,119,FALL,07:28:07
2913,463.80,139,FALL,07:28:19
2914,855.84,243,FALL,07:28:38
2915,191.98,60,FALL,07:28:45
2916,136.06,47,FALL,07:28:52
2917,672.42,192,FALL,07:29:07
2918,1191.37,328,FALL,07:29:30
2919,108.56,43,FALL,07:29:37
2920,86.50,32,FALL,07:29:43
2921,527.98,153,FALL,07:29:56
2922,1523.40,420,FALL,07:30:25
2923,1080.38,299,FALL,07:30:46
2924,196.28,62,FALL,07:30:54
2925,274.79,87,FALL,07:31:03
2926,632.66,179,FALL,07:31:17
2927,736.01,209,FALL,07:31:34
2928,1584.87,448,FALL,07:32:04
2929,1320.41,371,FALL,07:32:29
2930,909.24,256,FALL,07:32:49
2931,506.29,151,FALL,07:33:02
2932,297.60,89,FALL,07:33:11
2933,84.25,32,FALL,07:33:17
2934,76.04,28,FALL,07:33:23
2935,188.51,59,FALL,07:33:30
2936,857.64,244,FALL,07:33:49
2937,307.86,97,FALL,07:33:58
2938,1202.38,331,FALL,07:34:22
2939,636.34,186,FALL,07:34:37
2940,99.39,35,FALL,07:34:43
2941,250.08,80,FALL,07:34:52
2942,139.79,48,FALL,07:34:59
2943,87.75,35,FALL,07:35:05
2944,68.58,27,FALL,07:35:11
2945,239.70,75,FALL,07:35:19
2946,1390.06,386,FALL,07:35:46
2947,192.02,63,FALL,07:35:53
2948,1815.23,510,FALL,07:36:27
2949,591.79,172,FALL,07:36:41
2950,98.22,39,FALL,07:36:48
2951,933.45,274,FALL,07:37:08
2952,1286.29,363,FALL,07:37:33
2953,64.47,30,FALL,07:37:39
2954,952.24,274,FALL,07:37:59
2955,1268.54,362,FALL,07:38:25
2956,151.13,51,FALL,07:38:32
2957,196.48,65,FALL,07:38:40
2958,685.05,201,FALL,07:38:56
2959,561.78,167,FALL,07:39:09
2960,2822.98,784,FALL,07:39:59
2961,1597.19,457,FALL,07:40:30
2962,822.17,236,FALL,07:40:48
2963,496.34,155,FALL,07:41:01
2964,1366.21,386,FALL,07:41:27
2965,362.18,109,FALL,07:41:38
2966,1160.98,332,FALL,07:42:01
2967,1273.62,363,FALL,07:42:27
2968,573.60,167,FALL,07:42:41
2969,371.93,113,FALL,07:42:51
2970,825.95,245,FALL,07:43:10
2971,262.33,82,FALL,07:43:19
2972,481.61,143,FALL,07:43:31
2973,397.71,121,FALL,07:43:43
2974,201.16,66,FALL,07:43:51
2975,650.35,198,FALL,07:44:06
2976,414.78,122,FALL,07:44:17
2977,2079.11,587,FALL,07:44:56
2978,1098.27,308,FALL,07:45:18
2979,96.44,36,FALL,07:45:24
2980,610.86,183,FALL,07:45:39
2981,1324.19,375,FALL,07:46:05
2982,338.33,106,FALL,07:46:15
2983,928.77,266,FALL,07:46:35
2984,108.81,42,FALL,07:46:41
2985,951.51,270,FALL,07:47:01
2986,139.15,47,FALL,07:47:08
2987,580.74,171,FALL,07:47:22
2988,999.30,279,FALL,07:47:43
2989,506.21,154,FALL,07:47:56
2990,417.22,125,FALL,07:48:07
2991,273.19,81,FALL,07:48:16
2992,555.46,161,FALL,07:48:29
2993,55.20,25,FALL,07:48:35
2994,150.76,52,FALL,07:48:42
2995,720.98,212,FALL,07:48:59
2996,914.27,261,FALL,07:49:18
2997,1287.21,364,FALL,07:49:43
2998,1057.20,296,FALL,07:50:05
2999,723.74,203,FALL,07:50:21
3000,40.47,19,FALL,07:50:26
3001,292.60,91,FALL,07:50:35
3002,538.33,151,FALL,07:50:48
3003,1848.95,512,FALL,07:51:22
3004,2367.20,661,FALL,07:52:05
3005,1091.27,305,FALL,07:52:27
3006,302.70,95,FALL,07:52:36
3007,478.49,150,FALL,07:52:49
3008,187.53,59,FALL,07:52:57
3009,1271.92,358,FALL,07:53:22
3010,2922.85,815,FALL,07:54:14
3011,213.80,70,FALL,07:54:22
3012,214.83,67,FALL,07:54:30
3013,202.86,66,FALL,07:54:38
3014,198.69,65,FALL,07:54:46
3015,219.84,76,FALL,07:54:54
3016,2558.34,715,FALL,07:55:40
3017,405.97,120,FALL,07:55:51
3018,1252.75,358,FALL,07:56:16
3019,237.90,71,FALL,07:56:25
3020,543.32,153,FALL,07:56:38
3021,90.32,34,FALL,07:56:44
3022,1274.49,374,FALL,07:57:10
3023,1995.20,560,FALL,07:57:47
3024,107.82,37,FALL,07:57:53
3025,133.68,46,FALL,07:58:00
3026,1618.72,463,FALL,07:58:31
3027,129.84,43,FALL,07:58:38
3028,532.88,158,FALL,07:58:51
3029,1505.75,418,FALL,07:59:20
3030,191.28,62,FALL,07:59:27
3031,98.87,35,FALL,07:59:34
3032,385.28,118,FALL,07:59:45
3033,247.92,76,FALL,07:59:53
3034,474.26,141,FALL,08:00:06
3035,291.64,89,FALL,08:00:15
3036,395.77,115,FALL,08:00:26
3037,655.67,190,FALL,08:00:41
3038,90.99,35,FALL,08:00:47
3039,738.63,219,FALL,08:01:04
3040,1394.60,404,FALL,08:01:32
3041,1767.02,507,FALL,08:02:05
3042,995.56,296,FALL,08:02:27
3043,648.92,180,FALL,08:02:41
3044,1961.73,553,FALL,08:03:18
3045,829.65,239,FALL,08:03:36
3046,795.79,224,FALL,08:03:53
3047,181.78,58,FALL,08:04:00
3048,761.96,228,FALL,08:04:18
3049,190.21,59,FALL,08:04:25
3050,955.61,282,FALL,08:04:46
3051,1091.60,312,FALL,08:05:08
3052,2420.04,690,FALL,08:05:52
3053,188.11,58,FALL,08:06:00
3054,262.75,81,FALL,08:06:09
3055,184.67,58,FALL,08:06:16
3056,80.74,31,FALL,08:06:22
3057,1223.94,347,FALL,08:06:46
3058,1117.29,324,FALL,08:07:09
3059,1390.97,392,FALL,08:07:36
3060,415.69,118,FALL,08:07:48
3061,216.86,68,FALL,08:07:56
3062,149.52,52,FALL,08:08:03
3063,856.72,237,FALL,08:08:21
3064,571.93,164,FALL,08:08:34
3065,1581.87,451,FALL,08:09:05
3066,412.47,124,FALL,08:09:16
3067,1719.81,481,FALL,08:09:48
3068,1060.62,298,FALL,08:10:10
3069,1664.45,466,FALL,08:10:41
3070,402.02,118,FALL,08:10:52
3071,249.80,79,FALL,08:11:01
3072,1040.85,300,FALL,08:11:22
3073,311.29,92,FALL,08:11:32
3074,1101.13,327,FALL,08:11:55
3075,767.81,218,FALL,08:12:12
3076,268.74,84,FALL,08:12:21
3077,280.73,86,FALL,08:12:30
3078,1582.17,448,FALL,08:13:00
3079,1112.92,322,FALL,08:13:23
3080,405.66,123,FALL,08:13:34
3081,756.05,218,FALL,08:13:51
3082,507.33,149,FALL,08:14:04
3083,292.52,93,FALL,08:14:13
3084,426.19,129,FALL,08:14:25
3085,253.00,80,FALL,08:14:34
3086,208.16,69,FALL,08:14:42
3087,316.33,97,FALL,08:14:51
3088,1008.00,287,FALL,08:15:12
3089,1345.14,381,FALL,08:15:39
3090,193.79,60,FALL,08:15:47
3091,855.43,242,FALL,08:16:05
3092,672.33,192,FALL,08:16:20
3093,964.33,271,FALL,08:16:40
3094,278.56,81,FALL,08:16:49
3095,765.40,216,FALL,08:17:05
3096,517.03,151,FALL,08:17:18
3097,1055.35,297,FALL,08:17:39
3098,163.86,55,FALL,08:17:47
3099,345.70,106,FALL,08:17:57
3100,1300.77,366,FALL,08:18:23
3101,307.57,93,FALL,08:18:32
3102,396.39,116,FALL,08:18:43
3103,84.95,32,FALL,08:18:49
3104,1081.69,297,FALL,08:19:10
3105,1395.16,391,FALL,08:19:37
3106,992.50,273,FALL,08:19:57
3107,366.48,111,FALL,08:20:08
3108,562.67,164,FALL,08:20:22
3109,1390.79,387,FALL,08:20:49
3110,139.01,48,FALL,08:20:56
3111,410.99,122,FALL,08:21:07
3112,185.63,59,FALL,08:21:14
3113,38.88,20,FALL,08:21:20
3114,728.49,202,FALL,08:21:36
3115,2861.03,797,FALL,08:22:26
3116,263.81,82,FALL,08:22:35
3117,202.39,65,FALL,08:22:43
3118,629.52,184,FALL,08:22:58
3119,695.54,197,FALL,08:23:13
3120,499.97,147,FALL,08:23:26
3121,485.18,139,FALL,08:23:38
3122,1296.00,356,FALL,08:24:03
3123,1805.67,493,FALL,08:24:36
3124,753.24,228,FALL,08:24:53
3125,174.56,57,FALL,08:25:01
3126,1196.34,334,FALL,08:25:24
3127,2448.81,691,FALL,08:26:09
3128,907.30,258,FALL,08:26:28
3129,1665.81,465,FALL,08:26:59
3130,237.25,72,FALL,08:27:08
3131,249.03,76,FALL,08:27:16
3132,850.57,239,FALL,08:27:34
3133,509.47,147,FALL,08:27:47
3134,207.00,65,FALL,08:27:55
3135,2031.82,563,FALL,08:28:33
3136,407.42,123,FALL,08:28:44
3137,747.65,209,FALL,08:29:00
3138,1205.47,346,FALL,08:29:24
3139,121.62,47,FALL,08:29:31
3140,2566.59,707,FALL,08:30:16
3141,497.44,144,FALL,08:30:29
3142,1066.04,299,FALL,08:30:50
3143,169.77,58,FALL,08:30:58
3144,327.79,101,FALL,08:31:08
3145,367.81,110,FALL,08:31:18
3146,1246.40,353,FALL,08:31:43
3147,80.54,31,FALL,08:31:49
3148,738.01,211,FALL,08:32:05
3149,1040.80,293,FALL,08:32:27
3150,53.75,25,FALL,08:32:32
3151,2624.45,723,FALL,08:33:18
3152,1617.73,450,FALL,08:33:48
3153,830.72,239,FALL,08:34:06
3154,97.46,38,FALL,08:34:13
3155,689.91,201,FALL,08:34:28
3156,141.21,48,FALL,08:34:35
3157,73.64,32,FALL,08:34:41
3158,592.45,169,FALL,08:34:55
3159,133.93,43,FALL,08:35:02
3160,100.41,37,FALL,08:35:08
3161,1152.67,321,FALL,08:35:31
3162,558.06,168,FALL,08:35:45
3163,1267.75,361,FALL,08:36:10
3164,294.78,90,FALL,08:36:20
3165,594.24,169,FALL,08:36:34
3166,298.99,91,FALL,08:36:43
3167,111.63,42,FALL,08:36:49
3168,352.81,105,FALL,08:37:00
3169,780.01,223,FALL,08:37:17
3170,380.66,118,FALL,08:37:28
3171,401.86,120,FALL,08:37:39
3172,183.41,58,FALL,08:37:46
3173,179.31,58,FALL,08:37:54
3174,1289.79,361,FALL,08:38:19
3175,575.40,170,FALL,08:38:33
3176,1438.35,404,FALL,08:39:01
3177,135.00,51,FALL,08:39:08
3178,819.86,241,FALL,08:39:26
3179,195.87,62,FALL,08:39:34
3180,740.90,211,FALL,08:39:50
3181,3599.34,997,FALL,08:40:52
3182,523.41,152,FALL,08:41:05
3183,1969.45,542,FALL,08:41:40
3184,826.49,238,FALL,08:41:58
3185,584.16,172,FALL,08:42:12
3186,1125.82,318,FALL,08:42:35
3187,393.66,126,FALL,08:42:47
3188,975.76,280,FALL,08:43:07
3189,421.63,131,FALL,08:43:19
3190,470.59,140,FALL,08:43:31
3191,640.20,185,FALL,08:43:46
3192,2731.69,764,FALL,08:44:35
3193,644.17,182,FALL,08:44:49
3194,303.27,94,FALL,08:44:59
3195,1524.61,437,FALL,08:45:28
3196,89.94,33,FALL,08:45:34
3197,1978.66,558,FALL,08:46:11
3198,696.93,200,FALL,08:46:27
3199,304.64,91,FALL,08:46:36
3200,404.78,123,FALL,08:46:47
3201,147.10,52,FALL,08:46:54
3202,4048.09,1123,FALL,08:48:04
3203,307.91,91,FALL,08:48:13
3204,1166.95,327,FALL,08:48:37
3205,1896.75,522,FALL,08:49:12
3206,1099.91,317,FALL,08:49:34
3207,356.01,109,FALL,08:49:45
3208,1179.86,326,FALL,08:50:08
3209,507.28,155,FALL,08:50:21
3210,402.75,120,FALL,08:50:32
3211,188.29,60,FALL,08:50:40
3212,2604.33,732,FALL,08:51:26
3213,634.94,180,FALL,08:51:41
3214,862.28,241,FALL,08:51:59
3215,312.44,92,FALL,08:52:08
3216,3545.76,978,FALL,08:53:09
3217,1137.80,321,FALL,08:53:32
3218,340.68,101,FALL,08:53:42
3219,37.06,19,FALL,08:53:47
3220,182.85,63,FALL,08:53:55
3221,1204.15,340,FALL,08:54:19
3222,50.91,24,FALL,08:54:25
3223,71.50,27,FALL,08:54:30
3224,310.93,92,FALL,08:54:40
3225,4092.48,1143,FALL,08:55:50
3226,312.29,94,FALL,08:56:00
3227,215.30,68,FALL,08:56:08
3228,2476.50,692,FALL,08:56:53
3229,99.92,39,FALL,08:56:59
3230,1350.91,377,FALL,08:57:25
3231,198.50,63,FALL,08:57:33
3232,2084.72,573,FALL,08:58:10
3233,408.64,125,FALL,08:58:22
3234,347.24,113,FALL,08:58:33
3235,1521.58,428,FALL,08:59:02
3236,520.20,161,FALL,08:59:15
3237,143.90,47,FALL,08:59:22
3238,30.79,16,FALL,08:59:27
3239,3468.86,963,FALL,09:00:27
3240,1710.07,479,FALL,09:00:59
3241,2295.84,636,FALL,09:01:41
3242,3158.02,874,FALL,09:02:35
3243,2575.19,717,FALL,09:03:21
3244,949.11,270,FALL,09:03:41
3245,89.82,33,FALL,09:03:47
3246,1167.85,326,FALL,09:04:10
3247,518.70,152,FALL,09:04:23
3248,423.61,122,FALL,09:04:34
3249,201.51,64,FALL,09:04:42
3250,1012.85,282,FALL,09:05:03
3251,83.04,31,FALL,09:05:08
3252,275.63,88,FALL,09:05:18
3253,1102.51,306,FALL,09:05:40
3254,340.63,106,FALL,09:05:50
3255,1091.05,302,FALL,09:06:12
3256,102.45,39,FALL,09:06:18
3257,523.80,153,FALL,09:06:32
3258,1637.91,448,FALL,09:07:02
3259,301.06,88,FALL,09:07:11
3260,1101.52,313,FALL,09:07:33
3261,209.99,65,FALL,09:07:41
3262,517.85,151,FALL,09:07:54
3263,983.08,282,FALL,09:08:15
3264,855.84,243,FALL,09:08:33
3265,2213.84,618,FALL,09:09:13
3266,634.53,185,FALL,09:09:28
3267,5173.41,1408,FALL,09:10:55
3268,1613.22,452,FALL,09:11:25
3269,342.67,97,FALL,09:11:35
3270,746.42,216,FALL,09:11:52
3271,900.03,270,FALL,09:12:11
3272,1036.85,297,FALL,09:12:33
3273,1044.00,292,FALL,09:12:54
3274,4063.82,1103,FALL,09:14:03
3275,842.38,239,FALL,09:14:21
3276,798.13,235,FALL,09:14:38
3277,1060.64,299,FALL,09:15:00
3278,1195.44,345,FALL,09:15:24
3279,475.85,141,FALL,09:15:36
3280,297.67,89,FALL,09:15:46
3281,512.89,159,FALL,09:15:59
3282,1107.41,316,FALL,09:16:21
3283,376.38,110,FALL,09:16:32
3284,3555.06,977,FALL,09:17:33
3285,2766.86,768,FALL,09:18:22
3286,828.04,232,FALL,09:18:40
3287,524.49,151,FALL,09:18:53
3288,121.89,43,FALL,09:18:59
3289,147.76,55,FALL,09:19:07
3290,1611.60,451,FALL,09:19:37
3291,750.76,210,FALL,09:19:54
3292,2305.12,642,FALL,09:20:35
3293,1835.94,507,FALL,09:21:09
3294,1405.07,388,FALL,09:21:36
3295,99.42,39,FALL,09:21:42
3296,55.33,24,FALL,09:21:48
3297,188.55,59,FALL,09:21:55
3298,3380.78,936,FALL,09:22:54
3299,525.51,156,FALL,09:23:07
3300,1511.05,419,FALL,09:23:36
3301,2519.70,706,FALL,09:24:21
3302,1612.43,458,FALL,09:24:52
3303,873.75,243,FALL,09:25:10
3304,504.26,151,FALL,09:25:23
3305,60.84,27,FALL,09:25:28
3306,2101.28,576,FALL,09:26:06
3307,1421.91,393,FALL,09:26:34
3308,859.04,240,FALL,09:26:52
3309,2432.47,672,FALL,09:27:35
3310,1212.35,337,FALL,09:27:58
3311,907.58,256,FALL,09:28:17
3312,562.75,164,FALL,09:28:31
3313,1781.28,499,FALL,09:29:04
3314,1384.08,391,FALL,09:29:31
3315,140.61,49,FALL,09:29:38
3316,1396.16,390,FALL,09:30:05
3317,198.13,62,FALL,09:30:12
3318,5079.98,1408,FALL,09:31:39
3319,1025.27,286,FALL,09:31:59
3320,567.72,168,FALL,09:32:13
3321,2558.50,693,FALL,09:32:58
3322,1843.50,513,FALL,09:33:32
3323,758.25,217,FALL,09:33:48
3324,484.60,141,FALL,09:34:01
3325,405.58,119,FALL,09:34:12
3326,2593.14,715,FALL,09:34:57
3327,294.18,98,FALL,09:35:07
3328,940.69,268,FALL,09:35:27
3329,959.16,275,FALL,09:35:47
3330,2242.45,633,FALL,09:36:28
3331,42.14,20,FALL,09:36:33
3332,2401.74,665,FALL,09:37:16
3333,4659.34,1322,FALL,09:38:37
3334,623.44,178,FALL,09:38:51
3335,4927.15,1349,FALL,09:40:14
3336,406.86,118,FALL,09:40:25
3337,5869.77,1615,FALL,09:42:04
3338,740.69,214,FALL,09:42:20
3339,1465.42,407,FALL,09:42:48
3340,3207.51,892,FALL,09:43:44
3341,956.98,270,FALL,09:44:04
3342,751.57,210,FALL,09:44:20
3343,174.65,55,FALL,09:44:27
3344,91.52,35,FALL,09:44:33
3345,755.04,213,FALL,09:44:50
3346,943.53,265,FALL,09:45:10
3347,1995.15,543,FALL,09:45:46
3348,200.60,62,FALL,09:45:53
3349,2043.41,566,FALL,09:46:31
3350,95.99,36,FALL,09:46:37
3351,881.92,251,FALL,09:46:55
3352,86.53,32,FALL,09:47:01
3353,1602.21,448,FALL,09:47:32
3354,856.41,246,FALL,09:47:50
3355,923.63,260,FALL,09:48:09
3356,914.50,254,FALL,09:48:28
3357,627.80,183,FALL,09:48:43
3358,989.48,278,FALL,09:49:03
3359,1934.54,545,FALL,09:49:39
3360,102.12,37,FALL,09:49:45
3361,396.16,118,FALL,09:49:56
3362,138.17,47,FALL,09:50:03
3363,971.78,273,FALL,09:50:23
3364,1173.34,331,FALL,09:50:46
3365,276.96,88,FALL,09:50:56
3366,94.25,36,FALL,09:51:02
3367,1353.81,388,FALL,09:51:29
3368,197.90,64,FALL,09:51:36
3369,154.81,53,FALL,09:51:44
3370,653.91,189,FALL,09:51:59
3371,1435.34,396,FALL,09:52:26
3372,1204.27,335,FALL,09:52:49
3373,3686.25,1017,FALL,09:53:53
3374,856.84,239,FALL,09:54:11
3375,2976.90,813,FALL,09:55:02
3376,1526.63,421,FALL,09:55:31
3377,714.69,214,FALL,09:55:47
3378,3333.50,927,FALL,09:56:46
3379,657.47,192,FALL,09:57:01
3380,191.98,59,FALL,09:57:09
3381,174.37,59,FALL,09:57:16
3382,2384.89,666,FALL,09:57:59
3383,1392.66,388,FALL,09:58:26
3384,42.41,21,FALL,09:58:31
3385,1291.40,359,FALL,09:58:56
3386,178.88,58,FALL,09:59:04
3387,755.76,215,FALL,09:59:20
3388,1456.10,411,FALL,09:59:48
3389,759.34,216,FALL,10:00:05
3390,1470.28,402,FALL,10:00:33
3391,1947.04,544,FALL,10:01:08
3392,254.73,75,FALL,10:01:17
3393,529.37,155,FALL,10:01:30
3394,3273.97,899,FALL,10:02:27
3395,840.13,238,FALL,10:02:45
3396,675.05,198,FALL,10:03:00
3397,5247.58,1426,FALL,10:04:28
3398,1849.83,518,FALL,10:05:02
3399,2849.89,805,FALL,10:05:53
3400,186.33,60,FALL,10:06:01
3401,1481.09,414,FALL,10:06:29
3402,233.52,79,FALL,10:06:38
3403,7001.92,1917,FALL,10:08:34
3404,436.39,127,FALL,10:08:45
3405,871.03,241,FALL,10:09:04
3406,423.95,131,FALL,10:09:15
3407,236.49,73,FALL,10:09:24
3408,1858.08,511,FALL,10:09:58
3409,2815.27,773,FALL,10:10:47
3410,2641.94,732,FALL,10:11:34
3411,1051.18,292,FALL,10:11:55
3412,1247.46,354,FALL,10:12:19
3413,422.82,120,FALL,10:12:30
3414,80.84,30,FALL,10:12:36
3415,1687.52,466,FALL,10:13:08
3416,1747.94,484,FALL,10:13:40
3417,770.88,218,FALL,10:13:57
3418,580.72,169,FALL,10:14:11
3419,196.70,60,FALL,10:14:18
3420,1502.09,417,FALL,10:14:47
3421,4310.33,1198,FALL,10:16:00
3422,302.96,109,FALL,10:16:11
3423,1166.59,326,FALL,10:16:34
3424,757.26,212,FALL,10:16:50
3425,183.20,61,FALL,10:16:58
3426,397.67,118,FALL,10:17:09
3427,414.11,118,FALL,10:17:20
3428,627.41,179,FALL,10:17:35
3429,955.95,272,FALL,10:17:55
3430,1078.86,311,FALL,10:18:17
3431,1476.41,418,FALL,10:18:45
3432,100.40,37,FALL,10:18:52
3433,2802.45,778,FALL,10:19:41
3434,3242.27,888,FALL,10:20:37
3435,82.39,32,FALL,10:20:43
3436,3847.41,1052,FALL,10:21:48
3437,5252.64,1442,FALL,10:23:17
3438,416.11,119,FALL,10:23:28
3439,2137.64,589,FALL,10:24:07
3440,2189.81,600,FALL,10:24:46
3441,1970.75,541,FALL,10:25:21
3442,1779.46,480,FALL,10:25:53
3443,2267.50,621,FALL,10:26:34
3444,1416.83,389,FALL,10:27:00
3445,1937.80,541,FALL,10:27:36
3446,810.74,233,FALL,10:27:54
3447,49.40,23,FALL,10:27:59
3448,1155.24,323,FALL,10:28:22
3449,5372.82,1465,FALL,10:29:51
3450,683.52,196,FALL,10:30:07
3451,964.63,269,FALL,10:30:27
3452,2302.09,633,FALL,10:31:08
3453,905.63,261,FALL,10:31:27
3454,3755.66,1022,FALL,10:32:31
3455,4059.67,1118,FALL,10:33:40
3456,79.20,31,FALL,10:33:46
3457,3742.51,1021,FALL,10:34:50
3458,3482.65,947,FALL,10:35:49
3459,1200.92,334,FALL,10:36:13
3460,1564.91,433,FALL,10:36:42
3461,418.90,118,FALL,10:36:53
3462,450.08,134,FALL,10:37:05
3463,466.41,139,FALL,10:37:17
3464,1139.44,324,FALL,10:37:40
3465,803.50,231,FALL,10:37:58
3466,354.71,102,FALL,10:38:08
3467,912.11,260,FALL,10:38:27
3468,48.32,24,FALL,10:38:33
3469,2334.97,632,FALL,10:39:14
3470,697.87,201,FALL,10:39:30
3471,2127.44,594,FALL,10:40:09
3472,1175.86,329,FALL,10:40:32
3473,2381.53,658,FALL,10:41:15
3474,5151.03,1402,FALL,10:42:41
3475,1281.82,357,FALL,10:43:05
3476,1653.11,461,FALL,10:43:36
3477,1670.42,458,FALL,10:44:07
3478,1062.43,289,FALL,10:44:28
3479,1256.63,348,FALL,10:44:52
3480,2205.55,600,FALL,10:45:31
3481,1391.52,379,FALL,10:45:57
3482,519.01,159,FALL,10:46:10
3483,1591.44,451,FALL,10:46:41
3484,7726.93,2102,FALL,10:48:47
3485,2305.16,634,FALL,10:49:28
3486,804.69,237,FALL,10:49:46
3487,1265.75,353,FALL,10:50:11
3488,4348.58,1188,FALL,10:51:24
3489,628.09,180,FALL,10:51:38
3490,187.33,58,FALL,10:51:46
3491,665.59,187,FALL,10:52:01
3492,959.85,267,FALL,10:52:21
3493,1033.61,281,FALL,10:52:41
3494,146.20,55,FALL,10:52:49
3495,4844.08,1321,FALL,10:54:09
3496,305.59,92,FALL,10:54:19
3497,437.60,128,FALL,10:54:30
3498,2495.41,691,FALL,10:55:15
3499,752.56,215,FALL,10:55:31
3500,6841.39,1862,FALL,10:57:24
3501,1136.55,314,FALL,10:57:47
3502,4833.24,1320,FALL,10:59:08
3503,918.42,253,FALL,10:59:26
3504,1770.80,488,FALL,10:59:59
3505,4106.31,1118,FALL,11:01:08
3506,2066.41,574,FALL,11:01:45
3507,531.95,152,FALL,11:01:58
3508,342.51,107,FALL,11:02:09
3509,530.35,151,FALL,11:02:21
3510,4279.72,1171,FALL,11:03:33
3511,2523.75,692,FALL,11:04:18
3512,528.91,149,FALL,11:04:31
3513,8103.91,2190,FALL,11:06:43
3514,3860.32,1053,FALL,11:07:48
3515,1721.33,474,FALL,11:08:19
3516,4094.30,1115,FALL,11:09:28
3517,224.58,75,FALL,11:09:37
3518,900.42,261,FALL,11:09:56
3519,518.22,147,FALL,11:10:09
3520,766.91,217,FALL,11:10:25
3521,923.48,258,FALL,11:10:45
3522,1087.39,311,FALL,11:11:07
3523,1163.57,321,FALL,11:11:30
3524,3466.77,962,FALL,11:12:30
3525,4188.26,1136,FALL,11:13:41
3526,1954.66,540,FALL,11:14:16
3527,11150.10,2999,TIME_LIMIT,11:17:15
3528,4441.56,1220,FALL,11:18:31
3529,5892.63,1593,FALL,11:20:08
3530,3437.48,931,FALL,11:21:06
3531,1663.49,467,FALL,11:21:38
3532,734.36,212,FALL,11:21:54
3533,7941.38,2150,FALL,11:24:03
3534,1239.76,348,FALL,11:24:28
3535,5434.84,1488,FALL,11:25:59
3536,193.98,61,FALL,11:26:07
3537,995.94,290,FALL,11:26:28
3538,1023.07,291,FALL,11:26:49
3539,1965.19,545,FALL,11:27:25
3540,5149.42,1401,FALL,11:28:50
3541,916.96,264,FALL,11:29:10
3542,156.19,53,FALL,11:29:17
3543,240.62,73,FALL,11:29:25
3544,4015.14,1103,FALL,11:30:33
3545,11074.78,2999,TIME_LIMIT,11:33:33
3546,3648.15,992,FALL,11:34:35
3547,149.99,52,FALL,11:34:42
3548,2047.21,558,FALL,11:35:19
3549,2291.04,622,FALL,11:35:59
3550,3556.38,975,FALL,11:36:59
3551,288.10,90,FALL,11:37:09
3552,3505.28,959,FALL,11:38:09
3553,3087.27,829,FALL,11:39:02
3554,6684.02,1801,FALL,11:40:55
3555,1468.17,408,FALL,11:41:23
3556,277.27,87,FALL,11:41:32
3557,2771.83,755,FALL,11:42:20
3558,544.94,156,FALL,11:42:34
3559,1616.91,451,FALL,11:43:04
3560,2022.34,541,FALL,11:43:40
3561,1065.25,298,FALL,11:44:01
3562,219.88,71,FALL,11:44:10
3563,434.07,128,FALL,11:44:21
3564,376.91,114,FALL,11:44:32
3565,209.06,69,FALL,11:44:40
3566,2504.75,689,FALL,11:45:24
3567,47.19,22,FALL,11:45:30
3568,969.36,278,FALL,11:45:50
3569,683.81,199,FALL,11:46:06
3570,1601.55,452,FALL,11:46:36
3571,2642.10,742,FALL,11:47:23
3572,4945.51,1346,FALL,11:48:46
3573,155.72,54,FALL,11:48:53
3574,1050.66,291,FALL,11:49:14
3575,723.31,204,FALL,11:49:30
3576,9494.43,2558,FALL,11:52:03
3577,4791.91,1291,FALL,11:53:22
3578,595.57,165,FALL,11:53:36
3579,373.37,117,FALL,11:53:47
3580,2223.24,609,FALL,11:54:27
3581,1447.43,396,FALL,11:54:54
3582,2878.67,782,FALL,11:55:44
3583,608.11,173,FALL,11:55:58
3584,1076.85,296,FALL,11:56:19
3585,721.62,209,FALL,11:56:36
3586,1412.63,389,FALL,11:57:02
3587,474.93,137,FALL,11:57:14
3588,810.33,228,FALL,11:57:32
3589,764.21,215,FALL,11:57:49
3590,10520.33,2843,FALL,12:00:39
3591,7226.66,1936,FALL,12:02:36
3592,1754.64,490,FALL,12:03:09
3593,179.96,58,FALL,12:03:16
3594,1413.21,386,FALL,12:03:43
3595,407.30,117,FALL,12:03:54
3596,10750.87,2886,FALL,12:06:46
3597,2108.83,568,FALL,12:07:23
3598,1329.10,369,FALL,12:07:49
3599,424.62,120,FALL,12:08:00
3600,1036.03,284,FALL,12:08:21
3601,8301.36,2225,FALL,12:10:35
3602,3083.16,821,FALL,12:11:27
3603,1097.16,300,FALL,12:11:48
3604,1049.25,288,FALL,12:12:09
3605,8632.72,2313,FALL,12:14:28
3606,599.78,172,FALL,12:14:42
3607,931.00,258,FALL,12:15:01
3608,1336.90,363,FALL,12:15:26
3609,2775.35,752,FALL,12:16:15
3610,10044.32,2704,FALL,12:18:56
3611,2352.34,635,FALL,12:19:37
3612,361.35,106,FALL,12:19:47
3613,2460.97,662,FALL,12:20:30
3614,450.32,133,FALL,12:20:41
3615,4070.00,1098,FALL,12:21:49
3616,645.66,182,FALL,12:22:04
3617,188.39,59,FALL,12:22:12
3618,3723.47,1001,FALL,12:23:15
3619,2456.68,659,FALL,12:23:57
3620,4331.39,1174,FALL,12:25:09
3621,2906.41,794,FALL,12:26:00
3622,1217.55,334,FALL,12:26:23
3623,3689.38,996,FALL,12:27:25
3624,3679.51,990,FALL,12:28:27
3625,2009.16,544,FALL,12:29:03
3626,2573.16,702,FALL,12:29:48
3627,737.05,212,FALL,12:30:05
3628,11132.95,2999,TIME_LIMIT,12:33:04
3629,747.56,209,FALL,12:33:21
3630,4143.84,1126,FALL,12:34:30
3631,879.41,244,FALL,12:34:49
3632,4084.28,1111,FALL,12:35:58
3633,2323.45,627,FALL,12:36:39
3634,9220.68,2461,FALL,12:39:06
3635,1812.35,497,FALL,12:39:39
3636,1611.72,433,FALL,12:40:09
3637,4090.71,1111,FALL,12:41:18
3638,3443.22,922,FALL,12:42:15
3639,529.34,150,FALL,12:42:28
3640,7277.83,1949,FALL,12:44:26
3641,3023.93,823,FALL,12:45:18
3642,861.84,239,FALL,12:45:36
3643,3212.15,860,FALL,12:46:30
3644,82.00,31,FALL,12:46:36
3645,4248.18,1142,FALL,12:47:47
3646,407.10,120,FALL,12:47:58
3647,517.23,151,FALL,12:48:11
3648,4619.74,1248,FALL,12:49:28
3649,378.52,110,FALL,12:49:38
3650,1988.24,540,FALL,12:50:14
3651,288.45,89,FALL,12:50:23
3652,51.64,25,FALL,12:50:29
3653,526.39,151,FALL,12:50:42
3654,2881.95,795,FALL,12:51:32
3655,403.62,121,FALL,12:51:43
3656,7430.50,2008,FALL,12:53:44
3657,5459.06,1471,FALL,12:55:14
3658,1938.30,525,FALL,12:55:48
3659,1330.97,362,FALL,12:56:14
3660,1199.67,332,FALL,12:56:37
3661,934.29,253,FALL,12:56:56
3662,2056.84,566,FALL,12:57:33
3663,1717.87,467,FALL,12:58:05
3664,3079.66,839,FALL,12:58:58
3665,197.26,60,FALL,12:59:06
3666,1511.93,416,FALL,12:59:34
3667,11125.05,2973,FALL,13:02:31
3668,595.53,166,FALL,13:02:45
3669,667.35,185,FALL,13:03:00
3670,4696.85,1258,FALL,13:04:17
3671,852.46,239,FALL,13:04:35
3672,2828.10,782,FALL,13:05:25
3673,425.16,126,FALL,13:05:36
3674,3843.43,1035,FALL,13:06:41
3675,991.66,275,FALL,13:07:01
3676,2772.84,754,FALL,13:07:49
3677,10070.46,2703,FALL,13:10:32
3678,4759.75,1288,FALL,13:11:50
3679,2120.94,573,FALL,13:12:28
3680,9782.53,2645,FALL,13:15:06
3681,8317.13,2235,FALL,13:17:20
3682,3706.46,1011,FALL,13:18:24
3683,3113.30,846,FALL,13:19:17
3684,584.15,162,FALL,13:19:30
3685,9611.45,2581,FALL,13:22:05
3686,4979.40,1353,FALL,13:23:28
3687,130.49,44,FALL,13:23:35
3688,1422.20,393,FALL,13:24:02
3689,3297.52,885,FALL,13:24:58
3690,9504.29,2548,FALL,13:27:30
3691,5148.15,1391,FALL,13:28:55
3692,579.63,164,FALL,13:29:09
3693,6915.81,1860,FALL,13:31:02
3694,319.71,93,FALL,13:31:11
3695,2397.16,652,FALL,13:31:54
3696,2002.41,549,FALL,13:32:30
3697,2834.07,769,FALL,13:33:19
3698,9319.27,2526,FALL,13:35:50
3699,2740.90,748,FALL,13:36:37
3700,4362.21,1174,FALL,13:37:49
3701,911.01,252,FALL,13:38:08
3702,1608.16,443,FALL,13:38:38
3703,6465.73,1752,FALL,13:40:25
3704,5660.89,1528,FALL,13:41:59
3705,3033.54,816,FALL,13:42:50
3706,107.07,40,FALL,13:42:57
3707,6283.72,1711,FALL,13:44:40
3708,11127.79,2999,TIME_LIMIT,13:47:39
3709,2432.01,658,FALL,13:48:21
3710,4886.90,1320,FALL,13:49:43
3711,5389.18,1458,FALL,13:51:12
3712,2087.76,572,FALL,13:51:49
3713,241.14,73,FALL,13:51:57
3714,783.14,223,FALL,13:52:15
3715,11095.02,2999,TIME_LIMIT,13:55:14
3716,4782.61,1290,FALL,13:56:33
3717,1966.05,539,FALL,13:57:08
3718,5362.48,1442,FALL,13:58:36
3719,2107.72,574,FALL,13:59:13
3720,890.67,247,FALL,13:59:32
3721,191.37,58,FALL,13:59:39
3722,6316.68,1719,FALL,14:01:23
3723,9605.96,2584,FALL,14:03:59
3724,3692.25,1024,FALL,14:05:03
3725,9180.52,2498,FALL,14:07:32
3726,1438.32,394,FALL,14:07:59
3727,1977.15,537,FALL,14:08:34
3728,9760.07,2642,FALL,14:11:13
3729,5900.09,1595,FALL,14:12:50
3730,2066.23,574,FALL,14:13:27
3731,11168.60,2999,TIME_LIMIT,14:16:26
3732,7824.77,2102,FALL,14:18:32
3733,3113.90,842,FALL,14:19:25
3734,9538.50,2569,FALL,14:21:59
3735,3352.51,921,FALL,14:22:57
3736,2513.40,672,FALL,14:23:40
3737,520.83,151,FALL,14:23:53
3738,5926.45,1591,FALL,14:25:29
3739,247.61,79,FALL,14:25:38
3740,992.38,270,FALL,14:25:58
3741,4047.72,1103,FALL,14:27:06
3742,2014.09,553,FALL,14:27:43
3743,6478.13,1742,FALL,14:29:29
3744,8462.44,2283,FALL,14:31:46
3745,4032.80,1087,FALL,14:32:53
3746,765.41,212,FALL,14:33:10
3747,720.53,202,FALL,14:33:26
3748,1418.70,395,FALL,14:33:53
3749,5839.96,1587,FALL,14:35:30
3750,4622.91,1256,FALL,14:36:47
3751,427.28,132,FALL,14:36:58
3752,8370.36,2268,FALL,14:39:15
3753,527.47,148,FALL,14:39:28
3754,181.25,57,FALL,14:39:36
3755,859.19,237,FALL,14:39:53
3756,2421.56,662,FALL,14:40:36
3757,11116.90,2999,TIME_LIMIT,14:43:35
3758,1764.96,481,FALL,14:44:07
3759,1215.50,333,FALL,14:44:30
3760,156.48,55,FALL,14:44:37
3761,11178.89,2999,TIME_LIMIT,14:47:37
3762,10085.86,2720,FALL,14:50:19
3763,3083.64,833,FALL,14:51:12
