Episode,Reward,Steps,Reason,Time
0,347.75,152,FALL,15:04:00
1,66.24,144,FALL,15:04:12
2,260.86,121,FALL,15:04:23
3,58.85,77,FALL,15:04:32
4,35.50,29,FALL,15:04:38
5,147.71,95,FALL,15:04:47
6,448.47,176,FALL,15:05:02
7,135.13,64,FALL,15:05:09
8,1.30,33,FALL,15:05:15
9,11.02,86,FALL,15:05:24
10,772.62,346,FALL,15:05:47
11,83.28,63,FALL,15:05:54
12,14.02,36,FALL,15:06:00
13,431.33,227,FALL,15:06:16
14,17.41,31,FALL,15:06:22
15,25.24,32,FALL,15:06:28
16,-19.83,48,FALL,15:06:35
17,-39.88,79,FALL,15:06:43
18,36.09,30,FALL,15:06:49
19,-9.26,18,FALL,15:06:54
20,25.44,54,FALL,15:07:01
21,22.56,36,FALL,15:07:07
22,40.45,63,FALL,15:07:15
23,57.24,40,FALL,15:07:22
24,29.83,32,FALL,15:07:28
25,103.12,58,FALL,15:07:35
26,50.94,39,FALL,15:07:41
27,45.15,31,FALL,15:07:47
28,58.99,33,FALL,15:07:53
29,9.36,33,FALL,15:07:59
30,397.65,152,FALL,15:08:12
31,29.82,32,FALL,15:08:17
32,14.25,30,FALL,15:08:23
33,-166.03,112,FALL,15:08:33
34,181.16,122,FALL,15:08:44
35,39.94,33,FALL,15:08:50
36,21.43,30,FALL,15:08:56
37,34.09,34,FALL,15:09:02
38,133.24,63,FALL,15:09:09
39,112.30,91,FALL,15:09:18
40,38.19,35,FALL,15:09:24
41,32.66,41,FALL,15:09:30
42,4.42,24,FALL,15:09:36
43,125.10,66,FALL,15:09:44
44,125.03,122,FALL,15:09:54
45,-26.63,82,FALL,15:10:03
46,57.39,46,FALL,15:10:10
47,64.56,53,FALL,15:10:16
48,5.98,45,FALL,15:10:23
49,-4.38,18,FALL,15:10:28
50,173.03,87,FALL,15:10:37
51,60.70,64,FALL,15:10:44
52,158.25,72,FALL,15:10:52
53,56.49,73,FALL,15:11:00
54,46.66,35,FALL,15:11:06
55,189.03,118,FALL,15:11:17
56,217.78,86,FALL,15:11:26
57,54.80,34,FALL,15:11:32
58,55.94,64,FALL,15:11:40
59,29.12,36,FALL,15:11:46
60,58.05,36,FALL,15:11:52
61,112.53,62,FALL,15:12:00
62,317.51,180,FALL,15:12:14
63,-5.52,28,FALL,15:12:19
64,142.80,228,FALL,15:12:36
65,52.29,68,FALL,15:12:43
66,7.05,47,FALL,15:12:50
67,115.75,81,FALL,15:12:59
68,37.86,45,FALL,15:13:05
69,30.48,40,FALL,15:13:12
70,6.70,33,FALL,15:13:18
71,236.55,130,FALL,15:13:29
72,54.03,69,FALL,15:13:37
73,-7.16,24,FALL,15:13:42
74,75.28,87,FALL,15:13:51
75,128.96,88,FALL,15:14:00
76,-17.21,59,FALL,15:14:07
77,19.47,48,FALL,15:14:14
78,-0.39,18,FALL,15:14:19
79,18.12,34,FALL,15:14:25
80,5.80,30,FALL,15:14:31
81,11.79,33,FALL,15:14:37
82,21.92,37,FALL,15:14:43
83,33.52,32,FALL,15:14:49
84,-6.99,63,FALL,15:14:57
85,-5.86,16,FALL,15:15:02
86,20.62,32,FALL,15:15:08
87,38.77,38,FALL,15:15:14
88,168.36,88,FALL,15:15:23
89,21.97,40,FALL,15:15:30
90,67.22,61,FALL,15:15:37
91,66.98,111,FALL,15:15:47
92,34.42,38,FALL,15:15:53
93,167.35,108,FALL,15:16:03
94,187.83,96,FALL,15:16:12
95,2.07,29,FALL,15:16:18
96,17.78,65,FALL,15:16:26
97,65.08,47,FALL,15:16:32
98,121.67,96,FALL,15:16:42
99,161.63,97,FALL,15:16:51
100,265.82,168,FALL,15:17:05
101,46.69,34,FALL,15:17:10
102,195.90,102,FALL,15:17:20
103,-35.68,47,FALL,15:17:27
104,15.96,30,FALL,15:17:33
105,0.68,19,FALL,15:17:38
106,1.99,18,FALL,15:17:43
107,83.26,52,FALL,15:17:50
108,-7.55,22,FALL,15:17:55
109,40.50,30,FALL,15:18:01
110,169.51,141,FALL,15:18:13
111,79.03,47,FALL,15:18:19
112,64.39,91,FALL,15:18:29
113,-4.80,22,FALL,15:18:34
114,69.02,122,FALL,15:18:45
115,4.39,18,FALL,15:18:50
116,-5.63,62,FALL,15:18:57
117,-10.50,27,FALL,15:19:03
118,52.34,62,FALL,15:19:11
119,62.29,50,FALL,15:19:17
120,75.71,71,FALL,15:19:25
121,38.98,73,FALL,15:19:33
122,-1.08,34,FALL,15:19:39
123,28.43,47,FALL,15:19:46
124,18.06,77,FALL,15:19:54
125,33.94,38,FALL,15:20:01
126,11.00,39,FALL,15:20:07
127,-21.62,79,FALL,15:20:15
128,203.61,113,FALL,15:20:25
129,168.49,86,FALL,15:20:34
130,54.98,37,FALL,15:20:40
131,43.40,32,FALL,15:20:46
132,139.58,110,FALL,15:20:56
133,46.79,33,FALL,15:21:02
134,210.76,114,FALL,15:21:12
135,81.30,66,FALL,15:21:20
136,301.52,145,FALL,15:21:32
137,325.19,147,FALL,15:21:44
138,77.94,90,FALL,15:21:53
139,45.72,62,FALL,15:22:01
140,104.48,91,FALL,15:22:09
141,45.95,42,FALL,15:22:16
142,7.19,50,FALL,15:22:23
143,243.34,105,FALL,15:22:32
144,-9.23,21,FALL,15:22:38
145,75.20,56,FALL,15:22:45
146,10.73,29,FALL,15:22:50
147,27.48,31,FALL,15:22:56
148,26.35,35,FALL,15:23:02
149,302.69,162,FALL,15:23:15
150,21.66,64,FALL,15:23:23
151,86.94,143,FALL,15:23:34
152,223.22,107,FALL,15:23:44
153,145.17,84,FALL,15:23:53
154,27.66,30,FALL,15:23:59
155,87.42,65,FALL,15:24:06
156,20.42,29,FALL,15:24:12
157,210.41,90,FALL,15:24:21
158,42.55,36,FALL,15:24:27
159,-18.72,31,FALL,15:24:33
160,26.96,33,FALL,15:24:39
161,535.38,202,FALL,15:24:54
162,184.45,124,FALL,15:25:05
163,339.18,220,FALL,15:25:20
164,-28.58,55,FALL,15:25:27
165,0.67,47,FALL,15:25:34
166,9.58,37,FALL,15:25:40
167,90.30,167,FALL,15:25:53
168,372.89,188,FALL,15:26:07
169,113.57,162,FALL,15:26:20
170,37.90,41,FALL,15:26:27
171,47.37,59,FALL,15:26:34
172,23.51,38,FALL,15:26:40
173,177.83,127,FALL,15:26:52
174,32.04,40,FALL,15:26:58
175,41.17,41,FALL,15:27:04
176,32.94,48,FALL,15:27:11
177,56.34,65,FALL,15:27:19
178,24.67,36,FALL,15:27:25
179,19.82,32,FALL,15:27:31
180,20.49,34,FALL,15:27:37
181,290.94,122,FALL,15:27:47
182,51.70,32,FALL,15:27:53
183,23.44,32,FALL,15:27:59
184,30.69,51,FALL,15:28:06
185,-1.50,18,FALL,15:28:11
186,41.98,56,FALL,15:28:18
187,166.03,89,FALL,15:28:27
188,26.54,32,FALL,15:28:33
189,-6.94,25,FALL,15:28:39
190,14.60,20,FALL,15:28:44
191,220.72,94,FALL,15:28:53
192,281.60,117,FALL,15:29:03
193,137.80,66,FALL,15:29:11
194,122.70,60,FALL,15:29:19
195,21.85,56,FALL,15:29:26
196,28.87,44,FALL,15:29:33
197,103.37,65,FALL,15:29:40
198,43.92,34,FALL,15:29:47
199,486.62,209,FALL,15:30:03
200,11.63,48,FALL,15:30:10
201,12.41,20,FALL,15:30:15
202,63.96,77,FALL,15:30:23
203,23.23,64,FALL,15:30:30
204,504.71,297,FALL,15:30:50
205,2.90,19,FALL,15:30:56
206,241.78,120,FALL,15:31:06
207,116.53,64,FALL,15:31:14
208,149.86,83,FALL,15:31:22
209,57.96,58,FALL,15:31:29
210,88.87,94,FALL,15:31:39
211,28.57,41,FALL,15:31:45
212,-53.42,126,FALL,15:31:56
213,56.07,51,FALL,15:32:03
214,293.17,118,FALL,15:32:13
215,155.28,121,FALL,15:32:25
216,46.80,38,FALL,15:32:31
217,23.39,136,FALL,15:32:43
218,97.91,63,FALL,15:32:51
219,48.42,37,FALL,15:32:57
220,318.28,172,FALL,15:33:12
221,28.26,31,FALL,15:33:18
222,22.09,35,FALL,15:33:24
223,252.57,142,FALL,15:33:37
224,248.41,174,FALL,15:33:51
225,35.27,31,FALL,15:33:57
226,102.41,72,FALL,15:34:06
227,106.31,132,FALL,15:34:18
228,681.04,261,FALL,15:34:37
229,37.64,33,FALL,15:34:43
230,114.57,66,FALL,15:34:51
231,397.54,156,FALL,15:35:04
232,273.24,125,FALL,15:35:15
233,35.32,31,FALL,15:35:21
234,58.41,59,FALL,15:35:29
235,93.21,52,FALL,15:35:36
236,-9.74,23,FALL,15:35:41
237,101.77,65,FALL,15:35:49
238,47.42,38,FALL,15:35:55
239,28.80,32,FALL,15:36:01
240,104.88,69,FALL,15:36:09
241,147.83,102,FALL,15:36:19
242,-11.28,37,FALL,15:36:26
243,182.25,195,FALL,15:36:41
244,136.52,63,FALL,15:36:49
245,55.42,174,FALL,15:37:03
246,21.54,32,FALL,15:37:09
247,834.35,351,FALL,15:37:32
248,0.09,90,FALL,15:37:41
249,51.90,75,FALL,15:37:49
250,529.35,218,FALL,15:38:05
251,164.33,108,FALL,15:38:16
252,6.32,36,FALL,15:38:22
253,815.99,351,FALL,15:38:46
254,255.38,130,FALL,15:38:57
255,102.52,57,FALL,15:39:05
256,338.98,151,FALL,15:39:18
257,155.98,108,FALL,15:39:28
258,89.07,75,FALL,15:39:37
259,151.65,83,FALL,15:39:46
260,7.45,30,FALL,15:39:52
261,1.18,20,FALL,15:39:57
262,49.29,36,FALL,15:40:03
263,35.94,28,FALL,15:40:09
264,227.99,98,FALL,15:40:18
265,39.32,33,FALL,15:40:24
266,61.92,62,FALL,15:40:32
267,244.80,119,FALL,15:40:43
268,87.36,71,FALL,15:40:51
269,160.75,80,FALL,15:41:00
270,5.85,16,FALL,15:41:05
271,132.88,71,FALL,15:41:13
272,10.03,84,FALL,15:41:22
273,1.29,69,FALL,15:41:30
274,243.20,115,FALL,15:41:40
275,131.20,74,FALL,15:41:48
276,192.25,89,FALL,15:41:58
277,168.39,92,FALL,15:42:07
278,-25.73,50,FALL,15:42:14
279,46.11,52,FALL,15:42:21
280,227.50,119,FALL,15:42:32
281,112.56,62,FALL,15:42:39
282,-24.52,65,FALL,15:42:47
283,-1.66,40,FALL,15:42:54
284,124.36,99,FALL,15:43:03
285,-27.49,78,FALL,15:43:12
286,274.01,122,FALL,15:43:23
287,111.57,93,FALL,15:43:32
288,45.60,36,FALL,15:43:38
289,-5.51,88,FALL,15:43:48
290,110.07,59,FALL,15:43:55
291,411.40,197,FALL,15:44:10
292,31.57,49,FALL,15:44:17
293,333.61,142,FALL,15:44:29
294,-9.73,20,FALL,15:44:35
295,27.85,38,FALL,15:44:41
296,67.20,87,FALL,15:44:50
297,361.69,155,FALL,15:45:03
298,103.11,117,FALL,15:45:14
299,275.39,118,FALL,15:45:25
300,96.94,63,FALL,15:45:33
301,21.44,33,FALL,15:45:39
302,18.76,32,FALL,15:45:44
303,77.46,62,FALL,15:45:52
304,154.43,96,FALL,15:46:01
305,36.65,83,FALL,15:46:10
306,314.32,129,FALL,15:46:21
307,9.68,19,FALL,15:46:26
308,845.11,348,FALL,15:46:49
309,91.06,61,FALL,15:46:56
310,133.27,92,FALL,15:47:05
311,47.16,110,FALL,15:47:16
312,100.01,63,FALL,15:47:24
313,41.39,36,FALL,15:47:30
314,245.44,203,FALL,15:47:45
315,31.06,33,FALL,15:47:51
316,268.08,126,FALL,15:48:02
317,475.26,182,FALL,15:48:16
318,226.80,130,FALL,15:48:27
319,276.85,152,FALL,15:48:39
320,13.21,32,FALL,15:48:45
321,454.70,182,FALL,15:49:00
322,38.02,37,FALL,15:49:06
323,107.03,62,FALL,15:49:14
324,-10.77,43,FALL,15:49:20
325,104.34,112,FALL,15:49:31
326,452.24,179,FALL,15:49:44
327,51.80,52,FALL,15:49:51
328,-3.14,29,FALL,15:49:57
329,122.06,181,FALL,15:50:11
330,264.49,178,FALL,15:50:24
331,220.56,121,FALL,15:50:35
332,194.30,138,FALL,15:50:47
333,195.85,95,FALL,15:50:56
334,202.27,128,FALL,15:51:07
335,17.19,45,FALL,15:51:13
336,55.59,36,FALL,15:51:20
337,7.77,35,FALL,15:51:26
338,-31.53,50,FALL,15:51:33
339,-8.02,23,FALL,15:51:38
340,170.08,92,FALL,15:51:48
341,57.26,39,FALL,15:51:54
342,14.48,33,FALL,15:52:00
343,136.95,60,FALL,15:52:08
344,-104.50,77,FALL,15:52:16
345,189.30,107,FALL,15:52:27
346,-44.20,97,FALL,15:52:36
347,100.54,56,FALL,15:52:43
348,271.24,154,FALL,15:52:56
349,96.42,70,FALL,15:53:04
350,15.54,49,FALL,15:53:11
351,84.38,73,FALL,15:53:19
352,303.09,123,FALL,15:53:30
353,247.76,115,FALL,15:53:41
354,30.79,37,FALL,15:53:47
355,19.48,31,FALL,15:53:53
356,11.20,18,FALL,15:53:58
357,335.38,153,FALL,15:54:11
358,-1.30,19,FALL,15:54:16
359,74.26,64,FALL,15:54:23
360,478.41,185,FALL,15:54:38
361,16.24,49,FALL,15:54:45
362,64.85,63,FALL,15:54:53
363,91.69,68,FALL,15:55:01
364,19.15,32,FALL,15:55:07
365,31.14,33,FALL,15:55:13
366,330.61,120,FALL,15:55:24
367,116.43,137,FALL,15:55:36
368,37.93,33,FALL,15:55:42
369,6.43,30,FALL,15:55:47
370,74.32,72,FALL,15:55:56
371,85.33,61,FALL,15:56:03
372,99.62,64,FALL,15:56:11
373,-5.75,35,FALL,15:56:17
374,108.76,61,FALL,15:56:25
375,29.79,35,FALL,15:56:31
376,301.26,168,FALL,15:56:44
377,7.39,21,FALL,15:56:50
378,27.68,31,FALL,15:56:56
379,268.95,121,FALL,15:57:07
380,359.74,150,FALL,15:57:20
381,103.38,140,FALL,15:57:32
382,512.06,186,FALL,15:57:46
383,30.64,49,FALL,15:57:53
384,175.08,92,FALL,15:58:02
385,77.32,76,FALL,15:58:10
386,-12.51,18,FALL,15:58:15
387,82.74,63,FALL,15:58:23
388,34.76,30,FALL,15:58:28
389,92.35,93,FALL,15:58:38
390,84.20,65,FALL,15:58:46
391,40.37,36,FALL,15:58:52
392,490.36,216,FALL,15:59:08
393,18.14,28,FALL,15:59:14
394,5.89,32,FALL,15:59:20
395,267.07,160,FALL,15:59:33
396,9.39,75,FALL,15:59:42
397,118.29,60,FALL,15:59:49
398,129.53,63,FALL,15:59:57
399,31.96,29,FALL,16:00:03
400,4.61,32,FALL,16:00:09
401,31.74,37,FALL,16:00:15
402,34.39,30,FALL,16:00:21
403,180.06,110,FALL,16:00:31
404,431.17,158,FALL,16:00:44
405,32.33,33,FALL,16:00:50
406,198.29,84,FALL,16:00:59
407,42.34,35,FALL,16:01:05
408,4.58,47,FALL,16:01:12
409,181.22,104,FALL,16:01:21
410,53.00,33,FALL,16:01:27
411,102.35,62,FALL,16:01:35
412,93.16,65,FALL,16:01:43
413,53.58,59,FALL,16:01:50
414,86.15,48,FALL,16:01:57
415,12.40,95,FALL,16:02:06
416,19.01,66,FALL,16:02:14
417,232.79,97,FALL,16:02:23
418,288.81,197,FALL,16:02:38
419,17.24,32,FALL,16:02:44
420,171.21,88,FALL,16:02:53
421,19.71,107,FALL,16:03:03
422,-39.19,46,FALL,16:03:10
423,180.24,112,FALL,16:03:21
424,86.18,61,FALL,16:03:28
425,90.80,59,FALL,16:03:35
426,78.56,62,FALL,16:03:43
427,163.88,166,FALL,16:03:56
428,36.26,37,FALL,16:04:02
429,311.21,157,FALL,16:04:15
430,0.06,17,FALL,16:04:20
431,130.06,89,FALL,16:04:30
432,117.56,146,FALL,16:04:42
433,41.95,31,FALL,16:04:48
434,53.04,81,FALL,16:04:57
435,151.86,61,FALL,16:05:04
436,191.09,139,FALL,16:05:16
437,515.32,343,FALL,16:05:39
438,83.63,61,FALL,16:05:47
439,722.54,301,FALL,16:06:07
440,13.56,77,FALL,16:06:15
441,330.62,151,FALL,16:06:27
442,349.49,151,FALL,16:06:40
443,41.08,68,FALL,16:06:47
444,48.21,57,FALL,16:06:55
445,57.02,30,FALL,16:07:01
446,190.82,185,FALL,16:07:15
447,214.88,139,FALL,16:07:27
448,159.76,99,FALL,16:07:37
449,18.84,37,FALL,16:07:43
450,38.14,70,FALL,16:07:51
451,-11.35,17,FALL,16:07:56
452,29.19,36,FALL,16:08:02
453,-13.17,22,FALL,16:08:08
454,200.87,89,FALL,16:08:17
455,48.28,39,FALL,16:08:23
456,16.66,55,FALL,16:08:30
457,141.74,72,FALL,16:08:38
458,26.92,66,FALL,16:08:46
459,262.93,118,FALL,16:08:57
460,381.04,168,FALL,16:09:11
461,43.29,29,FALL,16:09:17
462,225.10,83,FALL,16:09:25
463,23.70,34,FALL,16:09:31
464,117.96,60,FALL,16:09:39
465,201.66,91,FALL,16:09:48
466,377.08,139,FALL,16:10:00
467,112.25,60,FALL,16:10:08
468,35.82,35,FALL,16:10:14
469,198.06,121,FALL,16:10:24
470,82.48,60,FALL,16:10:32
471,149.15,110,FALL,16:10:43
472,60.75,37,FALL,16:10:49
473,49.80,33,FALL,16:10:55
474,137.22,70,FALL,16:11:03
475,-5.94,58,FALL,16:11:11
476,32.23,51,FALL,16:11:18
477,189.33,88,FALL,16:11:27
478,81.04,63,FALL,16:11:34
479,203.24,87,FALL,16:11:43
480,138.16,123,FALL,16:11:54
481,126.14,67,FALL,16:12:02
482,31.34,37,FALL,16:12:09
483,332.11,120,FALL,16:12:20
484,350.39,147,FALL,16:12:32
485,12.56,43,FALL,16:12:39
486,22.92,29,FALL,16:12:45
487,173.06,98,FALL,16:12:54
488,111.04,76,FALL,16:13:03
489,37.49,48,FALL,16:13:10
490,41.07,55,FALL,16:13:17
491,31.02,34,FALL,16:13:23
492,214.00,92,FALL,16:13:32
493,65.65,110,FALL,16:13:43
494,249.10,116,FALL,16:13:53
495,271.10,143,FALL,16:14:05
496,228.00,196,FALL,16:14:21
497,425.30,227,FALL,16:14:37
498,14.69,121,FALL,16:14:48
499,54.73,34,FALL,16:14:54
500,22.46,32,FALL,16:15:00
501,250.39,111,FALL,16:15:11
502,23.58,37,FALL,16:15:17
503,61.92,76,FALL,16:15:25
504,0.27,33,FALL,16:15:31
505,202.40,94,FALL,16:15:41
506,176.18,121,FALL,16:15:52
507,-12.67,52,FALL,16:15:59
508,41.31,33,FALL,16:16:05
509,95.06,135,FALL,16:16:17
510,298.58,122,FALL,16:16:28
511,52.79,64,FALL,16:16:35
512,21.09,33,FALL,16:16:41
513,205.64,110,FALL,16:16:52
514,330.67,125,FALL,16:17:03
515,214.05,136,FALL,16:17:14
516,141.20,124,FALL,16:17:26
517,393.88,178,FALL,16:17:40
518,-46.53,49,FALL,16:17:47
519,73.34,47,FALL,16:17:53
520,154.32,78,FALL,16:18:02
521,486.30,183,FALL,16:18:16
522,-8.29,21,FALL,16:18:21
523,40.80,95,FALL,16:18:31
524,125.62,166,FALL,16:18:44
525,87.57,62,FALL,16:18:52
526,51.19,32,FALL,16:18:58
527,66.54,43,FALL,16:19:04
528,343.40,168,FALL,16:19:18
529,415.39,241,FALL,16:19:36
530,304.32,228,FALL,16:19:54
531,747.53,325,FALL,16:20:16
532,104.59,61,FALL,16:20:24
533,508.73,292,FALL,16:20:45
534,10.80,58,FALL,16:20:53
535,166.74,73,FALL,16:21:01
536,10.14,44,FALL,16:21:08
537,174.38,92,FALL,16:21:18
538,51.81,57,FALL,16:21:25
539,-2.93,18,FALL,16:21:30
540,182.76,204,FALL,16:21:46
541,23.28,38,FALL,16:21:52
542,-5.48,18,FALL,16:21:57
543,29.58,67,FALL,16:22:05
544,178.40,239,FALL,16:22:22
545,25.32,49,FALL,16:22:28
546,157.41,86,FALL,16:22:37
547,36.06,37,FALL,16:22:43
548,23.99,64,FALL,16:22:51
549,612.04,262,FALL,16:23:10
550,1003.31,405,FALL,16:23:35
551,26.05,33,FALL,16:23:41
552,-16.57,20,FALL,16:23:46
553,39.62,27,FALL,16:23:52
554,24.36,34,FALL,16:23:58
555,98.70,52,FALL,16:24:05
556,4.36,19,FALL,16:24:11
557,294.28,198,FALL,16:24:26
558,775.90,328,FALL,16:24:47
559,119.86,83,FALL,16:24:56
560,472.88,236,FALL,16:25:13
561,37.22,39,FALL,16:25:19
562,597.17,240,FALL,16:25:37
563,221.60,87,FALL,16:25:46
564,132.14,91,FALL,16:25:55
565,64.14,55,FALL,16:26:02
566,15.84,52,FALL,16:26:09
567,184.02,89,FALL,16:26:19
568,814.85,327,FALL,16:26:42
569,170.38,85,FALL,16:26:51
570,537.88,208,FALL,16:27:07
571,163.45,79,FALL,16:27:16
572,949.48,470,FALL,16:27:46
573,291.27,203,FALL,16:28:02
574,73.66,61,FALL,16:28:10
575,322.42,159,FALL,16:28:23
576,37.42,36,FALL,16:28:29
577,256.65,95,FALL,16:28:39
578,120.87,61,FALL,16:28:46
579,194.59,97,FALL,16:28:56
580,113.37,58,FALL,16:29:03
581,315.67,119,FALL,16:29:14
582,134.36,64,FALL,16:29:22
583,243.13,112,FALL,16:29:32
584,91.98,63,FALL,16:29:40
585,242.51,125,FALL,16:29:51
586,188.21,89,FALL,16:30:00
587,67.80,59,FALL,16:30:08
588,169.55,145,FALL,16:30:20
589,203.40,233,FALL,16:30:36
590,150.59,91,FALL,16:30:45
591,35.56,33,FALL,16:30:51
592,210.92,91,FALL,16:31:01
593,267.69,110,FALL,16:31:11
594,130.17,62,FALL,16:31:19
595,487.57,352,FALL,16:31:42
596,212.58,91,FALL,16:31:51
597,13.21,77,FALL,16:32:00
598,46.89,35,FALL,16:32:06
599,85.95,69,FALL,16:32:14
600,26.47,52,FALL,16:32:21
601,123.54,61,FALL,16:32:28
602,104.78,92,FALL,16:32:37
603,85.02,93,FALL,16:32:47
604,85.76,104,FALL,16:32:57
605,42.52,41,FALL,16:33:03
606,79.16,58,FALL,16:33:11
607,340.14,126,FALL,16:33:22
608,172.53,137,FALL,16:33:34
609,206.38,129,FALL,16:33:46
610,195.69,95,FALL,16:33:55
611,362.56,151,FALL,16:34:08
612,51.27,33,FALL,16:34:14
613,124.70,62,FALL,16:34:21
614,325.84,148,FALL,16:34:33
615,145.97,70,FALL,16:34:42
616,65.53,67,FALL,16:34:50
617,-5.60,22,FALL,16:34:55
618,83.88,66,FALL,16:35:03
619,236.75,94,FALL,16:35:12
620,44.81,32,FALL,16:35:18
621,122.88,103,FALL,16:35:28
622,404.93,180,FALL,16:35:43
623,251.44,163,FALL,16:35:56
624,97.52,61,FALL,16:36:03
625,444.81,179,FALL,16:36:17
626,37.94,38,FALL,16:36:24
627,29.55,31,FALL,16:36:30
628,381.72,186,FALL,16:36:44
629,74.45,58,FALL,16:36:52
630,47.01,35,FALL,16:36:58
631,258.54,211,FALL,16:37:14
632,41.61,49,FALL,16:37:21
633,119.81,61,FALL,16:37:29
634,3.18,35,FALL,16:37:35
635,12.21,38,FALL,16:37:41
636,349.03,147,FALL,16:37:54
637,334.35,149,FALL,16:38:07
638,90.53,63,FALL,16:38:15
639,167.17,91,FALL,16:38:25
640,58.92,35,FALL,16:38:31
641,33.71,41,FALL,16:38:38
642,47.12,32,FALL,16:38:44
643,45.56,33,FALL,16:38:50
644,27.24,36,FALL,16:38:56
645,79.06,64,FALL,16:39:04
646,133.27,99,FALL,16:39:14
647,26.34,49,FALL,16:39:21
648,295.87,142,FALL,16:39:33
649,462.99,200,FALL,16:39:49
650,67.21,50,FALL,16:39:57
651,137.69,84,FALL,16:40:06
652,459.31,214,FALL,16:40:23
653,254.77,126,FALL,16:40:33
654,21.39,43,FALL,16:40:40
655,82.11,93,FALL,16:40:49
656,-4.93,19,FALL,16:40:54
657,126.22,78,FALL,16:41:02
658,23.74,35,FALL,16:41:08
659,49.91,35,FALL,16:41:15
660,514.15,210,FALL,16:41:31
661,41.99,41,FALL,16:41:37
662,408.60,233,FALL,16:41:55
663,105.12,76,FALL,16:42:03
664,94.89,82,FALL,16:42:12
665,347.57,149,FALL,16:42:25
666,15.56,36,FALL,16:42:31
667,521.75,208,FALL,16:42:47
668,154.20,91,FALL,16:42:56
669,55.07,41,FALL,16:43:03
670,-1.56,27,FALL,16:43:08
671,183.37,199,FALL,16:43:23
672,231.85,91,FALL,16:43:32
673,45.88,58,FALL,16:43:39
674,94.06,66,FALL,16:43:47
675,126.22,63,FALL,16:43:54
676,48.96,54,FALL,16:44:01
677,120.72,58,FALL,16:44:08
678,-9.57,20,FALL,16:44:14
679,0.34,24,FALL,16:44:19
680,279.44,123,FALL,16:44:31
681,26.39,31,FALL,16:44:36
682,388.17,155,FALL,16:44:49
683,132.15,59,FALL,16:44:57
684,437.08,189,FALL,16:45:12
685,69.71,58,FALL,16:45:19
686,230.37,116,FALL,16:45:30
687,-11.76,25,FALL,16:45:36
688,3.25,20,FALL,16:45:41
689,17.55,35,FALL,16:45:47
690,302.98,159,FALL,16:46:00
691,20.81,34,FALL,16:46:06
692,162.16,149,FALL,16:46:19
693,475.85,180,FALL,16:46:34
694,21.80,32,FALL,16:46:40
695,151.01,77,FALL,16:46:48
696,84.45,94,FALL,16:46:58
697,150.07,108,FALL,16:47:08
698,417.25,164,FALL,16:47:21
699,69.89,113,FALL,16:47:32
700,52.53,44,FALL,16:47:39
701,131.99,243,FALL,16:47:56
702,3.86,36,FALL,16:48:02
703,-8.18,23,FALL,16:48:08
704,90.77,135,FALL,16:48:20
705,-16.66,94,FALL,16:48:29
706,112.65,70,FALL,16:48:37
707,409.67,177,FALL,16:48:51
708,290.06,155,FALL,16:49:04
709,220.65,300,FALL,16:49:25
710,19.93,30,FALL,16:49:31
711,86.22,116,FALL,16:49:41
712,117.60,60,FALL,16:49:48
713,75.35,56,FALL,16:49:56
714,287.66,150,FALL,16:50:09
715,70.68,63,FALL,16:50:16
716,228.37,125,FALL,16:50:27
717,-1.58,33,FALL,16:50:33
718,11.87,52,FALL,16:50:40
719,-2.38,122,FALL,16:50:51
720,5.51,25,FALL,16:50:57
721,76.60,64,FALL,16:51:05
722,39.88,30,FALL,16:51:10
723,242.72,132,FALL,16:51:22
724,75.35,73,FALL,16:51:30
725,52.81,44,FALL,16:51:37
726,114.36,57,FALL,16:51:45
727,314.66,216,FALL,16:52:01
728,20.54,27,FALL,16:52:07
729,23.93,45,FALL,16:52:14
730,24.57,29,FALL,16:52:20
731,493.29,179,FALL,16:52:34
732,106.75,88,FALL,16:52:44
733,270.10,149,FALL,16:52:56
734,361.58,152,FALL,16:53:09
735,105.13,62,FALL,16:53:17
736,135.59,138,FALL,16:53:29
737,625.20,241,FALL,16:53:47
738,244.05,96,FALL,16:53:57
739,91.18,60,FALL,16:54:04
740,58.31,47,FALL,16:54:11
741,86.41,88,FALL,16:54:20
742,581.09,310,FALL,16:54:42
743,44.06,32,FALL,16:54:48
744,195.53,91,FALL,16:54:57
745,73.41,44,FALL,16:55:04
746,19.07,28,FALL,16:55:10
747,339.79,164,FALL,16:55:24
748,38.11,48,FALL,16:55:31
749,44.22,80,FALL,16:55:40
750,58.97,53,FALL,16:55:47
751,98.88,43,FALL,16:55:54
752,25.00,32,FALL,16:56:00
753,177.56,118,FALL,16:56:11
754,73.37,45,FALL,16:56:18
755,357.20,158,FALL,16:56:31
756,87.40,66,FALL,16:56:39
757,73.67,62,FALL,16:56:47
758,276.48,119,FALL,16:56:58
759,374.91,180,FALL,16:57:13
760,110.82,62,FALL,16:57:20
761,104.89,46,FALL,16:57:27
762,32.99,30,FALL,16:57:33
763,60.38,66,FALL,16:57:41
764,237.03,109,FALL,16:57:52
765,132.02,110,FALL,16:58:02
766,359.31,150,FALL,16:58:15
767,17.12,33,FALL,16:58:21
768,-6.09,20,FALL,16:58:26
769,206.10,200,FALL,16:58:42
770,98.89,62,FALL,16:58:50
771,393.52,212,FALL,16:59:06
772,125.16,69,FALL,16:59:14
773,-11.26,21,FALL,16:59:19
774,109.29,66,FALL,16:59:27
775,184.32,109,FALL,16:59:37
776,153.37,127,FALL,16:59:49
777,177.46,75,FALL,16:59:57
778,122.88,170,FALL,17:00:12
779,115.90,94,FALL,17:00:21
780,-7.54,40,FALL,17:00:28
781,414.64,154,FALL,17:00:41
782,41.95,31,FALL,17:00:47
783,240.66,153,FALL,17:01:00
784,39.46,41,FALL,17:01:06
785,133.75,118,FALL,17:01:17
786,38.08,32,FALL,17:01:23
787,29.72,74,FALL,17:01:32
788,110.42,63,FALL,17:01:40
789,572.63,245,FALL,17:01:58
790,45.37,32,FALL,17:02:04
791,282.93,120,FALL,17:02:15
792,118.69,61,FALL,17:02:23
793,437.59,182,FALL,17:02:38
794,176.06,79,FALL,17:02:47
795,31.19,41,FALL,17:02:53
796,86.63,183,FALL,17:03:08
797,58.93,94,FALL,17:03:18
798,168.13,103,FALL,17:03:28
799,100.32,64,FALL,17:03:35
800,633.72,268,FALL,17:03:56
801,490.62,208,FALL,17:04:12
802,258.19,113,FALL,17:04:23
803,40.09,113,FALL,17:04:34
804,109.88,79,FALL,17:04:42
805,278.65,127,FALL,17:04:54
806,81.51,72,FALL,17:05:02
807,116.82,61,FALL,17:05:10
808,1000.09,444,FALL,17:05:38
809,22.91,84,FALL,17:05:47
810,4.76,39,FALL,17:05:53
811,162.85,140,FALL,17:06:06
812,530.96,218,FALL,17:06:22
813,4.82,40,FALL,17:06:28
814,26.53,33,FALL,17:06:34
815,129.61,97,FALL,17:06:44
816,813.66,329,FALL,17:07:06
817,113.91,108,FALL,17:07:16
818,273.24,156,FALL,17:07:30
819,139.84,67,FALL,17:07:38
820,59.68,60,FALL,17:07:45
821,309.75,173,FALL,17:07:58
822,242.75,99,FALL,17:08:08
823,1.16,27,FALL,17:08:13
824,167.61,202,FALL,17:08:28
825,58.47,66,FALL,17:08:36
826,-8.82,22,FALL,17:08:41
827,101.23,66,FALL,17:08:49
828,84.10,172,FALL,17:09:02
829,117.07,81,FALL,17:09:11
830,258.22,121,FALL,17:09:21
831,20.77,29,FALL,17:09:27
832,14.10,31,FALL,17:09:33
833,131.18,91,FALL,17:09:42
834,54.81,41,FALL,17:09:48
835,195.16,183,FALL,17:10:02
836,317.99,208,FALL,17:10:17
837,205.38,92,FALL,17:10:26
838,69.56,145,FALL,17:10:38
839,-29.80,92,FALL,17:10:47
840,51.94,112,FALL,17:10:57
841,11.28,47,FALL,17:11:04
842,574.44,251,FALL,17:11:22
843,340.30,322,FALL,17:11:43
844,-57.96,112,FALL,17:11:53
845,-1.51,68,FALL,17:12:01
846,348.11,172,FALL,17:12:14
847,539.99,222,FALL,17:12:30
848,77.56,48,FALL,17:12:37
849,601.53,307,FALL,17:12:59
850,244.30,138,FALL,17:13:11
851,88.70,46,FALL,17:13:18
852,218.13,92,FALL,17:13:27
853,368.17,197,FALL,17:13:43
854,52.36,49,FALL,17:13:50
855,261.09,125,FALL,17:14:02
856,659.95,285,FALL,17:14:27
857,59.26,50,FALL,17:14:34
858,213.28,122,FALL,17:14:45
859,363.84,180,FALL,17:14:59
860,420.78,199,FALL,17:15:14
861,546.07,237,FALL,17:15:32
862,52.68,37,FALL,17:15:38
863,759.30,294,FALL,17:16:00
864,34.86,68,FALL,17:16:08
865,23.06,125,FALL,17:16:19
866,-77.24,91,FALL,17:16:29
867,-160.57,177,FALL,17:16:43
868,22.33,32,FALL,17:16:49
869,47.94,39,FALL,17:16:56
870,389.77,148,FALL,17:17:08
871,24.55,32,FALL,17:17:14
872,234.88,152,FALL,17:17:27
873,331.53,121,FALL,17:17:39
874,139.05,157,FALL,17:17:52
875,241.10,104,FALL,17:18:02
876,20.05,49,FALL,17:18:09
877,773.41,417,FALL,17:18:38
878,155.38,136,FALL,17:18:50
879,157.84,90,FALL,17:18:59
880,242.35,151,FALL,17:19:12
881,111.72,123,FALL,17:19:24
882,2.92,71,FALL,17:19:32
883,165.49,90,FALL,17:19:41
884,194.65,94,FALL,17:19:51
885,199.69,127,FALL,17:20:03
886,574.89,209,FALL,17:20:19
887,251.62,105,FALL,17:20:29
888,93.68,68,FALL,17:20:37
889,51.45,49,FALL,17:20:44
890,645.79,274,FALL,17:21:04
891,180.64,114,FALL,17:21:15
892,36.68,40,FALL,17:21:22
893,81.85,60,FALL,17:21:29
894,784.55,360,FALL,17:21:54
895,366.51,191,FALL,17:22:10
896,77.86,108,FALL,17:22:20
897,419.96,157,FALL,17:22:33
898,59.57,80,FALL,17:22:42
899,83.84,68,FALL,17:22:50
900,574.83,241,FALL,17:23:09
901,418.80,183,FALL,17:23:23
902,11.77,38,FALL,17:23:30
903,57.31,36,FALL,17:23:36
904,109.88,68,FALL,17:23:44
905,11.17,49,FALL,17:23:51
906,127.58,65,FALL,17:23:59
907,76.85,97,FALL,17:24:09
908,280.93,235,FALL,17:24:27
909,273.45,131,FALL,17:24:38
910,449.87,225,FALL,17:24:55
911,111.66,104,FALL,17:25:06
912,145.21,92,FALL,17:25:15
913,546.38,232,FALL,17:25:33
914,288.88,207,FALL,17:25:49
915,312.80,129,FALL,17:26:01
916,61.88,54,FALL,17:26:08
917,143.31,93,FALL,17:26:18
918,111.05,155,FALL,17:26:31
919,409.32,212,FALL,17:26:48
920,122.17,63,FALL,17:26:55
921,371.06,183,FALL,17:27:10
922,152.65,85,FALL,17:27:19
923,450.03,217,FALL,17:27:36
924,48.49,65,FALL,17:27:44
925,203.17,103,FALL,17:27:54
926,136.69,215,FALL,17:28:11
927,91.60,135,FALL,17:28:23
928,131.11,60,FALL,17:28:31
929,639.47,264,FALL,17:28:50
930,146.66,92,FALL,17:29:00
931,374.12,185,FALL,17:29:15
932,136.76,66,FALL,17:29:23
933,156.92,121,FALL,17:29:34
934,171.20,100,FALL,17:29:44
935,197.79,108,FALL,17:29:55
936,898.48,349,FALL,17:30:19
937,369.25,150,FALL,17:30:32
938,391.06,159,FALL,17:30:46
939,151.88,113,FALL,17:30:56
940,474.36,191,FALL,17:31:12
941,93.74,108,FALL,17:31:22
942,36.22,48,FALL,17:31:29
943,419.85,256,FALL,17:31:48
944,40.24,70,FALL,17:31:57
945,1.61,183,FALL,17:32:12
946,94.43,122,FALL,17:32:23
947,181.54,138,FALL,17:32:35
948,112.73,97,FALL,17:32:45
949,21.59,78,FALL,17:32:54
950,26.86,62,FALL,17:33:02
951,-23.08,53,FALL,17:33:09
952,358.31,185,FALL,17:33:24
953,269.28,154,FALL,17:33:38
954,79.62,90,FALL,17:33:47
955,45.66,43,FALL,17:33:54
956,185.90,118,FALL,17:34:05
957,798.61,333,FALL,17:34:29
958,63.30,69,FALL,17:34:37
959,280.38,227,FALL,17:34:55
960,81.69,73,FALL,17:35:03
961,43.56,117,FALL,17:35:14
962,-15.51,78,FALL,17:35:23
963,265.88,183,FALL,17:35:38
964,342.42,144,FALL,17:35:51
965,41.18,59,FALL,17:35:58
966,34.01,26,FALL,17:36:04
967,682.53,360,FALL,17:36:30
968,233.26,98,FALL,17:36:40
969,208.69,88,FALL,17:36:49
970,94.43,68,FALL,17:36:57
971,292.62,120,FALL,17:37:09
972,542.91,212,FALL,17:37:25
973,202.19,128,FALL,17:37:37
974,36.12,101,FALL,17:37:47
975,60.76,57,FALL,17:37:54
976,129.70,61,FALL,17:38:02
977,375.80,202,FALL,17:38:18
978,260.34,173,FALL,17:38:32
979,68.55,46,FALL,17:38:39
980,596.59,276,FALL,17:38:59
981,52.56,69,FALL,17:39:07
982,112.50,57,FALL,17:39:14
983,97.74,60,FALL,17:39:22
984,86.69,91,FALL,17:39:31
985,377.03,178,FALL,17:39:46
986,66.32,45,FALL,17:39:52
987,98.13,60,FALL,17:40:00
988,-62.51,127,FALL,17:40:12
989,238.05,124,FALL,17:40:23
990,158.26,84,FALL,17:40:32
991,31.42,30,FALL,17:40:38
992,-6.67,26,FALL,17:40:43
993,199.52,98,FALL,17:40:53
994,118.02,79,FALL,17:41:02
995,20.32,76,FALL,17:41:11
996,26.62,37,FALL,17:41:17
997,218.15,138,FALL,17:41:29
998,30.42,95,FALL,17:41:39
999,533.86,273,FALL,17:41:59
1000,214.29,102,FALL,17:42:09
1001,11.74,114,FALL,17:42:20
1002,338.58,185,FALL,17:42:35
1003,-25.54,82,FALL,17:42:44
1004,305.34,271,FALL,17:43:04
1005,113.43,83,FALL,17:43:13
1006,195.19,99,FALL,17:43:23
1007,77.57,110,FALL,17:43:33
1008,93.94,65,FALL,17:43:41
1009,803.60,327,FALL,17:44:05
1010,312.50,170,FALL,17:44:19
1011,667.67,293,FALL,17:44:40
1012,44.93,94,FALL,17:44:49
1013,-39.32,101,FALL,17:44:59
1014,275.75,120,FALL,17:45:11
1015,581.20,255,FALL,17:45:30
1016,160.81,192,FALL,17:45:45
1017,28.68,39,FALL,17:45:51
1018,15.73,36,FALL,17:45:58
1019,89.97,60,FALL,17:46:05
1020,101.61,62,FALL,17:46:13
1021,430.66,182,FALL,17:46:28
1022,341.49,148,FALL,17:46:40
1023,405.77,153,FALL,17:46:53
1024,420.07,151,FALL,17:47:07
1025,97.95,115,FALL,17:47:17
1026,330.78,188,FALL,17:47:32
1027,213.97,112,FALL,17:47:43
1028,46.37,73,FALL,17:47:52
1029,283.07,147,FALL,17:48:05
1030,485.70,244,FALL,17:48:23
1031,203.91,144,FALL,17:48:35
1032,385.69,148,FALL,17:48:48
1033,277.41,213,FALL,17:49:05
1034,683.65,238,FALL,17:49:23
1035,-10.01,44,FALL,17:49:29
1036,40.74,72,FALL,17:49:38
1037,-0.99,26,FALL,17:49:43
1038,330.20,198,FALL,17:49:59
1039,173.33,190,FALL,17:50:14
1040,265.90,135,FALL,17:50:26
1041,15.24,56,FALL,17:50:33
1042,225.53,175,FALL,17:50:48
1043,319.68,120,FALL,17:50:59
1044,74.90,92,FALL,17:51:09
1045,25.93,41,FALL,17:51:15
1046,627.96,261,FALL,17:51:34
1047,139.59,96,FALL,17:51:44
1048,113.77,94,FALL,17:51:54
1049,666.96,297,FALL,17:52:15
1050,362.41,145,FALL,17:52:28
1051,106.91,72,FALL,17:52:36
1052,199.08,180,FALL,17:52:51
1053,44.12,76,FALL,17:52:59
1054,49.97,28,FALL,17:53:05
1055,492.20,202,FALL,17:53:21
1056,113.75,92,FALL,17:53:31
1057,181.07,95,FALL,17:53:41
1058,131.98,100,FALL,17:53:51
1059,99.09,60,FALL,17:53:59
1060,126.67,89,FALL,17:54:08
1061,63.58,45,FALL,17:54:15
1062,182.05,80,FALL,17:54:24
1063,22.80,101,FALL,17:54:34
1064,100.65,66,FALL,17:54:42
1065,88.92,59,FALL,17:54:50
1066,378.09,244,FALL,17:55:08
1067,367.51,185,FALL,17:55:23
1068,194.17,114,FALL,17:55:34
1069,303.30,119,FALL,17:55:45
1070,238.50,129,FALL,17:55:57
1071,39.90,111,FALL,17:56:07
1072,1020.59,422,FALL,17:56:36
1073,71.58,56,FALL,17:56:44
1074,243.60,157,FALL,17:56:57
1075,65.40,51,FALL,17:57:04
1076,326.56,162,FALL,17:57:18
1077,101.36,61,FALL,17:57:25
1078,16.56,68,FALL,17:57:34
1079,140.68,89,FALL,17:57:43
1080,441.40,212,FALL,17:58:00
1081,714.02,283,FALL,17:58:22
1082,90.48,65,FALL,17:58:30
1083,60.11,33,FALL,17:58:36
1084,403.29,183,FALL,17:58:51
1085,209.62,147,FALL,17:59:05
1086,-3.89,37,FALL,17:59:11
1087,79.08,57,FALL,17:59:19
1088,198.54,86,FALL,17:59:28
1089,29.00,37,FALL,17:59:34
1090,12.63,81,FALL,17:59:43
1091,218.47,95,FALL,17:59:53
1092,136.11,72,FALL,18:00:02
1093,107.14,58,FALL,18:00:10
1094,252.52,117,FALL,18:00:21
1095,-6.48,41,FALL,18:00:28
1096,44.18,102,FALL,18:00:38
1097,179.27,128,FALL,18:00:51
1098,111.67,139,FALL,18:01:03
1099,43.26,112,FALL,18:01:14
1100,313.19,120,FALL,18:01:26
1101,623.22,302,FALL,18:01:49
1102,533.27,197,FALL,18:02:05
1103,51.40,78,FALL,18:02:14
1104,-1.93,20,FALL,18:02:19
1105,379.34,153,FALL,18:02:32
1106,930.93,438,FALL,18:03:03
1107,564.01,236,FALL,18:03:22
1108,100.69,152,FALL,18:03:35
1109,745.62,355,FALL,18:04:01
1110,287.30,156,FALL,18:04:15
1111,68.33,50,FALL,18:04:22
1112,383.06,161,FALL,18:04:36
1113,12.95,77,FALL,18:04:45
1114,52.82,43,FALL,18:04:52
1115,351.69,149,FALL,18:05:05
1116,63.72,74,FALL,18:05:14
1117,708.02,240,FALL,18:05:33
1118,573.73,240,FALL,18:05:52
1119,265.35,122,FALL,18:06:04
1120,-0.01,20,FALL,18:06:09
1121,186.86,90,FALL,18:06:18
1122,188.57,102,FALL,18:06:29
1123,127.85,61,FALL,18:06:37
1124,480.28,177,FALL,18:06:52
1125,878.61,300,FALL,18:07:14
1126,713.01,278,FALL,18:07:36
1127,219.92,94,FALL,18:07:45
1128,267.96,122,FALL,18:07:57
1129,233.24,108,FALL,18:08:07
1130,56.68,59,FALL,18:08:15
1131,728.52,322,FALL,18:08:39
1132,151.40,74,FALL,18:08:48
1133,664.39,273,FALL,18:09:09
1134,375.30,302,FALL,18:09:31
1135,12.24,36,FALL,18:09:38
1136,238.28,107,FALL,18:09:48
1137,41.83,30,FALL,18:09:54
1138,32.33,31,FALL,18:10:00
1139,95.26,71,FALL,18:10:09
1140,749.55,267,FALL,18:10:29
1141,427.06,213,FALL,18:10:46
1142,104.31,75,FALL,18:10:55
1143,96.57,53,FALL,18:11:03
1144,144.21,160,FALL,18:11:17
1145,146.12,67,FALL,18:11:25
1146,138.69,107,FALL,18:11:36
1147,390.34,211,FALL,18:11:52
1148,516.60,181,FALL,18:12:07
1149,174.66,102,FALL,18:12:18
1150,182.90,104,FALL,18:12:28
1151,133.89,142,FALL,18:12:41
1152,64.66,43,FALL,18:12:48
1153,255.92,232,FALL,18:13:06
1154,590.48,299,FALL,18:13:28
1155,64.73,60,FALL,18:13:36
1156,-20.33,110,FALL,18:13:47
1157,103.47,63,FALL,18:13:55
1158,110.19,61,FALL,18:14:03
1159,13.85,139,FALL,18:14:15
1160,376.49,178,FALL,18:14:31
1161,433.44,329,FALL,18:14:55
1162,927.44,387,FALL,18:15:22
1163,872.52,358,FALL,18:15:48
1164,26.33,34,FALL,18:15:54
1165,147.97,110,FALL,18:16:05
1166,-19.95,139,FALL,18:16:18
1167,63.90,90,FALL,18:16:28
1168,10.36,111,FALL,18:16:39
1169,342.12,155,FALL,18:16:53
1170,80.53,56,FALL,18:17:00
1171,42.70,48,FALL,18:17:07
1172,331.32,219,FALL,18:17:25
1173,313.93,151,FALL,18:17:38
1174,124.32,83,FALL,18:17:47
1175,145.06,78,FALL,18:17:56
1176,47.57,35,FALL,18:18:03
1177,215.41,97,FALL,18:18:13
1178,73.49,45,FALL,18:18:20
1179,349.89,266,FALL,18:18:40
1180,25.55,30,FALL,18:18:46
1181,840.26,303,FALL,18:19:09
1182,557.33,270,FALL,18:19:29
1183,98.66,46,FALL,18:19:36
1184,105.12,61,FALL,18:19:44
1185,115.95,64,FALL,18:19:52
1186,22.46,98,FALL,18:20:02
1187,79.52,43,FALL,18:20:09
1188,54.35,81,FALL,18:20:18
1189,112.14,167,FALL,18:20:33
1190,355.87,191,FALL,18:20:48
1191,88.19,59,FALL,18:20:56
1192,131.69,62,FALL,18:21:04
1193,238.80,140,FALL,18:21:17
1194,448.29,205,FALL,18:21:33
1195,164.78,76,FALL,18:21:42
1196,22.92,27,FALL,18:21:48
1197,34.58,30,FALL,18:21:54
1198,-1.69,78,FALL,18:22:03
1199,590.35,239,FALL,18:22:22
1200,77.75,42,FALL,18:22:29
1201,494.77,187,FALL,18:22:44
1202,252.73,88,FALL,18:22:53
1203,199.04,99,FALL,18:23:04
1204,276.12,108,FALL,18:23:14
1205,53.24,55,FALL,18:23:22
1206,43.21,35,FALL,18:23:28
1207,644.59,396,FALL,18:23:56
1208,208.45,88,FALL,18:24:06
1209,696.06,294,FALL,18:24:28
1210,28.83,72,FALL,18:24:37
1211,561.00,325,FALL,18:25:01
1212,531.81,297,FALL,18:25:23
1213,669.27,437,FALL,18:25:54
1214,-38.12,102,FALL,18:26:04
1215,333.12,246,FALL,18:26:24
1216,131.75,91,FALL,18:26:33
1217,64.56,66,FALL,18:26:41
1218,-0.79,21,FALL,18:26:47
1219,339.07,128,FALL,18:26:59
1220,160.13,180,FALL,18:27:14
1221,387.73,176,FALL,18:27:29
1222,879.93,367,FALL,18:27:55
1223,273.50,149,FALL,18:28:09
1224,434.26,180,FALL,18:28:24
1225,148.61,91,FALL,18:28:34
1226,136.07,59,FALL,18:28:42
1227,-15.05,81,FALL,18:28:51
1228,686.32,468,FALL,18:29:23
1229,-24.79,217,FALL,18:29:41
1230,589.13,247,FALL,18:30:00
1231,219.79,117,FALL,18:30:11
1232,108.29,62,FALL,18:30:19
1233,1269.52,769,FALL,18:31:06
1234,464.80,182,FALL,18:31:20
1235,195.10,85,FALL,18:31:29
1236,221.99,139,FALL,18:31:41
1237,478.59,197,FALL,18:31:56
1238,472.78,293,FALL,18:32:16
1239,89.08,59,FALL,18:32:23
1240,72.41,42,FALL,18:32:30
1241,51.69,47,FALL,18:32:36
1242,192.53,78,FALL,18:32:45
1243,128.81,102,FALL,18:32:54
1244,470.33,301,FALL,18:33:15
1245,1.74,41,FALL,18:33:21
1246,214.93,252,FALL,18:33:39
1247,236.87,136,FALL,18:33:51
1248,8.65,19,FALL,18:33:56
1249,33.27,32,FALL,18:34:02
1250,53.62,108,FALL,18:34:12
1251,41.12,38,FALL,18:34:18
1252,298.67,147,FALL,18:34:30
1253,91.39,57,FALL,18:34:37
1254,639.75,273,FALL,18:34:56
1255,666.74,381,FALL,18:35:21
1256,75.16,81,FALL,18:35:30
1257,402.02,230,FALL,18:35:46
1258,318.72,202,FALL,18:36:02
1259,422.72,192,FALL,18:36:16
1260,-21.95,76,FALL,18:36:25
1261,-4.04,68,FALL,18:36:33
1262,494.64,239,FALL,18:36:50
1263,274.77,175,FALL,18:37:04
1264,561.61,216,FALL,18:37:22
1265,212.98,150,FALL,18:37:35
1266,20.98,36,FALL,18:37:41
1267,705.27,242,FALL,18:38:00
1268,453.13,188,FALL,18:38:16
1269,50.92,50,FALL,18:38:23
1270,60.11,91,FALL,18:38:33
1271,121.63,70,FALL,18:38:41
1272,-8.03,140,FALL,18:38:54
1273,67.71,38,FALL,18:39:00
1274,461.49,181,FALL,18:39:15
1275,147.44,72,FALL,18:39:24
1276,471.63,213,FALL,18:39:41
1277,357.27,241,FALL,18:39:59
1278,410.22,293,FALL,18:40:22
1279,15.10,60,FALL,18:40:30
1280,-19.40,85,FALL,18:40:39
1281,554.32,258,FALL,18:40:59
1282,117.19,129,FALL,18:41:11
1283,208.61,165,FALL,18:41:26
1284,10.20,21,FALL,18:41:31
1285,434.43,279,FALL,18:41:52
1286,57.79,125,FALL,18:42:05
1287,-11.96,18,FALL,18:42:10
1288,489.95,215,FALL,18:42:27
1289,89.45,59,FALL,18:42:34
1290,268.24,118,FALL,18:42:45
1291,150.51,154,FALL,18:42:59
1292,116.03,86,FALL,18:43:08
1293,42.62,215,FALL,18:43:25
1294,460.25,178,FALL,18:43:39
1295,164.97,123,FALL,18:43:51
1296,388.99,266,FALL,18:44:11
1297,268.41,135,FALL,18:44:23
1298,16.28,77,FALL,18:44:31
1299,34.25,30,FALL,18:44:37
1300,7.38,22,FALL,18:44:43
1301,24.81,33,FALL,18:44:49
1302,42.74,35,FALL,18:44:55
1303,797.53,321,FALL,18:45:18
1304,252.33,118,FALL,18:45:29
1305,457.22,257,FALL,18:45:48
1306,224.29,101,FALL,18:45:59
1307,665.65,332,FALL,18:46:22
1308,143.07,189,FALL,18:46:37
1309,344.71,181,FALL,18:46:52
1310,750.70,267,FALL,18:47:11
1311,405.81,290,FALL,18:47:32
1312,773.91,317,FALL,18:47:55
1313,75.32,75,FALL,18:48:04
1314,162.14,223,FALL,18:48:21
1315,4.50,168,FALL,18:48:35
1316,69.07,86,FALL,18:48:44
1317,59.17,43,FALL,18:48:50
1318,211.80,101,FALL,18:49:00
1319,83.67,63,FALL,18:49:08
1320,-47.07,110,FALL,18:49:18
1321,188.35,153,FALL,18:49:31
1322,235.33,118,FALL,18:49:42
1323,223.97,120,FALL,18:49:53
1324,189.29,118,FALL,18:50:04
1325,614.61,245,FALL,18:50:23
1326,362.23,159,FALL,18:50:36
1327,46.84,78,FALL,18:50:45
1328,445.11,189,FALL,18:51:00
1329,28.25,32,FALL,18:51:06
1330,332.57,176,FALL,18:51:20
1331,300.20,200,FALL,18:51:36
1332,64.90,56,FALL,18:51:44
1333,-12.20,30,FALL,18:51:49
1334,81.79,48,FALL,18:51:56
1335,161.24,124,FALL,18:52:08
1336,148.51,132,FALL,18:52:19
1337,257.31,120,FALL,18:52:30
1338,296.46,116,FALL,18:52:41
1339,60.65,126,FALL,18:52:53
1340,590.86,291,FALL,18:53:14
1341,411.27,147,FALL,18:53:27
1342,56.44,91,FALL,18:53:36
1343,79.69,61,FALL,18:53:44
1344,570.90,277,FALL,18:54:04
1345,42.73,34,FALL,18:54:10
1346,219.65,111,FALL,18:54:21
1347,788.03,442,FALL,18:54:51
1348,173.65,75,FALL,18:54:59
1349,76.03,82,FALL,18:55:08
1350,321.35,199,FALL,18:55:24
1351,28.25,68,FALL,18:55:32
1352,187.20,203,FALL,18:55:48
1353,284.88,122,FALL,18:55:59
1354,417.36,152,FALL,18:56:12
1355,142.78,92,FALL,18:56:22
1356,387.85,149,FALL,18:56:35
1357,317.50,156,FALL,18:56:48
1358,124.58,89,FALL,18:56:57
1359,539.43,289,FALL,18:57:18
1360,255.47,327,FALL,18:57:41
1361,224.85,90,FALL,18:57:51
1362,108.16,168,FALL,18:58:04
1363,101.63,95,FALL,18:58:14
1364,312.65,126,FALL,18:58:26
1365,151.69,162,FALL,18:58:39
1366,-7.27,21,FALL,18:58:45
1367,390.55,168,FALL,18:58:58
1368,8.53,219,FALL,18:59:15
1369,439.59,262,FALL,18:59:35
1370,145.69,91,FALL,18:59:44
1371,72.66,152,FALL,18:59:57
1372,129.45,98,FALL,19:00:07
1373,501.43,186,FALL,19:00:21
1374,54.56,39,FALL,19:00:28
1375,71.74,57,FALL,19:00:35
1376,276.88,150,FALL,19:00:48
1377,163.16,97,FALL,19:00:58
1378,23.49,34,FALL,19:01:04
1379,426.69,151,FALL,19:01:17
1380,118.41,72,FALL,19:01:26
1381,115.92,81,FALL,19:01:34
1382,248.68,152,FALL,19:01:47
1383,41.51,32,FALL,19:01:53
1384,400.21,256,FALL,19:02:12
1385,-20.78,79,FALL,19:02:21
1386,304.43,120,FALL,19:02:32
1387,14.48,32,FALL,19:02:38
1388,530.59,217,FALL,19:02:55
1389,50.49,50,FALL,19:03:02
1390,42.46,45,FALL,19:03:09
1391,204.85,148,FALL,19:03:22
1392,263.50,109,FALL,19:03:32
1393,602.36,372,FALL,19:03:58
1394,36.10,58,FALL,19:04:05
1395,81.86,96,FALL,19:04:15
1396,151.91,65,FALL,19:04:23
1397,204.89,120,FALL,19:04:34
1398,184.11,91,FALL,19:04:43
1399,192.95,93,FALL,19:04:53
1400,37.48,81,FALL,19:05:02
1401,224.07,93,FALL,19:05:12
1402,407.00,151,FALL,19:05:25
1403,504.44,182,FALL,19:05:39
1404,165.67,92,FALL,19:05:49
1405,309.39,149,FALL,19:06:02
1406,295.24,187,FALL,19:06:17
1407,-16.33,52,FALL,19:06:24
1408,583.53,260,FALL,19:06:44
1409,489.36,238,FALL,19:07:01
1410,621.13,242,FALL,19:07:20
1411,3.54,40,FALL,19:07:26
1412,-9.20,19,FALL,19:07:31
1413,211.06,96,FALL,19:07:41
1414,566.29,240,FALL,19:07:59
1415,287.20,118,FALL,19:08:10
1416,2.21,19,FALL,19:08:15
1417,45.95,85,FALL,19:08:25
1418,148.06,89,FALL,19:08:34
1419,186.41,92,FALL,19:08:43
1420,531.81,294,FALL,19:09:05
1421,211.64,200,FALL,19:09:20
1422,388.08,164,FALL,19:09:34
1423,54.51,54,FALL,19:09:41
1424,332.04,161,FALL,19:09:55
1425,73.27,82,FALL,19:10:04
1426,369.83,154,FALL,19:10:17
1427,442.40,214,FALL,19:10:34
1428,-1.90,27,FALL,19:10:39
1429,43.57,39,FALL,19:10:46
1430,86.24,140,FALL,19:10:58
1431,484.14,246,FALL,19:11:16
1432,89.91,94,FALL,19:11:26
1433,51.88,55,FALL,19:11:33
1434,110.55,64,FALL,19:11:41
1435,249.91,123,FALL,19:11:52
1436,43.56,33,FALL,19:11:58
1437,172.52,91,FALL,19:12:08
1438,52.76,39,FALL,19:12:15
1439,331.94,196,FALL,19:12:30
1440,-6.36,20,FALL,19:12:35
1441,285.98,180,FALL,19:12:50
1442,90.39,76,FALL,19:12:59
1443,29.91,32,FALL,19:13:05
1444,131.96,185,FALL,19:13:20
1445,59.94,45,FALL,19:13:26
1446,449.48,211,FALL,19:13:43
1447,288.29,191,FALL,19:13:58
1448,39.21,211,FALL,19:14:14
1449,5.25,43,FALL,19:14:21
1450,788.86,358,FALL,19:14:46
1451,320.66,121,FALL,19:14:57
1452,227.47,89,FALL,19:15:06
1453,765.61,323,FALL,19:15:29
1454,442.88,158,FALL,19:15:42
1455,101.56,143,FALL,19:15:55
1456,95.18,62,FALL,19:16:03
1457,320.53,119,FALL,19:16:14
1458,188.92,134,FALL,19:16:26
1459,56.37,113,FALL,19:16:36
1460,149.94,238,FALL,19:16:55
1461,126.25,82,FALL,19:17:04
1462,626.81,318,FALL,19:17:26
1463,767.88,290,FALL,19:17:47
1464,424.47,161,FALL,19:18:01
1465,91.88,115,FALL,19:18:11
1466,148.51,62,FALL,19:18:19
1467,716.96,270,FALL,19:18:39
1468,139.63,137,FALL,19:18:51
1469,688.03,287,FALL,19:19:12
1470,1198.11,527,FALL,19:19:47
1471,-10.82,24,FALL,19:19:52
1472,193.18,147,FALL,19:20:05
1473,5.39,55,FALL,19:20:12
1474,211.73,121,FALL,19:20:24
1475,171.59,227,FALL,19:20:41
1476,113.68,69,FALL,19:20:49
1477,529.25,183,FALL,19:21:04
1478,132.01,107,FALL,19:21:14
1479,28.33,107,FALL,19:21:25
1480,229.95,149,FALL,19:21:37
1481,151.67,82,FALL,19:21:46
1482,124.48,157,FALL,19:22:00
1483,220.77,88,FALL,19:22:09
1484,510.56,213,FALL,19:22:26
1485,68.42,61,FALL,19:22:33
1486,576.57,290,FALL,19:22:54
1487,563.73,377,FALL,19:23:20
1488,-20.79,61,FALL,19:23:28
1489,617.14,438,FALL,19:23:57
1490,825.85,378,FALL,19:24:24
1491,769.44,306,FALL,19:24:46
1492,170.33,114,FALL,19:24:56
1493,420.25,195,FALL,19:25:12
1494,67.24,50,FALL,19:25:19
1495,107.60,60,FALL,19:25:27
1496,308.80,125,FALL,19:25:38
1497,461.86,229,FALL,19:25:55
1498,609.67,327,FALL,19:26:18
1499,461.63,245,FALL,19:26:37
1500,10.26,80,FALL,19:26:45
1501,32.13,31,FALL,19:26:51
1502,85.55,44,FALL,19:26:58
1503,260.76,153,FALL,19:27:11
1504,134.20,62,FALL,19:27:19
1505,536.29,227,FALL,19:27:36
1506,834.27,436,FALL,19:28:06
1507,755.09,548,FALL,19:28:42
1508,73.31,127,FALL,19:28:53
1509,264.63,120,FALL,19:29:05
1510,42.16,47,FALL,19:29:11
1511,132.03,88,FALL,19:29:20
1512,149.57,92,FALL,19:29:30
1513,721.09,354,FALL,19:29:54
1514,123.55,59,FALL,19:30:02
1515,679.13,299,FALL,19:30:23
1516,390.44,243,FALL,19:30:41
1517,131.95,114,FALL,19:30:52
1518,310.36,215,FALL,19:31:09
1519,-31.94,78,FALL,19:31:17
1520,337.80,152,FALL,19:31:31
1521,596.05,220,FALL,19:31:48
1522,-3.63,22,FALL,19:31:53
1523,554.92,320,FALL,19:32:16
1524,322.63,214,FALL,19:32:32
1525,398.83,229,FALL,19:32:50
1526,494.91,349,FALL,19:33:14
1527,348.73,154,FALL,19:33:27
1528,460.32,255,FALL,19:33:46
1529,93.03,153,FALL,19:33:59
1530,174.24,95,FALL,19:34:09
1531,944.57,340,FALL,19:34:33
1532,79.52,133,FALL,19:34:44
1533,602.27,396,FALL,19:35:12
1534,4.03,47,FALL,19:35:18
1535,79.15,74,FALL,19:35:27
1536,100.69,60,FALL,19:35:34
1537,173.15,141,FALL,19:35:47
1538,761.74,332,FALL,19:36:10
1539,257.23,161,FALL,19:36:24
1540,87.19,132,FALL,19:36:35
1541,342.05,151,FALL,19:36:48
1542,531.42,177,FALL,19:37:02
1543,583.88,326,FALL,19:37:26
1544,255.27,194,FALL,19:37:41
1545,135.35,123,FALL,19:37:52
1546,726.42,379,FALL,19:38:19
1547,223.45,93,FALL,19:38:29
1548,288.95,122,FALL,19:38:40
1549,198.47,91,FALL,19:38:49
1550,440.04,150,FALL,19:39:02
1551,400.77,152,FALL,19:39:15
1552,416.52,159,FALL,19:39:28
1553,36.09,81,FALL,19:39:37
1554,118.09,58,FALL,19:39:45
1555,530.43,242,FALL,19:40:03
1556,821.94,358,FALL,19:40:28
1557,374.25,174,FALL,19:40:42
1558,46.38,44,FALL,19:40:49
1559,32.04,59,FALL,19:40:56
1560,79.95,60,FALL,19:41:04
1561,456.14,211,FALL,19:41:20
1562,185.99,152,FALL,19:41:33
1563,70.72,58,FALL,19:41:41
1564,90.73,64,FALL,19:41:49
1565,449.20,168,FALL,19:42:02
1566,46.53,110,FALL,19:42:13
1567,178.95,264,FALL,19:42:32
1568,285.45,172,FALL,19:42:47
1569,146.34,60,FALL,19:42:54
1570,581.25,210,FALL,19:43:11
1571,631.20,211,FALL,19:43:27
1572,273.25,120,FALL,19:43:38
1573,127.71,209,FALL,19:43:55
1574,14.24,28,FALL,19:44:01
1575,67.73,62,FALL,19:44:08
1576,221.92,158,FALL,19:44:21
1577,256.80,121,FALL,19:44:33
1578,655.14,243,FALL,19:44:51
1579,3.35,82,FALL,19:45:00
1580,578.10,288,FALL,19:45:21
1581,226.73,220,FALL,19:45:38
1582,287.85,172,FALL,19:45:52
1583,294.45,126,FALL,19:46:03
1584,82.15,61,FALL,19:46:11
1585,498.00,190,FALL,19:46:26
1586,42.34,29,FALL,19:46:32
1587,187.32,182,FALL,19:46:47
1588,-128.65,108,FALL,19:46:57
1589,210.03,92,FALL,19:47:06
1590,681.36,276,FALL,19:47:27
1591,20.83,24,FALL,19:47:32
1592,61.59,47,FALL,19:47:39
1593,181.78,176,FALL,19:47:53
1594,217.53,89,FALL,19:48:03
1595,295.13,184,FALL,19:48:17
1596,126.04,264,FALL,19:48:37
1597,60.61,64,FALL,19:48:45
1598,98.65,141,FALL,19:48:57
1599,125.17,93,FALL,19:49:07
1600,362.67,150,FALL,19:49:20
1601,190.46,145,FALL,19:49:32
1602,151.08,128,FALL,19:49:44
1603,-13.91,82,FALL,19:49:53
1604,255.06,220,FALL,19:50:10
1605,220.45,121,FALL,19:50:21
1606,293.83,228,FALL,19:50:38
1607,15.62,35,FALL,19:50:44
1608,626.75,353,FALL,19:51:09
1609,424.19,187,FALL,19:51:24
1610,126.12,68,FALL,19:51:32
1611,-0.97,17,FALL,19:51:37
1612,83.72,98,FALL,19:51:47
1613,708.55,357,FALL,19:52:12
1614,53.98,80,FALL,19:52:21
1615,296.50,218,FALL,19:52:38
1616,127.25,260,FALL,19:52:57
1617,82.20,98,FALL,19:53:07
1618,154.16,137,FALL,19:53:19
1619,660.39,411,FALL,19:53:47
1620,308.11,192,FALL,19:54:03
1621,40.37,52,FALL,19:54:10
1622,246.57,124,FALL,19:54:21
1623,-17.25,170,FALL,19:54:35
1624,691.25,242,FALL,19:54:53
1625,112.17,100,FALL,19:55:03
1626,114.21,146,FALL,19:55:16
1627,315.71,168,FALL,19:55:30
1628,986.51,540,FALL,19:56:06
1629,11.64,82,FALL,19:56:14
1630,12.44,66,FALL,19:56:22
1631,139.00,120,FALL,19:56:33
1632,177.36,89,FALL,19:56:43
1633,160.21,123,FALL,19:56:54
1634,319.27,149,FALL,19:57:07
1635,508.44,266,FALL,19:57:26
1636,853.57,353,FALL,19:57:51
1637,7.68,91,FALL,19:58:00
1638,28.78,150,FALL,19:58:13
1639,246.33,108,FALL,19:58:24
1640,296.32,281,FALL,19:58:44
1641,215.56,108,FALL,19:58:55
1642,208.17,107,FALL,19:59:05
1643,206.63,145,FALL,19:59:17
1644,339.82,228,FALL,19:59:35
1645,526.41,204,FALL,19:59:51
1646,124.06,84,FALL,20:00:00
1647,12.02,82,FALL,20:00:09
1648,499.16,182,FALL,20:00:23
1649,141.81,87,FALL,20:00:33
1650,116.41,145,FALL,20:00:46
1651,280.98,122,FALL,20:00:57
1652,253.40,187,FALL,20:01:12
1653,125.04,163,FALL,20:01:26
1654,164.78,69,FALL,20:01:34
1655,298.10,151,FALL,20:01:47
1656,596.97,260,FALL,20:02:06
1657,516.58,248,FALL,20:02:24
1658,24.61,55,FALL,20:02:32
1659,659.92,241,FALL,20:02:50
1660,221.21,259,FALL,20:03:09
1661,419.37,149,FALL,20:03:22
1662,893.83,308,FALL,20:03:44
1663,-2.97,142,FALL,20:03:56
1664,97.71,61,FALL,20:04:04
1665,121.18,88,FALL,20:04:13
1666,208.42,84,FALL,20:04:22
1667,341.97,183,FALL,20:04:37
1668,230.25,120,FALL,20:04:48
1669,491.34,343,FALL,20:05:12
1670,80.44,48,FALL,20:05:19
1671,306.50,121,FALL,20:05:30
1672,133.33,62,FALL,20:05:38
1673,359.21,151,FALL,20:05:51
1674,636.44,225,FALL,20:06:08
1675,54.03,50,FALL,20:06:15
1676,363.79,233,FALL,20:06:33
1677,96.05,68,FALL,20:06:41
1678,126.90,122,FALL,20:06:52
1679,191.20,80,FALL,20:07:01
1680,38.58,123,FALL,20:07:12
1681,31.95,67,FALL,20:07:20
1682,1378.78,556,FALL,20:07:56
1683,659.09,251,FALL,20:08:15
1684,-31.86,135,FALL,20:08:27
1685,282.26,103,FALL,20:08:37
1686,131.01,149,FALL,20:08:50
1687,137.89,60,FALL,20:08:58
1688,556.85,233,FALL,20:09:16
1689,452.27,183,FALL,20:09:30
1690,179.37,136,FALL,20:09:42
1691,87.41,101,FALL,20:09:52
1692,48.83,37,FALL,20:09:59
1693,521.89,234,FALL,20:10:17
1694,640.93,271,FALL,20:10:36
1695,408.76,243,FALL,20:10:55
1696,-24.57,23,FALL,20:11:00
1697,680.63,327,FALL,20:11:23
1698,225.18,201,FALL,20:11:39
1699,386.96,237,FALL,20:11:57
1700,33.82,147,FALL,20:12:10
1701,713.48,273,FALL,20:12:30
1702,119.12,194,FALL,20:12:45
1703,133.72,106,FALL,20:12:56
1704,2.08,36,FALL,20:13:02
1705,51.17,35,FALL,20:13:08
1706,412.35,148,FALL,20:13:21
1707,293.59,248,FALL,20:13:39
1708,13.57,47,FALL,20:13:46
1709,681.02,321,FALL,20:14:09
1710,642.55,282,FALL,20:14:30
1711,1145.63,500,FALL,20:15:03
1712,874.14,329,FALL,20:15:26
1713,111.31,169,FALL,20:15:40
1714,206.22,90,FALL,20:15:50
1715,939.35,389,FALL,20:16:16
1716,53.69,57,FALL,20:16:24
1717,29.27,39,FALL,20:16:30
1718,460.84,176,FALL,20:16:45
1719,138.64,71,FALL,20:16:53
1720,173.51,91,FALL,20:17:02
1721,354.65,177,FALL,20:17:17
1722,825.24,348,FALL,20:17:41
1723,89.72,206,FALL,20:17:57
1724,216.38,92,FALL,20:18:07
1725,677.29,244,FALL,20:18:25
1726,-9.21,158,FALL,20:18:39
1727,116.66,96,FALL,20:18:48
1728,492.33,239,FALL,20:19:07
1729,162.79,79,FALL,20:19:15
1730,39.63,48,FALL,20:19:22
1731,791.56,519,FALL,20:19:56
1732,446.43,209,FALL,20:20:13
1733,6.72,36,FALL,20:20:19
1734,79.55,90,FALL,20:20:28
1735,454.89,238,FALL,20:20:46
1736,728.19,273,FALL,20:21:06
1737,254.59,121,FALL,20:21:18
1738,524.10,256,FALL,20:21:37
1739,604.86,246,FALL,20:21:55
1740,190.11,170,FALL,20:22:09
1741,452.59,294,FALL,20:22:31
1742,342.96,165,FALL,20:22:45
1743,231.05,102,FALL,20:22:55
1744,245.51,141,FALL,20:23:07
1745,594.00,327,FALL,20:23:31
1746,48.96,29,FALL,20:23:36
1747,507.04,273,FALL,20:23:57
1748,143.39,94,FALL,20:24:06
1749,141.78,138,FALL,20:24:18
1750,157.12,92,FALL,20:24:28
1751,679.97,260,FALL,20:24:47
1752,852.75,299,FALL,20:25:09
1753,283.09,124,FALL,20:25:20
1754,-4.37,55,FALL,20:25:27
1755,435.93,259,FALL,20:25:47
1756,211.40,150,FALL,20:26:00
1757,881.54,366,FALL,20:26:25
1758,-10.83,40,FALL,20:26:32
1759,-82.94,108,FALL,20:26:42
1760,344.33,235,FALL,20:27:00
1761,251.29,119,FALL,20:27:11
1762,205.80,72,FALL,20:27:19
1763,100.19,62,FALL,20:27:27
1764,191.26,142,FALL,20:27:40
1765,701.51,300,FALL,20:28:01
1766,143.04,141,FALL,20:28:14
1767,507.98,274,FALL,20:28:34
1768,174.11,176,FALL,20:28:48
1769,136.53,68,FALL,20:28:56
1770,167.88,113,FALL,20:29:07
1771,700.98,293,FALL,20:29:28
1772,74.34,126,FALL,20:29:40
1773,198.24,94,FALL,20:29:49
1774,212.42,104,FALL,20:29:59
1775,96.56,97,FALL,20:30:09
1776,169.11,101,FALL,20:30:19
1777,350.71,257,FALL,20:30:38
1778,33.00,40,FALL,20:30:45
1779,639.03,238,FALL,20:31:03
1780,249.05,198,FALL,20:31:18
1781,261.95,187,FALL,20:31:34
1782,627.43,207,FALL,20:31:50
1783,455.18,187,FALL,20:32:05
1784,-8.63,85,FALL,20:32:14
1785,116.14,60,FALL,20:32:21
1786,513.96,307,FALL,20:32:43
1787,54.47,145,FALL,20:32:56
1788,549.92,308,FALL,20:33:18
1789,-13.92,172,FALL,20:33:32
1790,28.21,80,FALL,20:33:41
1791,469.08,179,FALL,20:33:56
1792,533.93,322,FALL,20:34:19
1793,240.22,152,FALL,20:34:32
1794,206.22,201,FALL,20:34:48
1795,75.40,41,FALL,20:34:54
1796,289.43,150,FALL,20:35:07
1797,300.10,118,FALL,20:35:18
1798,417.17,182,FALL,20:35:33
1799,27.31,80,FALL,20:35:42
1800,1359.18,662,FALL,20:36:23
1801,335.26,198,FALL,20:36:38
1802,667.95,418,FALL,20:37:05
1803,70.25,203,FALL,20:37:20
1804,-10.33,49,FALL,20:37:26
1805,218.84,170,FALL,20:37:40
1806,318.36,212,FALL,20:37:55
1807,70.48,61,FALL,20:38:03
1808,48.63,98,FALL,20:38:12
1809,-39.85,127,FALL,20:38:23
1810,85.87,114,FALL,20:38:33
1811,319.50,165,FALL,20:38:46
1812,40.75,33,FALL,20:38:52
1813,592.76,242,FALL,20:39:10
1814,27.20,110,FALL,20:39:20
1815,67.16,73,FALL,20:39:28
1816,364.42,147,FALL,20:39:41
1817,335.95,265,FALL,20:39:59
1818,157.83,137,FALL,20:40:11
1819,27.30,29,FALL,20:40:16
1820,469.10,230,FALL,20:40:33
1821,-2.84,61,FALL,20:40:40
1822,138.86,142,FALL,20:40:52
1823,172.34,166,FALL,20:41:05
1824,674.53,364,FALL,20:41:29
1825,694.24,383,FALL,20:41:54
1826,145.31,148,FALL,20:42:06
1827,1079.49,543,FALL,20:42:42
1828,85.85,60,FALL,20:42:49
1829,155.38,100,FALL,20:42:59
1830,475.73,180,FALL,20:43:14
1831,331.35,150,FALL,20:43:27
1832,514.58,178,FALL,20:43:41
1833,1666.75,684,FALL,20:44:26
1834,793.47,358,FALL,20:44:51
1835,78.73,63,FALL,20:44:59
1836,83.50,145,FALL,20:45:11
1837,536.69,287,FALL,20:45:32
1838,720.89,318,FALL,20:45:55
1839,1070.53,358,FALL,20:46:20
1840,211.51,89,FALL,20:46:29
1841,437.15,202,FALL,20:46:45
1842,602.99,248,FALL,20:47:03
1843,-58.39,144,FALL,20:47:16
1844,263.90,118,FALL,20:47:27
1845,33.06,28,FALL,20:47:33
1846,901.71,411,FALL,20:48:01
1847,987.16,482,FALL,20:48:33
1848,-29.06,78,FALL,20:48:42
1849,887.03,355,FALL,20:49:07
1850,34.71,120,FALL,20:49:18
1851,90.74,73,FALL,20:49:26
1852,54.79,47,FALL,20:49:33
1853,838.66,385,FALL,20:49:59
1854,413.65,355,FALL,20:50:24
1855,43.77,114,FALL,20:50:35
1856,278.44,118,FALL,20:50:46
1857,517.95,210,FALL,20:51:02
1858,367.79,149,FALL,20:51:15
1859,638.82,376,FALL,20:51:41
1860,243.76,316,FALL,20:52:04
1861,604.24,275,FALL,20:52:24
1862,263.60,169,FALL,20:52:38
1863,599.57,221,FALL,20:52:55
1864,1.47,22,FALL,20:53:00
1865,375.25,150,FALL,20:53:13
1866,750.38,304,FALL,20:53:35
1867,183.74,317,FALL,20:53:57
1868,6.43,29,FALL,20:54:03
1869,188.34,150,FALL,20:54:16
1870,114.39,95,FALL,20:54:26
1871,413.36,149,FALL,20:54:38
1872,849.36,331,FALL,20:55:02
1873,291.92,138,FALL,20:55:14
1874,864.28,383,FALL,20:55:40
1875,402.87,190,FALL,20:55:56
1876,131.23,181,FALL,20:56:10
1877,27.66,86,FALL,20:56:20
1878,135.08,169,FALL,20:56:33
1879,46.41,33,FALL,20:56:39
1880,982.67,517,FALL,20:57:14
1881,52.07,38,FALL,20:57:20
1882,488.37,200,FALL,20:57:36
1883,1150.86,537,FALL,20:58:11
1884,235.89,180,FALL,20:58:26
1885,168.76,170,FALL,20:58:40
1886,463.33,205,FALL,20:58:56
1887,459.90,180,FALL,20:59:11
1888,356.43,207,FALL,20:59:27
1889,452.02,166,FALL,20:59:41
1890,90.62,244,FALL,20:59:59
1891,318.12,202,FALL,21:00:15
1892,525.74,299,FALL,21:00:37
1893,368.30,151,FALL,21:00:49
1894,660.32,327,FALL,21:01:13
1895,67.97,149,FALL,21:01:25
1896,302.34,202,FALL,21:01:41
1897,418.29,232,FALL,21:01:59
1898,472.27,177,FALL,21:02:13
1899,1.41,25,FALL,21:02:19
1900,70.04,54,FALL,21:02:26
1901,192.50,169,FALL,21:02:40
1902,605.42,237,FALL,21:02:58
1903,179.76,73,FALL,21:03:07
1904,95.79,59,FALL,21:03:14
1905,15.20,32,FALL,21:03:20
1906,209.32,127,FALL,21:03:32
1907,685.30,371,FALL,21:03:57
1908,609.96,267,FALL,21:04:17
1909,836.93,353,FALL,21:04:42
1910,44.30,40,FALL,21:04:48
1911,39.33,48,FALL,21:04:55
1912,764.31,316,FALL,21:05:18
1913,89.86,76,FALL,21:05:26
1914,38.08,41,FALL,21:05:33
1915,463.59,207,FALL,21:05:49
1916,253.30,124,FALL,21:06:00
1917,427.31,328,FALL,21:06:23
1918,145.90,85,FALL,21:06:32
1919,116.70,159,FALL,21:06:46
1920,-45.02,118,FALL,21:06:57
1921,109.25,119,FALL,21:07:08
1922,41.53,29,FALL,21:07:14
1923,149.47,80,FALL,21:07:22
1924,35.36,91,FALL,21:07:32
1925,-32.82,56,FALL,21:07:39
1926,146.41,66,FALL,21:07:47
1927,37.32,140,FALL,21:07:59
1928,477.90,328,FALL,21:08:23
1929,1619.23,662,FALL,21:09:05
1930,211.41,145,FALL,21:09:18
1931,274.23,158,FALL,21:09:31
1932,3.36,20,FALL,21:09:37
1933,44.37,44,FALL,21:09:43
1934,446.11,264,FALL,21:10:03
1935,700.58,270,FALL,21:10:23
1936,24.86,33,FALL,21:10:29
1937,299.47,123,FALL,21:10:40
1938,114.85,74,FALL,21:10:48
1939,113.99,113,FALL,21:10:59
1940,46.43,89,FALL,21:11:09
1941,134.64,128,FALL,21:11:20
1942,62.79,38,FALL,21:11:26
1943,47.93,52,FALL,21:11:33
1944,843.62,367,FALL,21:11:59
1945,-5.96,80,FALL,21:12:08
1946,639.68,270,FALL,21:12:27
1947,192.45,174,FALL,21:12:41
1948,322.92,164,FALL,21:12:55
1949,377.43,190,FALL,21:13:11
1950,211.90,129,FALL,21:13:22
1951,87.15,116,FALL,21:13:33
1952,430.26,172,FALL,21:13:47
1953,999.37,412,FALL,21:14:15
1954,253.18,104,FALL,21:14:25
1955,-3.63,20,FALL,21:14:31
1956,239.19,151,FALL,21:14:43
1957,566.30,246,FALL,21:15:02
1958,110.56,131,FALL,21:15:14
1959,255.20,216,FALL,21:15:31
1960,2021.99,784,FALL,21:16:20
1961,60.80,175,FALL,21:16:35
1962,121.63,62,FALL,21:16:43
1963,38.65,49,FALL,21:16:49
1964,84.05,85,FALL,21:16:59
1965,193.35,106,FALL,21:17:09
1966,277.38,168,FALL,21:17:23
1967,212.02,174,FALL,21:17:37
1968,411.48,256,FALL,21:17:56
1969,771.03,301,FALL,21:18:18
1970,296.76,175,FALL,21:18:32
1971,375.90,182,FALL,21:18:47
1972,303.68,165,FALL,21:19:01
1973,5.34,100,FALL,21:19:11
1974,639.62,289,FALL,21:19:32
1975,35.13,32,FALL,21:19:38
1976,46.17,55,FALL,21:19:45
1977,43.13,124,FALL,21:19:56
1978,39.60,29,FALL,21:20:02
1979,41.93,29,FALL,21:20:08
1980,282.89,204,FALL,21:20:24
1981,162.95,123,FALL,21:20:35
1982,149.24,93,FALL,21:20:45
1983,461.03,213,FALL,21:21:01
1984,268.30,121,FALL,21:21:13
1985,129.28,117,FALL,21:21:24
1986,554.41,242,FALL,21:21:42
1987,50.03,42,FALL,21:21:48
1988,63.80,126,FALL,21:22:00
1989,300.87,159,FALL,21:22:13
1990,134.04,70,FALL,21:22:21
1991,258.99,203,FALL,21:22:37
1992,-86.08,119,FALL,21:22:48
1993,43.00,63,FALL,21:22:56
1994,135.45,57,FALL,21:23:03
1995,26.37,47,FALL,21:23:10
1996,11.60,31,FALL,21:23:16
1997,80.45,68,FALL,21:23:24
1998,987.08,452,FALL,21:23:55
1999,52.34,125,FALL,21:24:06
2000,803.16,403,FALL,21:24:34
2001,373.53,282,FALL,21:24:54
2002,30.97,35,FALL,21:25:00
2003,451.47,319,FALL,21:25:23
2004,466.19,211,FALL,21:25:39
2005,205.73,98,FALL,21:25:49
2006,41.83,79,FALL,21:25:58
2007,13.39,32,FALL,21:26:04
2008,127.23,81,FALL,21:26:13
2009,25.63,28,FALL,21:26:18
2010,187.56,78,FALL,21:26:27
2011,154.70,110,FALL,21:26:38
2012,583.01,330,FALL,21:27:01
2013,67.80,109,FALL,21:27:11
2014,502.24,207,FALL,21:27:28
2015,479.80,254,FALL,21:27:47
2016,1482.86,639,FALL,21:28:28
2017,313.20,300,FALL,21:28:49
2018,286.78,132,FALL,21:29:01
2019,153.88,109,FALL,21:29:11
2020,537.71,208,FALL,21:29:28
2021,1529.11,627,FALL,21:30:08
2022,-2.87,21,FALL,21:30:14
2023,322.80,176,FALL,21:30:28
2024,-80.18,260,FALL,21:30:47
2025,688.84,273,FALL,21:31:08
2026,42.98,28,FALL,21:31:14
2027,673.32,268,FALL,21:31:34
2028,169.06,88,FALL,21:31:43
2029,383.66,157,FALL,21:31:57
2030,240.21,134,FALL,21:32:09
2031,22.98,45,FALL,21:32:15
2032,846.08,365,FALL,21:32:41
2033,142.16,233,FALL,21:32:59
2034,21.91,30,FALL,21:33:05
2035,938.07,390,FALL,21:33:32
2036,157.74,155,FALL,21:33:45
2037,345.77,202,FALL,21:34:01
2038,89.13,65,FALL,21:34:09
2039,190.76,169,FALL,21:34:23
2040,80.04,66,FALL,21:34:31
2041,176.52,119,FALL,21:34:42
2042,201.31,129,FALL,21:34:54
2043,785.45,416,FALL,21:35:22
2044,21.88,81,FALL,21:35:31
2045,348.37,263,FALL,21:35:50
2046,93.30,93,FALL,21:36:00
2047,-88.84,146,FALL,21:36:12
2048,102.01,56,FALL,21:36:20
2049,648.46,235,FALL,21:36:38
2050,424.48,212,FALL,21:36:54
2051,-25.92,63,FALL,21:37:02
2052,474.89,237,FALL,21:37:20
2053,162.40,132,FALL,21:37:32
2054,10.43,59,FALL,21:37:39
2055,84.90,57,FALL,21:37:47
2056,22.89,39,FALL,21:37:53
2057,153.89,110,FALL,21:38:04
2058,659.92,299,FALL,21:38:26
2059,76.67,46,FALL,21:38:33
2060,480.72,220,FALL,21:38:50
2061,96.21,168,FALL,21:39:04
2062,394.93,210,FALL,21:39:20
2063,1183.47,448,FALL,21:39:51
2064,98.41,63,FALL,21:39:59
2065,51.47,66,FALL,21:40:07
2066,1036.96,386,FALL,21:40:34
2067,-2.14,30,FALL,21:40:40
2068,50.09,61,FALL,21:40:47
2069,89.94,46,FALL,21:40:54
2070,806.42,387,FALL,21:41:21
2071,7.54,32,FALL,21:41:27
2072,411.21,149,FALL,21:41:40
2073,235.37,162,FALL,21:41:54
2074,194.98,96,FALL,21:42:04
2075,-5.03,61,FALL,21:42:11
2076,739.87,466,FALL,21:42:43
2077,398.35,148,FALL,21:42:56
2078,346.18,128,FALL,21:43:08
2079,356.66,248,FALL,21:43:27
2080,47.25,120,FALL,21:43:38
2081,81.03,80,FALL,21:43:47
2082,268.55,103,FALL,21:43:57
2083,489.12,259,FALL,21:44:16
2084,1026.19,469,FALL,21:44:48
2085,724.55,339,FALL,21:45:12
2086,175.46,134,FALL,21:45:24
2087,152.02,78,FALL,21:45:33
2088,193.45,89,FALL,21:45:42
2089,431.70,178,FALL,21:45:57
2090,155.92,94,FALL,21:46:07
2091,146.60,153,FALL,21:46:20
2092,828.31,301,FALL,21:46:43
2093,774.59,543,FALL,21:47:19
2094,43.41,33,FALL,21:47:25
2095,1058.13,486,FALL,21:47:58
2096,157.48,93,FALL,21:48:07
2097,141.30,169,FALL,21:48:21
2098,793.24,352,FALL,21:48:47
2099,306.45,124,FALL,21:48:58
2100,489.13,240,FALL,21:49:16
2101,43.91,34,FALL,21:49:22
2102,815.63,491,FALL,21:49:55
2103,46.79,45,FALL,21:50:02
2104,424.79,225,FALL,21:50:19
2105,996.96,465,FALL,21:50:50
2106,60.05,74,FALL,21:50:59
2107,130.17,95,FALL,21:51:09
2108,620.19,478,FALL,21:51:41
2109,34.62,41,FALL,21:51:47
2110,213.70,170,FALL,21:52:01
2111,797.03,274,FALL,21:52:22
2112,399.38,209,FALL,21:52:38
2113,146.23,59,FALL,21:52:46
2114,340.82,224,FALL,21:53:03
2115,129.33,99,FALL,21:53:13
2116,154.07,73,FALL,21:53:22
2117,161.09,99,FALL,21:53:32
2118,147.76,156,FALL,21:53:45
2119,108.62,61,FALL,21:53:53
2120,34.91,32,FALL,21:53:59
2121,439.73,229,FALL,21:54:16
2122,513.18,241,FALL,21:54:34
2123,265.15,166,FALL,21:54:48
2124,462.34,220,FALL,21:55:05
2125,161.91,88,FALL,21:55:14
2126,541.75,243,FALL,21:55:33
2127,498.95,284,FALL,21:55:53
2128,104.24,92,FALL,21:56:03
2129,1045.02,472,FALL,21:56:35
2130,825.78,349,FALL,21:56:59
2131,839.43,441,FALL,21:57:29
2132,554.98,335,FALL,21:57:53
2133,135.96,111,FALL,21:58:03
2134,968.91,483,FALL,21:58:36
2135,703.89,297,FALL,21:58:57
2136,24.62,67,FALL,21:59:06
2137,-75.59,84,FALL,21:59:15
2138,1020.33,511,FALL,21:59:49
2139,57.47,56,FALL,21:59:56
2140,697.45,347,FALL,22:00:21
2141,248.41,130,FALL,22:00:32
2142,32.95,37,FALL,22:00:39
2143,306.25,149,FALL,22:00:52
2144,120.26,64,FALL,22:00:59
2145,147.48,62,FALL,22:01:07
2146,208.96,119,FALL,22:01:18
2147,139.30,101,FALL,22:01:28
2148,408.53,202,FALL,22:01:44
2149,162.82,77,FALL,22:01:53
2150,176.61,92,FALL,22:02:02
2151,-30.99,108,FALL,22:02:13
2152,278.07,191,FALL,22:02:28
2153,136.15,140,FALL,22:02:41
2154,243.56,157,FALL,22:02:54
2155,926.07,474,FALL,22:03:26
2156,324.88,153,FALL,22:03:40
2157,405.77,181,FALL,22:03:55
2158,236.86,149,FALL,22:04:08
2159,252.04,119,FALL,22:04:19
2160,1178.46,449,FALL,22:04:49
2161,417.29,184,FALL,22:05:04
2162,441.01,177,FALL,22:05:18
2163,572.84,356,FALL,22:05:43
2164,234.96,154,FALL,22:05:56
2165,74.76,58,FALL,22:06:04
2166,718.78,378,FALL,22:06:30
2167,-3.42,111,FALL,22:06:41
2168,164.26,90,FALL,22:06:50
2169,534.90,209,FALL,22:07:06
2170,94.41,102,FALL,22:07:16
2171,694.82,390,FALL,22:07:41
2172,-105.35,173,FALL,22:07:54
2173,9.62,55,FALL,22:08:01
2174,213.12,212,FALL,22:08:17
2175,111.23,124,FALL,22:08:28
2176,-6.52,19,FALL,22:08:33
2177,407.17,263,FALL,22:08:53
2178,826.19,382,FALL,22:09:19
2179,502.47,270,FALL,22:09:39
2180,45.45,59,FALL,22:09:47
2181,17.28,33,FALL,22:09:53
2182,129.91,76,FALL,22:10:01
2183,190.15,150,FALL,22:10:14
2184,576.15,254,FALL,22:10:33
2185,290.60,161,FALL,22:10:47
2186,634.78,234,FALL,22:11:05
2187,438.22,192,FALL,22:11:20
2188,45.52,63,FALL,22:11:28
2189,227.33,128,FALL,22:11:39
2190,55.59,80,FALL,22:11:48
2191,907.49,360,FALL,22:12:13
2192,1087.90,471,FALL,22:12:45
2193,85.38,61,FALL,22:12:53
2194,657.91,239,FALL,22:13:11
2195,74.55,119,FALL,22:13:22
2196,745.74,415,FALL,22:13:50
2197,114.32,112,FALL,22:14:01
2198,453.79,233,FALL,22:14:17
2199,59.63,61,FALL,22:14:25
2200,118.18,68,FALL,22:14:33
2201,589.21,215,FALL,22:14:49
2202,389.95,301,FALL,22:15:11
2203,40.76,78,FALL,22:15:19
2204,464.90,248,FALL,22:15:38
2205,224.11,122,FALL,22:15:49
2206,265.56,212,FALL,22:16:06
2207,55.05,51,FALL,22:16:13
2208,512.19,242,FALL,22:16:31
2209,133.04,122,FALL,22:16:43
2210,336.64,158,FALL,22:16:56
2211,149.53,169,FALL,22:17:10
2212,275.83,154,FALL,22:17:24
2213,205.31,232,FALL,22:17:42
2214,919.91,408,FALL,22:18:10
2215,657.22,330,FALL,22:18:33
2216,274.24,153,FALL,22:18:46
2217,359.16,179,FALL,22:19:01
2218,563.24,302,FALL,22:19:23
2219,236.56,321,FALL,22:19:45
2220,153.53,71,FALL,22:19:54
2221,42.60,53,FALL,22:20:01
2222,281.67,122,FALL,22:20:12
2223,179.92,74,FALL,22:20:21
2224,163.39,150,FALL,22:20:34
2225,325.84,147,FALL,22:20:47
2226,595.28,213,FALL,22:21:03
2227,245.23,168,FALL,22:21:17
2228,793.67,327,FALL,22:21:41
2229,951.66,397,FALL,22:22:08
2230,338.53,116,FALL,22:22:20
2231,128.79,85,FALL,22:22:29
2232,393.20,189,FALL,22:22:44
2233,146.37,109,FALL,22:22:54
2234,325.56,330,FALL,22:23:16
2235,60.22,101,FALL,22:23:26
2236,154.20,98,FALL,22:23:35
2237,7.49,113,FALL,22:23:46
2238,1295.08,508,FALL,22:24:17
2239,66.52,138,FALL,22:24:28
2240,660.03,272,FALL,22:24:47
2241,12.68,47,FALL,22:24:54
2242,726.99,391,FALL,22:25:19
2243,-68.94,96,FALL,22:25:28
2244,407.60,296,FALL,22:25:48
2245,184.80,137,FALL,22:25:59
2246,408.26,177,FALL,22:26:13
2247,330.11,204,FALL,22:26:28
2248,101.49,178,FALL,22:26:42
2249,176.80,192,FALL,22:26:56
2250,632.72,288,FALL,22:27:16
2251,486.73,243,FALL,22:27:33
2252,-65.98,101,FALL,22:27:42
2253,458.05,206,FALL,22:27:57
2254,290.36,235,FALL,22:28:14
2255,169.59,175,FALL,22:28:28
2256,105.88,170,FALL,22:28:41
2257,-7.70,148,FALL,22:28:53
2258,87.74,212,FALL,22:29:08
2259,427.96,365,FALL,22:29:32
2260,657.31,367,FALL,22:29:56
2261,25.65,28,FALL,22:30:01
2262,126.54,180,FALL,22:30:15
2263,169.12,171,FALL,22:30:28
2264,103.23,57,FALL,22:30:36
2265,47.87,99,FALL,22:30:45
2266,720.52,328,FALL,22:31:07
2267,114.18,149,FALL,22:31:19
2268,59.60,93,FALL,22:31:28
2269,42.00,157,FALL,22:31:40
2270,1084.37,522,FALL,22:32:12
2271,386.33,198,FALL,22:32:27
2272,605.56,493,FALL,22:32:58
2273,72.70,113,FALL,22:33:08
2274,140.04,57,FALL,22:33:15
2275,40.25,73,FALL,22:33:23
2276,-17.85,152,FALL,22:33:35
2277,28.93,123,FALL,22:33:46
2278,444.32,236,FALL,22:34:03
2279,296.62,149,FALL,22:34:15
2280,427.97,265,FALL,22:34:33
2281,3.66,145,FALL,22:34:45
2282,232.27,185,FALL,22:34:59
2283,638.85,436,FALL,22:35:26
2284,575.42,327,FALL,22:35:48
2285,46.09,67,FALL,22:35:56
2286,593.61,361,FALL,22:36:19
2287,6.68,63,FALL,22:36:26
2288,23.22,66,FALL,22:36:34
2289,650.03,327,FALL,22:36:56
2290,368.26,158,FALL,22:37:08
2291,109.33,85,FALL,22:37:17
2292,38.59,95,FALL,22:37:26
2293,432.14,326,FALL,22:37:48
2294,190.41,169,FALL,22:38:01
2295,463.47,274,FALL,22:38:20
2296,155.00,187,FALL,22:38:34
2297,-4.68,102,FALL,22:38:43
2298,238.93,161,FALL,22:38:56
2299,201.34,267,FALL,22:39:14
2300,199.65,242,FALL,22:39:32
2301,606.36,269,FALL,22:39:50
2302,428.51,218,FALL,22:40:06
2303,472.57,298,FALL,22:40:26
2304,217.08,169,FALL,22:40:39
2305,380.19,194,FALL,22:40:54
2306,650.98,274,FALL,22:41:13
2307,13.34,84,FALL,22:41:21
2308,95.12,129,FALL,22:41:32
2309,1706.86,777,FALL,22:42:18
2310,583.23,335,FALL,22:42:40
2311,691.04,413,FALL,22:43:06
2312,223.04,227,FALL,22:43:23
2313,105.86,153,FALL,22:43:35
2314,1050.48,482,FALL,22:44:05
2315,17.16,121,FALL,22:44:15
2316,1314.97,613,FALL,22:44:52
2317,365.42,246,FALL,22:45:10
2318,82.35,125,FALL,22:45:20
2319,6.39,96,FALL,22:45:30
2320,-62.24,50,FALL,22:45:36
2321,66.08,69,FALL,22:45:44
2322,245.65,177,FALL,22:45:58
2323,40.54,66,FALL,22:46:05
2324,78.60,82,FALL,22:46:14
2325,417.58,246,FALL,22:46:31
2326,787.96,337,FALL,22:46:53
2327,184.56,171,FALL,22:47:07
2328,89.17,218,FALL,22:47:22
2329,1523.87,724,FALL,22:48:05
2330,152.57,249,FALL,22:48:23
2331,656.70,371,FALL,22:48:47
2332,111.23,167,FALL,22:49:00
2333,710.59,406,FALL,22:49:26
2334,87.19,160,FALL,22:49:39
2335,571.29,322,FALL,22:50:00
2336,466.62,349,FALL,22:50:23
2337,85.80,116,FALL,22:50:33
2338,-24.21,81,FALL,22:50:42
2339,535.92,262,FALL,22:51:00
2340,135.24,114,FALL,22:51:10
2341,96.53,110,FALL,22:51:20
2342,488.24,176,FALL,22:51:33
2343,-16.91,130,FALL,22:51:45
2344,34.12,106,FALL,22:51:54
2345,159.00,211,FALL,22:52:10
2346,14.06,31,FALL,22:52:15
2347,79.17,109,FALL,22:52:25
2348,4.42,31,FALL,22:52:31
2349,116.87,150,FALL,22:52:43
2350,136.78,74,FALL,22:52:51
2351,716.48,355,FALL,22:53:14
2352,1375.24,688,FALL,22:53:55
2353,92.63,223,FALL,22:54:12
2354,397.90,229,FALL,22:54:28
2355,188.30,174,FALL,22:54:41
2356,240.08,312,FALL,22:55:02
2357,724.69,350,FALL,22:55:25
2358,173.94,87,FALL,22:55:34
2359,28.16,128,FALL,22:55:45
2360,58.49,152,FALL,22:55:57
2361,318.73,320,FALL,22:56:18
2362,491.78,177,FALL,22:56:32
2363,194.07,180,FALL,22:56:46
2364,5.24,70,FALL,22:56:54
2365,560.07,470,FALL,22:57:23
2366,14.78,46,FALL,22:57:29
2367,390.34,273,FALL,22:57:48
2368,188.73,197,FALL,22:58:03
2369,220.41,174,FALL,22:58:16
2370,109.26,116,FALL,22:58:26
2371,366.63,273,FALL,22:58:45
2372,28.93,41,FALL,22:58:51
2373,618.96,487,FALL,22:59:22
2374,133.22,102,FALL,22:59:31
2375,99.31,75,FALL,22:59:40
2376,126.19,175,FALL,22:59:53
2377,116.51,88,FALL,23:00:02
2378,225.23,182,FALL,23:00:16
2379,76.04,187,FALL,23:00:30
2380,122.15,97,FALL,23:00:39
2381,488.45,287,FALL,23:00:59
2382,88.80,97,FALL,23:01:08
2383,31.68,78,FALL,23:01:16
2384,55.98,302,FALL,23:01:36
2385,485.30,362,FALL,23:02:00
2386,-48.46,74,FALL,23:02:08
2387,520.59,314,FALL,23:02:29
2388,808.04,360,FALL,23:02:52
2389,88.39,189,FALL,23:03:07
2390,397.41,262,FALL,23:03:25
2391,488.50,242,FALL,23:03:42
2392,149.46,210,FALL,23:03:57
2393,468.86,242,FALL,23:04:14
2394,-94.16,317,FALL,23:04:35
2395,86.53,140,FALL,23:04:47
2396,205.85,147,FALL,23:04:59
2397,256.97,229,FALL,23:05:15
2398,138.94,146,FALL,23:05:27
2399,264.23,204,FALL,23:05:42
2400,258.78,251,FALL,23:06:00
2401,36.99,90,FALL,23:06:09
2402,70.24,208,FALL,23:06:24
2403,15.81,30,FALL,23:06:30
2404,227.40,152,FALL,23:06:42
2405,2458.40,1019,FALL,23:07:41
2406,98.80,78,FALL,23:07:49
2407,297.12,117,FALL,23:07:59
2408,28.20,66,FALL,23:08:07
2409,112.69,239,FALL,23:08:24
2410,169.19,134,FALL,23:08:35
2411,1061.14,422,FALL,23:09:02
2412,216.96,101,FALL,23:09:12
2413,204.28,195,FALL,23:09:26
2414,457.88,250,FALL,23:09:44
2415,200.00,157,FALL,23:09:56
2416,104.61,104,FALL,23:10:06
2417,263.12,235,FALL,23:10:23
2418,69.23,60,FALL,23:10:30
2419,270.15,167,FALL,23:10:43
2420,251.11,320,FALL,23:11:04
2421,242.23,299,FALL,23:11:24
2422,4.00,136,FALL,23:11:36
2423,60.07,79,FALL,23:11:44
2424,386.00,253,FALL,23:12:02
2425,593.75,297,FALL,23:12:22
2426,225.94,155,FALL,23:12:34
2427,23.26,50,FALL,23:12:41
2428,273.53,206,FALL,23:12:56
2429,253.56,190,FALL,23:13:10
2430,660.62,347,FALL,23:13:33
2431,-43.80,91,FALL,23:13:42
2432,277.49,236,FALL,23:13:59
2433,51.57,214,FALL,23:14:14
2434,634.94,342,FALL,23:14:37
2435,196.41,121,FALL,23:14:47
2436,493.37,341,FALL,23:15:10
2437,696.46,414,FALL,23:15:36
2438,-67.59,174,FALL,23:15:50
2439,35.66,87,FALL,23:15:58
2440,83.88,106,FALL,23:16:08
2441,632.97,407,FALL,23:16:34
2442,187.39,168,FALL,23:16:47
2443,694.42,413,FALL,23:17:13
2444,70.58,63,FALL,23:17:21
2445,24.20,69,FALL,23:17:29
2446,140.92,227,FALL,23:17:45
2447,729.64,382,FALL,23:18:10
2448,237.00,165,FALL,23:18:22
2449,680.77,286,FALL,23:18:42
2450,680.42,422,FALL,23:19:09
2451,233.09,220,FALL,23:19:25
2452,364.84,225,FALL,23:19:41
2453,112.82,119,FALL,23:19:51
2454,119.83,97,FALL,23:20:01
2455,35.36,92,FALL,23:20:10
2456,1335.54,513,FALL,23:20:41
2457,248.48,194,FALL,23:20:56
2458,16.52,90,FALL,23:21:05
2459,763.35,498,FALL,23:21:36
2460,234.07,201,FALL,23:21:50
2461,512.27,208,FALL,23:22:06
2462,280.70,154,FALL,23:22:18
2463,33.76,137,FALL,23:22:29
2464,81.40,176,FALL,23:22:43
2465,329.17,298,FALL,23:23:03
2466,199.61,105,FALL,23:23:13
2467,-55.47,119,FALL,23:23:23
2468,616.72,592,FALL,23:23:59
2469,1269.03,802,FALL,23:24:46
2470,29.12,44,FALL,23:24:53
2471,648.84,452,FALL,23:25:21
2472,32.74,34,FALL,23:25:27
2473,615.77,237,FALL,23:25:44
2474,916.23,396,FALL,23:26:09
2475,645.67,389,FALL,23:26:34
2476,64.00,83,FALL,23:26:43
2477,229.02,160,FALL,23:26:55
2478,236.35,117,FALL,23:27:06
2479,789.10,297,FALL,23:27:26
2480,212.21,158,FALL,23:27:38
2481,22.35,46,FALL,23:27:45
2482,474.61,300,FALL,23:28:05
2483,79.47,122,FALL,23:28:16
2484,476.02,279,FALL,23:28:35
2485,118.15,128,FALL,23:28:46
2486,71.10,168,FALL,23:28:59
2487,548.73,239,FALL,23:29:16
2488,23.49,65,FALL,23:29:23
2489,48.27,120,FALL,23:29:34
2490,63.27,62,FALL,23:29:41
2491,54.43,102,FALL,23:29:51
2492,495.55,177,FALL,23:30:04
2493,401.84,328,FALL,23:30:26
2494,30.13,128,FALL,23:30:37
2495,18.70,211,FALL,23:30:53
2496,114.64,139,FALL,23:31:04
2497,233.44,168,FALL,23:31:17
2498,546.76,191,FALL,23:31:32
2499,18.99,50,FALL,23:31:38
2500,377.57,147,FALL,23:31:50
2501,59.46,81,FALL,23:31:59
2502,297.52,148,FALL,23:32:11
2503,310.95,173,FALL,23:32:24
2504,624.96,347,FALL,23:32:47
2505,84.10,174,FALL,23:33:00
2506,102.86,88,FALL,23:33:09
2507,116.00,126,FALL,23:33:20
2508,27.38,48,FALL,23:33:27
2509,154.89,241,FALL,23:33:44
2510,50.62,184,FALL,23:33:58
2511,590.91,347,FALL,23:34:20
2512,300.81,245,FALL,23:34:38
2513,72.32,128,FALL,23:34:48
2514,488.09,180,FALL,23:35:02
2515,112.76,127,FALL,23:35:13
2516,71.85,140,FALL,23:35:25
2517,272.61,219,FALL,23:35:41
2518,475.36,231,FALL,23:35:57
2519,297.76,240,FALL,23:36:14
2520,108.28,66,FALL,23:36:22
2521,631.32,391,FALL,23:36:47
2522,242.24,276,FALL,23:37:06
2523,253.48,145,FALL,23:37:17
2524,534.93,286,FALL,23:37:37
2525,1188.14,575,FALL,23:38:12
2526,163.43,90,FALL,23:38:21
2527,234.94,169,FALL,23:38:34
2528,390.84,265,FALL,23:38:52
2529,65.83,99,FALL,23:39:02
2530,684.11,479,FALL,23:39:31
2531,-17.22,19,FALL,23:39:37
2532,388.28,188,FALL,23:39:51
2533,259.93,218,FALL,23:40:07
2534,80.20,59,FALL,23:40:14
2535,389.44,179,FALL,23:40:28
2536,-10.92,170,FALL,23:40:41
2537,141.91,177,FALL,23:40:54
2538,179.31,124,FALL,23:41:05
2539,110.69,88,FALL,23:41:14
2540,827.24,491,FALL,23:41:44
2541,571.84,331,FALL,23:42:06
2542,100.02,123,FALL,23:42:17
2543,62.04,61,FALL,23:42:24
2544,141.73,190,FALL,23:42:38
2545,203.83,154,FALL,23:42:51
2546,-13.94,19,FALL,23:42:56
2547,1224.46,518,FALL,23:43:28
2548,130.83,144,FALL,23:43:40
2549,165.46,170,FALL,23:43:53
2550,611.27,428,FALL,23:44:20
2551,227.97,202,FALL,23:44:35
2552,293.32,152,FALL,23:44:47
2553,24.88,116,FALL,23:44:57
2554,594.83,281,FALL,23:45:16
2555,334.61,270,FALL,23:45:35
2556,-40.68,169,FALL,23:45:48
2557,120.93,172,FALL,23:46:01
2558,176.00,113,FALL,23:46:12
2559,220.64,328,FALL,23:46:33
2560,442.04,277,FALL,23:46:52
2561,160.56,221,FALL,23:47:08
2562,471.02,361,FALL,23:47:32
2563,25.81,123,FALL,23:47:42
2564,517.43,279,FALL,23:48:02
2565,803.18,381,FALL,23:48:26
2566,379.76,232,FALL,23:48:43
2567,108.49,63,FALL,23:48:50
2568,88.12,204,FALL,23:49:05
2569,80.42,167,FALL,23:49:18
2570,229.89,253,FALL,23:49:36
2571,1254.18,469,FALL,23:50:05
2572,196.66,111,FALL,23:50:15
2573,1130.47,662,FALL,23:50:55
2574,5.69,70,FALL,23:51:03
2575,939.08,488,FALL,23:51:33
2576,576.26,390,FALL,23:51:58
2577,96.40,130,FALL,23:52:09
2578,119.99,175,FALL,23:52:22
2579,488.60,280,FALL,23:52:42
2580,372.29,134,FALL,23:52:53
2581,210.45,193,FALL,23:53:07
2582,257.83,300,FALL,23:53:28
2583,22.72,111,FALL,23:53:38
2584,1046.79,550,FALL,23:54:11
2585,1168.68,672,FALL,23:54:51
2586,341.78,256,FALL,23:55:09
2587,126.77,63,FALL,23:55:17
2588,-88.24,212,FALL,23:55:32
2589,216.08,92,FALL,23:55:41
2590,123.29,279,FALL,23:56:00
2591,1242.14,674,FALL,23:56:40
2592,338.27,198,FALL,23:56:55
2593,299.05,149,FALL,23:57:07
2594,74.14,115,FALL,23:57:18
2595,210.15,101,FALL,23:57:27
2596,137.97,94,FALL,23:57:36
2597,585.46,275,FALL,23:57:55
2598,329.28,290,FALL,23:58:15
2599,81.86,99,FALL,23:58:24
2600,185.22,341,FALL,23:58:47
2601,485.41,225,FALL,23:59:03
2602,134.45,160,FALL,23:59:15
2603,319.57,238,FALL,23:59:32
2604,60.79,186,FALL,23:59:46
2605,349.04,385,FALL,00:00:11
2606,-74.29,117,FALL,00:00:21
2607,719.06,449,FALL,00:00:50
2608,78.34,153,FALL,00:01:02
2609,25.64,47,FALL,00:01:09
2610,479.91,257,FALL,00:01:26
2611,550.04,217,FALL,00:01:42
2612,251.44,246,FALL,00:01:59
2613,844.89,458,FALL,00:02:28
2614,228.72,211,FALL,00:02:43
2615,183.56,179,FALL,00:02:57
2616,41.20,172,FALL,00:03:10
2617,208.21,259,FALL,00:03:28
2618,231.30,161,FALL,00:03:41
2619,805.62,307,FALL,00:04:02
2620,156.26,184,FALL,00:04:16
2621,51.31,172,FALL,00:04:29
2622,362.57,229,FALL,00:04:45
2623,453.29,178,FALL,00:04:59
2624,100.54,60,FALL,00:05:06
2625,141.35,158,FALL,00:05:19
2626,688.94,415,FALL,00:05:45
2627,1559.48,820,FALL,00:06:33
2628,245.56,246,FALL,00:06:51
2629,1258.69,570,FALL,00:07:25
2630,120.27,125,FALL,00:07:36
2631,253.26,205,FALL,00:07:51
2632,351.35,150,FALL,00:08:03
2633,177.92,160,FALL,00:08:16
2634,370.53,252,FALL,00:08:34
2635,-7.78,79,FALL,00:08:42
2636,101.50,181,FALL,00:08:56
2637,315.31,174,FALL,00:09:09
2638,234.98,160,FALL,00:09:22
2639,565.34,301,FALL,00:09:42
2640,150.42,106,FALL,00:09:52
2641,473.44,461,FALL,00:10:21
2642,563.92,308,FALL,00:10:41
2643,559.83,212,FALL,00:10:57
2644,430.12,249,FALL,00:11:14
2645,546.06,329,FALL,00:11:36
2646,31.24,92,FALL,00:11:45
2647,918.32,481,FALL,00:12:15
2648,108.88,108,FALL,00:12:25
2649,66.78,151,FALL,00:12:37
2650,292.12,119,FALL,00:12:47
2651,211.94,167,FALL,00:13:00
2652,476.04,316,FALL,00:13:21
2653,300.77,151,FALL,00:13:34
2654,108.64,66,FALL,00:13:41
2655,1199.27,476,FALL,00:14:11
2656,45.32,93,FALL,00:14:20
2657,49.65,79,FALL,00:14:28
2658,152.11,92,FALL,00:14:37
2659,231.17,214,FALL,00:14:53
2660,193.40,192,FALL,00:15:07
2661,196.38,212,FALL,00:15:23
2662,42.36,45,FALL,00:15:29
2663,794.93,298,FALL,00:15:49
2664,57.29,28,FALL,00:15:55
2665,69.95,67,FALL,00:16:03
2666,916.37,560,FALL,00:16:37
2667,176.52,207,FALL,00:16:52
2668,196.48,203,FALL,00:17:07
2669,93.46,96,FALL,00:17:16
2670,707.01,394,FALL,00:17:42
2671,825.82,543,FALL,00:18:15
2672,-9.69,141,FALL,00:18:26
2673,5.54,107,FALL,00:18:36
2674,438.97,286,FALL,00:18:56
2675,310.59,320,FALL,00:19:17
2676,140.29,98,FALL,00:19:26
2677,491.30,297,FALL,00:19:46
2678,426.32,277,FALL,00:20:05
2679,-22.03,124,FALL,00:20:16
2680,106.42,130,FALL,00:20:27
2681,247.25,185,FALL,00:20:41
2682,599.78,351,FALL,00:21:04
2683,395.35,182,FALL,00:21:18
2684,4.20,80,FALL,00:21:26
2685,-21.85,114,FALL,00:21:36
2686,764.01,346,FALL,00:21:59
2687,1193.58,579,FALL,00:22:34
2688,66.13,62,FALL,00:22:42
2689,16.19,70,FALL,00:22:49
2690,305.50,256,FALL,00:23:07
2691,899.75,315,FALL,00:23:28
2692,99.08,97,FALL,00:23:38
2693,1874.40,939,FALL,00:24:32
2694,446.13,273,FALL,00:24:51
2695,107.05,256,FALL,00:25:09
2696,63.28,66,FALL,00:25:16
2697,18.78,71,FALL,00:25:24
2698,449.82,272,FALL,00:25:43
2699,522.00,350,FALL,00:26:06
2700,-44.72,79,FALL,00:26:14
2701,233.08,124,FALL,00:26:25
2702,291.94,292,FALL,00:26:45
2703,1397.35,509,FALL,00:27:16
2704,55.45,63,FALL,00:27:24
2705,557.49,340,FALL,00:27:46
2706,177.45,157,FALL,00:27:58
2707,1203.34,545,FALL,00:28:32
2708,178.44,192,FALL,00:28:46
2709,114.69,91,FALL,00:28:55
2710,264.04,211,FALL,00:29:11
2711,23.91,38,FALL,00:29:17
2712,517.97,298,FALL,00:29:37
2713,116.85,161,FALL,00:29:49
2714,268.39,294,FALL,00:30:09
2715,516.94,213,FALL,00:30:25
2716,53.04,62,FALL,00:30:32
2717,493.82,329,FALL,00:30:54
2718,284.18,298,FALL,00:31:14
2719,108.26,114,FALL,00:31:24
2720,125.48,93,FALL,00:31:33
2721,87.23,59,FALL,00:31:41
2722,56.63,149,FALL,00:31:53
2723,267.19,245,FALL,00:32:10
2724,180.56,153,FALL,00:32:22
2725,303.33,228,FALL,00:32:39
2726,119.52,59,FALL,00:32:46
2727,1149.86,540,FALL,00:33:19
2728,75.09,150,FALL,00:33:31
2729,130.88,103,FALL,00:33:41
2730,207.77,150,FALL,00:33:53
2731,208.19,127,FALL,00:34:04
2732,66.90,53,FALL,00:34:11
2733,249.27,124,FALL,00:34:22
2734,59.47,93,FALL,00:34:31
2735,5.23,109,FALL,00:34:41
2736,-0.08,129,FALL,00:34:52
2737,443.79,298,FALL,00:35:12
2738,295.19,164,FALL,00:35:25
2739,583.86,307,FALL,00:35:45
2740,-5.59,39,FALL,00:35:51
2741,1409.85,529,FALL,00:36:24
2742,875.77,542,FALL,00:36:57
2743,44.77,51,FALL,00:37:04
2744,301.12,121,FALL,00:37:14
2745,194.65,113,FALL,00:37:25
2746,207.50,210,FALL,00:37:40
2747,4.27,86,FALL,00:37:49
2748,1170.84,610,FALL,00:38:26
2749,454.52,333,FALL,00:38:47
2750,-50.56,81,FALL,00:38:56
2751,111.10,110,FALL,00:39:06
2752,771.18,366,FALL,00:39:30
2753,392.96,240,FALL,00:39:47
2754,100.64,95,FALL,00:39:56
2755,509.28,340,FALL,00:40:18
2756,203.20,250,FALL,00:40:36
2757,133.27,206,FALL,00:40:51
2758,23.77,69,FALL,00:40:59
2759,-0.62,88,FALL,00:41:07
2760,305.76,171,FALL,00:41:21
2761,206.32,193,FALL,00:41:35
2762,444.95,235,FALL,00:41:52
2763,79.50,58,FALL,00:41:59
2764,788.43,362,FALL,00:42:23
2765,739.87,368,FALL,00:42:46
2766,854.70,417,FALL,00:43:13
2767,521.68,345,FALL,00:43:35
2768,108.43,60,FALL,00:43:43
2769,226.11,94,FALL,00:43:52
2770,1413.78,570,FALL,00:44:27
2771,88.54,132,FALL,00:44:38
2772,593.42,392,FALL,00:45:03
2773,341.88,180,FALL,00:45:17
2774,328.60,156,FALL,00:45:29
2775,419.85,274,FALL,00:45:48
2776,217.59,168,FALL,00:46:01
2777,460.60,240,FALL,00:46:18
2778,177.44,187,FALL,00:46:32
2779,56.53,51,FALL,00:46:39
2780,144.78,130,FALL,00:46:50
2781,362.83,193,FALL,00:47:05
2782,76.65,105,FALL,00:47:14
2783,310.85,292,FALL,00:47:34
2784,-85.02,94,FALL,00:47:43
2785,67.52,47,FALL,00:47:50
2786,550.44,362,FALL,00:48:14
2787,772.67,269,FALL,00:48:32
2788,134.20,147,FALL,00:48:44
2789,225.01,153,FALL,00:48:56
2790,133.86,139,FALL,00:49:08
2791,220.25,158,FALL,00:49:21
2792,496.91,394,FALL,00:49:46
2793,799.57,420,FALL,00:50:12
2794,124.43,144,FALL,00:50:24
2795,1.39,66,FALL,00:50:32
2796,74.79,113,FALL,00:50:42
2797,5.38,120,FALL,00:50:53
2798,305.30,224,FALL,00:51:09
2799,329.18,227,FALL,00:51:25
2800,198.08,142,FALL,00:51:37
2801,1571.19,725,FALL,00:52:20
2802,961.79,469,FALL,00:52:49
2803,266.12,152,FALL,00:53:01
2804,60.20,68,FALL,00:53:09
2805,757.62,377,FALL,00:53:33
2806,669.47,329,FALL,00:53:55
2807,235.64,200,FALL,00:54:10
2808,247.92,135,FALL,00:54:21
2809,545.05,270,FALL,00:54:40
2810,75.77,115,FALL,00:54:50
2811,48.34,108,FALL,00:55:00
2812,234.33,192,FALL,00:55:14
2813,38.41,28,FALL,00:55:20
2814,58.62,95,FALL,00:55:29
2815,574.81,278,FALL,00:55:48
2816,49.26,58,FALL,00:55:55
2817,229.26,160,FALL,00:56:08
2818,194.25,125,FALL,00:56:19
2819,153.25,232,FALL,00:56:35
2820,256.55,299,FALL,00:56:55
2821,148.15,161,FALL,00:57:08
2822,124.07,62,FALL,00:57:16
2823,160.78,169,FALL,00:57:29
2824,469.93,383,FALL,00:57:53
2825,122.46,108,FALL,00:58:03
2826,25.17,137,FALL,00:58:15
2827,163.88,154,FALL,00:58:27
2828,222.66,167,FALL,00:58:40
2829,189.86,87,FALL,00:58:49
2830,722.34,370,FALL,00:59:13
2831,864.99,691,FALL,00:59:54
2832,1133.36,717,FALL,01:00:36
2833,6.97,68,FALL,01:00:44
2834,1253.97,461,FALL,01:01:13
2835,62.59,67,FALL,01:01:21
2836,420.14,228,FALL,01:01:37
2837,269.52,181,FALL,01:01:51
2838,135.27,98,FALL,01:02:00
2839,623.83,316,FALL,01:02:21
2840,134.32,102,FALL,01:02:31
2841,158.17,164,FALL,01:02:44
2842,1268.80,550,FALL,01:03:17
2843,226.34,207,FALL,01:03:32
2844,95.53,140,FALL,01:03:44
2845,1092.59,603,FALL,01:04:21
2846,-13.36,87,FALL,01:04:29
2847,35.15,69,FALL,01:04:37
2848,904.61,321,FALL,01:04:58
2849,117.47,123,FALL,01:05:09
2850,126.29,208,FALL,01:05:24
2851,50.83,145,FALL,01:05:36
2852,98.74,68,FALL,01:05:44
2853,-2.71,110,FALL,01:05:54
2854,229.12,321,FALL,01:06:15
2855,176.69,93,FALL,01:06:24
2856,487.95,243,FALL,01:06:42
2857,69.18,113,FALL,01:06:52
2858,234.99,219,FALL,01:07:08
2859,1222.47,513,FALL,01:07:39
2860,42.09,64,FALL,01:07:47
2861,341.70,214,FALL,01:08:02
2862,493.37,286,FALL,01:08:22
2863,244.51,222,FALL,01:08:38
2864,546.93,362,FALL,01:09:01
2865,475.20,381,FALL,01:09:26
2866,332.17,159,FALL,01:09:38
2867,-33.13,50,FALL,01:09:45
2868,394.80,232,FALL,01:10:02
2869,378.94,337,FALL,01:10:24
2870,185.33,179,FALL,01:10:38
2871,137.08,58,FALL,01:10:45
2872,43.76,73,FALL,01:10:53
2873,-3.61,61,FALL,01:11:00
2874,234.46,188,FALL,01:11:14
2875,233.19,171,FALL,01:11:28
2876,249.52,149,FALL,01:11:40
2877,184.88,310,FALL,01:12:00
2878,571.50,331,FALL,01:12:22
2879,183.60,130,FALL,01:12:33
2880,528.55,320,FALL,01:12:54
2881,278.52,145,FALL,01:13:06
2882,164.07,243,FALL,01:13:23
2883,1011.12,387,FALL,01:13:48
2884,437.21,258,FALL,01:14:06
2885,127.03,199,FALL,01:14:21
2886,354.93,272,FALL,01:14:40
2887,182.69,77,FALL,01:14:48
2888,101.20,77,FALL,01:14:56
2889,552.96,301,FALL,01:15:17
2890,1493.34,755,FALL,01:16:01
2891,136.93,147,FALL,01:16:13
2892,235.27,150,FALL,01:16:25
2893,292.90,290,FALL,01:16:45
2894,107.94,92,FALL,01:16:54
2895,21.42,59,FALL,01:17:01
2896,-31.05,61,FALL,01:17:09
2897,157.45,123,FALL,01:17:19
2898,185.76,155,FALL,01:17:32
2899,217.44,180,FALL,01:17:45
2900,318.82,211,FALL,01:18:01
2901,69.27,69,FALL,01:18:09
2902,1030.70,485,FALL,01:18:39
2903,754.90,350,FALL,01:19:02
2904,397.69,341,FALL,01:19:24
2905,843.08,431,FALL,01:19:51
2906,496.39,349,FALL,01:20:14
2907,8.11,47,FALL,01:20:21
2908,414.42,221,FALL,01:20:36
2909,91.32,58,FALL,01:20:44
2910,193.73,218,FALL,01:20:59
2911,249.15,179,FALL,01:21:13
2912,-12.03,54,FALL,01:21:20
2913,187.89,197,FALL,01:21:35
2914,773.66,366,FALL,01:21:59
2915,870.63,561,FALL,01:22:33
2916,800.83,484,FALL,01:23:03
2917,1107.16,477,FALL,01:23:33
2918,305.32,229,FALL,01:23:49
2919,819.70,439,FALL,01:24:17
2920,68.34,118,FALL,01:24:27
2921,34.86,72,FALL,01:24:35
2922,1176.80,496,FALL,01:25:06
2923,142.90,200,FALL,01:25:21
2924,1323.64,570,FALL,01:25:55
2925,100.06,92,FALL,01:26:04
2926,38.22,51,FALL,01:26:11
2927,626.30,375,FALL,01:26:35
2928,-74.63,87,FALL,01:26:44
2929,82.38,66,FALL,01:26:52
2930,98.00,99,FALL,01:27:01
2931,-2.80,48,FALL,01:27:08
2932,365.36,228,FALL,01:27:24
2933,141.06,226,FALL,01:27:40
2934,143.61,173,FALL,01:27:54
2935,191.78,227,FALL,01:28:10
2936,339.82,263,FALL,01:28:28
2937,147.75,168,FALL,01:28:41
2938,768.53,490,FALL,01:29:12
2939,313.40,179,FALL,01:29:25
2940,25.46,87,FALL,01:29:34
2941,378.07,292,FALL,01:29:54
2942,160.94,130,FALL,01:30:05
2943,864.24,409,FALL,01:30:31
2944,15.59,56,FALL,01:30:38
2945,375.27,226,FALL,01:30:54
2946,416.42,333,FALL,01:31:16
2947,592.82,367,FALL,01:31:40
2948,1962.01,990,FALL,01:32:37
2949,54.52,34,FALL,01:32:43
2950,406.44,476,FALL,01:33:13
2951,251.07,210,FALL,01:33:28
2952,-1.49,66,FALL,01:33:36
2953,127.15,93,FALL,01:33:45
2954,441.65,177,FALL,01:33:59
2955,81.15,97,FALL,01:34:08
2956,154.75,125,FALL,01:34:19
2957,45.09,82,FALL,01:34:27
2958,-8.98,87,FALL,01:34:36
2959,41.26,31,FALL,01:34:42
2960,18.13,141,FALL,01:34:53
2961,194.02,170,FALL,01:35:07
2962,370.59,209,FALL,01:35:22
2963,418.09,192,FALL,01:35:36
2964,214.72,180,FALL,01:35:50
2965,493.45,345,FALL,01:36:13
2966,277.28,234,FALL,01:36:29
2967,353.42,334,FALL,01:36:51
2968,547.67,272,FALL,01:37:10
2969,-3.50,48,FALL,01:37:17
2970,323.02,255,FALL,01:37:34
2971,250.78,206,FALL,01:37:50
2972,70.13,67,FALL,01:37:57
2973,22.91,83,FALL,01:38:06
2974,563.42,250,FALL,01:38:23
2975,6.64,40,FALL,01:38:30
2976,117.41,102,FALL,01:38:39
2977,46.59,47,FALL,01:38:46
2978,249.02,283,FALL,01:39:05
2979,144.02,206,FALL,01:39:20
2980,714.62,343,FALL,01:39:43
2981,1375.08,627,FALL,01:40:20
2982,79.09,207,FALL,01:40:35
2983,163.35,172,FALL,01:40:49
2984,81.46,116,FALL,01:40:59
2985,110.39,61,FALL,01:41:07
2986,290.25,176,FALL,01:41:20
2987,28.81,108,FALL,01:41:30
2988,147.42,90,FALL,01:41:39
2989,307.46,237,FALL,01:41:56
2990,989.04,509,FALL,01:42:27
2991,-67.41,86,FALL,01:42:36
2992,1341.94,641,FALL,01:43:14
2993,899.40,517,FALL,01:43:46
2994,375.86,166,FALL,01:43:59
2995,392.15,181,FALL,01:44:13
2996,231.82,90,FALL,01:44:22
2997,242.87,203,FALL,01:44:37
2998,310.72,201,FALL,01:44:52
2999,435.17,230,FALL,01:45:08
3000,491.11,176,FALL,01:45:22
3001,170.20,219,FALL,01:45:38
3002,789.23,361,FALL,01:46:01
3003,4.40,53,FALL,01:46:08
3004,146.38,56,FALL,01:46:15
3005,1148.56,471,FALL,01:46:45
3006,86.06,144,FALL,01:46:56
3007,76.98,173,FALL,01:47:10
3008,1194.21,679,FALL,01:47:50
3009,164.79,178,FALL,01:48:04
3010,68.67,178,FALL,01:48:17
3011,133.95,231,FALL,01:48:34
3012,584.19,422,FALL,01:49:01
3013,809.34,553,FALL,01:49:34
3014,249.58,248,FALL,01:49:52
3015,1.97,77,FALL,01:50:00
3016,187.88,90,FALL,01:50:09
3017,185.54,234,FALL,01:50:26
3018,167.90,171,FALL,01:50:39
3019,120.57,146,FALL,01:50:51
3020,24.06,28,FALL,01:50:56
3021,348.02,289,FALL,01:51:16
3022,62.51,64,FALL,01:51:24
3023,179.03,177,FALL,01:51:37
3024,173.22,158,FALL,01:51:50
3025,757.60,348,FALL,01:52:13
3026,26.04,118,FALL,01:52:23
3027,674.38,341,FALL,01:52:45
3028,860.35,367,FALL,01:53:09
3029,475.70,304,FALL,01:53:30
3030,34.43,148,FALL,01:53:42
3031,565.87,353,FALL,01:54:05
3032,273.56,258,FALL,01:54:23
3033,1407.78,815,FALL,01:55:10
3034,32.05,124,FALL,01:55:21
3035,443.22,257,FALL,01:55:39
3036,62.84,63,FALL,01:55:46
3037,208.06,102,FALL,01:55:56
3038,12.63,119,FALL,01:56:06
3039,649.53,424,FALL,01:56:33
3040,134.46,182,FALL,01:56:47
3041,555.61,275,FALL,01:57:06
3042,316.08,155,FALL,01:57:18
3043,1292.37,552,FALL,01:57:52
3044,456.75,379,FALL,01:58:16
3045,92.16,145,FALL,01:58:28
3046,108.11,268,FALL,01:58:47
3047,843.49,529,FALL,01:59:19
3048,311.40,233,FALL,01:59:36
3049,121.21,166,FALL,01:59:49
3050,203.69,126,FALL,02:00:00
3051,285.30,138,FALL,02:00:11
3052,392.83,153,FALL,02:00:23
3053,55.73,97,FALL,02:00:33
3054,399.84,199,FALL,02:00:48
3055,280.30,243,FALL,02:01:05
3056,585.43,245,FALL,02:01:22
3057,672.03,301,FALL,02:01:42
3058,39.04,38,FALL,02:01:49
3059,80.30,129,FALL,02:02:00
3060,132.47,92,FALL,02:02:09
3061,463.47,214,FALL,02:02:24
3062,16.80,113,FALL,02:02:34
3063,194.69,154,FALL,02:02:47
3064,487.06,300,FALL,02:03:07
3065,72.71,64,FALL,02:03:14
3066,131.65,145,FALL,02:03:26
3067,1473.93,665,FALL,02:04:06
3068,210.24,233,FALL,02:04:23
3069,514.32,272,FALL,02:04:41
3070,-11.24,93,FALL,02:04:50
3071,66.55,210,FALL,02:05:06
3072,56.18,47,FALL,02:05:12
3073,306.30,211,FALL,02:05:28
3074,110.60,92,FALL,02:05:37
3075,207.40,181,FALL,02:05:51
3076,631.14,299,FALL,02:06:11
3077,1823.57,1121,FALL,02:07:15
3078,84.37,77,FALL,02:07:23
3079,290.20,169,FALL,02:07:36
3080,43.20,177,FALL,02:07:50
3081,588.18,264,FALL,02:08:08
3082,136.58,95,FALL,02:08:17
3083,172.16,73,FALL,02:08:25
3084,347.22,318,FALL,02:08:46
3085,194.46,136,FALL,02:08:58
3086,386.73,288,FALL,02:09:17
3087,474.49,260,FALL,02:09:35
3088,482.59,212,FALL,02:09:51
3089,1292.81,663,FALL,02:10:31
3090,682.78,312,FALL,02:10:52
3091,1267.27,549,FALL,02:11:25
3092,181.49,140,FALL,02:11:37
3093,356.13,197,FALL,02:11:51
3094,406.65,231,FALL,02:12:08
3095,807.30,522,FALL,02:12:40
3096,258.70,267,FALL,02:12:58
3097,15.26,88,FALL,02:13:07
3098,-6.10,256,FALL,02:13:25
3099,80.50,207,FALL,02:13:40
3100,250.08,271,FALL,02:13:59
3101,608.26,338,FALL,02:14:21
3102,34.71,157,FALL,02:14:33
3103,211.45,145,FALL,02:14:45
3104,299.82,289,FALL,02:15:05
3105,90.72,177,FALL,02:15:18
3106,121.67,197,FALL,02:15:33
3107,8.96,111,FALL,02:15:43
3108,396.46,373,FALL,02:16:07
3109,217.50,172,FALL,02:16:21
3110,1276.64,621,FALL,02:16:58
3111,534.31,242,FALL,02:17:15
3112,73.66,65,FALL,02:17:23
3113,1143.68,701,FALL,02:18:04
3114,712.07,303,FALL,02:18:25
3115,-26.62,119,FALL,02:18:35
3116,749.94,305,FALL,02:18:56
3117,104.78,141,FALL,02:19:07
3118,79.57,153,FALL,02:19:20
3119,115.86,169,FALL,02:19:33
3120,87.01,198,FALL,02:19:47
3121,440.01,294,FALL,02:20:08
3122,60.30,98,FALL,02:20:17
3123,565.33,350,FALL,02:20:40
3124,283.27,338,FALL,02:21:02
3125,222.52,238,FALL,02:21:19
3126,408.43,301,FALL,02:21:39
3127,1004.07,413,FALL,02:22:05
3128,374.42,155,FALL,02:22:18
3129,251.64,163,FALL,02:22:30
3130,385.32,192,FALL,02:22:45
3131,634.07,388,FALL,02:23:10
3132,569.23,287,FALL,02:23:29
3133,318.96,166,FALL,02:23:42
3134,191.10,183,FALL,02:23:56
3135,286.01,201,FALL,02:24:11
3136,-123.98,139,FALL,02:24:23
3137,136.09,88,FALL,02:24:31
3138,242.68,261,FALL,02:24:49
3139,287.56,183,FALL,02:25:03
3140,116.74,129,FALL,02:25:14
3141,518.18,293,FALL,02:25:34
3142,310.67,262,FALL,02:25:52
3143,532.85,260,FALL,02:26:10
3144,123.44,160,FALL,02:26:23
3145,86.66,161,FALL,02:26:36
3146,2839.01,1117,FALL,02:27:40
3147,472.93,285,FALL,02:27:59
3148,63.02,50,FALL,02:28:06
3149,1118.61,529,FALL,02:28:38
3150,171.22,94,FALL,02:28:48
3151,820.87,548,FALL,02:29:21
3152,59.74,231,FALL,02:29:38
3153,-92.07,149,FALL,02:29:50
3154,983.74,503,FALL,02:30:21
3155,1413.90,786,FALL,02:31:07
3156,185.56,242,FALL,02:31:24
3157,256.34,212,FALL,02:31:40
3158,601.45,382,FALL,02:32:04
3159,251.59,419,FALL,02:32:31
3160,-17.73,194,FALL,02:32:45
3161,863.68,381,FALL,02:33:10
3162,140.07,169,FALL,02:33:23
3163,923.07,445,FALL,02:33:51
3164,113.45,201,FALL,02:34:06
3165,51.03,208,FALL,02:34:21
3166,614.86,349,FALL,02:34:44
3167,119.64,77,FALL,02:34:52
3168,935.39,483,FALL,02:35:22
3169,362.67,285,FALL,02:35:42
3170,43.99,138,FALL,02:35:53
3171,745.60,300,FALL,02:36:13
3172,570.63,258,FALL,02:36:31
3173,328.38,350,FALL,02:36:54
3174,176.39,172,FALL,02:37:07
3175,906.55,437,FALL,02:37:35
3176,32.13,26,FALL,02:37:40
3177,322.27,133,FALL,02:37:52
3178,221.99,210,FALL,02:38:07
3179,74.36,44,FALL,02:38:14
3180,332.75,303,FALL,02:38:34
3181,865.27,512,FALL,02:39:05
3182,890.44,461,FALL,02:39:34
3183,270.66,169,FALL,02:39:47
3184,210.15,140,FALL,02:39:59
3185,164.67,123,FALL,02:40:10
3186,35.26,131,FALL,02:40:21
3187,93.70,271,FALL,02:40:39
3188,103.51,157,FALL,02:40:52
3189,278.77,385,FALL,02:41:17
3190,76.61,154,FALL,02:41:29
3191,263.78,198,FALL,02:41:44
3192,144.62,240,FALL,02:42:01
3193,97.95,170,FALL,02:42:14
3194,746.05,373,FALL,02:42:38
3195,768.97,386,FALL,02:43:03
3196,989.43,367,FALL,02:43:27
3197,50.94,181,FALL,02:43:40
3198,107.98,229,FALL,02:43:57
3199,136.35,90,FALL,02:44:06
3200,31.44,189,FALL,02:44:20
3201,533.79,211,FALL,02:44:35
3202,561.64,258,FALL,02:44:53
3203,197.66,123,FALL,02:45:04
3204,936.06,395,FALL,02:45:29
3205,172.02,158,FALL,02:45:42
3206,651.96,471,FALL,02:46:11
3207,222.51,321,FALL,02:46:32
3208,1044.17,478,FALL,02:47:02
3209,1151.19,618,FALL,02:47:40
3210,498.83,330,FALL,02:48:01
3211,548.62,408,FALL,02:48:27
3212,348.07,118,FALL,02:48:38
3213,326.82,216,FALL,02:48:53
3214,238.84,118,FALL,02:49:04
3215,-32.93,90,FALL,02:49:13
3216,601.20,331,FALL,02:49:34
3217,171.08,119,FALL,02:49:45
3218,827.10,466,FALL,02:50:14
3219,656.98,388,FALL,02:50:39
3220,115.63,216,FALL,02:50:55
3221,185.52,126,FALL,02:51:05
3222,735.67,420,FALL,02:51:32
3223,431.22,238,FALL,02:51:49
3224,650.03,262,FALL,02:52:07
3225,903.08,519,FALL,02:52:39
3226,70.37,69,FALL,02:52:47
3227,361.47,304,FALL,02:53:07
3228,97.35,59,FALL,02:53:14
3229,-27.39,129,FALL,02:53:25
3230,538.55,235,FALL,02:53:42
3231,144.38,93,FALL,02:53:51
3232,820.35,432,FALL,02:54:18
3233,800.12,396,FALL,02:54:44
3234,691.14,417,FALL,02:55:10
3235,-3.99,144,FALL,02:55:22
3236,142.55,203,FALL,02:55:37
3237,495.53,308,FALL,02:55:58
3238,313.25,184,FALL,02:56:12
3239,-46.30,89,FALL,02:56:20
3240,125.26,63,FALL,02:56:28
3241,713.89,421,FALL,02:56:55
3242,52.38,152,FALL,02:57:07
3243,342.93,213,FALL,02:57:23
3244,138.03,123,FALL,02:57:33
3245,1310.40,683,FALL,02:58:14
3246,280.45,180,FALL,02:58:28
3247,1387.80,726,FALL,02:59:11
3248,408.36,280,FALL,02:59:30
3249,888.05,397,FALL,02:59:55
3250,1372.36,859,FALL,03:00:45
3251,819.03,383,FALL,03:01:10
3252,71.62,145,FALL,03:01:22
3253,548.37,443,FALL,03:01:50
3254,526.00,351,FALL,03:02:12
3255,756.73,487,FALL,03:02:43
3256,35.60,226,FALL,03:02:59
3257,481.62,168,FALL,03:03:12
3258,365.67,351,FALL,03:03:35
3259,871.18,508,FALL,03:04:06
3260,330.77,153,FALL,03:04:18
3261,666.39,444,FALL,03:04:46
3262,81.16,43,FALL,03:04:53
3263,676.98,321,FALL,03:05:14
3264,238.50,162,FALL,03:05:27
3265,10.66,71,FALL,03:05:35
3266,119.21,63,FALL,03:05:42
3267,393.61,232,FALL,03:05:59
3268,148.37,220,FALL,03:06:15
3269,-70.70,90,FALL,03:06:24
3270,59.12,113,FALL,03:06:34
3271,739.41,503,FALL,03:07:05
3272,225.94,121,FALL,03:07:16
3273,1389.65,708,FALL,03:07:58
3274,286.73,202,FALL,03:08:13
3275,657.24,339,FALL,03:08:35
3276,349.19,250,FALL,03:08:52
3277,1265.40,485,FALL,03:09:23
3278,86.53,62,FALL,03:09:30
3279,1043.89,474,FALL,03:10:00
3280,150.49,93,FALL,03:10:09
3281,2486.51,1281,FALL,03:11:21
3282,1796.25,1160,FALL,03:12:28
3283,30.86,119,FALL,03:12:38
3284,114.19,66,FALL,03:12:46
3285,1713.88,832,FALL,03:13:35
3286,96.90,157,FALL,03:13:47
3287,95.68,170,FALL,03:14:00
3288,185.44,137,FALL,03:14:12
3289,207.56,91,FALL,03:14:21
3290,869.53,576,FALL,03:14:56
3291,37.56,92,FALL,03:15:05
3292,52.19,67,FALL,03:15:13
3293,1259.80,605,FALL,03:15:49
3294,455.74,375,FALL,03:16:13
3295,1431.74,694,FALL,03:16:55
3296,725.01,358,FALL,03:17:18
3297,250.21,257,FALL,03:17:36
3298,752.71,314,FALL,03:17:57
3299,94.17,141,FALL,03:18:08
3300,514.70,332,FALL,03:18:30
3301,650.44,498,FALL,03:19:01
3302,106.02,167,FALL,03:19:14
3303,146.39,95,FALL,03:19:23
3304,806.05,567,FALL,03:19:58
3305,-39.26,88,FALL,03:20:07
3306,1528.88,821,FALL,03:20:55
3307,1520.09,680,FALL,03:21:35
3308,69.96,62,FALL,03:21:43
3309,494.48,300,FALL,03:22:03
3310,186.92,112,FALL,03:22:13
3311,1078.48,588,FALL,03:22:49
3312,1379.69,547,FALL,03:23:22
3313,337.64,237,FALL,03:23:39
3314,440.83,353,FALL,03:24:02
3315,886.94,518,FALL,03:24:34
3316,2.43,59,FALL,03:24:42
3317,112.92,144,FALL,03:24:53
3318,633.58,433,FALL,03:25:21
3319,592.73,324,FALL,03:25:42
3320,308.98,259,FALL,03:26:00
3321,900.02,472,FALL,03:26:30
3322,2288.18,1242,FALL,03:27:40
3323,901.90,491,FALL,03:28:11
3324,716.18,560,FALL,03:28:45
3325,75.73,204,FALL,03:29:00
3326,127.68,360,FALL,03:29:23
3327,2134.32,1128,FALL,03:30:28
3328,710.69,264,FALL,03:30:46
3329,540.41,451,FALL,03:31:14
3330,161.90,135,FALL,03:31:26
3331,216.11,153,FALL,03:31:38
3332,829.41,408,FALL,03:32:04
3333,69.48,62,FALL,03:32:12
3334,193.83,260,FALL,03:32:30
3335,1717.33,1199,FALL,03:33:38
3336,302.38,207,FALL,03:33:53
3337,577.41,288,FALL,03:34:13
3338,964.50,556,FALL,03:34:47
3339,1024.92,483,FALL,03:35:17
3340,962.33,667,FALL,03:35:57
3341,134.17,101,FALL,03:36:06
3342,790.76,363,FALL,03:36:30
3343,402.72,273,FALL,03:36:48
3344,1686.73,914,FALL,03:37:41
3345,987.62,433,FALL,03:38:09
3346,31.83,149,FALL,03:38:21
3347,194.35,189,FALL,03:38:35
3348,343.04,177,FALL,03:38:49
3349,693.67,301,FALL,03:39:09
3350,-20.93,116,FALL,03:39:19
3351,0.88,87,FALL,03:39:28
3352,-20.90,138,FALL,03:39:39
3353,242.57,150,FALL,03:39:52
3354,137.04,121,FALL,03:40:02
3355,1527.10,779,FALL,03:40:48
3356,93.88,50,FALL,03:40:55
3357,128.44,217,FALL,03:41:11
3358,57.75,50,FALL,03:41:18
3359,1431.83,779,FALL,03:42:03
3360,478.05,209,FALL,03:42:19
3361,888.58,559,FALL,03:42:53
3362,261.58,329,FALL,03:43:15
3363,48.25,199,FALL,03:43:29
3364,149.57,167,FALL,03:43:42
3365,164.52,172,FALL,03:43:56
3366,108.51,319,FALL,03:44:17
3367,589.74,280,FALL,03:44:36
3368,930.52,461,FALL,03:45:05
3369,409.22,274,FALL,03:45:24
3370,1761.37,992,FALL,03:46:21
3371,756.89,387,FALL,03:46:46
3372,579.74,436,FALL,03:47:13
3373,28.27,31,FALL,03:47:19
3374,68.47,115,FALL,03:47:29
3375,142.81,176,FALL,03:47:43
3376,1956.68,1021,FALL,03:48:42
3377,2688.48,1157,FALL,03:49:48
3378,467.50,330,FALL,03:50:10
3379,547.18,334,FALL,03:50:32
3380,584.82,529,FALL,03:51:04
3381,1801.42,875,FALL,03:51:55
3382,1290.93,609,FALL,03:52:32
3383,517.42,370,FALL,03:52:56
3384,13.06,36,FALL,03:53:02
3385,470.93,304,FALL,03:53:22
3386,55.93,47,FALL,03:53:29
3387,951.94,537,FALL,03:54:02
3388,457.69,242,FALL,03:54:19
3389,1048.60,562,FALL,03:54:53
3390,298.41,122,FALL,03:55:04
3391,1239.50,747,FALL,03:55:48
3392,683.49,352,FALL,03:56:11
3393,915.33,396,FALL,03:56:36
3394,596.12,283,FALL,03:56:56
3395,597.41,330,FALL,03:57:18
3396,126.20,180,FALL,03:57:31
3397,1488.68,842,FALL,03:58:21
3398,925.96,523,FALL,03:58:53
3399,1247.27,524,FALL,03:59:25
3400,1543.59,777,FALL,04:00:11
3401,153.69,90,FALL,04:00:20
3402,122.84,172,FALL,04:00:33
3403,1657.50,991,FALL,04:01:30
3404,790.92,399,FALL,04:01:56
3405,470.23,250,FALL,04:02:13
3406,571.30,410,FALL,04:02:39
3407,-55.43,113,FALL,04:02:49
3408,113.63,128,FALL,04:03:00
3409,267.86,183,FALL,04:03:14
3410,1263.09,464,FALL,04:03:43
3411,91.33,203,FALL,04:03:58
3412,426.97,289,FALL,04:04:18
3413,301.12,148,FALL,04:04:30
3414,389.45,289,FALL,04:04:49
3415,88.92,95,FALL,04:04:59
3416,103.69,95,FALL,04:05:08
3417,797.22,479,FALL,04:05:38
3418,255.25,100,FALL,04:05:47
3419,120.69,126,FALL,04:05:58
3420,1631.40,813,FALL,04:06:46
3421,-63.76,81,FALL,04:06:54
3422,357.94,298,FALL,04:07:14
3423,242.88,182,FALL,04:07:28
3424,395.81,383,FALL,04:07:53
3425,241.07,200,FALL,04:08:08
3426,1653.88,747,FALL,04:08:52
3427,5.45,31,FALL,04:08:58
3428,565.36,398,FALL,04:09:23
3429,1426.38,607,FALL,04:10:00
3430,225.98,134,FALL,04:10:11
3431,704.69,393,FALL,04:10:36
3432,60.45,68,FALL,04:10:44
3433,832.27,376,FALL,04:11:08
3434,153.57,221,FALL,04:11:24
3435,1998.61,913,FALL,04:12:17
3436,2354.02,1199,FALL,04:13:25
3437,1656.52,993,FALL,04:14:23
3438,658.24,364,FALL,04:14:47
3439,291.24,228,FALL,04:15:03
3440,206.18,155,FALL,04:15:15
3441,169.39,122,FALL,04:15:26
3442,846.59,486,FALL,04:15:56
3443,-15.40,147,FALL,04:16:08
3444,544.70,301,FALL,04:16:28
3445,580.18,322,FALL,04:16:50
3446,710.22,434,FALL,04:17:17
3447,520.48,416,FALL,04:17:44
3448,355.47,352,FALL,04:18:06
3449,686.88,568,FALL,04:18:41
3450,313.26,181,FALL,04:18:55
3451,254.41,263,FALL,04:19:13
3452,457.06,375,FALL,04:19:37
3453,2141.84,1057,FALL,04:20:38
3454,-12.82,142,FALL,04:20:50
3455,333.82,135,FALL,04:21:01
3456,165.39,135,FALL,04:21:12
3457,17.30,177,FALL,04:21:26
3458,536.69,338,FALL,04:21:48
3459,117.74,57,FALL,04:21:55
3460,640.56,379,FALL,04:22:20
3461,45.43,64,FALL,04:22:27
3462,-125.26,77,FALL,04:22:36
3463,37.03,64,FALL,04:22:43
3464,903.30,522,FALL,04:23:15
3465,770.67,449,FALL,04:23:43
3466,1269.45,524,FALL,04:24:16
3467,2699.76,1336,FALL,04:25:31
3468,15.99,40,FALL,04:25:38
3469,1466.39,625,FALL,04:26:15
3470,721.82,362,FALL,04:26:39
3471,364.99,248,FALL,04:26:56
3472,582.33,330,FALL,04:27:18
3473,339.60,259,FALL,04:27:36
3474,200.42,174,FALL,04:27:49
3475,1556.75,715,FALL,04:28:32
3476,123.63,106,FALL,04:28:41
3477,230.60,232,FALL,04:28:58
3478,1207.25,865,FALL,04:29:48
3479,1291.19,529,FALL,04:30:21
3480,35.88,30,FALL,04:30:27
3481,1297.59,477,FALL,04:30:56
3482,308.00,345,FALL,04:31:19
3483,1125.02,741,FALL,04:32:03
3484,71.70,55,FALL,04:32:10
3485,216.66,162,FALL,04:32:23
3486,151.86,97,FALL,04:32:32
3487,1418.78,695,FALL,04:33:13
3488,176.50,219,FALL,04:33:29
3489,500.14,278,FALL,04:33:48
3490,763.46,429,FALL,04:34:15
3491,160.87,217,FALL,04:34:31
3492,1074.75,639,FALL,04:35:09
3493,285.63,136,FALL,04:35:21
3494,1269.41,514,FALL,04:35:52
3495,141.76,264,FALL,04:36:11
3496,66.24,42,FALL,04:36:17
3497,348.26,212,FALL,04:36:33
3498,659.19,333,FALL,04:36:54
3499,507.08,244,FALL,04:37:12
3500,741.60,427,FALL,04:37:39
3501,750.32,395,FALL,04:38:04
3502,-30.43,139,FALL,04:38:15
3503,251.14,210,FALL,04:38:31
3504,226.23,158,FALL,04:38:43
3505,837.17,331,FALL,04:39:05
3506,608.19,255,FALL,04:39:23
3507,1833.91,959,FALL,04:40:19
3508,259.01,119,FALL,04:40:29
3509,452.84,280,FALL,04:40:48
3510,581.74,333,FALL,04:41:10
3511,1064.80,501,FALL,04:41:41
3512,293.81,288,FALL,04:42:01
3513,123.55,176,FALL,04:42:14
3514,1349.05,589,FALL,04:42:50
3515,435.09,162,FALL,04:43:03
3516,685.53,341,FALL,04:43:25
3517,121.31,99,FALL,04:43:35
3518,216.76,217,FALL,04:43:50
3519,2332.66,1138,FALL,04:44:55
3520,240.79,234,FALL,04:45:12
3521,1587.42,588,FALL,04:45:48
3522,1078.03,591,FALL,04:46:23
3523,1163.93,648,FALL,04:47:02
3524,-22.14,158,FALL,04:47:15
3525,715.17,358,FALL,04:47:38
3526,175.74,285,FALL,04:47:57
3527,415.67,258,FALL,04:48:15
3528,178.91,114,FALL,04:48:25
3529,2464.23,1051,FALL,04:49:26
3530,548.78,532,FALL,04:49:59
3531,1020.79,609,FALL,04:50:36
3532,1410.45,501,FALL,04:51:06
3533,69.33,177,FALL,04:51:20
3534,523.38,521,FALL,04:51:52
3535,1245.01,743,FALL,04:52:36
3536,3164.96,1486,FALL,04:54:00
3537,1415.59,716,FALL,04:54:42
3538,2913.53,1292,FALL,04:55:56
3539,347.22,272,FALL,04:56:15
3540,179.96,289,FALL,04:56:34
3541,629.96,511,FALL,04:57:06
3542,188.16,88,FALL,04:57:15
3543,958.27,389,FALL,04:57:40
3544,1175.59,665,FALL,04:58:19
3545,488.04,350,FALL,04:58:42
3546,558.96,276,FALL,04:59:01
3547,225.41,182,FALL,04:59:15
3548,2071.44,823,FALL,05:00:03
3549,915.25,479,FALL,05:00:33
3550,231.13,118,FALL,05:00:44
3551,1147.18,471,FALL,05:01:13
3552,554.41,307,FALL,05:01:34
3553,980.13,478,FALL,05:02:03
3554,2632.62,1322,FALL,05:03:18
3555,411.33,178,FALL,05:03:32
3556,994.58,448,FALL,05:04:00
3557,758.79,400,FALL,05:04:26
3558,249.35,214,FALL,05:04:41
3559,704.04,560,FALL,05:05:15
3560,91.93,194,FALL,05:05:30
3561,719.84,404,FALL,05:05:56
3562,587.81,333,FALL,05:06:18
3563,1085.38,513,FALL,05:06:49
3564,129.59,131,FALL,05:07:00
3565,2.38,259,FALL,05:07:18
3566,1113.71,697,FALL,05:08:00
3567,1384.26,707,FALL,05:08:42
3568,778.57,499,FALL,05:09:13
3569,2102.73,915,FALL,05:10:06
3570,142.51,91,FALL,05:10:15
3571,191.50,152,FALL,05:10:27
3572,1510.06,702,FALL,05:11:09
3573,339.32,204,FALL,05:11:24
3574,197.52,104,FALL,05:11:34
3575,1031.85,601,FALL,05:12:10
3576,418.62,296,FALL,05:12:30
3577,84.64,118,FALL,05:12:40
3578,961.78,435,FALL,05:13:08
3579,208.80,164,FALL,05:13:20
3580,377.67,284,FALL,05:13:40
3581,306.04,239,FALL,05:13:57
3582,122.98,93,FALL,05:14:06
3583,987.55,567,FALL,05:14:40
3584,106.49,97,FALL,05:14:50
3585,-24.92,89,FALL,05:14:59
3586,686.40,389,FALL,05:15:24
3587,584.54,565,FALL,05:15:58
3588,1592.70,932,FALL,05:16:52
3589,1665.18,752,FALL,05:17:37
3590,1654.28,1062,FALL,05:18:38
3591,594.97,454,FALL,05:19:06
3592,105.80,162,FALL,05:19:19
3593,1724.52,632,FALL,05:19:57
3594,1342.05,789,FALL,05:20:43
3595,737.93,402,FALL,05:21:09
3596,3019.92,1350,FALL,05:22:26
3597,458.24,448,FALL,05:22:54
3598,878.44,696,FALL,05:23:35
3599,422.66,246,FALL,05:23:52
3600,407.91,165,FALL,05:24:05
3601,306.75,382,FALL,05:24:30
3602,437.56,346,FALL,05:24:52
3603,1590.04,1003,FALL,05:25:50
3604,862.93,436,FALL,05:26:18
3605,1441.53,606,FALL,05:26:54
3606,620.84,456,FALL,05:27:23
3607,119.03,124,FALL,05:27:34
3608,528.98,244,FALL,05:27:51
3609,1272.21,745,FALL,05:28:35
3610,148.82,144,FALL,05:28:47
3611,250.32,217,FALL,05:29:02
3612,739.47,454,FALL,05:29:31
3613,1816.70,876,FALL,05:30:22
3614,796.11,460,FALL,05:30:51
3615,886.18,397,FALL,05:31:16
3616,954.59,526,FALL,05:31:49
3617,1563.72,909,FALL,05:32:41
3618,736.07,379,FALL,05:33:06
3619,1619.09,889,FALL,05:33:58
3620,49.58,91,FALL,05:34:06
3621,441.41,305,FALL,05:34:27
3622,999.33,604,FALL,05:35:03
3623,123.16,262,FALL,05:35:22
3624,1988.73,910,FALL,05:36:14
3625,856.38,425,FALL,05:36:41
3626,373.14,472,FALL,05:37:11
3627,1513.23,714,FALL,05:37:53
3628,1739.08,756,FALL,05:38:38
3629,228.04,119,FALL,05:38:48
3630,1006.48,643,FALL,05:39:27
3631,1160.36,482,FALL,05:39:57
3632,1979.20,1073,FALL,05:40:59
3633,800.25,792,FALL,05:41:45
3634,-68.83,139,FALL,05:41:57
3635,228.03,184,FALL,05:42:11
3636,575.80,254,FALL,05:42:28
3637,645.27,398,FALL,05:42:54
3638,45.84,142,FALL,05:43:06
3639,1035.65,454,FALL,05:43:34
3640,95.31,54,FALL,05:43:41
3641,2069.23,996,FALL,05:44:38
3642,353.49,221,FALL,05:44:54
3643,617.61,566,FALL,05:45:29
3644,1108.00,629,FALL,05:46:07
3645,510.21,264,FALL,05:46:25
3646,871.17,530,FALL,05:46:57
3647,112.97,171,FALL,05:47:11
3648,1300.92,661,FALL,05:47:50
3649,259.26,188,FALL,05:48:05
3650,107.14,108,FALL,05:48:14
3651,1632.77,813,FALL,05:49:02
3652,57.04,119,FALL,05:49:13
3653,-73.67,148,FALL,05:49:25
3654,825.60,509,FALL,05:49:56
3655,300.91,260,FALL,05:50:14
3656,1580.48,827,FALL,05:51:03
3657,480.34,232,FALL,05:51:19
3658,3378.44,1578,FALL,05:52:48
3659,234.91,154,FALL,05:53:00
3660,2417.97,1215,FALL,05:54:09
3661,-49.35,187,FALL,05:54:24
3662,328.24,303,FALL,05:54:44
3663,581.68,482,FALL,05:55:14
3664,97.58,92,FALL,05:55:23
3665,53.37,51,FALL,05:55:30
3666,1178.56,793,FALL,05:56:17
3667,1692.54,900,FALL,05:57:09
3668,890.16,460,FALL,05:57:38
3669,1433.86,702,FALL,05:58:19
3670,1469.71,872,FALL,05:59:10
3671,333.17,221,FALL,05:59:26
3672,121.29,85,FALL,05:59:35
3673,989.45,389,FALL,06:00:00
3674,271.59,349,FALL,06:00:23
3675,242.71,119,FALL,06:00:33
3676,1578.54,812,FALL,06:01:21
3677,843.80,421,FALL,06:01:47
3678,664.52,421,FALL,06:02:14
3679,205.97,324,FALL,06:02:35
3680,979.13,604,FALL,06:03:12
3681,11.67,167,FALL,06:03:25
3682,529.06,304,FALL,06:03:46
3683,2027.32,813,FALL,06:04:33
3684,447.76,290,FALL,06:04:53
3685,92.05,356,FALL,06:05:16
3686,1159.95,807,FALL,06:06:03
3687,564.07,290,FALL,06:06:23
3688,896.20,403,FALL,06:06:49
3689,198.77,128,FALL,06:07:00
3690,179.20,156,FALL,06:07:12
3691,1527.20,987,FALL,06:08:09
3692,267.89,217,FALL,06:08:25
3693,89.54,175,FALL,06:08:38
3694,427.20,327,FALL,06:09:00
3695,39.56,93,FALL,06:09:09
3696,859.44,457,FALL,06:09:38
3697,708.19,596,FALL,06:10:14
3698,160.34,195,FALL,06:10:28
3699,330.33,272,FALL,06:10:47
3700,974.08,655,FALL,06:11:26
3701,1123.30,435,FALL,06:11:53
3702,807.07,369,FALL,06:12:18
3703,379.18,287,FALL,06:12:37
3704,2543.48,1312,FALL,06:13:51
3705,2721.49,1241,FALL,06:15:02
3706,1181.86,607,FALL,06:15:39
3707,1872.69,905,FALL,06:16:32
3708,-115.37,168,FALL,06:16:45
3709,610.01,423,FALL,06:17:11
3710,2729.90,1116,FALL,06:18:15
3711,1320.88,526,FALL,06:18:48
3712,514.51,366,FALL,06:19:11
3713,1374.17,877,FALL,06:20:02
3714,302.09,258,FALL,06:20:21
3715,338.23,289,FALL,06:20:40
3716,282.85,290,FALL,06:21:00
3717,-10.21,149,FALL,06:21:12
3718,397.41,223,FALL,06:21:28
3719,584.37,595,FALL,06:22:04
3720,1961.17,753,FALL,06:22:48
3721,903.68,507,FALL,06:23:20
3722,123.79,92,FALL,06:23:29
3723,278.59,296,FALL,06:23:49
3724,1024.56,484,FALL,06:24:19
3725,1584.75,711,FALL,06:25:01
3726,3472.22,1643,FALL,06:26:33
3727,1709.24,733,FALL,06:27:16
3728,3076.20,1490,FALL,06:28:41
3729,207.22,152,FALL,06:28:53
3730,1037.61,693,FALL,06:29:34
3731,576.44,566,FALL,06:30:09
3732,1818.59,933,FALL,06:31:03
3733,940.60,677,FALL,06:31:43
3734,2631.48,1007,FALL,06:32:41
3735,1634.72,636,FALL,06:33:19
3736,1060.31,423,FALL,06:33:46
3737,1323.34,699,FALL,06:34:28
3738,10.49,35,FALL,06:34:34
3739,1762.63,779,FALL,06:35:19
3740,2219.32,1119,FALL,06:36:24
3741,587.82,332,FALL,06:36:46
3742,969.79,396,FALL,06:37:11
3743,772.42,337,FALL,06:37:33
3744,5543.23,2681,FALL,06:40:01
3745,2331.58,1086,FALL,06:41:03
3746,623.36,382,FALL,06:41:28
3747,1499.67,1046,FALL,06:42:28
3748,235.71,188,FALL,06:42:42
3749,1535.09,737,FALL,06:43:26
3750,1704.57,864,FALL,06:44:17
3751,793.41,567,FALL,06:44:51
3752,1026.11,749,FALL,06:45:35
3753,265.31,222,FALL,06:45:51
3754,185.66,159,FALL,06:46:04
3755,527.94,365,FALL,06:46:28
3756,1167.89,735,FALL,06:47:11
3757,661.12,274,FALL,06:47:30
3758,1989.32,1036,FALL,06:48:30
3759,834.06,827,FALL,06:49:18
3760,275.71,273,FALL,06:49:37
3761,700.09,426,FALL,06:50:04
3762,3675.14,1568,FALL,06:51:32
3763,1906.58,673,FALL,06:52:12
3764,137.29,243,FALL,06:52:29
3765,4236.98,1809,FALL,06:54:11
3766,517.90,196,FALL,06:54:25
3767,359.12,585,FALL,06:55:01
3768,3665.05,1623,FALL,06:56:32
3769,1483.30,662,FALL,06:57:11
3770,1841.89,991,FALL,06:58:09
3771,1038.02,576,FALL,06:58:44
3772,4038.80,1909,FALL,07:00:30
3773,121.35,90,FALL,07:00:39
3774,232.77,164,FALL,07:00:52
3775,848.75,586,FALL,07:01:27
3776,1118.08,893,FALL,07:02:20
3777,2109.34,872,FALL,07:03:10
3778,175.53,217,FALL,07:03:26
3779,775.19,392,FALL,07:03:51
3780,911.74,425,FALL,07:04:18
3781,2437.12,1081,FALL,07:05:20
3782,531.66,403,FALL,07:05:46
3783,828.77,470,FALL,07:06:15
3784,267.94,210,FALL,07:06:31
3785,1.18,164,FALL,07:06:43
3786,1384.01,756,FALL,07:07:28
3787,1688.64,815,FALL,07:08:16
3788,1083.63,512,FALL,07:08:48
3789,62.19,159,FALL,07:09:00
3790,3.56,142,FALL,07:09:12
3791,886.32,682,FALL,07:09:52
3792,1050.39,521,FALL,07:10:25
3793,484.84,328,FALL,07:10:46
3794,546.37,317,FALL,07:11:07
3795,37.26,138,FALL,07:11:19
3796,3208.59,1297,FALL,07:12:32
3797,1997.66,1055,FALL,07:13:33
3798,676.38,468,FALL,07:14:02
3799,342.15,180,FALL,07:14:16
3800,805.31,768,FALL,07:15:01
3801,825.34,452,FALL,07:15:30
3802,1209.38,543,FALL,07:16:03
3803,417.06,480,FALL,07:16:33
3804,4528.74,2190,FALL,07:18:34
3805,1254.31,546,FALL,07:19:08
3806,1371.43,1112,FALL,07:20:12
3807,884.94,421,FALL,07:20:38
3808,607.20,422,FALL,07:21:05
3809,845.09,457,FALL,07:21:34
3810,-352.36,227,FALL,07:21:50
3811,405.77,455,FALL,07:22:18
3812,46.27,59,FALL,07:22:26
3813,102.46,140,FALL,07:22:37
3814,80.91,98,FALL,07:22:47
3815,1415.91,608,FALL,07:23:23
3816,1728.82,891,FALL,07:24:15
3817,395.03,347,FALL,07:24:38
3818,405.95,337,FALL,07:25:00
3819,1317.84,727,FALL,07:25:43
3820,1649.15,857,FALL,07:26:33
3821,1482.01,771,FALL,07:27:19
3822,937.66,481,FALL,07:27:49
3823,628.53,450,FALL,07:28:17
3824,-52.81,142,FALL,07:28:29
3825,1794.45,657,FALL,07:29:08
3826,1522.56,635,FALL,07:29:46
3827,3273.09,1710,FALL,07:31:22
3828,1072.61,544,FALL,07:31:55
3829,831.92,394,FALL,07:32:20
3830,1799.65,962,FALL,07:33:16
3831,2768.41,1000,FALL,07:34:14
3832,2002.22,839,FALL,07:35:03
3833,187.32,190,FALL,07:35:17
3834,522.47,308,FALL,07:35:38
3835,1051.76,558,FALL,07:36:12
3836,140.10,123,FALL,07:36:23
3837,89.12,61,FALL,07:36:30
3838,1970.07,1147,FALL,07:37:36
3839,2457.07,1121,FALL,07:38:40
3840,269.63,260,FALL,07:38:58
3841,357.22,289,FALL,07:39:18
3842,558.76,431,FALL,07:39:45
3843,373.26,407,FALL,07:40:11
3844,229.67,122,FALL,07:40:21
3845,10.96,208,FALL,07:40:37
3846,37.78,188,FALL,07:40:51
3847,1586.40,1284,FALL,07:42:04
3848,600.86,332,FALL,07:42:26
3849,1400.83,844,FALL,07:43:15
3850,1579.08,814,FALL,07:44:03
3851,2948.88,1534,FALL,07:45:29
3852,1967.95,873,FALL,07:46:20
3853,53.84,66,FALL,07:46:28
3854,1239.27,585,FALL,07:47:03
3855,5678.37,2291,FALL,07:49:10
3856,420.45,273,FALL,07:49:29
3857,1334.45,543,FALL,07:50:02
3858,945.08,484,FALL,07:50:32
3859,344.48,155,FALL,07:50:45
3860,3431.49,1376,FALL,07:52:02
3861,117.17,171,FALL,07:52:16
3862,1242.38,720,FALL,07:52:58
3863,1703.25,770,FALL,07:53:44
3864,237.59,152,FALL,07:53:56
3865,744.39,361,FALL,07:54:20
3866,430.37,441,FALL,07:54:47
3867,315.34,338,FALL,07:55:09
3868,728.90,372,FALL,07:55:33
3869,846.08,488,FALL,07:56:04
3870,1437.55,899,FALL,07:56:56
3871,2203.65,1246,FALL,07:58:07
3872,715.70,474,FALL,07:58:37
3873,243.16,277,FALL,07:58:56
3874,3206.27,1338,FALL,08:00:12
3875,3416.48,1773,FALL,08:01:51
3876,48.01,68,FALL,08:01:59
3877,94.38,85,FALL,08:02:07
3878,442.49,354,FALL,08:02:30
3879,38.31,83,FALL,08:02:39
3880,1431.25,969,FALL,08:03:35
3881,1998.58,1153,FALL,08:04:41
3882,1987.10,795,FALL,08:05:28
3883,791.31,404,FALL,08:05:53
3884,705.63,292,FALL,08:06:13
3885,1061.51,551,FALL,08:06:47
3886,2357.58,1257,FALL,08:07:58
3887,146.74,124,FALL,08:08:09
3888,130.56,258,FALL,08:08:27
3889,1603.09,526,FALL,08:08:59
3890,4127.49,1765,FALL,08:10:38
3891,7504.47,2999,TIME_LIMIT,08:13:23
3892,529.76,579,FALL,08:13:58
3893,130.52,149,FALL,08:14:10
3894,419.81,221,FALL,08:14:26
3895,1895.32,1122,FALL,08:15:30
3896,6649.77,2791,FALL,08:18:04
3897,255.73,255,FALL,08:18:22
3898,706.00,373,FALL,08:18:46
3899,15.08,38,FALL,08:18:52
3900,4175.26,1957,FALL,08:20:41
3901,2374.48,1058,FALL,08:21:42
3902,14.42,33,FALL,08:21:48
3903,693.26,370,FALL,08:22:12
3904,2842.66,1820,FALL,08:23:54
3905,3057.17,1308,FALL,08:25:08
3906,2674.47,1423,FALL,08:26:28
3907,5404.64,2311,FALL,08:28:37
3908,1434.11,601,FALL,08:29:13
3909,129.13,72,FALL,08:29:21
3910,965.47,411,FALL,08:29:47
3911,3828.37,1997,FALL,08:31:38
3912,3172.96,1729,FALL,08:33:15
3913,907.01,712,FALL,08:33:57
3914,2337.50,1029,FALL,08:34:56
3915,782.00,302,FALL,08:35:17
3916,8058.66,2999,TIME_LIMIT,08:38:02
3917,263.87,212,FALL,08:38:17
3918,929.27,487,FALL,08:38:47
3919,2097.90,911,FALL,08:39:40
3920,1778.52,1131,FALL,08:40:45
3921,4396.43,2099,FALL,08:42:42
3922,900.19,520,FALL,08:43:14
3923,52.48,72,FALL,08:43:22
3924,1926.69,1109,FALL,08:44:26
3925,435.86,349,FALL,08:44:48
3926,1174.02,698,FALL,08:45:30
3927,3534.51,1455,FALL,08:46:52
3928,394.50,210,FALL,08:47:07
3929,3816.61,1718,FALL,08:48:43
3930,1053.47,356,FALL,08:49:07
3931,297.30,194,FALL,08:49:21
3932,226.95,549,FALL,08:49:55
3933,1579.92,818,FALL,08:50:43
3934,2260.64,1237,FALL,08:51:53
3935,1105.87,604,FALL,08:52:30
3936,240.93,451,FALL,08:52:58
3937,911.92,428,FALL,08:53:25
3938,822.55,449,FALL,08:53:53
3939,1159.14,557,FALL,08:54:27
3940,5775.78,2525,FALL,08:56:47
3941,4699.94,2073,FALL,08:58:42
3942,2612.59,1206,FALL,08:59:51
3943,2071.45,998,FALL,09:00:49
3944,2828.94,1186,FALL,09:01:56
3945,1861.27,1137,FALL,09:03:01
3946,3759.11,1637,FALL,09:04:33
3947,4649.54,2285,FALL,09:06:40
3948,1012.29,590,FALL,09:07:16
3949,1016.96,548,FALL,09:07:49
3950,3352.11,1561,FALL,09:09:17
3951,2772.05,1572,FALL,09:10:45
3952,38.19,63,FALL,09:10:53
3953,7024.24,2999,TIME_LIMIT,09:13:38
3954,56.15,248,FALL,09:13:56
3955,1912.61,765,FALL,09:14:41
3956,3596.13,1446,FALL,09:16:02
3957,2157.72,856,FALL,09:16:52
3958,1079.88,604,FALL,09:17:29
3959,2854.01,1335,FALL,09:18:45
3960,1461.39,754,FALL,09:19:29
3961,5099.38,2281,FALL,09:21:36
3962,275.18,265,FALL,09:21:54
3963,-138.49,178,FALL,09:22:08
3964,129.95,71,FALL,09:22:16
3965,3516.21,1451,FALL,09:23:38
3966,1757.02,693,FALL,09:24:19
3967,222.81,213,FALL,09:24:35
3968,619.57,467,FALL,09:25:04
3969,447.86,351,FALL,09:25:27
3970,4269.16,1895,FALL,09:27:12
3971,170.38,177,FALL,09:27:26
3972,302.40,255,FALL,09:27:44
3973,168.68,243,FALL,09:28:01
3974,3598.88,1475,FALL,09:29:24
3975,420.35,167,FALL,09:29:37
3976,2236.22,928,FALL,09:30:31
3977,799.82,377,FALL,09:30:56
3978,787.38,429,FALL,09:31:23
3979,1183.55,548,FALL,09:31:56
3980,7679.84,2999,TIME_LIMIT,09:34:41
3981,7613.69,2999,TIME_LIMIT,09:37:26
3982,13.47,189,FALL,09:37:40
3983,2416.53,997,FALL,09:38:38
3984,763.50,498,FALL,09:39:08
3985,2284.82,891,FALL,09:40:00
3986,350.71,252,FALL,09:40:18
3987,346.99,383,FALL,09:40:42
3988,239.36,187,FALL,09:40:57
3989,138.22,162,FALL,09:41:09
3990,1189.91,551,FALL,09:41:43
3991,4440.36,1678,FALL,09:43:17
3992,473.02,316,FALL,09:43:38
3993,711.47,401,FALL,09:44:04
3994,240.45,227,FALL,09:44:20
3995,1359.10,587,FALL,09:44:56
3996,5796.71,2229,FALL,09:46:59
3997,2053.25,1164,FALL,09:48:06
3998,470.03,358,FALL,09:48:29
3999,1354.12,947,FALL,09:49:24
4000,581.08,303,FALL,09:49:44
4001,7981.30,2805,FALL,09:52:19
4002,1832.99,876,FALL,09:53:11
4003,4239.33,1505,FALL,09:54:35
4004,2104.89,918,FALL,09:55:29
4005,924.83,464,FALL,09:55:58
4006,1043.63,493,FALL,09:56:28
4007,-45.57,84,FALL,09:56:37
4008,889.73,522,FALL,09:57:09
4009,211.18,166,FALL,09:57:22
4010,2736.06,1397,FALL,09:58:41
4011,723.69,409,FALL,09:59:07
4012,2644.76,947,FALL,10:00:02
4013,2332.30,1066,FALL,10:01:03
4014,4843.16,2022,FALL,10:02:56
4015,3636.45,1461,FALL,10:04:18
4016,151.72,198,FALL,10:04:33
4017,3187.24,1321,FALL,10:05:48
4018,141.92,290,FALL,10:06:07
4019,-25.26,227,FALL,10:06:24
4020,54.19,361,FALL,10:06:47
4021,1469.51,604,FALL,10:07:24
4022,1490.54,919,FALL,10:08:17
4023,672.26,490,FALL,10:08:48
4024,1670.73,640,FALL,10:09:26
4025,460.87,250,FALL,10:09:43
4026,1830.33,1212,FALL,10:10:53
4027,1454.88,771,FALL,10:11:38
4028,-167.40,231,FALL,10:11:54
4029,1355.94,727,FALL,10:12:38
4030,107.22,98,FALL,10:12:47
4031,8559.99,2999,TIME_LIMIT,10:15:32
4032,2735.94,1395,FALL,10:16:51
4033,188.16,218,FALL,10:17:07
4034,2070.01,826,FALL,10:17:55
4035,429.23,331,FALL,10:18:17
4036,7818.72,2999,TIME_LIMIT,10:21:02
4037,1243.06,473,FALL,10:21:31
4038,2528.49,975,FALL,10:22:28
4039,1681.73,789,FALL,10:23:14
4040,1843.66,753,FALL,10:23:58
4041,-40.46,258,FALL,10:24:16
4042,273.06,250,FALL,10:24:34
4043,1563.18,1020,FALL,10:25:33
4044,4257.20,1759,FALL,10:27:11
4045,4166.83,1746,FALL,10:28:49
4046,1212.37,393,FALL,10:29:14
4047,442.73,271,FALL,10:29:33
4048,726.42,323,FALL,10:29:54
4049,1054.04,530,FALL,10:30:27
4050,2717.59,947,FALL,10:31:22
4051,5376.33,2290,FALL,10:33:29
4052,206.93,153,FALL,10:33:41
4053,5250.21,2093,FALL,10:35:38
4054,405.59,269,FALL,10:35:56
4055,93.40,138,FALL,10:36:08
4056,1264.90,847,FALL,10:36:57
4057,3976.33,1722,FALL,10:38:34
4058,1131.06,545,FALL,10:39:07
4059,3514.71,1477,FALL,10:40:30
4060,1664.35,816,FALL,10:41:18
4061,3101.13,1323,FALL,10:42:33
4062,3497.93,1380,FALL,10:43:52
4063,1816.45,786,FALL,10:44:38
4064,5209.59,2203,FALL,10:46:40
4065,-3.68,32,FALL,10:46:46
4066,2428.46,995,FALL,10:47:44
4067,6902.16,2999,TIME_LIMIT,10:50:29
4068,696.83,306,FALL,10:50:49
4069,695.37,329,FALL,10:51:11
4070,74.08,202,FALL,10:51:26
4071,1132.70,628,FALL,10:52:04
4072,1054.06,577,FALL,10:52:39
4073,2368.73,1206,FALL,10:53:47
4074,213.03,196,FALL,10:54:02
4075,111.20,59,FALL,10:54:09
4076,1046.46,487,FALL,10:54:39
4077,2822.87,1233,FALL,10:55:50
4078,143.32,130,FALL,10:56:01
4079,1497.27,729,FALL,10:56:44
4080,270.80,218,FALL,10:57:00
4081,601.51,309,FALL,10:57:21
4082,1397.65,797,FALL,10:58:07
4083,3345.14,1296,FALL,10:59:21
4084,4539.79,1925,FALL,11:01:08
4085,307.45,228,FALL,11:01:25
4086,2769.75,1404,FALL,11:02:44
4087,411.05,261,FALL,11:03:03
4088,3786.18,1547,FALL,11:04:30
4089,2977.11,1119,FALL,11:05:34
4090,1027.33,602,FALL,11:06:10
4091,5276.59,2506,FALL,11:08:29
4092,1621.26,562,FALL,11:09:03
4093,6042.11,2999,TIME_LIMIT,11:11:49
4094,611.27,252,FALL,11:12:06
4095,4364.48,2178,FALL,11:14:08
4096,1690.28,625,FALL,11:14:45
4097,671.22,304,FALL,11:15:06
4098,224.54,222,FALL,11:15:22
4099,1408.26,818,FALL,11:16:10
4100,475.23,314,FALL,11:16:31
4101,2253.94,988,FALL,11:17:28
4102,4030.79,1929,FALL,11:19:16
4103,1729.68,592,FALL,11:19:52
4104,852.82,471,FALL,11:20:21
4105,255.43,159,FALL,11:20:34
4106,6700.13,2599,FALL,11:22:57
4107,1058.86,432,FALL,11:23:25
4108,3887.02,1565,FALL,11:24:53
4109,27.79,38,FALL,11:24:59
4110,7872.84,2999,TIME_LIMIT,11:27:44
4111,590.86,315,FALL,11:28:05
4112,170.15,121,FALL,11:28:16
4113,199.71,156,FALL,11:28:28
4114,979.92,465,FALL,11:28:58
4115,808.92,430,FALL,11:29:25
4116,1991.11,779,FALL,11:30:11
4117,6454.68,2579,FALL,11:32:33
4118,1500.80,763,FALL,11:33:18
4119,1936.11,809,FALL,11:34:06
4120,461.67,346,FALL,11:34:29
4121,6452.88,2392,FALL,11:36:41
4122,4338.36,1734,FALL,11:38:18
4123,563.55,375,FALL,11:38:43
4124,2615.91,1583,FALL,11:40:12
4125,1564.98,917,FALL,11:41:05
4126,293.34,189,FALL,11:41:20
4127,194.25,151,FALL,11:41:32
4128,1170.91,532,FALL,11:42:05
4129,133.66,95,FALL,11:49:45
4130,3148.41,1294,FALL,11:50:58
4131,107.35,136,FALL,11:51:10
4132,1100.90,581,FALL,11:51:45
4133,62.08,168,FALL,11:51:58
4134,47.04,83,FALL,11:52:06
4135,1452.75,707,FALL,11:52:48
4136,1512.96,697,FALL,11:53:30
4137,1703.52,940,FALL,11:54:24
4138,1114.19,436,FALL,11:54:52
4139,780.79,302,FALL,11:55:12
4140,1377.79,631,FALL,11:55:50
4141,235.13,175,FALL,11:56:03
4142,2414.80,1066,FALL,11:57:04
4143,2206.16,1146,FALL,11:58:10
4144,2072.25,1139,FALL,11:59:15
4145,1246.46,481,FALL,11:59:45
4146,1424.90,679,FALL,12:00:25
4147,1235.41,526,FALL,12:00:57
4148,1567.37,847,FALL,12:01:46
4149,1275.95,621,FALL,12:02:24
4150,24.13,36,FALL,12:02:30
4151,141.70,261,FALL,12:02:48
4152,79.15,116,FALL,12:02:58
4153,1049.39,549,FALL,12:03:31
4154,985.83,586,FALL,12:04:07
4155,2307.66,1025,FALL,12:05:05
4156,2273.86,1066,FALL,12:06:07
4157,1894.14,857,FALL,12:06:56
4158,1585.91,819,FALL,12:07:44
4159,303.04,155,FALL,12:07:57
4160,844.81,526,FALL,12:08:29
4161,349.50,249,FALL,12:08:46
4162,2001.89,834,FALL,12:09:35
4163,365.38,248,FALL,12:09:52
4164,23.67,47,FALL,12:09:59
4165,411.96,306,FALL,12:10:19
4166,551.72,260,FALL,12:10:37
4167,3701.31,1570,FALL,12:12:05
4168,178.76,124,FALL,12:12:16
4169,-69.43,63,FALL,12:12:23
4170,97.55,78,FALL,12:12:31
4171,71.41,66,FALL,12:12:39
4172,190.84,109,FALL,12:12:49
4173,461.46,274,FALL,12:13:08
4174,627.31,452,FALL,12:13:36
4175,20.68,32,FALL,12:13:42
4176,175.67,157,FALL,12:13:54
4177,273.85,282,FALL,12:14:13
4178,178.55,158,FALL,12:14:26
4179,2999.09,1180,FALL,12:15:33
4180,328.92,339,FALL,12:15:55
4181,108.89,93,FALL,12:16:04
4182,2177.29,821,FALL,12:16:52
4183,131.32,123,FALL,12:17:03
4184,162.19,123,FALL,12:17:13
4185,929.67,521,FALL,12:17:45
4186,54.45,101,FALL,12:17:55
4187,426.96,255,FALL,12:18:13
4188,96.02,95,FALL,12:18:22
4189,255.07,198,FALL,12:18:36
4190,3677.14,1871,FALL,12:20:20
4191,77.06,70,FALL,12:20:28
4192,503.35,233,FALL,12:20:45
4193,2073.11,869,FALL,12:21:35
4194,1133.81,568,FALL,12:22:09
4195,1051.09,405,FALL,12:22:35
4196,675.70,331,FALL,12:22:57
4197,1335.80,570,FALL,12:23:32
4198,1889.36,752,FALL,12:24:16
4199,248.83,196,FALL,12:24:30
4200,104.29,70,FALL,12:24:38
4201,92.88,107,FALL,12:24:48
4202,307.77,258,FALL,12:25:06
4203,308.65,190,FALL,12:25:20
4204,145.83,100,FALL,12:25:29
4205,852.78,428,FALL,12:25:56
4206,782.80,453,FALL,12:26:25
4207,1120.07,481,FALL,12:26:54
4208,1755.47,874,FALL,12:27:45
4209,107.43,185,FALL,12:27:59
4210,77.70,40,FALL,12:28:05
4211,2068.20,1148,FALL,12:29:11
4212,4031.65,1534,FALL,12:30:37
4213,474.98,313,FALL,12:30:58
4214,130.77,175,FALL,12:31:11
4215,1711.81,985,FALL,12:32:08
4216,1755.19,724,FALL,12:32:50
4217,45.50,73,FALL,12:32:58
4218,148.45,100,FALL,12:33:08
4219,889.67,491,FALL,12:33:38
4220,3544.27,1440,FALL,12:34:59
4221,1749.51,752,FALL,12:35:43
4222,2506.55,1080,FALL,12:36:45
4223,1920.20,646,FALL,12:37:24
4224,765.28,755,FALL,12:38:08
4225,1011.69,498,FALL,12:38:39
4226,2341.44,887,FALL,12:39:30
4227,204.53,161,FALL,12:39:43
4228,238.45,125,FALL,12:39:54
4229,1375.94,530,FALL,12:40:26
4230,1129.10,557,FALL,12:41:00
4231,655.22,270,FALL,12:41:18
4232,177.14,159,FALL,12:41:31
4233,2485.28,1536,FALL,12:42:57
4234,255.51,132,FALL,12:43:08
4235,182.94,248,FALL,12:43:26
4236,-17.58,17,FALL,12:43:31
4237,166.40,162,FALL,12:43:43
4238,865.81,454,FALL,12:44:12
4239,733.33,262,FALL,12:44:30
4240,861.84,364,FALL,12:44:53
4241,-26.82,43,FALL,12:45:00
4242,1762.76,900,FALL,12:45:52
4243,-23.40,52,FALL,12:45:59
4244,765.25,422,FALL,12:46:25
4245,150.96,132,FALL,12:46:36
4246,2722.02,1146,FALL,12:47:42
4247,101.42,81,FALL,12:47:50
4248,145.82,130,FALL,12:48:01
4249,576.00,349,FALL,12:48:24
4250,2770.37,1048,FALL,12:49:24
4251,725.78,302,FALL,12:49:44
4252,16.73,76,FALL,12:49:52
4253,608.93,363,FALL,12:50:16
4254,1462.85,688,FALL,12:50:57
4255,3421.09,1229,FALL,12:52:06
4256,1666.76,748,FALL,12:52:50
4257,2499.61,969,FALL,12:53:46
4258,1619.54,617,FALL,12:54:23
4259,671.61,413,FALL,12:54:49
4260,93.78,51,FALL,12:54:56
4261,-3.15,244,FALL,12:55:13
4262,666.61,321,FALL,12:55:34
4263,2480.08,1027,FALL,12:56:33
4264,2686.75,972,FALL,12:57:30
4265,436.24,249,FALL,12:57:47
4266,712.58,253,FALL,12:58:04
4267,607.15,273,FALL,12:58:23
4268,1574.84,785,FALL,12:59:09
4269,1497.71,705,FALL,12:59:51
4270,461.90,282,FALL,13:00:10
4271,1765.56,936,FALL,13:01:04
4272,1433.19,569,FALL,13:01:38
4273,253.87,150,FALL,13:01:51
4274,1555.81,757,FALL,13:02:35
4275,267.78,198,FALL,13:02:50
4276,498.14,309,FALL,13:03:10
4277,1977.19,735,FALL,13:03:54
4278,707.39,363,FALL,13:04:17
4279,2070.36,874,FALL,13:05:08
4280,136.04,132,FALL,13:05:19
4281,1677.44,695,FALL,13:06:00
4282,2955.38,1151,FALL,13:07:06
4283,427.78,309,FALL,13:07:26
4284,755.58,355,FALL,13:07:49
4285,1926.46,697,FALL,13:08:31
4286,95.38,90,FALL,13:08:40
4287,394.14,394,FALL,13:09:05
4288,-43.52,60,FALL,13:09:12
4289,947.26,423,FALL,13:09:39
4290,3906.30,1669,FALL,13:11:12
4291,1432.57,604,FALL,13:11:49
4292,448.20,246,FALL,13:12:06
4293,2673.99,1110,FALL,13:13:09
4294,2061.83,851,FALL,13:13:59
4295,70.38,65,FALL,13:14:06
4296,1234.28,660,FALL,13:14:46
4297,134.98,75,FALL,13:14:54
4298,2455.65,1318,FALL,13:16:08
4299,5831.76,2467,FALL,13:18:24
4300,3051.46,1418,FALL,13:19:44
4301,185.26,95,FALL,13:19:53
4302,594.81,279,FALL,13:20:12
4303,2372.15,1087,FALL,13:21:14
4304,2563.05,1140,FALL,13:22:19
4305,405.93,220,FALL,13:22:35
4306,1451.86,539,FALL,13:23:08
4307,285.88,108,FALL,13:23:17
4308,52.49,184,FALL,13:23:31
4309,877.91,390,FALL,13:23:56
4310,1402.20,624,FALL,13:24:34
4311,1862.51,720,FALL,13:25:16
4312,973.71,569,FALL,13:25:51
4313,-7.13,39,FALL,13:25:57
4314,4905.29,2042,FALL,13:27:50
4315,1683.62,667,FALL,13:28:30
4316,2053.81,762,FALL,13:29:15
4317,2456.71,960,FALL,13:30:11
4318,395.49,163,FALL,13:30:24
4319,1009.97,558,FALL,13:30:59
4320,115.57,67,FALL,13:31:06
4321,1360.66,537,FALL,13:31:40
4322,1634.91,728,FALL,13:32:23
4323,318.12,197,FALL,13:32:38
4324,352.94,287,FALL,13:32:58
4325,341.46,157,FALL,13:33:10
4326,1854.76,905,FALL,13:34:04
4327,41.05,64,FALL,13:34:11
4328,1704.17,769,FALL,13:34:57
4329,3229.55,1365,FALL,13:36:16
4330,2903.23,1262,FALL,13:37:29
4331,1043.74,577,FALL,13:38:04
4332,2605.90,1155,FALL,13:39:11
4333,688.22,333,FALL,13:39:33
4334,187.78,129,FALL,13:39:44
4335,664.40,276,FALL,13:40:03
4336,939.40,425,FALL,13:40:30
4337,277.67,186,FALL,13:40:44
4338,1626.01,823,FALL,13:41:33
4339,2689.56,1334,FALL,13:42:50
4340,216.13,122,FALL,13:43:00
4341,1174.99,460,FALL,13:43:29
4342,3267.42,1381,FALL,13:44:49
4343,1911.06,828,FALL,13:45:38
4344,1871.82,719,FALL,13:46:21
4345,3680.74,1390,FALL,13:47:42
4346,1774.43,765,FALL,13:48:28
4347,921.22,490,FALL,13:48:59
4348,2480.80,1023,FALL,13:50:00
4349,1562.25,634,FALL,13:50:39
4350,7765.79,2999,TIME_LIMIT,13:53:28
4351,3860.17,1485,FALL,13:54:54
4352,2024.01,763,FALL,13:55:40
4353,5078.95,2137,FALL,13:57:42
4354,96.63,77,FALL,13:57:50
4355,169.68,132,FALL,13:58:01
4356,110.46,123,FALL,13:58:12
4357,981.71,536,FALL,13:58:46
4358,2639.16,1246,FALL,13:59:58
4359,34.55,42,FALL,14:00:04
4360,2657.81,1066,FALL,14:01:05
4361,1253.14,847,FALL,14:01:55
4362,1094.86,556,FALL,14:02:29
4363,45.64,32,FALL,14:02:34
4364,941.62,495,FALL,14:03:06
4365,1921.13,850,FALL,14:03:56
4366,188.36,91,FALL,14:04:05
4367,582.43,260,FALL,14:04:24
4368,38.66,98,FALL,14:04:33
4369,2595.35,1031,FALL,14:05:34
4370,1366.23,637,FALL,14:06:13
4371,1957.31,934,FALL,14:07:08
4372,1035.80,544,FALL,14:07:42
4373,168.15,219,FALL,14:07:58
4374,2879.62,1068,FALL,14:09:01
4375,1189.60,457,FALL,14:09:30
4376,188.66,255,FALL,14:09:48
4377,903.87,424,FALL,14:10:15
4378,3033.09,1156,FALL,14:11:23
4379,2197.35,996,FALL,14:12:21
4380,762.82,345,FALL,14:12:44
4381,2279.05,1026,FALL,14:13:44
4382,5859.36,2418,FALL,14:16:01
4383,471.61,235,FALL,14:16:18
4384,523.04,273,FALL,14:16:37
4385,1099.22,563,FALL,14:17:12
4386,1325.14,568,FALL,14:17:47
4387,4496.73,1734,FALL,14:19:26
4388,220.89,128,FALL,14:19:37
4389,2824.42,1184,FALL,14:20:46
4390,4301.63,1616,FALL,14:22:19
4391,579.38,346,FALL,14:22:42
4392,4598.04,1870,FALL,14:24:29
4393,4671.52,1874,FALL,14:26:16
4394,-5.64,24,FALL,14:26:22
4395,25.71,67,FALL,14:26:30
4396,558.90,283,FALL,14:26:49
4397,1180.65,546,FALL,14:27:23
4398,3048.46,1354,FALL,14:28:42
4399,267.52,130,FALL,14:28:53
4400,2691.40,1230,FALL,14:30:03
4401,349.51,215,FALL,14:30:18
4402,134.79,102,FALL,14:30:28
4403,2279.51,911,FALL,14:31:21
4404,6611.19,2553,FALL,14:33:41
4405,2427.67,909,FALL,14:34:35
4406,506.24,196,FALL,14:34:49
4407,6990.98,2745,FALL,14:37:21
4408,5486.53,2144,FALL,14:39:32
4409,1312.26,586,FALL,14:40:08
4410,6183.03,2585,FALL,14:42:35
4411,298.06,216,FALL,14:42:50
4412,348.42,217,FALL,14:43:06
4413,943.61,457,FALL,14:43:34
4414,599.62,279,FALL,14:43:53
4415,1310.69,550,FALL,14:44:27
4416,1020.80,598,FALL,14:45:03
4417,4984.03,2077,FALL,14:47:01
4418,2308.45,1128,FALL,14:48:08
4419,2783.83,1284,FALL,14:49:23
4420,11525.22,4428,FALL,14:53:30
4421,251.84,126,FALL,14:53:41
4422,411.28,209,FALL,14:53:57
4423,4289.61,1801,FALL,14:55:38
4424,5535.60,2100,FALL,14:57:35
4425,2414.99,1011,FALL,14:58:34
4426,3006.27,1234,FALL,14:59:44
4427,306.72,167,FALL,14:59:58
4428,195.11,168,FALL,15:00:11
4429,411.75,218,FALL,15:00:27
4430,485.52,309,FALL,15:00:47
4431,691.36,424,FALL,15:01:14
4432,194.66,187,FALL,15:01:29
4433,973.21,451,FALL,15:01:57
4434,1345.52,615,FALL,15:02:34
4435,91.35,67,FALL,15:02:42
4436,535.62,371,FALL,15:03:06
4437,1394.37,706,FALL,15:03:48
4438,1002.86,400,FALL,15:04:13
4439,33.53,70,FALL,15:04:21
4440,729.45,334,FALL,15:04:44
4441,1533.39,553,FALL,15:05:18
4442,5290.51,2165,FALL,15:07:17
4443,684.18,546,FALL,15:07:50
4444,877.42,450,FALL,15:08:18
4445,7950.36,3221,FALL,15:11:14
4446,2574.18,957,FALL,15:12:09
4447,4938.22,1932,FALL,15:13:56
4448,4180.02,1638,FALL,15:15:28
4449,1772.32,615,FALL,15:16:05
4450,242.42,215,FALL,15:16:20
4451,453.30,248,FALL,15:16:38
4452,3464.13,1473,FALL,15:18:00
4453,1993.61,862,FALL,15:18:50
4454,9269.68,3727,FALL,15:22:13
4455,3223.24,1212,FALL,15:23:22
4456,1434.23,673,FALL,15:24:02
4457,902.03,508,FALL,15:24:33
4458,1394.29,561,FALL,15:25:07
4459,1327.44,637,FALL,15:25:45
4460,575.54,271,FALL,15:26:04
4461,1153.00,493,FALL,15:26:34
4462,773.07,344,FALL,15:26:57
4463,8709.43,3106,FALL,15:29:46
4464,3441.84,1447,FALL,15:31:07
4465,3291.33,1318,FALL,15:32:22
4466,-3.23,96,FALL,15:32:31
4467,1241.81,498,FALL,15:33:02
4468,4350.00,1803,FALL,15:34:42
4469,468.91,164,FALL,15:34:55
4470,724.91,269,FALL,15:35:13
4471,2491.70,933,FALL,15:36:07
4472,1431.93,688,FALL,15:36:48
4473,1.67,20,FALL,15:36:53
4474,1000.80,455,FALL,15:37:21
4475,67.91,62,FALL,15:37:29
4476,532.33,221,FALL,15:37:45
4477,4603.44,1842,FALL,15:39:27
4478,5539.94,1999,FALL,15:41:18
4479,13026.24,5194,FALL,15:45:59
4480,3419.20,1606,FALL,15:47:29
4481,6356.88,2885,FALL,15:50:07
4482,993.02,423,FALL,15:50:33
4483,916.71,560,FALL,15:51:07
4484,6331.82,2882,FALL,15:53:45
4485,3443.25,1429,FALL,15:55:05
4486,1290.84,470,FALL,15:55:34
4487,6102.20,2193,FALL,15:57:35
4488,3139.35,1229,FALL,15:58:45
4489,124.14,134,FALL,15:58:56
4490,4057.66,1670,FALL,16:00:29
4491,538.78,464,FALL,16:00:58
4492,418.74,334,FALL,16:01:20
4493,3482.07,1301,FALL,16:02:34
4494,141.61,131,FALL,16:02:45
4495,6886.54,2534,FALL,16:05:04
4496,826.99,300,FALL,16:05:24
4497,1163.31,397,FALL,16:05:49
4498,2580.16,1101,FALL,16:06:52
4499,2372.94,943,FALL,16:07:46
4500,934.84,463,FALL,16:08:15
4501,1486.85,576,FALL,16:08:50
4502,1522.98,554,FALL,16:09:24
4503,4272.00,1758,FALL,16:11:02
4504,2590.30,1105,FALL,16:12:05
4505,738.72,550,FALL,16:12:38
4506,790.31,354,FALL,16:13:01
4507,1603.06,779,FALL,16:13:47
4508,4284.71,1770,FALL,16:15:25
4509,6127.97,2538,FALL,16:17:45
4510,952.96,374,FALL,16:18:09
4511,2744.18,1028,FALL,16:19:08
4512,239.70,155,FALL,16:19:20
4513,1795.58,630,FALL,16:19:58
4514,2843.96,1231,FALL,16:21:07
4515,1300.22,544,FALL,16:21:41
4516,100.70,108,FALL,16:21:50
4517,822.04,338,FALL,16:22:13
4518,969.11,407,FALL,16:22:38
4519,1751.85,633,FALL,16:23:16
4520,128.96,102,FALL,16:23:26
4521,909.81,343,FALL,16:23:48
4522,313.37,362,FALL,16:24:12
4523,3886.88,1561,FALL,16:25:39
4524,4202.60,1659,FALL,16:27:11
4525,1197.82,587,FALL,16:27:47
4526,61.96,122,FALL,16:27:57
4527,202.66,125,FALL,16:28:08
4528,1621.36,626,FALL,16:28:46
4529,9311.48,3932,FALL,16:32:19
4530,85.38,83,FALL,16:32:28
4531,1711.27,640,FALL,16:33:06
4532,251.01,222,FALL,16:33:22
4533,4880.01,1722,FALL,16:34:58
4534,3048.19,1085,FALL,16:36:00
4535,263.46,140,FALL,16:36:11
4536,4880.24,2049,FALL,16:38:05
4537,624.71,343,FALL,16:38:27
4538,334.90,160,FALL,16:38:40
4539,538.35,304,FALL,16:39:00
4540,202.46,219,FALL,16:39:16
4541,7591.23,2834,FALL,16:41:51
4542,761.02,311,FALL,16:42:12
4543,2616.23,1060,FALL,16:43:12
4544,3596.44,1396,FALL,16:44:31
4545,700.78,258,FALL,16:44:49
4546,725.16,339,FALL,16:45:11
4547,162.17,260,FALL,16:45:29
4548,9103.53,3403,FALL,16:48:35
4549,3850.35,1454,FALL,16:49:56
4550,208.66,167,FALL,16:50:09
4551,520.60,280,FALL,16:50:28
4552,2016.15,932,FALL,16:51:22
4553,15.93,35,FALL,16:51:28
4554,1884.28,1058,FALL,16:52:28
4555,8763.11,3233,FALL,16:55:25
4556,10886.59,4180,FALL,16:59:12
4557,1091.62,409,FALL,16:59:38
4558,453.74,179,FALL,16:59:51
4559,4889.00,1692,FALL,17:01:26
4560,701.93,652,FALL,17:02:05
4561,103.98,103,FALL,17:02:14
4562,139.26,158,FALL,17:02:27
4563,387.90,345,FALL,17:02:49
4564,166.78,188,FALL,17:03:03
4565,6067.23,2443,FALL,17:05:18
4566,2102.98,1152,FALL,17:06:23
4567,696.12,483,FALL,17:06:53
4568,300.72,188,FALL,17:07:07
4569,4436.27,1697,FALL,17:08:42
4570,2196.50,961,FALL,17:09:37
4571,1175.64,482,FALL,17:10:07
4572,3971.68,1811,FALL,17:11:48
4573,5707.39,2495,FALL,17:14:05
4574,1156.84,438,FALL,17:14:33
4575,23.38,37,FALL,17:14:39
4576,859.36,454,FALL,17:15:07
4577,600.73,374,FALL,17:15:31
4578,3470.81,1188,FALL,17:16:39
4579,10648.59,4296,FALL,17:20:32
4580,2405.31,889,FALL,17:21:23
4581,1567.13,761,FALL,17:22:08
4582,9990.28,4108,FALL,17:25:51
4583,2410.75,922,FALL,17:26:45
4584,158.02,91,FALL,17:26:54
4585,4009.94,1651,FALL,17:28:26
4586,6510.48,2292,FALL,17:30:32
4587,5117.79,1926,FALL,17:32:19
4588,676.13,259,FALL,17:32:37
4589,1827.45,622,FALL,17:33:14
4590,1089.85,443,FALL,17:33:42
4591,2953.39,1292,FALL,17:34:55
4592,7187.28,2699,FALL,17:37:23
4593,4567.25,1540,FALL,17:38:49
4594,2239.23,944,FALL,17:39:44
4595,539.08,213,FALL,17:39:59
4596,38.89,64,FALL,17:40:07
4597,10773.00,3989,FALL,17:43:44
4598,3893.73,1429,FALL,17:45:04
4599,982.01,341,FALL,17:45:27
4600,97.17,95,FALL,17:45:36
4601,354.00,187,FALL,17:45:50
4602,1858.93,948,FALL,17:46:45
4603,1082.24,590,FALL,17:47:20
4604,1288.07,563,FALL,17:47:55
4605,1516.82,569,FALL,17:48:29
4606,7729.22,2884,FALL,17:51:07
4607,1595.05,726,FALL,17:51:50
4608,5472.91,2083,FALL,17:53:46
4609,2447.12,859,FALL,17:54:35
4610,5916.77,2341,FALL,17:56:45
4611,2031.06,927,FALL,17:57:38
4612,2148.73,910,FALL,17:58:31
4613,2630.90,1183,FALL,17:59:38
4614,356.16,191,FALL,17:59:53
4615,10363.95,4585,FALL,18:04:01
4616,-5.48,32,FALL,18:04:07
4617,2309.08,905,FALL,18:05:00
4618,91.95,187,FALL,18:05:14
4619,4651.34,1871,FALL,18:06:58
4620,10074.78,4017,FALL,18:10:37
4621,1523.03,887,FALL,18:11:28
4622,1470.03,590,FALL,18:12:04
4623,12372.67,4858,FALL,18:16:27
4624,2931.39,1317,FALL,18:17:42
4625,916.27,368,FALL,18:18:06
4626,4732.22,2057,FALL,18:20:00
4627,195.67,111,FALL,18:20:10
4628,443.89,294,FALL,18:20:29
4629,8280.77,3013,FALL,18:23:14
4630,14038.87,5912,FALL,18:28:34
4631,4356.67,1547,FALL,18:30:01
4632,2219.03,964,FALL,18:30:57
4633,5549.34,2189,FALL,18:32:58
4634,3358.25,1305,FALL,18:34:12
4635,1645.08,647,FALL,18:34:50
4636,1722.34,643,FALL,18:35:29
4637,9117.02,3535,FALL,18:38:41
4638,10325.83,4355,FALL,18:42:38
4639,8102.32,3079,FALL,18:45:27
4640,2052.22,1007,FALL,18:46:25
4641,1641.57,928,FALL,18:47:18
4642,2634.15,1035,FALL,18:48:18
4643,5523.97,2293,FALL,18:50:24
4644,0.03,65,FALL,18:50:32
4645,72.21,159,FALL,18:50:45
4646,15290.13,5817,FALL,18:55:59
4647,6269.73,2706,FALL,18:58:28
4648,3170.09,1324,FALL,18:59:43
4649,7409.16,2941,FALL,19:02:24
4650,996.79,498,FALL,19:02:55
4651,473.80,257,FALL,19:03:12
4652,3819.34,1566,FALL,19:04:41
4653,6792.35,2864,FALL,19:07:18
4654,1564.49,847,FALL,19:08:07
4655,1266.93,554,FALL,19:08:40
4656,4459.68,1687,FALL,19:10:15
4657,26947.45,9999,TIME_LIMIT,19:19:13
4658,2025.12,1117,FALL,19:20:17
4659,1045.29,610,FALL,19:20:54
4660,8978.48,3590,FALL,19:24:10
4661,844.60,468,FALL,19:24:39
4662,2281.80,825,FALL,19:25:27
4663,5265.44,1982,FALL,19:27:17
4664,2987.54,1840,FALL,19:28:59
4665,1363.40,570,FALL,19:29:34
4666,1569.73,564,FALL,19:30:08
4667,1337.14,581,FALL,19:30:43
4668,1255.82,500,FALL,19:31:14
4669,1403.48,790,FALL,19:32:00
4670,25292.67,9999,TIME_LIMIT,19:40:59
4671,1917.56,825,FALL,19:41:47
4672,3841.10,2325,FALL,19:43:55
4673,9649.60,3572,FALL,19:47:10
4674,5459.25,2144,FALL,19:49:09
4675,1859.39,821,FALL,19:49:57
4676,2359.03,1020,FALL,19:50:55
4677,12905.51,5038,FALL,19:55:28
4678,4961.82,2289,FALL,19:57:35
4679,3861.38,1678,FALL,19:59:09
4680,3980.15,1837,FALL,20:00:51
4681,3131.77,1293,FALL,20:02:04
4682,16374.18,6603,FALL,20:08:01
4683,2007.16,705,FALL,20:08:43
4684,3149.92,1303,FALL,20:09:56
4685,2923.37,1168,FALL,20:11:03
4686,13291.80,4552,FALL,20:17:18
4687,28217.18,9999,TIME_LIMIT,20:27:06
