episode,reward,steps,std
0,28.08,30,0.2500
1,76.47,62,0.2500
2,0.00,0,0.2500
3,158.36,113,0.2500
4,187.36,137,0.2500
5,189.29,138,0.2500
6,0.00,0,0.2500
7,99.32,81,0.2500
8,0.00,0,0.2500
9,95.02,69,0.2490
10,0.00,0,0.2490
11,63.81,54,0.2490
12,189.60,129,0.2490
13,0.00,0,0.2490
14,119.42,88,0.2490
15,171.15,121,0.2490
16,241.53,163,0.2490
17,124.08,93,0.2490
18,108.18,81,0.2490
19,156.33,115,0.2480
20,27.90,30,0.2480
21,127.86,96,0.2480
22,135.66,97,0.2480
23,0.00,0,0.2480
24,93.15,70,0.2480
25,114.64,87,0.2480
26,165.45,119,0.2480
27,109.37,82,0.2480
28,110.56,86,0.2480
29,127.30,96,0.2470
30,34.50,31,0.2470
31,110.50,83,0.2470
32,92.06,69,0.2470
33,91.15,67,0.2470
34,120.15,88,0.2470
35,209.49,142,0.2470
36,112.18,85,0.2470
37,123.92,91,0.2470
38,129.38,93,0.2470
39,190.95,129,0.2460
40,41.54,39,0.2460
41,117.78,89,0.2460
42,164.40,117,0.2460
43,138.32,103,0.2460
44,139.85,103,0.2460
45,134.81,96,0.2460
46,128.83,91,0.2460
47,160.74,112,0.2460
48,0.00,0,0.2460
49,133.80,102,0.2450
50,0.00,0,0.2450
51,0.41,1,0.2450
52,0.41,1,0.2450
53,0.41,1,0.2450
54,0.41,1,0.2450
55,0.41,1,0.2450
56,0.41,1,0.2450
57,0.41,1,0.2450
58,0.41,1,0.2450
59,0.41,1,0.2440
60,53.01,47,0.2440
61,135.48,96,0.2440
62,145.36,105,0.2440
63,189.01,135,0.2440
64,97.48,77,0.2440
65,121.06,84,0.2440
66,101.28,83,0.2440
67,197.71,134,0.2440
68,0.00,0,0.2440
69,225.60,155,0.2430
70,12.57,15,0.2430
71,0.00,0,0.2430
72,206.50,143,0.2430
73,234.13,157,0.2430
74,0.00,0,0.2430
75,132.66,100,0.2430
76,126.97,95,0.2430
77,0.00,0,0.2430
78,120.57,90,0.2430
79,230.73,162,0.2420
80,0.00,0,0.2420
81,0.41,1,0.2420
82,0.41,1,0.2420
83,0.41,1,0.2420
84,0.41,1,0.2420
85,0.41,1,0.2420
86,0.41,1,0.2420
87,0.41,1,0.2420
88,0.41,1,0.2420
89,0.41,1,0.2410
90,58.73,48,0.2410
91,97.56,77,0.2410
92,0.00,0,0.2410
93,58.21,49,0.2410
94,0.00,0,0.2410
95,127.13,88,0.2410
96,115.60,83,0.2410
97,107.93,80,0.2410
98,162.00,115,0.2410
99,140.78,104,0.2400
100,141.91,117,0.2400
101,137.86,98,0.2400
102,247.63,169,0.2400
103,135.15,97,0.2400
104,129.77,96,0.2400
105,133.32,99,0.2400
106,179.43,127,0.2400
107,0.00,0,0.2400
108,68.69,56,0.2400
109,162.70,114,0.2390
110,116.80,85,0.2390
111,0.00,0,0.2390
112,114.12,84,0.2390
113,115.55,87,0.2390
114,200.55,149,0.2390
115,0.00,0,0.2390
116,138.95,103,0.2390
117,117.00,85,0.2390
118,131.45,103,0.2390
119,180.41,130,0.2380
120,0.00,0,0.2380
121,0.41,1,0.2380
122,0.41,1,0.2380
123,0.41,1,0.2380
124,0.41,1,0.2380
125,0.41,1,0.2380
126,0.00,0,0.2380
127,0.41,1,0.2380
128,0.41,1,0.2380
129,0.41,1,0.2370
130,149.84,112,0.2370
131,97.18,73,0.2370
132,134.24,96,0.2370
133,0.00,0,0.2370
134,109.26,78,0.2370
135,131.54,96,0.2370
136,214.59,148,0.2370
137,177.42,121,0.2370
138,191.44,136,0.2370
139,127.63,90,0.2360
140,67.76,55,0.2360
141,119.31,88,0.2360
142,123.30,95,0.2360
143,170.14,121,0.2360
144,271.22,183,0.2360
145,114.51,85,0.2360
146,179.89,122,0.2360
147,86.66,69,0.2360
148,142.49,105,0.2360
149,94.70,74,0.2350
150,0.00,0,0.2350
151,0.41,1,0.2350
152,0.41,1,0.2350
153,0.41,1,0.2350
154,0.00,0,0.2350
155,0.41,1,0.2350
156,0.00,0,0.2350
157,0.41,1,0.2350
158,0.41,1,0.2350
159,0.41,1,0.2340
160,31.64,28,0.2340
161,258.89,183,0.2340
162,135.88,98,0.2340
163,239.08,166,0.2340
164,0.00,0,0.2340
165,151.79,116,0.2340
166,157.22,118,0.2340
167,264.46,182,0.2340
168,62.70,53,0.2340
169,139.06,101,0.2330
170,0.55,1,0.2330
171,195.04,137,0.2330
172,125.26,96,0.2330
173,0.00,0,0.2330
174,85.10,67,0.2330
175,179.75,124,0.2330
176,111.10,82,0.2330
177,206.65,142,0.2330
178,132.40,94,0.2330
179,178.16,128,0.2320
180,49.93,46,0.2320
181,164.78,115,0.2320
182,82.38,68,0.2320
183,173.83,129,0.2320
184,96.91,75,0.2320
185,92.39,73,0.2320
186,0.00,0,0.2320
187,206.64,149,0.2320
188,79.73,66,0.2320
189,87.32,67,0.2310
190,142.85,101,0.2310
191,82.51,67,0.2310
192,0.00,0,0.2310
193,143.21,108,0.2310
194,158.31,118,0.2310
195,102.04,79,0.2310
196,0.00,0,0.2310
197,98.24,76,0.2310
198,93.21,73,0.2310
199,124.07,88,0.2300
200,2.67,4,0.2300
201,131.54,100,0.2300
202,0.00,0,0.2300
203,94.36,74,0.2300
204,127.46,97,0.2300
205,0.00,0,0.2300
206,160.89,119,0.2300
207,141.51,103,0.2300
208,150.90,105,0.2300
209,145.99,107,0.2290
210,0.00,0,0.2290
211,0.41,1,0.2290
212,0.41,1,0.2290
213,0.41,1,0.2290
214,0.00,0,0.2290
215,0.41,1,0.2290
216,0.41,1,0.2290
217,0.00,0,0.2290
218,0.41,1,0.2290
219,0.41,1,0.2280
220,93.17,72,0.2280
221,123.71,94,0.2280
222,292.41,207,0.2280
223,184.45,125,0.2280
224,0.00,0,0.2280
225,158.02,111,0.2280
226,72.57,61,0.2280
227,277.95,193,0.2280
228,177.49,124,0.2280
229,79.09,65,0.2270
230,36.38,35,0.2270
231,0.00,0,0.2270
232,104.17,76,0.2270
233,0.00,0,0.2270
234,125.19,96,0.2270
235,94.65,74,0.2270
236,0.00,0,0.2270
237,151.09,108,0.2270
238,120.60,86,0.2270
239,156.26,108,0.2260
240,0.46,1,0.2260
241,73.82,61,0.2260
242,156.08,120,0.2260
243,0.00,0,0.2260
244,122.61,96,0.2260
245,343.44,243,0.2260
246,69.50,60,0.2260
247,125.03,97,0.2260
248,141.38,107,0.2260
249,77.43,63,0.2250
250,0.54,1,0.2250
251,221.52,144,0.2250
252,136.88,99,0.2250
253,90.54,70,0.2250
254,75.28,61,0.2250
255,78.44,62,0.2250
256,137.14,97,0.2250
257,204.72,147,0.2250
258,251.01,180,0.2250
259,133.24,95,0.2240
260,88.35,73,0.2240
261,114.25,79,0.2240
262,190.00,131,0.2240
263,154.33,110,0.2240
264,149.84,103,0.2240
265,86.55,67,0.2240
266,180.00,125,0.2240
267,84.13,66,0.2240
268,0.00,0,0.2240
269,112.37,82,0.2230
270,0.00,0,0.2230
271,120.06,93,0.2230
272,157.86,109,0.2230
273,128.10,89,0.2230
274,178.68,129,0.2230
275,185.90,125,0.2230
276,153.97,107,0.2230
277,174.47,122,0.2230
278,131.64,95,0.2230
279,178.85,126,0.2220
280,60.94,49,0.2220
281,226.12,149,0.2220
282,167.33,121,0.2220
283,108.13,85,0.2220
284,67.28,56,0.2220
285,61.89,51,0.2220
286,0.00,0,0.2220
287,147.30,103,0.2220
288,166.51,125,0.2220
289,106.71,80,0.2210
290,-1.00,1,0.2210
291,200.65,140,0.2210
292,166.96,120,0.2210
293,234.68,159,0.2210
294,89.22,69,0.2210
295,118.76,92,0.2210
296,161.79,120,0.2210
297,139.06,102,0.2210
298,0.00,0,0.2210
299,117.48,91,0.2200
300,53.21,49,0.2200
301,243.57,159,0.2200
302,133.10,98,0.2200
303,79.10,64,0.2200
304,179.64,128,0.2200
305,181.48,126,0.2200
306,91.81,73,0.2200
307,87.76,71,0.2200
308,175.84,121,0.2200
309,210.70,145,0.2190
310,61.02,54,0.2190
311,115.11,86,0.2190
312,153.93,106,0.2190
313,0.00,0,0.2190
314,91.45,69,0.2190
315,116.33,83,0.2190
316,114.80,90,0.2190
317,189.53,129,0.2190
318,163.18,113,0.2190
319,122.29,90,0.2180
320,38.53,35,0.2180
321,181.48,133,0.2180
322,134.40,98,0.2180
323,123.77,89,0.2180
324,188.06,126,0.2180
325,0.00,0,0.2180
326,146.98,102,0.2180
327,111.48,83,0.2180
328,133.20,93,0.2180
329,89.39,71,0.2170
330,36.33,35,0.2170
331,207.67,145,0.2170
332,104.09,77,0.2170
333,168.32,125,0.2170
334,123.68,91,0.2170
335,0.00,0,0.2170
336,161.51,115,0.2170
337,196.74,136,0.2170
338,154.18,108,0.2170
339,111.75,83,0.2160
340,18.50,19,0.2160
341,134.76,97,0.2160
342,136.42,104,0.2160
343,209.24,148,0.2160
344,0.00,0,0.2160
345,151.33,106,0.2160
346,190.65,133,0.2160
347,118.39,84,0.2160
348,117.73,90,0.2160
349,176.76,121,0.2150
350,33.92,31,0.2150
351,145.95,104,0.2150
352,0.00,0,0.2150
353,191.82,138,0.2150
354,103.91,81,0.2150
355,128.07,97,0.2150
356,127.15,92,0.2150
357,115.20,91,0.2150
358,53.03,46,0.2150
359,155.11,112,0.2140
360,20.49,21,0.2140
361,228.91,154,0.2140
362,130.02,98,0.2140
363,119.74,88,0.2140
364,152.11,111,0.2140
365,187.76,131,0.2140
366,120.20,89,0.2140
367,123.66,87,0.2140
368,139.44,99,0.2140
369,131.64,97,0.2130
370,25.98,26,0.2130
371,181.24,124,0.2130
372,0.00,0,0.2130
373,216.15,146,0.2130
374,100.53,77,0.2130
375,181.41,126,0.2130
376,136.89,97,0.2130
377,159.26,112,0.2130
378,98.81,74,0.2130
379,174.46,125,0.2120
380,3.44,5,0.2120
381,118.93,87,0.2120
382,209.54,145,0.2120
383,119.22,86,0.2120
384,97.27,72,0.2120
385,133.13,96,0.2120
386,157.14,110,0.2120
387,0.00,0,0.2120
388,120.18,90,0.2120
389,0.00,0,0.2110
390,48.58,47,0.2110
391,0.00,0,0.2110
392,204.55,143,0.2110
393,128.16,89,0.2110
394,117.10,84,0.2110
395,128.22,93,0.2110
396,156.16,112,0.2110
397,143.12,104,0.2110
398,0.00,0,0.2110
399,172.30,125,0.2100
400,26.35,28,0.2100
401,128.36,95,0.2100
402,201.27,141,0.2100
403,232.06,156,0.2100
404,92.00,70,0.2100
405,0.00,0,0.2100
406,169.46,119,0.2100
407,158.48,111,0.2100
408,195.00,140,0.2100
409,113.49,83,0.2090
410,1.92,3,0.2090
411,191.15,132,0.2090
412,144.52,105,0.2090
413,107.32,83,0.2090
414,122.50,96,0.2090
415,141.17,101,0.2090
416,94.30,70,0.2090
417,130.39,97,0.2090
418,144.64,102,0.2090
419,112.12,82,0.2080
420,6.82,9,0.2080
421,0.00,0,0.2080
422,184.41,124,0.2080
423,133.01,97,0.2080
424,100.76,77,0.2080
425,0.00,0,0.2080
426,175.61,127,0.2080
427,127.23,94,0.2080
428,233.37,168,0.2080
429,148.17,105,0.2070
430,0.00,0,0.2070
431,0.41,1,0.2070
432,0.41,1,0.2070
433,0.41,1,0.2070
434,0.00,0,0.2070
435,0.41,1,0.2070
436,0.41,1,0.2070
437,0.41,1,0.2070
438,0.41,1,0.2070
439,0.41,1,0.2060
440,0.00,0,0.2060
441,116.94,88,0.2060
442,117.56,92,0.2060
443,131.13,97,0.2060
444,251.87,177,0.2060
445,143.19,104,0.2060
446,191.34,136,0.2060
447,156.06,108,0.2060
448,160.12,116,0.2060
449,0.00,0,0.2050
450,11.43,13,0.2050
451,123.11,91,0.2050
452,201.91,144,0.2050
453,90.03,70,0.2050
454,0.00,0,0.2050
455,107.76,78,0.2050
456,218.02,147,0.2050
457,242.34,165,0.2050
458,185.38,128,0.2050
459,122.16,90,0.2040
460,28.38,30,0.2040
461,0.00,0,0.2040
462,171.92,120,0.2040
463,117.66,87,0.2040
464,136.09,103,0.2040
465,124.98,92,0.2040
466,94.24,76,0.2040
467,107.23,76,0.2040
468,136.25,103,0.2040
469,149.84,114,0.2030
470,0.55,1,0.2030
471,101.78,76,0.2030
472,110.90,81,0.2030
473,0.00,0,0.2030
474,70.50,58,0.2030
475,111.02,85,0.2030
476,88.11,66,0.2030
477,124.99,92,0.2030
478,100.50,78,0.2030
479,86.98,68,0.2020
480,27.17,29,0.2020
481,142.62,99,0.2020
482,0.00,0,0.2020
483,104.46,76,0.2020
484,150.95,107,0.2020
485,252.96,180,0.2020
486,135.19,99,0.2020
487,117.52,89,0.2020
488,159.90,111,0.2020
489,94.33,73,0.2010
490,4.26,6,0.2010
491,124.99,91,0.2010
492,147.95,107,0.2010
493,0.00,0,0.2010
494,121.76,89,0.2010
495,0.00,0,0.2010
496,218.65,161,0.2010
497,93.09,70,0.2010
498,0.00,0,0.2010
499,97.29,75,0.2000
500,0.00,0,0.2000
501,102.15,80,0.2000
502,155.52,121,0.2000
503,0.00,0,0.2000
504,102.27,80,0.2000
505,125.99,92,0.2000
506,52.05,45,0.2000
507,0.00,0,0.2000
508,117.01,90,0.2000
509,105.92,79,0.1990
510,28.00,29,0.1990
511,125.42,93,0.1990
512,75.79,58,0.1990
513,0.00,0,0.1990
514,166.91,120,0.1990
515,135.05,98,0.1990
516,162.62,117,0.1990
517,162.15,115,0.1990
518,129.41,93,0.1990
519,0.00,0,0.1980
520,22.58,23,0.1980
521,133.18,101,0.1980
522,170.75,117,0.1980
523,0.00,0,0.1980
524,218.11,148,0.1980
525,0.00,0,0.1980
526,131.50,98,0.1980
527,200.71,140,0.1980
528,0.00,0,0.1980
529,117.17,88,0.1970
530,0.00,0,0.1970
531,0.41,1,0.1970
532,0.41,1,0.1970
533,0.41,1,0.1970
534,0.40,1,0.1970
535,0.41,1,0.1970
536,0.41,1,0.1970
537,0.41,1,0.1970
538,0.40,1,0.1970
539,0.00,0,0.1960
540,60.84,52,0.1960
541,0.00,0,0.1960
542,142.47,106,0.1960
543,206.14,139,0.1960
544,138.55,101,0.1960
545,192.26,128,0.1960
546,122.56,99,0.1960
547,103.57,79,0.1960
548,98.06,73,0.1960
549,140.98,100,0.1950
550,41.10,40,0.1950
551,0.00,0,0.1950
552,223.08,151,0.1950
553,211.41,142,0.1950
554,136.56,100,0.1950
555,138.20,101,0.1950
556,0.00,0,0.1950
557,168.27,120,0.1950
558,112.90,86,0.1950
559,138.21,100,0.1940
560,0.00,0,0.1940
561,0.41,1,0.1940
562,0.41,1,0.1940
563,0.41,1,0.1940
564,0.41,1,0.1940
565,0.41,1,0.1940
566,0.41,1,0.1940
567,0.41,1,0.1940
568,0.41,1,0.1940
569,0.41,1,0.1930
570,164.92,119,0.1930
571,370.57,239,0.1930
572,152.60,105,0.1930
573,133.51,96,0.1930
574,108.33,81,0.1930
575,174.47,124,0.1930
576,141.84,99,0.1930
577,0.00,0,0.1930
578,144.67,100,0.1930
579,0.00,0,0.1920
580,32.25,31,0.1920
581,221.65,149,0.1920
582,146.13,102,0.1920
583,196.19,140,0.1920
584,211.20,146,0.1920
585,129.15,93,0.1920
586,140.33,103,0.1920
587,163.11,116,0.1920
588,216.17,145,0.1920
589,208.14,140,0.1910
590,2.68,4,0.1910
591,176.12,123,0.1910
592,0.00,0,0.1910
593,172.53,125,0.1910
594,0.00,0,0.1910
595,125.11,90,0.1910
596,158.37,117,0.1910
597,53.37,46,0.1910
598,263.44,177,0.1910
599,119.63,92,0.1900
600,0.00,0,0.1900
601,0.41,1,0.1900
602,0.41,1,0.1900
603,0.41,1,0.1900
604,0.41,1,0.1900
605,0.41,1,0.1900
606,0.00,0,0.1900
607,0.41,1,0.1900
608,0.41,1,0.1900
609,0.41,1,0.1890
610,13.46,15,0.1890
611,150.48,106,0.1890
612,141.83,103,0.1890
613,163.98,115,0.1890
614,157.21,111,0.1890
615,151.18,110,0.1890
616,235.72,159,0.1890
617,0.00,0,0.1890
618,141.95,104,0.1890
619,132.58,98,0.1880
620,15.08,18,0.1880
621,103.03,82,0.1880
622,248.03,170,0.1880
623,149.57,103,0.1880
624,131.16,100,0.1880
625,143.76,108,0.1880
626,244.04,168,0.1880
627,150.64,108,0.1880
628,0.00,0,0.1880
629,122.39,90,0.1870
630,195.55,143,0.1870
631,173.61,124,0.1870
632,0.00,0,0.1870
633,143.48,102,0.1870
634,166.05,114,0.1870
635,0.00,0,0.1870
636,120.11,87,0.1870
637,154.25,107,0.1870
638,140.78,105,0.1870
639,113.36,85,0.1860
640,0.00,0,0.1860
641,144.48,107,0.1860
642,142.70,103,0.1860
643,128.28,97,0.1860
644,99.82,75,0.1860
645,124.91,97,0.1860
646,124.69,97,0.1860
647,174.68,121,0.1860
648,144.16,108,0.1860
649,108.39,82,0.1850
650,0.00,0,0.1850
651,0.41,1,0.1850
652,0.41,1,0.1850
653,0.41,1,0.1850
654,0.41,1,0.1850
655,0.41,1,0.1850
656,0.41,1,0.1850
657,0.41,1,0.1850
658,0.41,1,0.1850
659,0.41,1,0.1840
660,52.91,46,0.1840
661,0.00,0,0.1840
662,133.47,98,0.1840
663,217.65,146,0.1840
664,146.60,103,0.1840
665,0.00,0,0.1840
666,169.98,120,0.1840
667,157.74,109,0.1840
668,145.46,103,0.1840
669,169.19,118,0.1830
670,0.00,0,0.1830
671,0.41,1,0.1830
672,0.41,1,0.1830
673,0.41,1,0.1830
674,0.41,1,0.1830
675,0.41,1,0.1830
676,0.41,1,0.1830
677,0.41,1,0.1830
678,0.41,1,0.1830
679,0.41,1,0.1820
680,88.94,73,0.1820
681,142.41,102,0.1820
682,146.67,108,0.1820
683,119.39,89,0.1820
684,173.00,133,0.1820
685,130.35,93,0.1820
686,163.31,112,0.1820
687,127.00,90,0.1820
688,258.76,168,0.1820
689,0.00,0,0.1810
690,42.68,41,0.1810
691,126.80,99,0.1810
692,86.91,66,0.1810
693,0.00,0,0.1810
694,127.08,92,0.1810
695,0.00,0,0.1810
696,129.68,99,0.1810
697,128.76,93,0.1810
698,180.82,124,0.1810
699,162.20,113,0.1800
700,117.88,93,0.1800
701,0.00,0,0.1800
702,144.57,101,0.1800
703,0.00,0,0.1800
704,125.76,90,0.1800
705,183.06,137,0.1800
706,0.00,0,0.1800
707,119.13,93,0.1800
708,94.83,77,0.1800
709,243.70,166,0.1790
710,21.13,22,0.1790
711,0.00,0,0.1790
712,52.96,46,0.1790
713,110.21,80,0.1790
714,185.15,131,0.1790
715,185.21,131,0.1790
716,0.00,0,0.1790
717,139.60,101,0.1790
718,124.55,95,0.1790
719,228.65,154,0.1780
720,42.33,41,0.1780
721,140.13,97,0.1780
722,247.25,170,0.1780
723,124.09,92,0.1780
724,90.89,74,0.1780
725,138.44,102,0.1780
726,239.35,163,0.1780
727,104.78,75,0.1780
728,131.31,95,0.1780
729,149.83,111,0.1770
730,0.00,0,0.1770
731,107.63,86,0.1770
732,0.00,0,0.1770
733,173.28,131,0.1770
734,161.29,121,0.1770
735,0.00,0,0.1770
736,206.44,153,0.1770
737,130.65,105,0.1770
738,0.00,0,0.1770
739,137.48,101,0.1760
740,58.34,52,0.1760
741,112.42,82,0.1760
742,161.90,111,0.1760
743,123.63,91,0.1760
744,136.00,99,0.1760
745,65.31,56,0.1760
746,159.61,110,0.1760
747,157.86,110,0.1760
748,144.59,107,0.1760
749,141.33,105,0.1750
750,37.21,38,0.1750
751,110.56,83,0.1750
752,167.72,122,0.1750
753,168.83,119,0.1750
754,132.29,94,0.1750
755,136.20,98,0.1750
756,167.37,118,0.1750
757,123.67,91,0.1750
758,148.89,108,0.1750
759,114.99,85,0.1740
760,1.90,3,0.1740
761,115.70,93,0.1740
762,0.00,0,0.1740
763,140.50,105,0.1740
764,133.06,95,0.1740
765,168.55,121,0.1740
766,138.27,104,0.1740
767,99.44,74,0.1740
768,129.21,97,0.1740
769,150.49,109,0.1730
770,14.53,16,0.1730
771,0.00,0,0.1730
772,78.79,65,0.1730
773,146.20,108,0.1730
774,144.88,105,0.1730
775,139.97,99,0.1730
776,151.14,106,0.1730
777,130.55,98,0.1730
778,212.55,146,0.1730
779,133.31,99,0.1720
780,19.04,20,0.1720
781,155.80,109,0.1720
782,106.67,76,0.1720
783,138.62,95,0.1720
784,175.14,124,0.1720
785,118.06,85,0.1720
786,146.38,107,0.1720
787,143.60,104,0.1720
788,141.67,107,0.1720
789,0.00,0,0.1710
790,34.76,36,0.1710
791,221.04,155,0.1710
792,165.69,120,0.1710
793,172.91,126,0.1710
794,139.20,111,0.1710
795,0.00,0,0.1710
796,216.80,147,0.1710
797,0.00,0,0.1710
798,166.75,119,0.1710
799,258.13,169,0.1700
800,29.52,29,0.1700
801,120.71,87,0.1700
802,129.95,94,0.1700
803,131.50,94,0.1700
804,153.07,113,0.1700
805,200.07,133,0.1700
806,0.00,0,0.1700
807,125.90,87,0.1700
808,136.53,99,0.1700
809,133.26,99,0.1690
810,0.53,1,0.1690
811,188.81,131,0.1690
812,142.36,104,0.1690
813,200.23,142,0.1690
814,215.22,155,0.1690
815,0.00,0,0.1690
816,82.91,68,0.1690
817,60.85,51,0.1690
818,0.00,0,0.1690
819,225.41,158,0.1680
820,71.19,62,0.1680
821,145.89,103,0.1680
822,118.92,90,0.1680
823,183.70,123,0.1680
824,0.00,0,0.1680
825,123.51,93,0.1680
826,127.68,95,0.1680
827,117.93,87,0.1680
828,160.61,117,0.1680
829,0.00,0,0.1670
830,100.21,78,0.1670
831,147.50,109,0.1670
832,0.00,0,0.1670
833,135.31,98,0.1670
834,128.50,94,0.1670
835,99.90,71,0.1670
836,116.97,86,0.1670
837,135.00,99,0.1670
838,138.70,102,0.1670
839,155.74,110,0.1660
840,3.45,5,0.1660
841,196.79,142,0.1660
842,159.64,116,0.1660
843,243.12,167,0.1660
844,113.74,84,0.1660
845,135.01,100,0.1660
846,194.85,141,0.1660
847,174.80,129,0.1660
848,0.00,0,0.1660
849,150.20,109,0.1650
850,70.22,60,0.1650
851,138.19,101,0.1650
852,126.43,92,0.1650
853,128.09,93,0.1650
854,168.26,116,0.1650
855,0.00,0,0.1650
856,202.28,146,0.1650
857,110.40,79,0.1650
858,0.00,0,0.1650
859,353.88,231,0.1640
860,0.00,0,0.1640
861,0.40,1,0.1640
862,0.00,0,0.1640
863,0.41,1,0.1640
864,0.40,1,0.1640
865,0.40,1,0.1640
866,0.40,1,0.1640
867,0.40,1,0.1640
868,0.40,1,0.1640
869,0.40,1,0.1630
870,0.00,0,0.1630
871,0.41,1,0.1630
872,0.41,1,0.1630
873,0.41,1,0.1630
874,0.41,1,0.1630
875,0.42,1,0.1630
876,0.41,1,0.1630
877,0.41,1,0.1630
878,0.41,1,0.1630
879,0.41,1,0.1620
880,49.13,45,0.1620
881,0.00,0,0.1620
882,120.06,91,0.1620
883,134.11,96,0.1620
884,127.22,93,0.1620
885,155.82,111,0.1620
886,177.77,128,0.1620
887,201.74,148,0.1620
888,111.07,83,0.1620
889,144.68,109,0.1610
890,122.81,93,0.1610
891,111.60,84,0.1610
892,122.18,90,0.1610
893,142.34,101,0.1610
894,172.41,125,0.1610
895,131.07,99,0.1610
896,105.19,81,0.1610
897,102.86,77,0.1610
898,153.37,109,0.1610
899,113.02,85,0.1600
900,30.39,32,0.1600
901,0.00,0,0.1600
902,153.29,110,0.1600
903,145.57,110,0.1600
904,143.86,103,0.1600
905,167.82,116,0.1600
906,0.00,0,0.1600
907,287.88,200,0.1600
908,159.52,111,0.1600
909,124.72,95,0.1590
910,170.72,121,0.1590
911,142.15,105,0.1590
912,128.55,95,0.1590
913,212.13,144,0.1590
914,194.79,137,0.1590
915,225.56,162,0.1590
916,130.83,99,0.1590
917,141.77,98,0.1590
918,97.38,81,0.1590
919,204.27,153,0.1580
920,80.83,72,0.1580
921,0.00,0,0.1580
922,110.68,84,0.1580
923,0.00,0,0.1580
924,152.73,116,0.1580
925,187.93,128,0.1580
926,0.00,0,0.1580
927,155.84,110,0.1580
928,123.37,90,0.1580
929,246.94,168,0.1570
930,0.00,0,0.1570
931,0.41,1,0.1570
932,0.41,1,0.1570
933,0.40,1,0.1570
934,0.41,1,0.1570
935,0.40,1,0.1570
936,0.41,1,0.1570
937,0.40,1,0.1570
938,0.40,1,0.1570
939,0.41,1,0.1560
940,71.34,66,0.1560
941,89.37,68,0.1560
942,0.00,0,0.1560
943,150.01,112,0.1560
944,159.71,112,0.1560
945,0.00,0,0.1560
946,88.18,69,0.1560
947,119.65,88,0.1560
948,166.17,117,0.1560
949,155.65,108,0.1550
950,31.18,31,0.1550
951,0.00,0,0.1550
952,131.49,97,0.1550
953,88.78,74,0.1550
954,0.00,0,0.1550
955,190.01,134,0.1550
956,127.25,91,0.1550
957,151.93,103,0.1550
958,118.63,88,0.1550
959,133.03,100,0.1540
960,15.16,18,0.1540
961,0.00,0,0.1540
962,122.26,94,0.1540
963,126.46,97,0.1540
964,209.38,148,0.1540
965,135.73,100,0.1540
966,199.89,136,0.1540
967,123.27,94,0.1540
968,169.23,118,0.1540
969,182.20,133,0.1530
970,65.09,61,0.1530
971,165.50,121,0.1530
972,131.18,95,0.1530
973,116.98,88,0.1530
974,199.29,139,0.1530
975,107.36,81,0.1530
976,81.79,63,0.1530
977,0.00,0,0.1530
978,141.64,101,0.1530
979,0.00,0,0.1520
980,56.27,53,0.1520
981,102.29,78,0.1520
982,142.86,102,0.1520
983,322.48,225,0.1520
984,151.72,107,0.1520
985,0.00,0,0.1520
986,147.31,103,0.1520
987,143.92,108,0.1520
988,230.56,157,0.1520
989,102.98,78,0.1510
990,122.78,93,0.1510
991,110.56,85,0.1510
992,149.61,112,0.1510
993,0.00,0,0.1510
994,123.34,92,0.1510
995,128.77,96,0.1510
996,151.90,111,0.1510
997,201.39,142,0.1510
998,144.97,104,0.1510
999,165.37,122,0.1500
1000,24.68,27,0.1500
1001,139.45,102,0.1500
1002,210.29,144,0.1500
1003,112.73,85,0.1500
1004,106.56,80,0.1500
1005,129.34,93,0.1500
1006,82.83,65,0.1500
1007,132.24,95,0.1500
1008,117.69,89,0.1500
1009,123.51,89,0.1490
1010,30.43,34,0.1490
1011,88.83,69,0.1490
1012,137.28,106,0.1490
1013,175.08,129,0.1490
1014,0.00,0,0.1490
1015,613.57,381,0.1490
1016,175.76,121,0.1490
1017,149.33,105,0.1490
1018,0.00,0,0.1490
1019,259.06,179,0.1480
1020,38.54,39,0.1480
1021,65.63,54,0.1480
1022,0.00,0,0.1480
1023,195.34,136,0.1480
1024,193.28,137,0.1480
1025,139.20,101,0.1480
1026,140.22,104,0.1480
1027,115.06,85,0.1480
1028,255.92,175,0.1480
1029,165.14,119,0.1470
1030,29.02,32,0.1470
1031,116.68,85,0.1470
1032,295.05,202,0.1470
1033,168.71,120,0.1470
1034,120.25,92,0.1470
1035,216.72,145,0.1470
1036,188.41,134,0.1470
1037,156.41,113,0.1470
1038,519.85,331,0.1470
1039,107.13,82,0.1460
1040,207.34,150,0.1460
1041,202.35,145,0.1460
1042,146.53,109,0.1460
1043,195.57,135,0.1460
1044,0.00,0,0.1460
1045,220.36,153,0.1460
1046,116.48,86,0.1460
1047,132.96,97,0.1460
1048,112.70,84,0.1460
1049,161.95,110,0.1450
1050,12.24,14,0.1450
1051,267.22,182,0.1450
1052,166.54,116,0.1450
1053,0.00,0,0.1450
1054,112.87,84,0.1450
1055,0.00,0,0.1450
1056,108.63,85,0.1450
1057,134.88,96,0.1450
1058,212.71,148,0.1450
1059,0.00,0,0.1440
1060,70.30,59,0.1440
1061,275.97,186,0.1440
1062,118.52,86,0.1440
1063,157.58,112,0.1440
1064,0.00,0,0.1440
1065,115.56,87,0.1440
1066,0.00,0,0.1440
1067,213.31,146,0.1440
1068,124.95,92,0.1440
1069,93.01,70,0.1430
1070,4.22,6,0.1430
1071,0.00,0,0.1430
1072,114.37,86,0.1430
1073,137.60,99,0.1430
1074,228.07,159,0.1430
1075,162.44,113,0.1430
1076,0.00,0,0.1430
1077,111.37,87,0.1430
1078,119.60,90,0.1430
1079,104.96,79,0.1420
1080,45.58,43,0.1420
1081,133.94,97,0.1420
1082,98.11,76,0.1420
1083,151.21,108,0.1420
1084,121.21,89,0.1420
1085,161.98,117,0.1420
1086,150.96,107,0.1420
1087,0.00,0,0.1420
1088,114.51,84,0.1420
1089,126.19,94,0.1410
1090,26.18,26,0.1410
1091,0.00,0,0.1410
1092,156.21,117,0.1410
1093,128.44,93,0.1410
1094,84.80,63,0.1410
1095,168.43,120,0.1410
1096,131.62,96,0.1410
1097,180.05,129,0.1410
1098,223.34,152,0.1410
1099,114.58,86,0.1400
1100,53.31,47,0.1400
1101,170.96,123,0.1400
1102,104.80,75,0.1400
1103,183.73,126,0.1400
1104,108.95,79,0.1400
1105,182.99,129,0.1400
1106,131.42,95,0.1400
1107,110.85,82,0.1400
1108,147.32,103,0.1400
1109,129.19,94,0.1390
1110,16.04,19,0.1390
1111,117.00,90,0.1390
1112,150.44,110,0.1390
1113,204.51,145,0.1390
1114,119.79,92,0.1390
1115,83.29,65,0.1390
1116,177.93,126,0.1390
1117,104.58,80,0.1390
1118,113.58,87,0.1390
1119,131.62,95,0.1380
1120,0.00,0,0.1380
1121,155.88,112,0.1380
1122,103.21,82,0.1380
1123,117.85,87,0.1380
1124,124.06,92,0.1380
1125,103.54,75,0.1380
1126,0.00,0,0.1380
1127,139.60,99,0.1380
1128,122.73,90,0.1380
1129,137.17,97,0.1370
1130,0.00,0,0.1370
1131,127.60,91,0.1370
1132,149.25,103,0.1370
1133,138.20,98,0.1370
1134,149.09,106,0.1370
1135,150.83,106,0.1370
1136,0.00,0,0.1370
1137,120.39,90,0.1370
1138,123.18,91,0.1370
1139,141.83,100,0.1360
1140,0.00,0,0.1360
1141,0.41,1,0.1360
1142,0.41,1,0.1360
1143,0.41,1,0.1360
1144,0.41,1,0.1360
1145,0.41,1,0.1360
1146,0.41,1,0.1360
1147,0.41,1,0.1360
1148,0.00,0,0.1360
1149,0.41,1,0.1350
1150,84.01,70,0.1350
1151,0.00,0,0.1350
1152,106.38,82,0.1350
1153,100.63,77,0.1350
1154,96.67,68,0.1350
1155,123.36,88,0.1350
1156,114.97,85,0.1350
1157,102.81,76,0.1350
1158,0.00,0,0.1350
1159,121.46,91,0.1340
1160,30.96,33,0.1340
1161,200.17,138,0.1340
1162,0.00,0,0.1340
1163,114.13,89,0.1340
1164,98.07,75,0.1340
1165,129.61,98,0.1340
1166,0.00,0,0.1340
1167,106.43,83,0.1340
1168,98.93,75,0.1340
1169,128.33,98,0.1330
1170,0.46,1,0.1330
1171,91.32,69,0.1330
1172,0.00,0,0.1330
1173,119.32,84,0.1330
1174,163.04,118,0.1330
1175,123.96,90,0.1330
1176,83.20,63,0.1330
1177,0.00,0,0.1330
1178,159.33,113,0.1330
1179,112.35,87,0.1320
1180,35.68,34,0.1320
1181,144.36,101,0.1320
1182,158.53,116,0.1320
1183,156.48,109,0.1320
1184,104.91,81,0.1320
1185,108.21,84,0.1320
1186,114.76,86,0.1320
1187,91.29,66,0.1320
1188,138.24,109,0.1320
1189,192.74,134,0.1310
1190,8.23,10,0.1310
1191,91.86,66,0.1310
1192,121.21,90,0.1310
1193,101.99,76,0.1310
1194,101.73,79,0.1310
1195,109.23,83,0.1310
1196,114.77,84,0.1310
1197,91.15,69,0.1310
1198,105.59,81,0.1310
1199,236.86,168,0.1300
1200,64.63,52,0.1300
1201,0.00,0,0.1300
1202,197.88,142,0.1300
1203,0.00,0,0.1300
1204,132.09,95,0.1300
1205,0.00,0,0.1300
1206,99.87,75,0.1300
1207,127.39,94,0.1300
1208,0.00,0,0.1300
1209,129.82,96,0.1290
1210,24.15,25,0.1290
1211,141.55,101,0.1290
1212,221.82,152,0.1290
1213,0.00,0,0.1290
1214,168.82,117,0.1290
1215,107.30,81,0.1290
1216,110.83,83,0.1290
1217,108.37,80,0.1290
1218,98.93,76,0.1290
1219,123.31,93,0.1280
1220,1.20,2,0.1280
1221,182.97,131,0.1280
1222,111.87,88,0.1280
1223,110.13,82,0.1280
1224,94.44,77,0.1280
1225,159.58,121,0.1280
1226,0.00,0,0.1280
1227,120.10,95,0.1280
1228,142.88,106,0.1280
1229,137.42,104,0.1270
1230,37.51,36,0.1270
1231,118.25,88,0.1270
1232,188.28,135,0.1270
1233,309.83,211,0.1270
1234,104.05,78,0.1270
1235,86.01,68,0.1270
1236,140.99,101,0.1270
1237,131.38,97,0.1270
1238,0.00,0,0.1270
1239,139.28,102,0.1260
1240,9.90,12,0.1260
1241,220.46,149,0.1260
1242,128.39,92,0.1260
1243,176.86,121,0.1260
1244,113.89,88,0.1260
1245,150.81,104,0.1260
1246,107.58,83,0.1260
1247,198.96,142,0.1260
1248,97.88,76,0.1260
1249,0.00,0,0.1250
1250,86.91,77,0.1250
1251,133.26,94,0.1250
1252,137.62,100,0.1250
1253,135.88,97,0.1250
1254,129.84,96,0.1250
1255,183.09,127,0.1250
1256,0.00,0,0.1250
1257,104.06,74,0.1250
1258,112.66,86,0.1250
1259,142.22,103,0.1240
1260,7.62,10,0.1240
1261,114.38,88,0.1240
1262,126.99,95,0.1240
1263,103.28,78,0.1240
1264,218.23,154,0.1240
1265,96.93,72,0.1240
1266,107.50,80,0.1240
1267,94.41,70,0.1240
1268,99.57,77,0.1240
1269,243.05,168,0.1230
1270,0.00,0,0.1230
1271,0.41,1,0.1230
1272,0.00,0,0.1230
1273,0.41,1,0.1230
1274,0.41,1,0.1230
1275,0.00,0,0.1230
1276,0.41,1,0.1230
1277,0.41,1,0.1230
1278,0.41,1,0.1230
1279,0.41,1,0.1220
1280,111.23,78,0.1220
1281,108.08,84,0.1220
1282,197.63,141,0.1220
1283,147.98,109,0.1220
1284,115.46,87,0.1220
1285,200.49,138,0.1220
1286,0.00,0,0.1220
1287,107.81,80,0.1220
1288,143.06,101,0.1220
1289,140.80,100,0.1210
1290,36.25,38,0.1210
1291,159.09,121,0.1210
1292,108.20,83,0.1210
1293,176.08,126,0.1210
1294,106.38,79,0.1210
1295,115.13,86,0.1210
1296,120.02,88,0.1210
1297,143.73,102,0.1210
1298,134.18,97,0.1210
1299,110.54,83,0.1200
1300,13.34,15,0.1200
1301,103.15,76,0.1200
1302,128.30,93,0.1200
1303,0.00,0,0.1200
1304,156.01,114,0.1200
1305,149.58,104,0.1200
1306,99.88,75,0.1200
1307,151.77,110,0.1200
1308,164.57,115,0.1200
1309,138.84,102,0.1190
1310,35.78,37,0.1190
1311,144.65,101,0.1190
1312,124.36,98,0.1190
1313,170.53,124,0.1190
1314,114.56,87,0.1190
1315,99.85,78,0.1190
1316,106.60,81,0.1190
1317,154.94,109,0.1190
1318,104.65,78,0.1190
1319,94.15,73,0.1180
1320,34.89,36,0.1180
1321,109.18,81,0.1180
1322,198.69,137,0.1180
1323,236.31,159,0.1180
1324,230.00,157,0.1180
1325,180.55,128,0.1180
1326,146.43,105,0.1180
1327,0.00,0,0.1180
1328,127.68,95,0.1180
1329,197.46,139,0.1170
1330,36.55,38,0.1170
1331,170.14,120,0.1170
1332,0.00,0,0.1170
1333,194.23,132,0.1170
1334,105.98,81,0.1170
1335,105.02,75,0.1170
1336,97.46,70,0.1170
1337,203.19,140,0.1170
1338,145.90,103,0.1170
1339,93.06,73,0.1160
1340,0.00,0,0.1160
1341,0.41,1,0.1160
1342,0.41,1,0.1160
1343,0.40,1,0.1160
1344,0.40,1,0.1160
1345,0.41,1,0.1160
1346,0.40,1,0.1160
1347,0.41,1,0.1160
1348,0.41,1,0.1160
1349,0.40,1,0.1150
1350,91.46,74,0.1150
1351,121.16,86,0.1150
1352,198.62,138,0.1150
1353,219.50,149,0.1150
1354,0.00,0,0.1150
1355,109.98,78,0.1150
1356,138.59,99,0.1150
1357,119.90,90,0.1150
1358,164.63,119,0.1150
1359,120.39,86,0.1140
1360,134.68,103,0.1140
1361,0.00,0,0.1140
1362,129.93,93,0.1140
1363,105.10,78,0.1140
1364,100.90,79,0.1140
1365,214.28,154,0.1140
1366,0.00,0,0.1140
1367,116.01,89,0.1140
1368,106.98,81,0.1140
1369,108.40,81,0.1130
1370,0.00,0,0.1130
1371,0.41,1,0.1130
1372,0.41,1,0.1130
1373,0.41,1,0.1130
1374,0.41,1,0.1130
1375,0.40,1,0.1130
1376,0.41,1,0.1130
1377,0.41,1,0.1130
1378,0.40,1,0.1130
1379,0.41,1,0.1120
1380,9.56,11,0.1120
1381,128.32,95,0.1120
1382,115.80,83,0.1120
1383,0.00,0,0.1120
1384,116.25,88,0.1120
1385,159.19,114,0.1120
1386,168.29,124,0.1120
1387,108.87,82,0.1120
1388,167.63,113,0.1120
1389,0.00,0,0.1110
1390,41.69,39,0.1110
1391,150.78,106,0.1110
1392,130.10,97,0.1110
1393,135.82,93,0.1110
1394,0.00,0,0.1110
1395,109.22,80,0.1110
1396,0.00,0,0.1110
1397,112.38,81,0.1110
1398,136.02,99,0.1110
1399,148.60,103,0.1100
1400,0.55,1,0.1100
1401,218.10,151,0.1100
1402,0.00,0,0.1100
1403,111.06,85,0.1100
1404,118.72,90,0.1100
1405,105.79,85,0.1100
1406,127.94,95,0.1100
1407,119.48,90,0.1100
1408,128.53,94,0.1100
1409,201.43,138,0.1090
1410,0.00,0,0.1090
1411,0.40,1,0.1090
1412,0.40,1,0.1090
1413,0.00,0,0.1090
1414,0.40,1,0.1090
1415,0.40,1,0.1090
1416,0.00,0,0.1090
1417,0.40,1,0.1090
1418,0.40,1,0.1090
1419,0.40,1,0.1080
1420,0.00,0,0.1080
1421,0.41,1,0.1080
1422,0.40,1,0.1080
1423,0.41,1,0.1080
1424,0.40,1,0.1080
1425,0.40,1,0.1080
1426,0.41,1,0.1080
1427,0.41,1,0.1080
1428,0.40,1,0.1080
1429,0.41,1,0.1070
1430,0.00,0,0.1070
1431,0.41,1,0.1070
1432,0.41,1,0.1070
1433,0.00,0,0.1070
1434,0.41,1,0.1070
1435,0.41,1,0.1070
1436,0.41,1,0.1070
1437,0.00,0,0.1070
1438,0.41,1,0.1070
1439,0.41,1,0.1060
1440,44.46,43,0.1060
1441,104.49,78,0.1060
1442,0.00,0,0.1060
1443,148.38,103,0.1060
1444,0.00,0,0.1060
1445,187.88,128,0.1060
1446,0.00,0,0.1060
1447,114.49,83,0.1060
1448,111.66,81,0.1060
1449,107.88,77,0.1050
1450,0.52,1,0.1050
1451,0.00,0,0.1050
1452,105.19,78,0.1050
1453,158.35,112,0.1050
1454,129.41,95,0.1050
1455,109.24,80,0.1050
1456,0.00,0,0.1050
1457,96.33,76,0.1050
1458,101.79,79,0.1050
1459,156.24,111,0.1040
1460,0.00,0,0.1040
1461,0.40,1,0.1040
1462,0.40,1,0.1040
1463,0.41,1,0.1040
1464,0.40,1,0.1040
1465,0.41,1,0.1040
1466,0.40,1,0.1040
1467,0.41,1,0.1040
1468,0.40,1,0.1040
1469,0.40,1,0.1030
1470,0.00,0,0.1030
1471,0.40,1,0.1030
1472,0.00,0,0.1030
1473,0.41,1,0.1030
1474,0.41,1,0.1030
1475,0.41,1,0.1030
1476,0.41,1,0.1030
1477,0.41,1,0.1030
1478,0.40,1,0.1030
1479,0.41,1,0.1020
1480,14.12,17,0.1020
1481,0.00,0,0.1020
1482,107.90,79,0.1020
1483,105.89,77,0.1020
1484,0.00,0,0.1020
1485,205.63,156,0.1020
1486,154.98,108,0.1020
1487,0.00,0,0.1020
1488,156.72,113,0.1020
1489,98.21,74,0.1010
1490,92.38,74,0.1010
1491,131.01,94,0.1010
1492,0.00,0,0.1010
1493,105.34,78,0.1010
1494,0.00,0,0.1010
1495,215.54,145,0.1010
1496,118.49,86,0.1010
1497,125.34,92,0.1010
1498,227.68,160,0.1010
1499,146.08,102,0.1000
1500,14.26,17,0.1000
1501,87.89,67,0.1000
1502,128.70,92,0.1000
1503,128.01,88,0.1000
1504,146.38,107,0.1000
1505,152.66,109,0.1000
1506,165.28,117,0.1000
1507,0.00,0,0.1000
1508,331.51,214,0.1000
1509,115.20,85,0.0990
1510,0.54,1,0.0990
1511,153.38,110,0.0990
1512,0.00,0,0.0990
1513,133.59,99,0.0990
1514,117.35,86,0.0990
1515,118.14,89,0.0990
1516,137.35,103,0.0990
1517,112.97,85,0.0990
1518,106.82,78,0.0990
1519,215.93,151,0.0980
1520,17.25,18,0.0980
1521,181.34,128,0.0980
1522,213.10,146,0.0980
1523,0.00,0,0.0980
1524,107.16,81,0.0980
1525,0.00,0,0.0980
1526,187.82,129,0.0980
1527,0.00,0,0.0980
1528,131.35,95,0.0980
1529,0.00,0,0.0970
1530,89.60,74,0.0970
1531,111.60,83,0.0970
1532,128.10,90,0.0970
1533,151.73,107,0.0970
1534,213.20,148,0.0970
1535,156.90,111,0.0970
1536,112.35,80,0.0970
1537,106.07,79,0.0970
1538,198.34,139,0.0970
1539,0.00,0,0.0960
1540,35.95,36,0.0960
1541,111.63,80,0.0960
1542,234.75,169,0.0960
1543,108.01,81,0.0960
1544,166.58,115,0.0960
1545,123.53,89,0.0960
1546,198.29,134,0.0960
1547,207.12,138,0.0960
1548,209.90,144,0.0960
1549,0.00,0,0.0950
1550,54.63,48,0.0950
1551,116.45,88,0.0950
1552,0.00,0,0.0950
1553,116.85,86,0.0950
1554,147.85,110,0.0950
1555,117.07,89,0.0950
1556,84.84,63,0.0950
1557,0.00,0,0.0950
1558,154.70,111,0.0950
1559,116.43,88,0.0940
1560,0.00,0,0.0940
1561,131.10,98,0.0940
1562,235.75,160,0.0940
1563,0.00,0,0.0940
1564,103.80,82,0.0940
1565,93.32,73,0.0940
1566,85.97,66,0.0940
1567,144.60,107,0.0940
1568,0.00,0,0.0940
1569,99.69,75,0.0930
1570,49.22,45,0.0930
1571,127.65,96,0.0930
1572,113.92,84,0.0930
1573,188.30,130,0.0930
1574,104.88,78,0.0930
1575,0.00,0,0.0930
1576,203.45,141,0.0930
1577,0.00,0,0.0930
1578,186.47,128,0.0930
1579,180.23,125,0.0920
1580,23.24,26,0.0920
1581,318.26,213,0.0920
1582,103.01,76,0.0920
1583,110.72,80,0.0920
1584,111.86,85,0.0920
1585,207.80,143,0.0920
1586,55.09,48,0.0920
1587,0.00,0,0.0920
1588,163.75,115,0.0920
1589,133.40,99,0.0910
1590,13.12,16,0.0910
1591,0.00,0,0.0910
1592,115.40,84,0.0910
1593,140.70,100,0.0910
1594,142.82,104,0.0910
1595,129.74,95,0.0910
1596,110.71,80,0.0910
1597,137.75,101,0.0910
1598,95.88,71,0.0910
1599,200.67,144,0.0900
1600,98.50,77,0.0900
1601,0.00,0,0.0900
1602,104.07,77,0.0900
1603,181.23,125,0.0900
1604,105.78,76,0.0900
1605,0.00,0,0.0900
1606,141.48,101,0.0900
1607,151.78,109,0.0900
1608,120.28,91,0.0900
1609,207.60,142,0.0890
1610,75.66,61,0.0890
1611,231.77,162,0.0890
1612,153.77,112,0.0890
1613,115.20,81,0.0890
1614,95.65,71,0.0890
1615,114.48,85,0.0890
1616,114.30,86,0.0890
1617,142.85,101,0.0890
1618,92.77,72,0.0890
1619,150.02,108,0.0880
1620,31.81,32,0.0880
1621,104.40,79,0.0880
1622,0.00,0,0.0880
1623,142.56,100,0.0880
1624,108.94,81,0.0880
1625,133.26,96,0.0880
1626,175.22,123,0.0880
1627,0.00,0,0.0880
1628,109.87,82,0.0880
1629,122.22,88,0.0870
1630,0.00,0,0.0870
1631,0.41,1,0.0870
1632,0.00,0,0.0870
1633,0.41,1,0.0870
1634,0.41,1,0.0870
1635,0.41,1,0.0870
1636,0.00,0,0.0870
1637,0.41,1,0.0870
1638,0.41,1,0.0870
1639,0.41,1,0.0860
1640,99.90,78,0.0860
1641,0.00,0,0.0860
1642,115.03,86,0.0860
1643,193.85,139,0.0860
1644,0.00,0,0.0860
1645,110.08,80,0.0860
1646,119.32,85,0.0860
1647,138.48,102,0.0860
1648,115.22,83,0.0860
1649,147.42,108,0.0850
1650,7.53,10,0.0850
1651,109.05,86,0.0850
1652,105.51,85,0.0850
1653,135.18,98,0.0850
1654,103.80,81,0.0850
1655,0.00,0,0.0850
1656,127.10,93,0.0850
1657,56.52,47,0.0850
1658,88.45,68,0.0850
1659,0.00,0,0.0840
1660,108.81,84,0.0840
1661,189.94,132,0.0840
1662,134.82,92,0.0840
1663,128.59,93,0.0840
1664,0.00,0,0.0840
1665,128.66,95,0.0840
1666,133.44,97,0.0840
1667,116.33,83,0.0840
1668,169.53,122,0.0840
1669,119.09,84,0.0830
1670,17.22,20,0.0830
1671,103.74,79,0.0830
1672,144.00,104,0.0830
1673,218.82,149,0.0830
1674,125.96,96,0.0830
1675,181.74,126,0.0830
1676,223.34,150,0.0830
1677,0.00,0,0.0830
1678,139.26,101,0.0830
1679,156.22,108,0.0820
1680,21.04,24,0.0820
1681,103.69,76,0.0820
1682,151.39,105,0.0820
1683,179.80,124,0.0820
1684,128.64,94,0.0820
1685,134.48,97,0.0820
1686,109.14,83,0.0820
1687,134.31,98,0.0820
1688,115.86,88,0.0820
1689,117.84,85,0.0810
1690,54.35,48,0.0810
1691,116.72,86,0.0810
1692,128.03,93,0.0810
1693,126.96,95,0.0810
1694,133.03,98,0.0810
1695,113.95,88,0.0810
1696,187.49,136,0.0810
1697,222.69,154,0.0810
1698,193.34,134,0.0810
1699,0.00,0,0.0800
1700,91.15,71,0.0800
1701,0.00,0,0.0800
1702,161.17,112,0.0800
1703,0.00,0,0.0800
1704,138.39,100,0.0800
1705,184.56,130,0.0800
1706,103.64,77,0.0800
1707,71.93,60,0.0800
1708,0.00,0,0.0800
1709,113.75,84,0.0800
1710,0.00,0,0.0800
1711,93.48,70,0.0800
1712,0.00,0,0.0800
1713,276.97,188,0.0800
1714,124.80,94,0.0800
1715,123.44,94,0.0800
1716,109.03,78,0.0800
1717,147.41,104,0.0800
1718,118.65,86,0.0800
1719,162.81,114,0.0800
1720,0.00,0,0.0800
1721,0.41,1,0.0800
1722,0.41,1,0.0800
1723,0.41,1,0.0800
1724,0.41,1,0.0800
1725,0.41,1,0.0800
1726,0.41,1,0.0800
1727,0.40,1,0.0800
1728,0.41,1,0.0800
1729,0.41,1,0.0800
1730,12.31,15,0.0800
1731,217.43,148,0.0800
1732,104.54,78,0.0800
1733,0.00,0,0.0800
1734,272.74,185,0.0800
1735,108.31,83,0.0800
1736,134.63,96,0.0800
1737,173.35,123,0.0800
1738,113.80,86,0.0800
1739,112.89,89,0.0800
1740,0.00,0,0.0800
1741,0.41,1,0.0800
1742,0.41,1,0.0800
1743,0.41,1,0.0800
1744,0.41,1,0.0800
1745,0.41,1,0.0800
1746,0.41,1,0.0800
1747,0.41,1,0.0800
1748,0.41,1,0.0800
1749,0.41,1,0.0800
1750,34.30,32,0.0800
1751,0.00,0,0.0800
1752,230.73,154,0.0800
1753,0.00,0,0.0800
1754,114.01,86,0.0800
1755,184.46,126,0.0800
1756,144.46,102,0.0800
1757,121.88,92,0.0800
1758,110.53,83,0.0800
1759,225.64,150,0.0800
1760,12.08,15,0.0800
1761,91.56,67,0.0800
1762,113.57,86,0.0800
1763,134.11,99,0.0800
1764,152.94,109,0.0800
1765,126.19,93,0.0800
1766,156.03,112,0.0800
1767,211.30,142,0.0800
1768,0.00,0,0.0800
1769,90.08,66,0.0800
1770,0.00,0,0.0800
1771,0.41,1,0.0800
1772,0.42,1,0.0800
1773,0.41,1,0.0800
1774,0.41,1,0.0800
1775,0.41,1,0.0800
1776,0.41,1,0.0800
1777,0.00,0,0.0800
1778,0.41,1,0.0800
1779,0.41,1,0.0800
1780,104.85,82,0.0800
1781,66.38,57,0.0800
1782,119.85,85,0.0800
1783,157.13,114,0.0800
1784,155.23,113,0.0800
1785,0.00,0,0.0800
1786,114.96,82,0.0800
1787,139.12,100,0.0800
1788,124.28,88,0.0800
1789,124.62,93,0.0800
1790,1.95,3,0.0800
1791,120.41,93,0.0800
1792,139.90,102,0.0800
1793,143.93,103,0.0800
1794,121.55,90,0.0800
1795,190.58,135,0.0800
1796,0.00,0,0.0800
1797,100.20,76,0.0800
1798,120.94,91,0.0800
1799,124.26,91,0.0800
1800,86.21,69,0.0800
1801,0.00,0,0.0800
1802,129.35,97,0.0800
1803,201.27,137,0.0800
1804,147.85,104,0.0800
1805,131.79,95,0.0800
1806,177.18,124,0.0800
1807,0.00,0,0.0800
1808,161.07,119,0.0800
1809,120.10,91,0.0800
1810,81.44,65,0.0800
1811,188.33,132,0.0800
1812,83.79,67,0.0800
1813,138.99,100,0.0800
1814,162.39,117,0.0800
1815,164.85,117,0.0800
1816,122.68,91,0.0800
1817,73.39,62,0.0800
1818,150.59,109,0.0800
1819,243.64,168,0.0800
1820,24.14,26,0.0800
1821,0.00,0,0.0800
1822,133.79,96,0.0800
1823,0.00,0,0.0800
1824,169.40,126,0.0800
1825,0.00,0,0.0800
1826,149.41,109,0.0800
1827,119.18,90,0.0800
1828,131.66,95,0.0800
1829,194.42,139,0.0800
1830,36.60,38,0.0800
1831,130.02,93,0.0800
1832,112.00,85,0.0800
1833,0.00,0,0.0800
1834,99.54,76,0.0800
1835,204.50,137,0.0800
1836,0.00,0,0.0800
1837,172.95,122,0.0800
1838,117.72,88,0.0800
1839,100.86,78,0.0800
1840,17.46,21,0.0800
1841,0.00,0,0.0800
1842,144.03,105,0.0800
1843,106.08,82,0.0800
1844,135.84,97,0.0800
1845,0.00,0,0.0800
1846,118.08,89,0.0800
1847,173.06,122,0.0800
1848,97.20,73,0.0800
1849,107.18,82,0.0800
1850,0.49,1,0.0800
1851,0.00,0,0.0800
1852,197.93,145,0.0800
1853,94.88,78,0.0800
1854,112.90,88,0.0800
1855,172.72,128,0.0800
1856,96.40,76,0.0800
1857,133.00,99,0.0800
1858,99.32,80,0.0800
1859,126.75,97,0.0800
1860,35.21,35,0.0800
1861,113.71,88,0.0800
1862,127.02,95,0.0800
1863,128.48,95,0.0800
1864,105.37,80,0.0800
1865,107.30,81,0.0800
1866,0.00,0,0.0800
1867,64.90,56,0.0800
1868,136.96,100,0.0800
1869,110.91,85,0.0800
1870,130.36,99,0.0800
1871,160.49,113,0.0800
1872,0.00,0,0.0800
1873,134.75,102,0.0800
1874,171.73,127,0.0800
1875,0.00,0,0.0800
1876,106.60,82,0.0800
1877,92.79,71,0.0800
1878,111.26,82,0.0800
1879,138.87,102,0.0800
1880,48.78,48,0.0800
1881,74.50,62,0.0800
1882,104.44,77,0.0800
1883,105.22,77,0.0800
1884,0.00,0,0.0800
1885,112.09,83,0.0800
1886,189.60,130,0.0800
1887,122.85,89,0.0800
1888,0.00,0,0.0800
1889,120.70,88,0.0800
1890,29.76,32,0.0800
1891,124.35,92,0.0800
1892,134.24,97,0.0800
1893,143.66,101,0.0800
1894,137.60,99,0.0800
1895,188.65,132,0.0800
1896,123.11,89,0.0800
1897,46.85,43,0.0800
1898,0.00,0,0.0800
1899,53.23,48,0.0800
1900,20.68,21,0.0800
1901,0.00,0,0.0800
1902,246.28,172,0.0800
1903,106.20,80,0.0800
1904,129.67,98,0.0800
1905,84.50,64,0.0800
1906,100.12,78,0.0800
1907,107.32,83,0.0800
1908,94.05,68,0.0800
1909,154.07,109,0.0800
1910,4.28,6,0.0800
1911,109.31,83,0.0800
1912,112.13,87,0.0800
1913,86.70,68,0.0800
1914,0.00,0,0.0800
1915,108.85,84,0.0800
1916,150.20,108,0.0800
1917,0.00,0,0.0800
1918,144.09,109,0.0800
1919,0.00,0,0.0800
1920,31.59,30,0.0800
1921,117.59,87,0.0800
1922,201.65,140,0.0800
1923,104.11,75,0.0800
1924,192.47,134,0.0800
1925,187.08,131,0.0800
1926,111.50,82,0.0800
1927,118.80,88,0.0800
1928,124.32,89,0.0800
1929,135.71,96,0.0800
1930,0.00,0,0.0800
1931,116.16,92,0.0800
1932,75.01,63,0.0800
1933,180.14,142,0.0800
1934,0.00,0,0.0800
1935,157.61,122,0.0800
1936,0.00,0,0.0800
1937,129.82,103,0.0800
1938,0.00,0,0.0800
1939,115.85,95,0.0800
1940,75.81,62,0.0800
1941,0.00,0,0.0800
1942,77.55,65,0.0800
1943,97.31,76,0.0800
1944,197.33,136,0.0800
1945,129.67,94,0.0800
1946,207.61,141,0.0800
1947,97.95,71,0.0800
1948,0.00,0,0.0800
1949,108.73,82,0.0800
1950,2.71,4,0.0800
1951,96.57,78,0.0800
1952,105.34,83,0.0800
1953,226.68,162,0.0800
1954,150.79,110,0.0800
1955,112.16,85,0.0800
1956,0.00,0,0.0800
1957,155.49,115,0.0800
1958,81.66,65,0.0800
1959,131.20,100,0.0800
1960,2.67,4,0.0800
1961,127.15,91,0.0800
1962,112.99,86,0.0800
1963,153.55,110,0.0800
1964,80.59,62,0.0800
1965,135.44,96,0.0800
1966,203.11,136,0.0800
1967,0.00,0,0.0800
1968,223.69,152,0.0800
1969,120.43,90,0.0800
1970,91.97,74,0.0800
1971,131.61,98,0.0800
1972,232.00,159,0.0800
1973,105.29,81,0.0800
1974,131.63,97,0.0800
1975,0.00,0,0.0800
1976,90.00,70,0.0800
1977,107.89,81,0.0800
1978,102.61,78,0.0800
1979,145.94,104,0.0800
1980,0.00,0,0.0800
1981,0.41,1,0.0800
1982,0.41,1,0.0800
1983,0.41,1,0.0800
1984,0.41,1,0.0800
1985,0.41,1,0.0800
1986,0.41,1,0.0800
1987,0.41,1,0.0800
1988,0.41,1,0.0800
1989,0.41,1,0.0800
1990,144.26,102,0.0800
1991,0.00,0,0.0800
1992,92.61,70,0.0800
1993,0.00,0,0.0800
1994,156.23,111,0.0800
1995,176.67,123,0.0800
1996,130.66,95,0.0800
1997,136.46,98,0.0800
1998,124.80,91,0.0800
1999,126.65,92,0.0800
2000,20.18,23,0.0800
2001,0.00,0,0.0800
2002,181.50,133,0.0800
2003,110.85,84,0.0800
2004,160.77,120,0.0800
2005,127.34,90,0.0800
2006,147.67,111,0.0800
2007,91.18,69,0.0800
2008,196.59,138,0.0800
2009,182.23,127,0.0800
2010,10.31,12,0.0800
2011,0.00,0,0.0800
2012,120.54,89,0.0800
2013,145.98,102,0.0800
2014,116.84,88,0.0800
2015,143.40,102,0.0800
2016,178.53,127,0.0800
2017,136.52,95,0.0800
2018,252.48,174,0.0800
2019,104.21,80,0.0800
2020,0.00,0,0.0800
2021,0.00,0,0.0800
2022,102.69,84,0.0800
2023,157.20,115,0.0800
2024,144.97,109,0.0800
2025,136.90,103,0.0800
2026,0.00,0,0.0800
2027,92.28,77,0.0800
2028,152.52,114,0.0800
2029,168.54,130,0.0800
2030,27.99,30,0.0800
2031,124.47,93,0.0800
2032,0.00,0,0.0800
2033,129.36,95,0.0800
2034,116.26,86,0.0800
2035,110.20,83,0.0800
2036,143.06,101,0.0800
2037,108.74,83,0.0800
2038,175.51,128,0.0800
2039,0.00,0,0.0800
2040,62.20,52,0.0800
2041,0.00,0,0.0800
2042,96.81,73,0.0800
2043,158.99,116,0.0800
2044,137.46,102,0.0800
2045,104.89,79,0.0800
2046,195.17,129,0.0800
2047,263.90,186,0.0800
2048,115.95,89,0.0800
2049,170.00,117,0.0800
2050,52.78,44,0.0800
2051,141.75,104,0.0800
2052,149.88,109,0.0800
2053,111.88,84,0.0800
2054,102.51,74,0.0800
2055,96.54,74,0.0800
2056,100.35,76,0.0800
2057,130.84,93,0.0800
2058,143.72,102,0.0800
2059,144.92,103,0.0800
2060,33.57,36,0.0800
2061,163.71,122,0.0800
2062,120.68,92,0.0800
2063,132.16,95,0.0800
2064,0.00,0,0.0800
2065,123.09,94,0.0800
2066,184.96,133,0.0800
2067,106.63,81,0.0800
2068,72.67,61,0.0800
2069,0.00,0,0.0800
2070,24.85,26,0.0800
2071,0.00,0,0.0800
2072,94.23,70,0.0800
2073,87.73,68,0.0800
2074,129.24,97,0.0800
2075,148.62,105,0.0800
2076,0.00,0,0.0800
2077,120.60,89,0.0800
2078,0.00,0,0.0800
2079,139.78,100,0.0800
2080,9.50,12,0.0800
2081,101.83,76,0.0800
2082,0.00,0,0.0800
2083,151.05,108,0.0800
2084,81.44,60,0.0800
2085,232.97,170,0.0800
2086,0.00,0,0.0800
2087,104.55,80,0.0800
2088,138.99,102,0.0800
2089,0.00,0,0.0800
2090,24.18,25,0.0800
2091,137.28,99,0.0800
2092,0.00,0,0.0800
2093,142.90,104,0.0800
2094,186.28,131,0.0800
2095,123.36,92,0.0800
2096,114.62,87,0.0800
2097,251.56,179,0.0800
2098,63.26,52,0.0800
2099,0.00,0,0.0800
2100,51.80,47,0.0800
2101,137.48,101,0.0800
2102,140.70,100,0.0800
2103,128.13,91,0.0800
2104,161.81,114,0.0800
2105,0.00,0,0.0800
2106,111.53,83,0.0800
2107,119.21,88,0.0800
2108,162.78,118,0.0800
2109,166.89,116,0.0800
2110,6.06,8,0.0800
2111,92.80,70,0.0800
2112,96.81,73,0.0800
2113,287.57,199,0.0800
2114,0.00,0,0.0800
2115,108.06,84,0.0800
2116,132.08,95,0.0800
2117,185.50,128,0.0800
2118,102.50,75,0.0800
2119,67.74,52,0.0800
2120,21.79,24,0.0800
2121,58.65,47,0.0800
2122,107.41,79,0.0800
2123,150.82,107,0.0800
2124,104.87,81,0.0800
2125,114.62,88,0.0800
2126,75.71,60,0.0800
2127,0.00,0,0.0800
2128,107.35,84,0.0800
2129,106.14,81,0.0800
2130,50.29,49,0.0800
2131,116.62,87,0.0800
2132,191.95,137,0.0800
2133,123.39,96,0.0800
2134,142.74,102,0.0800
2135,85.58,72,0.0800
2136,108.00,85,0.0800
2137,151.64,112,0.0800
2138,0.00,0,0.0800
2139,69.91,56,0.0800
2140,0.00,0,0.0800
2141,0.41,1,0.0800
2142,0.41,1,0.0800
2143,0.41,1,0.0800
2144,0.41,1,0.0800
2145,0.41,1,0.0800
2146,0.41,1,0.0800
2147,0.41,1,0.0800
2148,0.41,1,0.0800
2149,0.41,1,0.0800
2150,15.92,18,0.0800
2151,0.00,0,0.0800
2152,125.60,90,0.0800
2153,163.49,117,0.0800
2154,0.00,0,0.0800
2155,108.87,81,0.0800
2156,115.71,88,0.0800
2157,123.36,89,0.0800
2158,114.53,86,0.0800
2159,98.40,76,0.0800
2160,0.00,0,0.0800
2161,0.41,1,0.0800
2162,0.41,1,0.0800
2163,0.41,1,0.0800
2164,0.41,1,0.0800
2165,0.41,1,0.0800
2166,0.41,1,0.0800
2167,0.40,1,0.0800
2168,0.41,1,0.0800
2169,0.41,1,0.0800
2170,45.17,42,0.0800
2171,109.05,82,0.0800
2172,0.00,0,0.0800
2173,116.18,88,0.0800
2174,113.35,84,0.0800
2175,118.19,88,0.0800
2176,186.30,130,0.0800
2177,0.00,0,0.0800
2178,189.04,132,0.0800
2179,138.57,98,0.0800
2180,21.40,24,0.0800
2181,120.65,92,0.0800
2182,120.16,87,0.0800
2183,84.39,66,0.0800
2184,219.51,163,0.0800
2185,120.64,90,0.0800
2186,146.72,108,0.0800
2187,129.53,91,0.0800
2188,227.78,157,0.0800
2189,126.73,90,0.0800
2190,0.00,0,0.0800
2191,0.00,0,0.0800
2192,178.48,140,0.0800
2193,0.00,0,0.0800
2194,265.61,193,0.0800
2195,0.00,0,0.0800
2196,106.09,89,0.0800
2197,74.05,61,0.0800
2198,0.00,0,0.0800
2199,79.79,66,0.0800
2200,14.02,16,0.0800
2201,0.00,0,0.0800
2202,98.37,76,0.0800
2203,145.51,101,0.0800
2204,109.66,82,0.0800
2205,297.11,196,0.0800
2206,162.55,115,0.0800
2207,177.82,124,0.0800
2208,0.00,0,0.0800
2209,125.44,90,0.0800
2210,17.08,18,0.0800
2211,0.00,0,0.0800
2212,134.44,96,0.0800
2213,130.96,95,0.0800
2214,134.89,97,0.0800
2215,98.70,77,0.0800
2216,109.05,83,0.0800
2217,209.89,145,0.0800
2218,108.82,81,0.0800
2219,139.63,99,0.0800
2220,114.66,87,0.0800
2221,0.00,0,0.0800
2222,82.56,65,0.0800
2223,0.00,0,0.0800
2224,174.18,125,0.0800
2225,0.00,0,0.0800
2226,181.00,132,0.0800
2227,113.01,88,0.0800
2228,112.75,86,0.0800
2229,124.24,89,0.0800
2230,0.00,0,0.0800
2231,0.41,1,0.0800
2232,0.41,1,0.0800
2233,0.41,1,0.0800
2234,0.41,1,0.0800
2235,0.41,1,0.0800
2236,0.00,0,0.0800
2237,0.41,1,0.0800
2238,0.41,1,0.0800
2239,0.00,0,0.0800
2240,22.97,26,0.0800
2241,112.11,87,0.0800
2242,91.80,69,0.0800
2243,92.08,70,0.0800
2244,0.00,0,0.0800
2245,242.63,172,0.0800
2246,129.95,94,0.0800
2247,0.00,0,0.0800
2248,65.52,55,0.0800
2249,170.04,123,0.0800
2250,7.17,9,0.0800
2251,110.03,84,0.0800
2252,74.94,57,0.0800
2253,0.00,0,0.0800
2254,128.48,99,0.0800
2255,104.13,82,0.0800
2256,102.37,77,0.0800
2257,193.22,134,0.0800
2258,101.67,78,0.0800
2259,103.00,81,0.0800
2260,60.19,48,0.0800
2261,100.02,76,0.0800
2262,192.95,139,0.0800
2263,0.00,0,0.0800
2264,92.93,71,0.0800
2265,164.36,123,0.0800
2266,111.38,84,0.0800
2267,133.61,100,0.0800
2268,99.51,76,0.0800
2269,182.24,133,0.0800
2270,81.91,69,0.0800
2271,97.32,71,0.0800
2272,0.00,0,0.0800
2273,96.42,69,0.0800
2274,101.94,79,0.0800
2275,158.31,116,0.0800
2276,115.36,85,0.0800
2277,104.41,78,0.0800
2278,147.07,109,0.0800
2279,193.11,138,0.0800
2280,0.00,0,0.0800
2281,163.69,119,0.0800
2282,96.63,75,0.0800
2283,0.00,0,0.0800
2284,96.86,81,0.0800
2285,93.12,78,0.0800
2286,81.79,68,0.0800
2287,93.87,77,0.0800
2288,0.00,0,0.0800
2289,75.29,61,0.0800
2290,0.00,0,0.0800
2291,0.41,1,0.0800
2292,0.41,1,0.0800
2293,0.41,1,0.0800
2294,0.41,1,0.0800
2295,0.00,0,0.0800
2296,0.41,1,0.0800
2297,0.41,1,0.0800
2298,0.41,1,0.0800
2299,0.40,1,0.0800
2300,134.61,103,0.0800
2301,133.11,95,0.0800
2302,0.00,0,0.0800
2303,150.44,111,0.0800
2304,104.83,83,0.0800
2305,204.22,144,0.0800
2306,328.44,217,0.0800
2307,167.04,122,0.0800
2308,0.00,0,0.0800
2309,109.60,84,0.0800
2310,69.17,57,0.0800
2311,236.16,168,0.0800
2312,97.99,77,0.0800
2313,104.49,81,0.0800
2314,126.71,92,0.0800
2315,0.00,0,0.0800
2316,128.05,94,0.0800
2317,142.27,101,0.0800
2318,87.99,68,0.0800
2319,124.62,92,0.0800
2320,0.55,1,0.0800
2321,107.39,79,0.0800
2322,111.47,82,0.0800
2323,64.24,58,0.0800
2324,0.00,0,0.0800
2325,149.84,107,0.0800
2326,0.00,0,0.0800
2327,121.06,87,0.0800
2328,206.96,143,0.0800
2329,0.00,0,0.0800
2330,9.70,12,0.0800
2331,0.00,0,0.0800
2332,98.20,77,0.0800
2333,121.80,92,0.0800
2334,201.34,142,0.0800
2335,129.76,95,0.0800
2336,117.31,87,0.0800
2337,134.04,100,0.0800
2338,181.77,127,0.0800
2339,101.38,80,0.0800
2340,27.85,30,0.0800
2341,126.16,92,0.0800
2342,433.40,280,0.0800
2343,101.17,78,0.0800
2344,117.93,88,0.0800
2345,188.93,131,0.0800
2346,89.68,69,0.0800
2347,105.95,79,0.0800
2348,100.47,76,0.0800
2349,128.58,92,0.0800
2350,29.82,30,0.0800
2351,0.00,0,0.0800
2352,134.40,99,0.0800
2353,122.06,92,0.0800
2354,137.71,101,0.0800
2355,0.00,0,0.0800
2356,63.57,55,0.0800
2357,101.00,76,0.0800
2358,132.01,94,0.0800
2359,98.45,81,0.0800
2360,66.10,57,0.0800
2361,157.49,115,0.0800
2362,93.46,70,0.0800
2363,154.41,109,0.0800
2364,117.28,87,0.0800
2365,95.55,74,0.0800
2366,87.48,66,0.0800
2367,116.37,85,0.0800
2368,115.23,86,0.0800
2369,188.23,133,0.0800
2370,0.00,0,0.0800
2371,0.42,1,0.0800
2372,0.41,1,0.0800
2373,0.41,1,0.0800
2374,0.41,1,0.0800
2375,0.41,1,0.0800
2376,0.41,1,0.0800
2377,0.41,1,0.0800
2378,0.41,1,0.0800
2379,0.41,1,0.0800
2380,24.55,27,0.0800
2381,112.13,85,0.0800
2382,126.30,93,0.0800
2383,130.21,95,0.0800
2384,0.00,0,0.0800
2385,172.25,123,0.0800
2386,0.00,0,0.0800
2387,163.99,115,0.0800
2388,79.39,60,0.0800
2389,170.55,120,0.0800
2390,0.00,0,0.0800
2391,0.41,1,0.0800
2392,0.40,1,0.0800
2393,0.41,1,0.0800
2394,0.40,1,0.0800
2395,0.40,1,0.0800
2396,0.00,0,0.0800
2397,0.41,1,0.0800
2398,0.41,1,0.0800
2399,0.41,1,0.0800
2400,0.00,0,0.0800
2401,0.41,1,0.0800
2402,0.40,1,0.0800
2403,0.40,1,0.0800
2404,0.00,0,0.0800
2405,0.41,1,0.0800
2406,0.41,1,0.0800
2407,0.40,1,0.0800
2408,0.00,0,0.0800
2409,0.41,1,0.0800
2410,12.22,15,0.0800
2411,107.61,82,0.0800
2412,109.59,84,0.0800
2413,230.29,160,0.0800
2414,121.75,90,0.0800
2415,122.43,91,0.0800
2416,230.49,162,0.0800
2417,111.68,82,0.0800
2418,127.24,95,0.0800
2419,134.31,98,0.0800
2420,21.49,25,0.0800
2421,100.27,78,0.0800
2422,184.26,129,0.0800
2423,127.68,95,0.0800
2424,100.57,77,0.0800
2425,264.32,183,0.0800
2426,0.00,0,0.0800
2427,99.51,76,0.0800
2428,158.61,114,0.0800
2429,175.37,132,0.0800
2430,19.25,21,0.0800
2431,293.27,194,0.0800
2432,131.81,94,0.0800
2433,152.12,108,0.0800
2434,0.00,0,0.0800
2435,110.97,82,0.0800
2436,94.12,72,0.0800
2437,135.66,97,0.0800
2438,161.54,113,0.0800
2439,189.56,133,0.0800
2440,47.57,46,0.0800
2441,99.68,75,0.0800
2442,237.75,162,0.0800
2443,119.03,84,0.0800
2444,202.98,141,0.0800
2445,100.52,76,0.0800
2446,132.91,95,0.0800
2447,140.62,103,0.0800
2448,137.00,103,0.0800
2449,118.85,85,0.0800
2450,0.00,0,0.0800
2451,0.41,1,0.0800
2452,0.41,1,0.0800
2453,0.41,1,0.0800
2454,0.41,1,0.0800
2455,0.41,1,0.0800
2456,0.41,1,0.0800
2457,0.41,1,0.0800
2458,0.00,0,0.0800
2459,0.41,1,0.0800
2460,46.18,42,0.0800
2461,0.00,0,0.0800
2462,73.24,57,0.0800
2463,0.00,0,0.0800
2464,133.68,97,0.0800
2465,107.35,80,0.0800
2466,209.38,146,0.0800
2467,96.25,77,0.0800
2468,0.00,0,0.0800
2469,131.44,97,0.0800
2470,38.12,38,0.0800
2471,94.25,77,0.0800
2472,120.30,88,0.0800
2473,122.30,92,0.0800
2474,198.41,137,0.0800
2475,106.55,80,0.0800
2476,220.75,153,0.0800
2477,261.42,181,0.0800
2478,0.00,0,0.0800
2479,162.36,117,0.0800
2480,0.00,0,0.0800
2481,173.13,122,0.0800
2482,237.47,176,0.0800
2483,130.05,95,0.0800
2484,0.00,0,0.0800
2485,110.44,82,0.0800
2486,161.60,120,0.0800
2487,0.00,0,0.0800
2488,114.57,93,0.0800
2489,114.89,89,0.0800
2490,4.99,7,0.0800
2491,134.96,100,0.0800
2492,128.94,95,0.0800
2493,225.16,152,0.0800
2494,129.48,94,0.0800
2495,105.05,80,0.0800
2496,0.00,0,0.0800
2497,122.50,89,0.0800
2498,181.48,127,0.0800
2499,0.00,0,0.0800
2500,26.81,28,0.0800
2501,106.17,80,0.0800
2502,100.26,75,0.0800
2503,106.45,79,0.0800
2504,134.45,98,0.0800
2505,236.92,155,0.0800
2506,96.55,73,0.0800
2507,122.72,88,0.0800
2508,0.00,0,0.0800
2509,130.19,95,0.0800
2510,47.57,43,0.0800
2511,231.26,162,0.0800
2512,180.07,121,0.0800
2513,148.21,103,0.0800
2514,133.17,98,0.0800
2515,223.95,154,0.0800
2516,171.28,119,0.0800
2517,153.51,111,0.0800
2518,106.50,80,0.0800
2519,67.39,57,0.0800
2520,52.56,49,0.0800
2521,110.59,85,0.0800
2522,124.91,93,0.0800
2523,0.00,0,0.0800
2524,149.66,105,0.0800
2525,0.00,0,0.0800
2526,144.32,106,0.0800
2527,118.62,88,0.0800
2528,0.00,0,0.0800
2529,174.78,126,0.0800
2530,22.57,25,0.0800
2531,0.00,0,0.0800
2532,109.81,84,0.0800
2533,156.23,111,0.0800
2534,0.00,0,0.0800
2535,89.85,74,0.0800
2536,119.43,88,0.0800
2537,313.82,208,0.0800
2538,55.94,47,0.0800
2539,116.92,86,0.0800
2540,0.00,0,0.0800
2541,251.97,174,0.0800
2542,100.33,75,0.0800
2543,122.16,92,0.0800
2544,0.00,0,0.0800
2545,152.54,113,0.0800
2546,0.00,0,0.0800
2547,142.45,107,0.0800
2548,111.56,85,0.0800
2549,201.81,155,0.0800
2550,0.55,1,0.0800
2551,0.00,0,0.0800
2552,111.13,82,0.0800
2553,120.04,89,0.0800
2554,173.92,116,0.0800
2555,130.27,93,0.0800
2556,0.00,0,0.0800
2557,101.59,79,0.0800
2558,127.26,90,0.0800
2559,114.01,83,0.0800
2560,0.54,1,0.0800
2561,92.72,71,0.0800
2562,120.53,93,0.0800
2563,151.97,107,0.0800
2564,108.35,83,0.0800
2565,198.98,143,0.0800
2566,0.00,0,0.0800
2567,113.19,88,0.0800
2568,156.52,113,0.0800
2569,100.57,78,0.0800
2570,0.00,0,0.0800
2571,162.57,119,0.0800
2572,64.26,52,0.0800
2573,100.99,80,0.0800
2574,171.47,124,0.0800
2575,122.76,96,0.0800
2576,0.00,0,0.0800
2577,106.60,84,0.0800
2578,111.50,89,0.0800
2579,77.92,64,0.0800
2580,0.54,1,0.0800
2581,185.24,132,0.0800
2582,243.83,171,0.0800
2583,123.87,89,0.0800
2584,186.16,131,0.0800
2585,103.32,78,0.0800
2586,111.97,85,0.0800
2587,122.78,93,0.0800
2588,116.46,88,0.0800
2589,94.91,74,0.0800
2590,0.00,0,0.0800
2591,331.42,250,0.0800
2592,91.98,79,0.0800
2593,0.00,0,0.0800
2594,161.83,134,0.0800
2595,111.78,99,0.0800
2596,108.67,88,0.0800
2597,65.14,58,0.0800
2598,0.00,0,0.0800
2599,86.61,80,0.0800
2600,26.81,29,0.0800
2601,143.01,111,0.0800
2602,134.53,100,0.0800
2603,175.86,127,0.0800
2604,0.00,0,0.0800
2605,111.16,83,0.0800
2606,149.13,106,0.0800
2607,0.00,0,0.0800
2608,101.42,77,0.0800
2609,129.92,93,0.0800
2610,0.53,1,0.0800
2611,74.21,60,0.0800
2612,0.00,0,0.0800
2613,198.89,140,0.0800
2614,124.83,92,0.0800
2615,94.45,73,0.0800
2616,59.25,51,0.0800
2617,275.45,188,0.0800
2618,174.92,123,0.0800
2619,139.07,104,0.0800
2620,72.20,60,0.0800
2621,159.91,115,0.0800
2622,195.67,134,0.0800
2623,179.70,126,0.0800
2624,145.08,103,0.0800
2625,217.08,144,0.0800
2626,217.20,145,0.0800
2627,144.45,102,0.0800
2628,99.58,77,0.0800
2629,185.71,127,0.0800
2630,39.22,40,0.0800
2631,135.83,97,0.0800
2632,0.00,0,0.0800
2633,102.91,79,0.0800
2634,141.74,101,0.0800
2635,0.00,0,0.0800
2636,168.56,121,0.0800
2637,242.41,171,0.0800
2638,142.26,101,0.0800
2639,0.00,0,0.0800
2640,34.28,35,0.0800
2641,124.63,90,0.0800
2642,201.57,140,0.0800
2643,91.55,72,0.0800
2644,80.57,61,0.0800
2645,102.53,78,0.0800
2646,189.23,136,0.0800
2647,139.52,104,0.0800
2648,118.74,91,0.0800
2649,170.29,116,0.0800
2650,0.00,0,0.0800
2651,151.65,109,0.0800
2652,215.11,153,0.0800
2653,203.59,142,0.0800
2654,75.76,62,0.0800
2655,123.13,98,0.0800
2656,0.00,0,0.0800
2657,152.31,111,0.0800
2658,179.47,131,0.0800
2659,0.00,0,0.0800
2660,160.49,119,0.0800
2661,102.81,79,0.0800
2662,102.40,76,0.0800
2663,119.78,90,0.0800
2664,175.88,124,0.0800
2665,90.59,69,0.0800
2666,0.00,0,0.0800
2667,110.59,84,0.0800
2668,113.15,86,0.0800
2669,153.75,114,0.0800
2670,0.00,0,0.0800
2671,102.42,79,0.0800
2672,99.41,81,0.0800
2673,123.44,91,0.0800
2674,121.01,89,0.0800
2675,0.00,0,0.0800
2676,139.05,101,0.0800
2677,143.99,107,0.0800
2678,127.60,97,0.0800
2679,93.73,76,0.0800
2680,2.65,4,0.0800
2681,169.42,117,0.0800
2682,98.18,76,0.0800
2683,211.59,148,0.0800
2684,0.00,0,0.0800
2685,186.77,136,0.0800
2686,89.50,71,0.0800
2687,124.88,94,0.0800
2688,192.36,136,0.0800
2689,131.99,97,0.0800
2690,46.88,45,0.0800
2691,138.63,99,0.0800
2692,0.00,0,0.0800
2693,104.82,80,0.0800
2694,111.94,84,0.0800
2695,172.79,124,0.0800
2696,0.00,0,0.0800
2697,194.12,138,0.0800
2698,154.54,118,0.0800
2699,143.20,101,0.0800
2700,0.00,0,0.0800
2701,139.37,103,0.0800
2702,107.38,86,0.0800
2703,118.84,86,0.0800
2704,90.20,72,0.0800
2705,213.75,150,0.0800
2706,93.95,78,0.0800
2707,301.82,202,0.0800
2708,172.17,122,0.0800
2709,0.00,0,0.0800
2710,4.24,6,0.0800
2711,0.00,0,0.0800
2712,112.86,89,0.0800
2713,165.08,119,0.0800
2714,0.00,0,0.0800
2715,121.78,90,0.0800
2716,99.11,76,0.0800
2717,129.46,97,0.0800
2718,73.25,60,0.0800
2719,103.02,82,0.0800
2720,0.00,0,0.0800
2721,0.41,1,0.0800
2722,0.41,1,0.0800
2723,0.41,1,0.0800
2724,0.41,1,0.0800
2725,0.41,1,0.0800
2726,0.41,1,0.0800
2727,0.41,1,0.0800
2728,0.41,1,0.0800
2729,0.41,1,0.0800
2730,65.83,52,0.0800
2731,94.16,74,0.0800
2732,102.03,78,0.0800
2733,91.14,71,0.0800
2734,134.90,98,0.0800
2735,0.00,0,0.0800
2736,171.50,117,0.0800
2737,0.00,0,0.0800
2738,105.34,79,0.0800
2739,237.39,169,0.0800
2740,37.82,39,0.0800
2741,179.78,130,0.0800
2742,241.71,165,0.0800
2743,79.72,61,0.0800
2744,108.22,79,0.0800
2745,183.44,127,0.0800
2746,80.89,65,0.0800
2747,157.24,112,0.0800
2748,223.54,159,0.0800
2749,95.76,73,0.0800
2750,42.18,42,0.0800
2751,0.00,0,0.0800
2752,182.95,132,0.0800
2753,138.72,98,0.0800
2754,92.89,68,0.0800
2755,141.56,107,0.0800
2756,136.41,102,0.0800
2757,125.86,90,0.0800
2758,0.00,0,0.0800
2759,143.47,106,0.0800
2760,0.00,0,0.0800
2761,0.41,1,0.0800
2762,0.41,1,0.0800
2763,0.41,1,0.0800
2764,0.41,1,0.0800
2765,0.41,1,0.0800
2766,0.41,1,0.0800
2767,0.41,1,0.0800
2768,0.41,1,0.0800
2769,0.41,1,0.0800
2770,127.30,97,0.0800
2771,0.00,0,0.0800
2772,149.42,109,0.0800
2773,0.00,0,0.0800
2774,188.25,128,0.0800
2775,90.33,68,0.0800
2776,118.69,88,0.0800
2777,146.36,115,0.0800
2778,0.00,0,0.0800
2779,131.82,102,0.0800
2780,0.00,0,0.0800
2781,188.05,128,0.0800
2782,217.45,153,0.0800
2783,131.96,99,0.0800
2784,0.00,0,0.0800
2785,110.31,84,0.0800
2786,177.28,124,0.0800
2787,0.00,0,0.0800
2788,312.41,212,0.0800
2789,0.00,0,0.0800
2790,24.66,26,0.0800
2791,153.82,111,0.0800
2792,177.82,124,0.0800
2793,89.89,70,0.0800
2794,154.19,114,0.0800
2795,288.53,187,0.0800
2796,0.00,0,0.0800
2797,179.78,127,0.0800
2798,145.55,104,0.0800
2799,153.36,109,0.0800
2800,2.68,4,0.0800
2801,116.27,87,0.0800
2802,140.07,102,0.0800
2803,0.00,0,0.0800
2804,161.35,115,0.0800
2805,274.02,181,0.0800
2806,121.64,87,0.0800
2807,145.59,105,0.0800
2808,0.00,0,0.0800
2809,124.67,95,0.0800
2810,0.00,0,0.0800
2811,0.41,1,0.0800
2812,0.41,1,0.0800
2813,0.41,1,0.0800
2814,0.41,1,0.0800
2815,0.41,1,0.0800
2816,0.41,1,0.0800
2817,0.41,1,0.0800
2818,0.41,1,0.0800
2819,0.41,1,0.0800
2820,53.46,46,0.0800
2821,88.08,69,0.0800
2822,138.52,106,0.0800
2823,159.32,111,0.0800
2824,129.81,95,0.0800
2825,148.12,107,0.0800
2826,0.00,0,0.0800
2827,75.41,63,0.0800
2828,0.00,0,0.0800
2829,67.66,54,0.0800
2830,9.56,12,0.0800
2831,216.73,153,0.0800
2832,161.54,116,0.0800
2833,139.81,104,0.0800
2834,117.21,88,0.0800
2835,244.01,176,0.0800
2836,222.57,160,0.0800
2837,130.78,94,0.0800
2838,0.00,0,0.0800
2839,219.93,155,0.0800
2840,44.55,44,0.0800
2841,208.34,145,0.0800
2842,115.81,85,0.0800
2843,59.22,54,0.0800
2844,123.26,91,0.0800
2845,110.19,82,0.0800
2846,123.62,92,0.0800
2847,107.78,84,0.0800
2848,175.73,124,0.0800
2849,73.72,55,0.0800
2850,0.00,0,0.0800
2851,107.57,87,0.0800
2852,126.84,98,0.0800
2853,0.00,0,0.0800
2854,84.30,63,0.0800
2855,77.69,63,0.0800
2856,0.00,0,0.0800
2857,91.24,73,0.0800
2858,0.00,0,0.0800
2859,88.30,73,0.0800
2860,0.52,1,0.0800
2861,141.00,103,0.0800
2862,60.19,51,0.0800
2863,74.37,57,0.0800
2864,0.00,0,0.0800
2865,144.40,104,0.0800
2866,326.28,230,0.0800
2867,137.98,105,0.0800
2868,0.00,0,0.0800
2869,165.99,125,0.0800
2870,71.93,61,0.0800
2871,102.66,78,0.0800
2872,124.77,92,0.0800
2873,219.36,151,0.0800
2874,381.31,247,0.0800
2875,217.38,154,0.0800
2876,231.71,159,0.0800
2877,210.84,148,0.0800
2878,0.00,0,0.0800
2879,125.80,92,0.0800
2880,42.89,41,0.0800
2881,0.00,0,0.0800
2882,79.98,65,0.0800
2883,90.67,73,0.0800
2884,130.47,102,0.0800
2885,91.06,74,0.0800
2886,258.82,181,0.0800
2887,105.16,84,0.0800
2888,168.21,121,0.0800
2889,120.54,92,0.0800
2890,50.67,49,0.0800
2891,129.39,102,0.0800
2892,205.60,146,0.0800
2893,160.81,114,0.0800
2894,114.64,86,0.0800
2895,182.83,130,0.0800
2896,121.32,90,0.0800
2897,195.64,138,0.0800
2898,105.64,80,0.0800
2899,97.20,77,0.0800
2900,0.00,0,0.0800
2901,236.66,162,0.0800
2902,120.39,92,0.0800
2903,178.91,132,0.0800
2904,0.00,0,0.0800
2905,167.37,118,0.0800
2906,160.57,114,0.0800
2907,169.73,118,0.0800
2908,90.45,67,0.0800
2909,0.00,0,0.0800
2910,27.78,30,0.0800
2911,161.85,116,0.0800
2912,107.74,82,0.0800
2913,104.75,81,0.0800
2914,183.83,128,0.0800
2915,87.22,69,0.0800
2916,107.50,87,0.0800
2917,0.00,0,0.0800
2918,167.40,119,0.0800
2919,105.73,80,0.0800
2920,0.00,0,0.0800
2921,119.74,91,0.0800
2922,0.00,0,0.0800
2923,122.46,95,0.0800
2924,98.95,81,0.0800
2925,86.09,71,0.0800
2926,142.90,105,0.0800
2927,0.00,0,0.0800
2928,127.18,100,0.0800
2929,158.27,119,0.0800
2930,0.00,0,0.0800
2931,0.41,1,0.0800
2932,0.41,1,0.0800
2933,0.41,1,0.0800
2934,0.41,1,0.0800
2935,0.41,1,0.0800
2936,0.41,1,0.0800
2937,0.41,1,0.0800
2938,0.40,1,0.0800
2939,0.41,1,0.0800
2940,56.31,52,0.0800
2941,118.58,91,0.0800
2942,150.60,109,0.0800
2943,0.00,0,0.0800
2944,109.06,85,0.0800
2945,135.72,105,0.0800
2946,0.00,0,0.0800
2947,106.35,79,0.0800
2948,91.62,70,0.0800
2949,138.23,99,0.0800
2950,0.56,1,0.0800
2951,108.35,81,0.0800
2952,147.15,114,0.0800
2953,188.34,125,0.0800
2954,116.29,87,0.0800
2955,108.17,82,0.0800
2956,134.88,98,0.0800
2957,104.23,77,0.0800
2958,226.15,151,0.0800
2959,110.67,85,0.0800
2960,46.15,44,0.0800
2961,134.27,96,0.0800
2962,155.73,115,0.0800
2963,93.19,71,0.0800
2964,122.01,92,0.0800
2965,147.36,108,0.0800
2966,112.12,84,0.0800
2967,163.24,121,0.0800
2968,180.38,131,0.0800
2969,83.54,67,0.0800
2970,0.00,0,0.0800
2971,105.08,83,0.0800
2972,82.42,67,0.0800
2973,0.00,0,0.0800
2974,125.53,97,0.0800
2975,244.40,170,0.0800
2976,131.24,97,0.0800
2977,0.00,0,0.0800
2978,125.34,93,0.0800
2979,118.83,90,0.0800
2980,0.00,0,0.0800
2981,0.41,1,0.0800
2982,0.00,0,0.0800
2983,0.41,1,0.0800
2984,0.40,1,0.0800
2985,0.41,1,0.0800
2986,0.40,1,0.0800
2987,0.40,1,0.0800
2988,0.40,1,0.0800
2989,0.41,1,0.0800
2990,84.89,73,0.0800
2991,0.00,0,0.0800
2992,163.73,115,0.0800
2993,110.21,85,0.0800
2994,272.07,182,0.0800
2995,127.99,96,0.0800
2996,180.55,127,0.0800
2997,0.00,0,0.0800
2998,165.03,118,0.0800
2999,0.00,0,0.0800
3000,36.32,36,0.0800
3001,136.47,101,0.0800
3002,171.64,119,0.0800
3003,154.20,110,0.0800
3004,182.44,126,0.0800
3005,76.50,65,0.0800
3006,154.31,112,0.0800
3007,0.00,0,0.0800
3008,143.75,107,0.0800
3009,150.38,108,0.0800
3010,4.23,6,0.0800
3011,0.00,0,0.0800
3012,154.09,113,0.0800
3013,0.00,0,0.0800
3014,70.36,56,0.0800
3015,123.79,95,0.0800
3016,0.00,0,0.0800
3017,174.84,128,0.0800
3018,201.43,144,0.0800
3019,99.40,78,0.0800
3020,0.00,0,0.0800
3021,117.57,94,0.0800
3022,135.77,104,0.0800
3023,127.40,95,0.0800
3024,0.00,0,0.0800
3025,90.02,76,0.0800
3026,113.52,89,0.0800
3027,0.00,0,0.0800
3028,121.77,98,0.0800
3029,0.00,0,0.0800
3030,101.85,86,0.0800
3031,89.97,70,0.0800
3032,182.18,133,0.0800
3033,116.26,88,0.0800
3034,98.61,76,0.0800
3035,142.65,103,0.0800
3036,197.48,135,0.0800
3037,0.00,0,0.0800
3038,138.00,98,0.0800
3039,0.00,0,0.0800
3040,48.03,42,0.0800
3041,279.23,186,0.0800
3042,210.82,154,0.0800
3043,0.00,0,0.0800
3044,250.84,173,0.0800
3045,304.77,199,0.0800
3046,126.11,90,0.0800
3047,110.83,82,0.0800
3048,136.01,98,0.0800
3049,120.04,89,0.0800
3050,0.51,1,0.0800
3051,152.58,109,0.0800
3052,0.00,0,0.0800
3053,162.99,118,0.0800
3054,92.12,74,0.0800
3055,143.12,99,0.0800
3056,94.15,71,0.0800
3057,110.74,83,0.0800
3058,208.43,154,0.0800
3059,0.00,0,0.0800
3060,22.47,25,0.0800
3061,125.10,92,0.0800
3062,138.67,105,0.0800
3063,208.84,145,0.0800
3064,0.00,0,0.0800
3065,155.01,109,0.0800
3066,152.76,105,0.0800
3067,113.71,83,0.0800
3068,107.45,85,0.0800
3069,117.33,84,0.0800
3070,0.00,0,0.0800
3071,97.74,77,0.0800
3072,123.87,97,0.0800
3073,114.30,90,0.0800
3074,184.17,131,0.0800
3075,111.97,86,0.0800
3076,181.48,126,0.0800
3077,0.00,0,0.0800
3078,118.45,90,0.0800
3079,203.29,142,0.0800
3080,41.83,39,0.0800
3081,169.85,118,0.0800
3082,106.74,82,0.0800
3083,201.88,142,0.0800
3084,221.33,154,0.0800
3085,100.76,76,0.0800
3086,178.19,130,0.0800
3087,165.70,123,0.0800
3088,230.96,159,0.0800
3089,113.81,84,0.0800
3090,0.00,0,0.0800
3091,85.20,65,0.0800
3092,114.16,85,0.0800
3093,176.19,132,0.0800
3094,99.77,76,0.0800
3095,91.03,70,0.0800
3096,0.00,0,0.0800
3097,132.92,100,0.0800
3098,0.00,0,0.0800
3099,117.66,89,0.0800
3100,80.48,65,0.0800
3101,175.86,124,0.0800
3102,121.24,86,0.0800
3103,169.07,124,0.0800
3104,0.00,0,0.0800
3105,196.57,135,0.0800
3106,79.70,64,0.0800
3107,0.00,0,0.0800
3108,116.27,85,0.0800
3109,95.15,75,0.0800
3110,0.00,0,0.0800
3111,107.40,82,0.0800
3112,388.85,253,0.0800
3113,151.48,114,0.0800
3114,149.01,107,0.0800
3115,121.55,89,0.0800
3116,63.80,56,0.0800
3117,71.80,62,0.0800
3118,133.23,102,0.0800
3119,110.58,84,0.0800
3120,37.74,38,0.0800
3121,146.14,110,0.0800
3122,0.00,0,0.0800
3123,74.32,58,0.0800
3124,116.24,89,0.0800
3125,0.00,0,0.0800
3126,104.45,79,0.0800
3127,81.04,66,0.0800
3128,189.19,133,0.0800
3129,131.62,99,0.0800
3130,31.14,30,0.0800
3131,229.14,160,0.0800
3132,134.26,102,0.0800
3133,0.00,0,0.0800
3134,188.71,133,0.0800
3135,195.99,138,0.0800
3136,224.43,150,0.0800
3137,143.08,103,0.0800
3138,181.43,132,0.0800
3139,94.21,69,0.0800
3140,0.00,0,0.0800
3141,227.52,158,0.0800
3142,146.21,104,0.0800
3143,181.69,126,0.0800
3144,72.40,58,0.0800
3145,227.94,160,0.0800
3146,167.06,123,0.0800
3147,188.12,140,0.0800
3148,0.00,0,0.0800
3149,154.22,112,0.0800
3150,0.52,1,0.0800
3151,139.70,99,0.0800
3152,0.00,0,0.0800
3153,188.88,131,0.0800
3154,241.34,167,0.0800
3155,0.00,0,0.0800
3156,163.79,120,0.0800
3157,175.09,125,0.0800
3158,0.00,0,0.0800
3159,172.21,125,0.0800
3160,24.45,27,0.0800
3161,238.15,163,0.0800
3162,180.46,130,0.0800
3163,275.33,197,0.0800
3164,156.78,118,0.0800
3165,92.26,71,0.0800
3166,101.84,78,0.0800
3167,118.37,91,0.0800
3168,148.07,104,0.0800
3169,243.63,160,0.0800
3170,0.00,0,0.0800
3171,0.00,0,0.0800
3172,98.58,78,0.0800
3173,126.52,93,0.0800
3174,173.59,127,0.0800
3175,190.02,132,0.0800
3176,156.27,111,0.0800
3177,0.00,0,0.0800
3178,72.23,57,0.0800
3179,0.00,0,0.0800
3180,19.38,22,0.0800
3181,120.63,90,0.0800
3182,201.95,136,0.0800
3183,132.50,99,0.0800
3184,148.26,105,0.0800
3185,0.00,0,0.0800
3186,180.57,129,0.0800
3187,90.54,76,0.0800
3188,0.00,0,0.0800
3189,94.00,72,0.0800
3190,21.18,25,0.0800
3191,118.04,89,0.0800
3192,181.12,129,0.0800
3193,0.00,0,0.0800
3194,274.13,186,0.0800
3195,127.22,94,0.0800
3196,112.20,84,0.0800
3197,209.60,147,0.0800
3198,0.00,0,0.0800
3199,113.60,87,0.0800
3200,0.00,0,0.0800
3201,0.41,1,0.0800
3202,0.41,1,0.0800
3203,0.41,1,0.0800
3204,0.41,1,0.0800
3205,0.41,1,0.0800
3206,0.41,1,0.0800
3207,0.41,1,0.0800
3208,0.41,1,0.0800
3209,0.41,1,0.0800
3210,0.00,0,0.0800
3211,0.41,1,0.0800
3212,0.40,1,0.0800
3213,0.40,1,0.0800
3214,0.40,1,0.0800
3215,0.40,1,0.0800
3216,0.41,1,0.0800
3217,0.41,1,0.0800
3218,0.40,1,0.0800
3219,0.40,1,0.0800
3220,86.13,69,0.0800
3221,155.35,108,0.0800
3222,169.45,120,0.0800
3223,125.65,91,0.0800
3224,125.21,93,0.0800
3225,149.65,104,0.0800
3226,186.79,135,0.0800
3227,95.40,74,0.0800
3228,162.54,119,0.0800
3229,0.00,0,0.0800
3230,22.89,25,0.0800
3231,130.36,92,0.0800
3232,61.94,54,0.0800
3233,112.90,86,0.0800
3234,259.34,175,0.0800
3235,109.19,85,0.0800
3236,130.26,94,0.0800
3237,0.00,0,0.0800
3238,133.26,96,0.0800
3239,169.69,124,0.0800
3240,61.40,56,0.0800
3241,140.22,101,0.0800
3242,171.24,122,0.0800
3243,0.00,0,0.0800
3244,117.11,89,0.0800
3245,116.60,89,0.0800
3246,187.17,129,0.0800
3247,51.17,46,0.0800
3248,91.12,70,0.0800
3249,102.06,78,0.0800
3250,0.54,1,0.0800
3251,84.62,68,0.0800
3252,106.29,85,0.0800
3253,97.65,77,0.0800
3254,81.70,66,0.0800
3255,133.13,94,0.0800
3256,101.05,76,0.0800
3257,129.54,95,0.0800
3258,92.63,76,0.0800
3259,208.53,152,0.0800
3260,28.75,31,0.0800
3261,0.00,0,0.0800
3262,175.37,128,0.0800
3263,171.27,120,0.0800
3264,220.90,147,0.0800
3265,0.00,0,0.0800
3266,103.10,78,0.0800
3267,96.72,75,0.0800
3268,87.91,68,0.0800
3269,104.21,78,0.0800
3270,0.00,0,0.0800
3271,114.21,87,0.0800
3272,228.91,165,0.0800
3273,87.16,69,0.0800
3274,103.12,81,0.0800
3275,168.86,124,0.0800
3276,70.02,53,0.0800
3277,0.00,0,0.0800
3278,81.49,63,0.0800
3279,82.37,64,0.0800
3280,0.00,0,0.0800
3281,0.41,1,0.0800
3282,0.41,1,0.0800
3283,0.41,1,0.0800
3284,0.41,1,0.0800
3285,0.41,1,0.0800
3286,0.41,1,0.0800
3287,0.42,1,0.0800
3288,0.41,1,0.0800
3289,0.41,1,0.0800
3290,54.27,46,0.0800
3291,146.09,106,0.0800
3292,0.00,0,0.0800
3293,171.37,131,0.0800
3294,107.32,80,0.0800
3295,0.00,0,0.0800
3296,204.60,142,0.0800
3297,122.54,87,0.0800
3298,0.00,0,0.0800
3299,181.28,128,0.0800
3300,47.77,44,0.0800
3301,166.74,117,0.0800
3302,111.98,84,0.0800
3303,100.53,78,0.0800
3304,92.77,72,0.0800
3305,95.70,73,0.0800
3306,136.51,99,0.0800
3307,167.56,124,0.0800
3308,173.64,127,0.0800
3309,186.65,131,0.0800
3310,30.99,33,0.0800
3311,0.00,0,0.0800
3312,110.37,84,0.0800
3313,186.00,133,0.0800
3314,97.02,76,0.0800
3315,178.31,126,0.0800
3316,0.00,0,0.0800
3317,119.66,91,0.0800
3318,138.97,100,0.0800
3319,0.00,0,0.0800
3320,45.56,42,0.0800
3321,176.19,123,0.0800
3322,138.00,103,0.0800
3323,169.97,119,0.0800
3324,156.90,115,0.0800
3325,0.00,0,0.0800
3326,113.16,83,0.0800
3327,167.88,120,0.0800
3328,98.39,76,0.0800
3329,133.64,97,0.0800
3330,0.54,1,0.0800
3331,112.39,87,0.0800
3332,119.01,89,0.0800
3333,201.16,140,0.0800
3334,93.07,70,0.0800
3335,103.45,78,0.0800
3336,77.96,62,0.0800
3337,0.00,0,0.0800
3338,156.96,116,0.0800
3339,0.00,0,0.0800
3340,169.49,126,0.0800
3341,199.40,137,0.0800
3342,128.06,94,0.0800
3343,120.00,90,0.0800
3344,111.22,84,0.0800
3345,167.78,115,0.0800
3346,216.99,149,0.0800
3347,250.68,183,0.0800
3348,157.12,109,0.0800
3349,115.22,87,0.0800
3350,0.00,0,0.0800
3351,0.00,0,0.0800
3352,96.27,76,0.0800
3353,108.06,80,0.0800
3354,0.00,0,0.0800
3355,166.05,119,0.0800
3356,109.89,86,0.0800
3357,114.03,88,0.0800
3358,97.04,76,0.0800
3359,195.48,138,0.0800
3360,92.79,80,0.0800
3361,100.23,77,0.0800
3362,83.37,68,0.0800
3363,156.78,112,0.0800
3364,120.45,91,0.0800
3365,161.05,118,0.0800
3366,79.79,61,0.0800
3367,0.00,0,0.0800
3368,147.56,104,0.0800
3369,0.00,0,0.0800
3370,181.78,128,0.0800
3371,226.87,164,0.0800
3372,127.74,90,0.0800
3373,131.48,93,0.0800
3374,118.52,86,0.0800
3375,139.27,107,0.0800
3376,91.42,74,0.0800
3377,220.21,156,0.0800
3378,438.03,277,0.0800
3379,228.83,153,0.0800
3380,68.93,57,0.0800
3381,0.00,0,0.0800
3382,79.74,63,0.0800
3383,149.34,111,0.0800
3384,160.80,117,0.0800
3385,141.55,99,0.0800
3386,119.24,84,0.0800
3387,212.25,141,0.0800
3388,107.90,80,0.0800
3389,0.00,0,0.0800
3390,171.60,127,0.0800
3391,110.92,78,0.0800
3392,377.02,238,0.0800
3393,77.15,59,0.0800
3394,0.00,0,0.0800
3395,160.27,108,0.0800
3396,241.98,158,0.0800
3397,135.39,94,0.0800
3398,173.76,122,0.0800
3399,0.00,0,0.0800
3400,32.98,33,0.0800
3401,62.57,54,0.0800
3402,0.00,0,0.0800
3403,229.73,154,0.0800
3404,0.00,0,0.0800
3405,246.74,177,0.0800
3406,66.47,57,0.0800
3407,251.54,166,0.0800
3408,0.00,0,0.0800
3409,131.18,93,0.0800
3410,207.46,156,0.0800
3411,140.34,103,0.0800
3412,111.06,82,0.0800
3413,144.20,109,0.0800
3414,92.94,69,0.0800
3415,133.88,97,0.0800
3416,124.07,90,0.0800
3417,107.56,80,0.0800
3418,152.45,112,0.0800
3419,97.75,74,0.0800
3420,0.55,1,0.0800
3421,71.26,57,0.0800
3422,139.30,102,0.0800
3423,229.13,153,0.0800
3424,114.97,82,0.0800
3425,115.59,82,0.0800
3426,229.59,152,0.0800
3427,219.77,144,0.0800
3428,0.00,0,0.0800
3429,159.84,110,0.0800
3430,0.00,0,0.0800
3431,0.40,1,0.0800
3432,0.40,1,0.0800
3433,0.00,0,0.0800
3434,0.40,1,0.0800
3435,0.40,1,0.0800
3436,0.40,1,0.0800
3437,0.41,1,0.0800
3438,0.41,1,0.0800
3439,0.40,1,0.0800
3440,0.00,0,0.0800
3441,0.40,1,0.0800
3442,0.00,0,0.0800
3443,0.41,1,0.0800
3444,0.40,1,0.0800
3445,0.00,0,0.0800
3446,0.41,1,0.0800
3447,0.40,1,0.0800
3448,0.00,0,0.0800
3449,0.40,1,0.0800
3450,0.00,0,0.0800
3451,0.00,0,0.0800
3452,204.99,136,0.0800
3453,87.63,69,0.0800
3454,145.64,103,0.0800
3455,219.29,147,0.0800
3456,202.16,140,0.0800
3457,123.89,89,0.0800
3458,112.96,84,0.0800
3459,104.22,77,0.0800
3460,0.00,0,0.0800
3461,135.57,100,0.0800
3462,178.17,124,0.0800
3463,125.82,92,0.0800
3464,111.18,79,0.0800
3465,139.09,100,0.0800
3466,219.33,147,0.0800
3467,337.86,211,0.0800
3468,97.20,70,0.0800
3469,70.87,55,0.0800
3470,0.00,0,0.0800
3471,79.87,63,0.0800
3472,131.29,97,0.0800
3473,218.95,147,0.0800
3474,84.59,66,0.0800
3475,118.33,86,0.0800
3476,128.03,91,0.0800
3477,0.00,0,0.0800
3478,233.31,156,0.0800
3479,140.09,97,0.0800
3480,0.00,0,0.0800
3481,163.36,117,0.0800
3482,156.35,110,0.0800
3483,116.44,87,0.0800
3484,0.00,0,0.0800
3485,82.96,62,0.0800
3486,130.86,94,0.0800
3487,0.00,0,0.0800
3488,219.51,147,0.0800
3489,110.71,83,0.0800
3490,0.00,0,0.0800
3491,193.48,137,0.0800
3492,0.00,0,0.0800
3493,128.78,98,0.0800
3494,180.48,131,0.0800
3495,170.93,121,0.0800
3496,105.99,84,0.0800
3497,0.00,0,0.0800
3498,98.74,75,0.0800
3499,101.93,77,0.0800
3500,0.00,0,0.0800
3501,149.45,106,0.0800
3502,98.86,77,0.0800
3503,0.00,0,0.0800
3504,159.28,116,0.0800
3505,324.25,210,0.0800
3506,136.47,102,0.0800
3507,90.84,70,0.0800
3508,0.00,0,0.0800
3509,96.39,75,0.0800
3510,0.00,0,0.0800
3511,220.12,150,0.0800
3512,124.92,92,0.0800
3513,127.02,92,0.0800
3514,118.22,86,0.0800
3515,113.45,81,0.0800
3516,91.07,72,0.0800
3517,91.75,71,0.0800
3518,97.14,75,0.0800
3519,114.97,86,0.0800
3520,50.97,47,0.0800
3521,0.00,0,0.0800
3522,91.54,71,0.0800
3523,181.36,125,0.0800
3524,124.92,87,0.0800
3525,0.00,0,0.0800
3526,83.81,66,0.0800
3527,206.30,138,0.0800
3528,122.03,89,0.0800
3529,107.81,81,0.0800
3530,2.68,4,0.0800
3531,0.00,0,0.0800
3532,116.40,85,0.0800
3533,126.97,95,0.0800
3534,168.57,117,0.0800
3535,115.48,86,0.0800
3536,145.25,103,0.0800
3537,202.84,136,0.0800
3538,220.59,146,0.0800
3539,124.05,96,0.0800
3540,71.55,59,0.0800
3541,125.19,92,0.0800
3542,240.29,157,0.0800
3543,112.30,81,0.0800
3544,0.00,0,0.0800
3545,87.84,69,0.0800
3546,0.00,0,0.0800
3547,116.51,83,0.0800
3548,240.91,159,0.0800
3549,125.95,89,0.0800
3550,19.40,22,0.0800
3551,106.68,77,0.0800
3552,177.79,132,0.0800
3553,0.00,0,0.0800
3554,142.73,105,0.0800
3555,113.21,82,0.0800
3556,143.20,103,0.0800
3557,103.06,77,0.0800
3558,203.81,140,0.0800
3559,93.28,71,0.0800
3560,0.52,1,0.0800
3561,151.67,106,0.0800
3562,160.84,117,0.0800
3563,193.95,133,0.0800
3564,167.64,121,0.0800
3565,0.00,0,0.0800
3566,111.10,81,0.0800
3567,123.72,87,0.0800
3568,99.11,75,0.0800
3569,151.37,110,0.0800
3570,0.52,1,0.0800
3571,139.78,97,0.0800
3572,238.71,159,0.0800
3573,223.05,148,0.0800
3574,0.00,0,0.0800
3575,103.27,77,0.0800
3576,0.00,0,0.0800
3577,210.19,147,0.0800
3578,0.00,0,0.0800
3579,123.45,91,0.0800
3580,0.00,0,0.0800
3581,118.73,87,0.0800
3582,241.94,164,0.0800
3583,152.46,110,0.0800
3584,232.09,157,0.0800
3585,96.82,74,0.0800
3586,0.00,0,0.0800
3587,175.62,124,0.0800
3588,113.95,86,0.0800
3589,191.74,133,0.0800
3590,0.53,1,0.0800
3591,106.33,81,0.0800
3592,221.19,150,0.0800
3593,127.96,96,0.0800
3594,136.33,98,0.0800
3595,199.30,137,0.0800
3596,92.85,71,0.0800
3597,205.68,141,0.0800
3598,0.00,0,0.0800
3599,112.78,83,0.0800
3600,0.00,0,0.0800
3601,174.68,127,0.0800
3602,99.67,75,0.0800
3603,105.77,79,0.0800
3604,198.23,138,0.0800
3605,220.42,146,0.0800
3606,90.92,67,0.0800
3607,83.21,70,0.0800
3608,101.22,73,0.0800
3609,212.82,142,0.0800
3610,0.00,0,0.0800
3611,193.97,134,0.0800
3612,155.96,116,0.0800
3613,201.09,139,0.0800
3614,274.52,180,0.0800
3615,118.22,91,0.0800
3616,0.00,0,0.0800
3617,137.33,100,0.0800
3618,0.00,0,0.0800
3619,92.08,70,0.0800
3620,0.00,0,0.0800
3621,0.41,1,0.0800
3622,0.41,1,0.0800
3623,0.00,0,0.0800
3624,0.41,1,0.0800
3625,0.41,1,0.0800
3626,0.41,1,0.0800
3627,0.41,1,0.0800
3628,0.41,1,0.0800
3629,0.00,0,0.0800
3630,125.71,94,0.0800
3631,102.61,77,0.0800
3632,298.14,198,0.0800
3633,0.00,0,0.0800
3634,135.80,98,0.0800
3635,0.00,0,0.0800
3636,224.59,148,0.0800
3637,142.42,101,0.0800
3638,0.00,0,0.0800
3639,184.45,129,0.0800
3640,0.56,1,0.0800
3641,377.46,232,0.0800
3642,209.68,144,0.0800
3643,118.62,91,0.0800
3644,220.67,150,0.0800
3645,198.76,135,0.0800
3646,153.03,114,0.0800
3647,71.37,60,0.0800
3648,132.90,98,0.0800
3649,83.64,65,0.0800
3650,0.00,0,0.0800
3651,0.00,0,0.0800
3652,98.55,78,0.0800
3653,215.66,151,0.0800
3654,0.00,0,0.0800
3655,109.97,85,0.0800
3656,219.94,156,0.0800
3657,114.31,88,0.0800
3658,113.81,86,0.0800
3659,96.31,79,0.0800
3660,0.00,0,0.0800
3661,133.00,99,0.0800
3662,97.16,75,0.0800
3663,0.00,0,0.0800
3664,217.80,152,0.0800
3665,144.88,106,0.0800
3666,0.00,0,0.0800
3667,155.73,110,0.0800
3668,200.30,138,0.0800
3669,168.87,121,0.0800
3670,29.59,29,0.0800
3671,283.96,197,0.0800
3672,102.20,80,0.0800
3673,93.05,69,0.0800
3674,113.66,87,0.0800
3675,100.71,80,0.0800
3676,119.92,90,0.0800
3677,88.65,66,0.0800
3678,108.34,81,0.0800
3679,0.00,0,0.0800
3680,98.70,78,0.0800
3681,150.64,105,0.0800
3682,0.00,0,0.0800
3683,117.30,84,0.0800
3684,127.08,89,0.0800
3685,0.00,0,0.0800
3686,104.86,80,0.0800
3687,175.56,119,0.0800
3688,246.50,158,0.0800
3689,0.00,0,0.0800
3690,103.11,83,0.0800
3691,0.00,0,0.0800
3692,129.35,98,0.0800
3693,53.35,48,0.0800
3694,0.00,0,0.0800
3695,136.60,99,0.0800
3696,202.36,135,0.0800
3697,93.59,68,0.0800
3698,235.58,156,0.0800
3699,123.57,89,0.0800
3700,0.00,0,0.0800
3701,130.14,91,0.0800
3702,131.09,97,0.0800
3703,103.71,79,0.0800
3704,171.75,127,0.0800
3705,0.00,0,0.0800
3706,153.14,107,0.0800
3707,231.42,156,0.0800
3708,141.26,101,0.0800
3709,87.66,67,0.0800
3710,0.00,0,0.0800
3711,0.40,1,0.0800
3712,0.00,0,0.0800
3713,0.40,1,0.0800
3714,0.40,1,0.0800
3715,0.00,0,0.0800
3716,0.40,1,0.0800
3717,0.41,1,0.0800
3718,0.40,1,0.0800
3719,0.40,1,0.0800
3720,0.00,0,0.0800
3721,176.68,131,0.0800
3722,0.00,0,0.0800
3723,85.84,69,0.0800
3724,227.97,162,0.0800
3725,154.31,115,0.0800
3726,0.00,0,0.0800
3727,113.56,87,0.0800
3728,233.81,162,0.0800
3729,90.99,75,0.0800
3730,34.38,35,0.0800
3731,0.00,0,0.0800
3732,94.26,70,0.0800
3733,0.00,0,0.0800
3734,152.80,106,0.0800
3735,66.50,51,0.0800
3736,0.00,0,0.0800
3737,222.18,145,0.0800
3738,0.00,0,0.0800
3739,170.14,122,0.0800
3740,41.90,40,0.0800
3741,65.35,55,0.0800
3742,227.20,152,0.0800
3743,0.00,0,0.0800
3744,159.78,108,0.0800
3745,78.36,62,0.0800
3746,158.51,111,0.0800
3747,283.53,182,0.0800
3748,155.58,109,0.0800
3749,86.42,65,0.0800
3750,0.00,0,0.0800
3751,0.40,1,0.0800
3752,0.40,1,0.0800
3753,0.41,1,0.0800
3754,0.41,1,0.0800
3755,0.41,1,0.0800
3756,0.00,0,0.0800
3757,0.41,1,0.0800
3758,0.00,0,0.0800
3759,0.41,1,0.0800
3760,0.00,0,0.0800
3761,0.41,1,0.0800
3762,0.41,1,0.0800
3763,0.41,1,0.0800
3764,0.41,1,0.0800
3765,0.00,0,0.0800
3766,0.41,1,0.0800
3767,0.00,0,0.0800
3768,0.41,1,0.0800
3769,0.41,1,0.0800
3770,0.00,0,0.0800
3771,0.00,0,0.0800
3772,137.06,99,0.0800
3773,0.00,0,0.0800
3774,140.25,102,0.0800
3775,218.42,151,0.0800
3776,144.31,104,0.0800
3777,98.89,76,0.0800
3778,174.39,126,0.0800
3779,92.66,72,0.0800
3780,0.00,0,0.0800
3781,0.40,1,0.0800
3782,0.40,1,0.0800
3783,0.00,0,0.0800
3784,0.40,1,0.0800
3785,0.00,0,0.0800
3786,0.40,1,0.0800
3787,0.40,1,0.0800
3788,0.00,0,0.0800
3789,0.40,1,0.0800
3790,0.00,0,0.0800
3791,215.44,149,0.0800
3792,129.79,95,0.0800
3793,0.00,0,0.0800
3794,123.92,99,0.0800
3795,147.35,103,0.0800
3796,249.67,167,0.0800
3797,99.44,76,0.0800
3798,217.12,146,0.0800
3799,0.00,0,0.0800
3800,33.61,34,0.0800
3801,0.00,0,0.0800
3802,180.28,131,0.0800
3803,0.00,0,0.0800
3804,224.96,148,0.0800
3805,114.42,88,0.0800
3806,0.00,0,0.0800
3807,105.99,75,0.0800
3808,141.64,101,0.0800
3809,219.79,147,0.0800
3810,56.99,49,0.0800
3811,135.89,95,0.0800
3812,110.62,83,0.0800
3813,271.66,173,0.0800
3814,138.44,99,0.0800
3815,0.00,0,0.0800
3816,157.79,114,0.0800
3817,120.38,84,0.0800
3818,86.32,68,0.0800
3819,187.02,126,0.0800
3820,0.00,0,0.0800
3821,152.63,108,0.0800
3822,0.00,0,0.0800
3823,181.67,131,0.0800
3824,54.92,48,0.0800
3825,223.84,153,0.0800
3826,132.69,98,0.0800
3827,104.88,78,0.0800
3828,154.48,107,0.0800
3829,105.98,86,0.0800
3830,0.00,0,0.0800
3831,130.82,94,0.0800
3832,207.88,142,0.0800
3833,0.00,0,0.0800
3834,95.08,73,0.0800
3835,224.52,152,0.0800
3836,236.43,161,0.0800
3837,78.33,60,0.0800
3838,207.27,139,0.0800
3839,148.98,105,0.0800
3840,0.00,0,0.0800
3841,142.76,102,0.0800
3842,72.14,56,0.0800
3843,0.00,0,0.0800
3844,129.44,90,0.0800
3845,152.66,105,0.0800
3846,194.97,132,0.0800
3847,158.26,111,0.0800
3848,190.72,131,0.0800
3849,150.59,111,0.0800
3850,0.54,1,0.0800
3851,122.69,90,0.0800
3852,164.54,119,0.0800
3853,130.10,93,0.0800
3854,144.13,100,0.0800
3855,76.35,61,0.0800
3856,0.00,0,0.0800
3857,122.14,90,0.0800
3858,0.00,0,0.0800
3859,85.65,67,0.0800
3860,0.00,0,0.0800
3861,0.40,1,0.0800
3862,0.40,1,0.0800
3863,0.41,1,0.0800
3864,0.41,1,0.0800
3865,0.40,1,0.0800
3866,0.41,1,0.0800
3867,0.40,1,0.0800
3868,0.41,1,0.0800
3869,0.40,1,0.0800
3870,0.54,1,0.0800
3871,90.83,71,0.0800
3872,114.60,85,0.0800
3873,109.92,78,0.0800
3874,137.74,97,0.0800
3875,228.34,151,0.0800
3876,119.86,88,0.0800
3877,219.82,149,0.0800
3878,112.20,83,0.0800
3879,0.00,0,0.0800
3880,91.64,70,0.0800
3881,193.05,131,0.0800
3882,129.94,97,0.0800
3883,182.24,122,0.0800
3884,212.04,140,0.0800
3885,205.21,139,0.0800
3886,99.85,75,0.0800
3887,146.30,110,0.0800
3888,110.86,80,0.0800
3889,220.33,146,0.0800
3890,0.00,0,0.0800
3891,157.88,119,0.0800
3892,118.16,85,0.0800
3893,103.15,82,0.0800
3894,110.07,81,0.0800
3895,81.38,65,0.0800
3896,127.13,90,0.0800
3897,0.00,0,0.0800
3898,216.09,143,0.0800
3899,0.00,0,0.0800
3900,44.10,40,0.0800
3901,0.00,0,0.0800
3902,119.09,85,0.0800
3903,172.14,119,0.0800
3904,125.31,92,0.0800
3905,225.15,149,0.0800
3906,88.22,69,0.0800
3907,103.38,79,0.0800
3908,109.05,83,0.0800
3909,95.27,71,0.0800
3910,1.91,3,0.0800
3911,0.00,0,0.0800
3912,88.15,69,0.0800
3913,148.60,113,0.0800
3914,222.29,152,0.0800
3915,129.57,92,0.0800
3916,127.21,93,0.0800
3917,96.72,77,0.0800
3918,0.00,0,0.0800
3919,96.46,73,0.0800
3920,0.00,0,0.0800
3921,237.63,160,0.0800
3922,217.80,150,0.0800
3923,91.42,70,0.0800
3924,119.50,89,0.0800
3925,87.89,68,0.0800
3926,219.52,152,0.0800
3927,86.24,67,0.0800
3928,217.17,148,0.0800
3929,117.22,89,0.0800
3930,0.00,0,0.0800
3931,422.28,269,0.0800
3932,125.66,93,0.0800
3933,169.21,127,0.0800
3934,212.14,146,0.0800
3935,0.00,0,0.0800
3936,132.63,97,0.0800
3937,243.14,162,0.0800
3938,202.90,143,0.0800
3939,184.13,131,0.0800
3940,0.00,0,0.0800
3941,0.00,0,0.0800
3942,159.96,115,0.0800
3943,100.79,78,0.0800
3944,0.00,0,0.0800
3945,192.51,133,0.0800
3946,101.98,75,0.0800
3947,113.16,84,0.0800
3948,219.60,150,0.0800
3949,327.79,216,0.0800
3950,0.00,0,0.0800
3951,0.00,0,0.0800
3952,102.21,83,0.0800
3953,0.00,0,0.0800
3954,122.03,86,0.0800
3955,114.48,85,0.0800
3956,108.10,83,0.0800
3957,0.00,0,0.0800
3958,108.40,82,0.0800
3959,100.03,81,0.0800
3960,0.00,0,0.0800
3961,0.40,1,0.0800
3962,0.40,1,0.0800
3963,0.00,0,0.0800
3964,0.40,1,0.0800
3965,0.41,1,0.0800
3966,0.40,1,0.0800
3967,0.40,1,0.0800
3968,0.40,1,0.0800
3969,0.40,1,0.0800
3970,0.00,0,0.0800
3971,99.78,79,0.0800
3972,127.45,93,0.0800
3973,0.00,0,0.0800
3974,105.31,81,0.0800
3975,136.21,100,0.0800
3976,104.47,79,0.0800
3977,240.83,165,0.0800
3978,213.60,150,0.0800
3979,175.36,124,0.0800
3980,0.00,0,0.0800
3981,213.90,143,0.0800
3982,255.56,166,0.0800
3983,128.79,93,0.0800
3984,106.08,81,0.0800
3985,107.01,80,0.0800
3986,216.53,144,0.0800
3987,334.41,211,0.0800
3988,122.23,90,0.0800
3989,119.11,89,0.0800
3990,0.00,0,0.0800
3991,0.40,1,0.0800
3992,0.40,1,0.0800
3993,0.00,0,0.0800
3994,0.41,1,0.0800
3995,0.41,1,0.0800
3996,0.00,0,0.0800
3997,0.41,1,0.0800
3998,0.41,1,0.0800
3999,0.40,1,0.0800
4000,144.85,118,0.0800
4001,0.00,0,0.0800
4002,100.91,81,0.0800
4003,206.46,139,0.0800
4004,140.61,98,0.0800
4005,141.19,101,0.0800
4006,206.51,138,0.0800
4007,0.00,0,0.0800
4008,204.08,136,0.0800
4009,87.86,68,0.0800
4010,0.56,1,0.0800
4011,218.66,144,0.0800
4012,211.12,141,0.0800
4013,288.29,188,0.0800
4014,149.97,104,0.0800
4015,122.07,85,0.0800
4016,158.97,113,0.0800
4017,212.42,146,0.0800
4018,0.00,0,0.0800
4019,75.04,59,0.0800
4020,0.00,0,0.0800
4021,72.17,57,0.0800
4022,126.15,92,0.0800
4023,99.58,72,0.0800
4024,95.67,73,0.0800
4025,0.00,0,0.0800
4026,363.27,231,0.0800
4027,0.00,0,0.0800
4028,216.87,149,0.0800
4029,114.37,85,0.0800
4030,0.56,1,0.0800
4031,0.00,0,0.0800
4032,170.70,117,0.0800
4033,116.91,84,0.0800
4034,0.00,0,0.0800
4035,162.15,114,0.0800
4036,109.62,82,0.0800
4037,231.33,153,0.0800
4038,103.57,75,0.0800
4039,121.25,90,0.0800
4040,0.52,1,0.0800
4041,143.75,101,0.0800
4042,98.96,74,0.0800
4043,200.22,136,0.0800
4044,106.59,79,0.0800
4045,0.00,0,0.0800
4046,120.06,84,0.0800
4047,125.35,92,0.0800
4048,71.09,55,0.0800
4049,122.61,89,0.0800
4050,20.81,23,0.0800
4051,178.92,127,0.0800
4052,104.03,77,0.0800
4053,159.26,112,0.0800
4054,94.65,73,0.0800
4055,113.78,81,0.0800
4056,0.00,0,0.0800
4057,151.51,106,0.0800
4058,122.36,90,0.0800
4059,121.21,87,0.0800
4060,0.00,0,0.0800
4061,0.00,0,0.0800
4062,95.36,70,0.0800
4063,162.46,121,0.0800
4064,77.97,61,0.0800
4065,231.82,156,0.0800
4066,0.00,0,0.0800
4067,135.72,99,0.0800
4068,146.46,117,0.0800
4069,112.31,85,0.0800
4070,0.52,1,0.0800
4071,248.55,163,0.0800
4072,161.97,112,0.0800
4073,99.27,74,0.0800
4074,216.59,154,0.0800
4075,0.00,0,0.0800
4076,62.24,54,0.0800
4077,156.00,108,0.0800
4078,193.19,132,0.0800
4079,0.00,0,0.0800
4080,107.03,82,0.0800
4081,180.90,123,0.0800
4082,0.00,0,0.0800
4083,210.86,145,0.0800
4084,0.00,0,0.0800
4085,112.13,79,0.0800
4086,209.22,140,0.0800
4087,0.00,0,0.0800
4088,123.92,91,0.0800
4089,0.00,0,0.0800
4090,0.51,1,0.0800
4091,201.77,137,0.0800
4092,111.94,80,0.0800
4093,96.27,73,0.0800
4094,86.79,65,0.0800
4095,0.00,0,0.0800
4096,232.06,152,0.0800
4097,0.00,0,0.0800
4098,140.08,98,0.0800
4099,192.08,128,0.0800
4100,0.54,1,0.0800
4101,85.65,66,0.0800
4102,116.48,84,0.0800
4103,120.75,86,0.0800
4104,114.90,83,0.0800
4105,80.59,61,0.0800
4106,192.62,135,0.0800
4107,233.38,153,0.0800
4108,161.13,110,0.0800
4109,340.16,213,0.0800
4110,1.91,3,0.0800
4111,132.84,97,0.0800
4112,184.11,123,0.0800
4113,0.00,0,0.0800
4114,221.84,152,0.0800
4115,0.00,0,0.0800
4116,96.64,72,0.0800
4117,0.00,0,0.0800
4118,127.39,93,0.0800
4119,0.00,0,0.0800
4120,32.48,34,0.0800
4121,187.13,132,0.0800
4122,205.81,143,0.0800
4123,100.90,77,0.0800
4124,73.78,58,0.0800
4125,0.00,0,0.0800
4126,78.86,62,0.0800
4127,0.00,0,0.0800
4128,133.02,92,0.0800
4129,114.88,85,0.0800
4130,0.00,0,0.0800
4131,162.14,116,0.0800
4132,109.00,80,0.0800
4133,211.22,144,0.0800
4134,185.56,130,0.0800
4135,0.00,0,0.0800
4136,230.59,154,0.0800
4137,96.85,73,0.0800
4138,0.00,0,0.0800
4139,198.08,138,0.0800
4140,0.00,0,0.0800
4141,0.41,1,0.0800
4142,0.41,1,0.0800
4143,0.41,1,0.0800
4144,0.40,1,0.0800
4145,0.00,0,0.0800
4146,0.41,1,0.0800
4147,0.00,0,0.0800
4148,0.41,1,0.0800
4149,0.41,1,0.0800
4150,-1.00,1,0.0800
4151,218.82,148,0.0800
4152,0.00,0,0.0800
4153,113.71,81,0.0800
4154,238.09,158,0.0800
4155,211.18,145,0.0800
4156,121.19,89,0.0800
4157,108.89,80,0.0800
4158,209.38,143,0.0800
4159,39.64,37,0.0800
4160,0.00,0,0.0800
4161,0.00,0,0.0800
4162,118.28,94,0.0800
4163,0.00,0,0.0800
4164,190.73,144,0.0800
4165,136.53,102,0.0800
4166,136.21,107,0.0800
4167,89.74,75,0.0800
4168,125.43,97,0.0800
4169,74.25,63,0.0800
4170,0.00,0,0.0800
4171,0.40,1,0.0800
4172,0.41,1,0.0800
4173,0.41,1,0.0800
4174,0.00,0,0.0800
4175,0.41,1,0.0800
4176,0.40,1,0.0800
4177,0.00,0,0.0800
4178,0.40,1,0.0800
4179,0.40,1,0.0800
4180,0.00,0,0.0800
4181,116.63,85,0.0800
4182,121.03,90,0.0800
4183,211.64,149,0.0800
4184,262.86,175,0.0800
4185,68.70,56,0.0800
4186,81.85,64,0.0800
4187,89.04,72,0.0800
4188,0.00,0,0.0800
4189,103.72,79,0.0800
4190,50.53,46,0.0800
4191,0.00,0,0.0800
4192,124.32,90,0.0800
4193,121.95,91,0.0800
4194,273.13,179,0.0800
4195,85.45,67,0.0800
4196,102.56,75,0.0800
4197,0.00,0,0.0800
4198,97.82,72,0.0800
4199,0.00,0,0.0800
4200,59.73,53,0.0800
4201,94.98,70,0.0800
4202,84.15,67,0.0800
4203,104.61,79,0.0800
4204,0.00,0,0.0800
4205,189.92,128,0.0800
4206,150.47,111,0.0800
4207,169.17,114,0.0800
4208,214.46,143,0.0800
4209,0.00,0,0.0800
4210,20.20,24,0.0800
4211,203.05,135,0.0800
4212,0.00,0,0.0800
4213,166.08,119,0.0800
4214,117.69,89,0.0800
4215,95.47,72,0.0800
4216,177.10,122,0.0800
4217,249.98,162,0.0800
4218,243.86,163,0.0800
4219,175.45,128,0.0800
4220,0.00,0,0.0800
4221,0.40,1,0.0800
4222,0.40,1,0.0800
4223,0.40,1,0.0800
4224,0.00,0,0.0800
4225,0.41,1,0.0800
4226,0.40,1,0.0800
4227,0.40,1,0.0800
4228,0.40,1,0.0800
4229,0.40,1,0.0800
4230,0.00,0,0.0800
4231,109.23,85,0.0800
4232,0.00,0,0.0800
4233,149.77,112,0.0800
4234,187.80,139,0.0800
4235,97.84,79,0.0800
4236,100.90,82,0.0800
4237,0.00,0,0.0800
4238,192.00,141,0.0800
4239,0.00,0,0.0800
4240,22.61,25,0.0800
4241,143.95,103,0.0800
4242,0.00,0,0.0800
4243,152.36,107,0.0800
4244,158.60,112,0.0800
4245,74.87,58,0.0800
4246,217.86,146,0.0800
4247,227.60,151,0.0800
4248,121.61,91,0.0800
4249,98.30,72,0.0800
4250,0.00,0,0.0800
4251,230.37,153,0.0800
4252,0.00,0,0.0800
4253,104.98,80,0.0800
4254,117.24,86,0.0800
4255,218.29,146,0.0800
4256,90.26,70,0.0800
4257,208.77,139,0.0800
4258,148.57,108,0.0800
4259,239.44,158,0.0800
4260,0.00,0,0.0800
4261,107.39,80,0.0800
4262,90.55,70,0.0800
4263,100.64,77,0.0800
4264,145.80,102,0.0800
4265,203.41,137,0.0800
4266,0.00,0,0.0800
4267,108.24,82,0.0800
4268,203.03,139,0.0800
4269,97.70,74,0.0800
4270,0.00,0,0.0800
4271,0.00,0,0.0800
4272,95.97,75,0.0800
4273,105.40,80,0.0800
4274,60.35,52,0.0800
4275,0.00,0,0.0800
4276,130.22,93,0.0800
4277,127.67,93,0.0800
4278,0.00,0,0.0800
4279,189.94,133,0.0800
4280,0.00,0,0.0800
4281,216.33,145,0.0800
4282,166.75,120,0.0800
4283,0.00,0,0.0800
4284,122.97,85,0.0800
4285,61.59,49,0.0800
4286,0.00,0,0.0800
4287,93.09,67,0.0800
4288,204.61,138,0.0800
4289,0.00,0,0.0800
4290,98.69,75,0.0800
4291,108.74,82,0.0800
4292,95.88,70,0.0800
4293,225.53,147,0.0800
4294,88.41,69,0.0800
4295,120.92,92,0.0800
4296,0.00,0,0.0800
4297,148.76,105,0.0800
4298,128.40,93,0.0800
4299,101.75,74,0.0800
4300,0.00,0,0.0800
4301,88.45,70,0.0800
4302,203.84,145,0.0800
4303,171.46,128,0.0800
4304,0.00,0,0.0800
4305,105.38,82,0.0800
4306,99.16,76,0.0800
4307,82.50,69,0.0800
4308,168.98,129,0.0800
4309,185.04,131,0.0800
4310,4.23,6,0.0800
4311,66.01,55,0.0800
4312,110.67,80,0.0800
4313,0.00,0,0.0800
4314,73.95,60,0.0800
4315,146.11,111,0.0800
4316,114.85,82,0.0800
4317,141.32,101,0.0800
4318,0.00,0,0.0800
4319,234.48,160,0.0800
4320,0.00,0,0.0800
4321,0.00,0,0.0800
4322,174.76,128,0.0800
4323,126.88,98,0.0800
4324,0.00,0,0.0800
4325,122.78,98,0.0800
4326,163.35,113,0.0800
4327,110.58,83,0.0800
4328,96.85,75,0.0800
4329,183.48,134,0.0800
4330,45.80,41,0.0800
4331,86.20,63,0.0800
4332,75.19,61,0.0800
4333,78.35,59,0.0800
4334,76.28,62,0.0800
4335,142.75,104,0.0800
4336,0.00,0,0.0800
4337,72.83,57,0.0800
4338,213.43,141,0.0800
4339,139.83,99,0.0800
4340,0.51,1,0.0800
4341,136.96,96,0.0800
4342,128.25,94,0.0800
4343,0.00,0,0.0800
4344,96.06,70,0.0800
4345,125.33,89,0.0800
4346,133.88,104,0.0800
4347,88.60,69,0.0800
4348,179.70,126,0.0800
4349,0.00,0,0.0800
4350,122.93,91,0.0800
4351,318.78,202,0.0800
4352,118.07,87,0.0800
4353,163.19,117,0.0800
4354,205.51,136,0.0800
4355,119.28,89,0.0800
4356,135.90,96,0.0800
4357,325.32,205,0.0800
4358,129.68,94,0.0800
4359,113.26,81,0.0800
4360,0.00,0,0.0800
4361,100.03,82,0.0800
4362,0.00,0,0.0800
4363,79.23,63,0.0800
4364,113.67,95,0.0800
4365,155.40,117,0.0800
4366,0.00,0,0.0800
4367,91.88,75,0.0800
4368,98.00,78,0.0800
4369,91.10,73,0.0800
4370,0.00,0,0.0800
4371,0.40,1,0.0800
4372,0.41,1,0.0800
4373,0.40,1,0.0800
4374,0.00,0,0.0800
4375,0.41,1,0.0800
4376,0.40,1,0.0800
4377,0.41,1,0.0800
4378,0.41,1,0.0800
4379,0.00,0,0.0800
4380,53.15,45,0.0800
4381,0.00,0,0.0800
4382,183.62,126,0.0800
4383,139.91,102,0.0800
4384,232.40,154,0.0800
4385,134.60,94,0.0800
4386,0.00,0,0.0800
4387,176.73,123,0.0800
4388,251.96,162,0.0800
4389,205.64,136,0.0800
4390,0.00,0,0.0800
4391,207.22,147,0.0800
4392,89.57,73,0.0800
4393,122.15,92,0.0800
4394,0.00,0,0.0800
4395,101.61,79,0.0800
4396,197.54,140,0.0800
4397,146.92,113,0.0800
4398,0.00,0,0.0800
4399,224.39,157,0.0800
4400,0.00,0,0.0800
4401,105.26,80,0.0800
4402,0.00,0,0.0800
4403,230.28,158,0.0800
4404,208.47,140,0.0800
4405,236.10,158,0.0800
4406,187.50,132,0.0800
4407,133.56,99,0.0800
4408,121.02,89,0.0800
4409,100.77,76,0.0800
4410,0.00,0,0.0800
4411,0.00,0,0.0800
4412,129.15,98,0.0800
4413,109.16,82,0.0800
4414,0.00,0,0.0800
4415,99.96,77,0.0800
4416,92.58,72,0.0800
4417,92.83,72,0.0800
4418,155.90,111,0.0800
4419,0.00,0,0.0800
4420,66.38,55,0.0800
4421,115.15,85,0.0800
4422,96.78,72,0.0800
4423,113.99,82,0.0800
4424,124.35,91,0.0800
4425,89.17,69,0.0800
4426,97.77,75,0.0800
4427,95.40,72,0.0800
4428,0.00,0,0.0800
4429,209.42,139,0.0800
4430,0.00,0,0.0800
4431,235.29,159,0.0800
4432,0.00,0,0.0800
4433,107.73,81,0.0800
4434,192.08,135,0.0800
4435,115.89,86,0.0800
4436,150.00,105,0.0800
4437,229.41,161,0.0800
4438,214.59,145,0.0800
4439,0.00,0,0.0800
4440,72.80,61,0.0800
4441,122.29,92,0.0800
4442,0.00,0,0.0800
4443,174.96,125,0.0800
4444,117.83,83,0.0800
4445,201.46,135,0.0800
4446,210.36,142,0.0800
4447,214.56,143,0.0800
4448,121.65,91,0.0800
4449,255.37,165,0.0800
4450,0.56,1,0.0800
4451,0.00,0,0.0800
4452,122.95,91,0.0800
4453,127.92,92,0.0800
4454,160.82,115,0.0800
4455,70.30,58,0.0800
4456,0.00,0,0.0800
4457,197.27,131,0.0800
4458,142.77,100,0.0800
4459,121.55,86,0.0800
4460,0.00,0,0.0800
4461,138.18,101,0.0800
4462,101.87,77,0.0800
4463,0.00,0,0.0800
4464,110.28,87,0.0800
4465,0.00,0,0.0800
4466,208.95,147,0.0800
4467,167.43,120,0.0800
4468,151.18,110,0.0800
4469,191.61,137,0.0800
4470,0.00,0,0.0800
4471,0.00,0,0.0800
4472,82.26,65,0.0800
4473,199.92,141,0.0800
4474,211.44,149,0.0800
4475,121.73,88,0.0800
4476,151.00,119,0.0800
4477,0.00,0,0.0800
4478,147.21,106,0.0800
4479,102.71,78,0.0800
4480,0.00,0,0.0800
4481,278.86,186,0.0800
4482,112.94,84,0.0800
4483,105.06,78,0.0800
4484,0.00,0,0.0800
4485,104.72,75,0.0800
4486,102.75,77,0.0800
4487,72.11,57,0.0800
4488,0.00,0,0.0800
4489,107.51,79,0.0800
4490,0.00,0,0.0800
4491,209.55,156,0.0800
4492,187.58,139,0.0800
4493,94.42,77,0.0800
4494,100.35,80,0.0800
4495,0.00,0,0.0800
4496,61.48,51,0.0800
4497,91.26,72,0.0800
4498,0.00,0,0.0800
4499,94.23,77,0.0800
4500,0.00,0,0.0800
4501,136.53,106,0.0800
4502,0.00,0,0.0800
4503,176.54,123,0.0800
4504,0.00,0,0.0800
4505,116.62,88,0.0800
4506,116.93,87,0.0800
4507,97.67,75,0.0800
4508,0.00,0,0.0800
4509,156.50,113,0.0800
4510,0.52,1,0.0800
4511,98.32,74,0.0800
4512,82.10,61,0.0800
4513,100.02,76,0.0800
4514,122.50,85,0.0800
4515,98.36,74,0.0800
4516,171.66,119,0.0800
4517,92.58,71,0.0800
4518,134.46,94,0.0800
4519,154.14,110,0.0800
4520,0.56,1,0.0800
4521,88.28,67,0.0800
4522,0.00,0,0.0800
4523,234.56,157,0.0800
4524,81.05,63,0.0800
4525,0.00,0,0.0800
4526,131.76,95,0.0800
4527,168.43,118,0.0800
4528,76.72,59,0.0800
4529,176.53,125,0.0800
4530,0.00,0,0.0800
4531,152.26,108,0.0800
4532,188.82,134,0.0800
4533,0.00,0,0.0800
4534,142.54,106,0.0800
4535,0.00,0,0.0800
4536,175.31,129,0.0800
4537,147.71,107,0.0800
4538,244.47,165,0.0800
4539,89.79,73,0.0800
4540,3.42,5,0.0800
4541,138.35,107,0.0800
4542,0.00,0,0.0800
4543,224.12,148,0.0800
4544,101.06,75,0.0800
4545,109.16,77,0.0800
4546,287.31,182,0.0800
4547,219.88,151,0.0800
4548,108.83,82,0.0800
4549,166.68,113,0.0800
4550,0.55,1,0.0800
4551,138.73,96,0.0800
4552,0.00,0,0.0800
4553,230.97,164,0.0800
4554,124.33,87,0.0800
4555,117.42,86,0.0800
4556,0.00,0,0.0800
4557,182.73,129,0.0800
4558,125.23,92,0.0800
4559,134.17,103,0.0800
4560,0.00,0,0.0800
4561,0.40,1,0.0800
4562,0.00,0,0.0800
4563,0.41,1,0.0800
4564,0.40,1,0.0800
4565,0.00,0,0.0800
4566,0.40,1,0.0800
4567,0.40,1,0.0800
4568,0.41,1,0.0800
4569,0.41,1,0.0800
4570,0.00,0,0.0800
4571,0.00,0,0.0800
4572,307.30,202,0.0800
4573,0.00,0,0.0800
4574,113.40,89,0.0800
4575,249.17,165,0.0800
4576,159.71,114,0.0800
4577,186.86,131,0.0800
4578,118.24,86,0.0800
4579,93.17,70,0.0800
4580,0.56,1,0.0800
4581,235.84,156,0.0800
4582,275.21,183,0.0800
4583,0.00,0,0.0800
4584,171.00,123,0.0800
4585,207.19,137,0.0800
4586,161.51,114,0.0800
4587,177.57,120,0.0800
4588,0.00,0,0.0800
4589,181.44,125,0.0800
4590,0.00,0,0.0800
4591,0.00,0,0.0800
4592,172.00,124,0.0800
4593,0.00,0,0.0800
4594,108.13,80,0.0800
4595,0.00,0,0.0800
4596,127.09,95,0.0800
4597,103.65,80,0.0800
4598,104.66,81,0.0800
4599,138.04,101,0.0800
4600,41.39,40,0.0800
4601,118.92,88,0.0800
4602,264.13,179,0.0800
4603,88.30,68,0.0800
4604,130.17,98,0.0800
4605,137.69,95,0.0800
4606,90.32,70,0.0800
4607,203.77,136,0.0800
4608,232.26,152,0.0800
4609,102.20,74,0.0800
4610,0.00,0,0.0800
4611,0.40,1,0.0800
4612,0.39,1,0.0800
4613,0.00,0,0.0800
4614,0.40,1,0.0800
4615,0.40,1,0.0800
4616,0.40,1,0.0800
4617,0.00,0,0.0800
4618,0.40,1,0.0800
4619,0.40,1,0.0800
4620,0.00,0,0.0800
4621,0.41,1,0.0800
4622,0.40,1,0.0800
4623,0.40,1,0.0800
4624,0.00,0,0.0800
4625,0.40,1,0.0800
4626,0.00,0,0.0800
4627,0.41,1,0.0800
4628,0.40,1,0.0800
4629,0.00,0,0.0800
4630,34.47,35,0.0800
4631,229.67,153,0.0800
4632,124.55,90,0.0800
4633,71.86,57,0.0800
4634,95.62,72,0.0800
4635,120.35,84,0.0800
4636,109.16,82,0.0800
4637,64.98,51,0.0800
4638,116.79,82,0.0800
4639,133.86,95,0.0800
4640,0.00,0,0.0800
4641,146.68,105,0.0800
4642,94.89,73,0.0800
4643,328.80,210,0.0800
4644,83.71,64,0.0800
4645,228.40,156,0.0800
4646,246.16,164,0.0800
4647,81.83,65,0.0800
4648,0.00,0,0.0800
4649,156.50,111,0.0800
4650,0.00,0,0.0800
4651,0.00,0,0.0800
4652,236.94,160,0.0800
4653,222.81,153,0.0800
4654,123.11,92,0.0800
4655,143.13,104,0.0800
4656,256.68,190,0.0800
4657,183.84,132,0.0800
4658,0.00,0,0.0800
4659,82.72,69,0.0800
4660,0.00,0,0.0800
4661,0.40,1,0.0800
4662,0.40,1,0.0800
4663,0.40,1,0.0800
4664,0.00,0,0.0800
4665,0.40,1,0.0800
4666,0.00,0,0.0800
4667,0.40,1,0.0800
4668,0.41,1,0.0800
4669,0.00,0,0.0800
4670,106.69,80,0.0800
4671,230.65,147,0.0800
4672,281.22,182,0.0800
4673,0.00,0,0.0800
4674,173.78,118,0.0800
4675,374.18,229,0.0800
4676,136.45,97,0.0800
4677,168.62,121,0.0800
4678,177.07,123,0.0800
4679,0.00,0,0.0800
4680,54.92,52,0.0800
4681,209.01,137,0.0800
4682,112.49,80,0.0800
4683,224.62,156,0.0800
4684,158.89,115,0.0800
4685,86.36,68,0.0800
4686,114.08,86,0.0800
4687,213.34,142,0.0800
4688,226.43,151,0.0800
4689,167.38,113,0.0800
4690,0.00,0,0.0800
4691,0.40,1,0.0800
4692,0.40,1,0.0800
4693,0.40,1,0.0800
4694,0.40,1,0.0800
4695,0.40,1,0.0800
4696,0.00,0,0.0800
4697,0.40,1,0.0800
4698,0.40,1,0.0800
4699,0.40,1,0.0800
4700,0.53,1,0.0800
4701,0.00,0,0.0800
4702,192.74,130,0.0800
4703,195.39,131,0.0800
4704,109.88,82,0.0800
4705,121.34,93,0.0800
4706,0.00,0,0.0800
4707,69.86,54,0.0800
4708,174.53,123,0.0800
4709,275.32,173,0.0800
4710,0.00,0,0.0800
4711,222.03,148,0.0800
4712,105.07,80,0.0800
4713,213.14,144,0.0800
4714,0.00,0,0.0800
4715,109.81,82,0.0800
4716,134.38,104,0.0800
4717,174.92,119,0.0800
4718,117.95,86,0.0800
4719,121.14,85,0.0800
4720,37.48,35,0.0800
4721,140.13,109,0.0800
4722,127.83,94,0.0800
4723,100.67,77,0.0800
4724,92.71,69,0.0800
4725,0.00,0,0.0800
4726,146.45,109,0.0800
4727,111.69,85,0.0800
4728,0.00,0,0.0800
4729,103.49,81,0.0800
4730,0.00,0,0.0800
4731,101.36,75,0.0800
4732,68.77,54,0.0800
4733,119.80,90,0.0800
4734,113.67,81,0.0800
4735,98.62,74,0.0800
4736,157.77,109,0.0800
4737,0.00,0,0.0800
4738,204.76,143,0.0800
4739,156.36,110,0.0800
4740,0.00,0,0.0800
4741,142.64,102,0.0800
4742,233.30,158,0.0800
4743,152.18,117,0.0800
4744,176.53,127,0.0800
4745,141.60,105,0.0800
4746,207.51,144,0.0800
4747,185.88,133,0.0800
4748,98.52,75,0.0800
4749,0.00,0,0.0800
4750,62.45,57,0.0800
4751,0.00,0,0.0800
4752,137.61,95,0.0800
4753,0.00,0,0.0800
4754,244.01,160,0.0800
4755,124.05,93,0.0800
4756,0.00,0,0.0800
4757,146.05,102,0.0800
4758,110.28,83,0.0800
4759,0.00,0,0.0800
4760,70.67,58,0.0800
4761,214.43,142,0.0800
4762,93.17,71,0.0800
4763,222.11,149,0.0800
4764,111.86,80,0.0800
4765,0.00,0,0.0800
4766,63.34,50,0.0800
4767,129.83,90,0.0800
4768,153.70,106,0.0800
4769,138.20,98,0.0800
4770,0.00,0,0.0800
4771,133.16,97,0.0800
4772,210.39,142,0.0800
4773,108.74,82,0.0800
4774,184.19,125,0.0800
4775,0.00,0,0.0800
4776,101.76,75,0.0800
4777,150.41,110,0.0800
4778,347.60,220,0.0800
4779,167.78,120,0.0800
4780,1.90,3,0.0800
4781,127.45,92,0.0800
4782,107.44,81,0.0800
4783,221.04,150,0.0800
4784,163.66,117,0.0800
4785,202.80,137,0.0800
4786,133.80,105,0.0800
4787,0.00,0,0.0800
4788,102.63,75,0.0800
4789,170.20,119,0.0800
4790,0.00,0,0.0800
4791,0.41,1,0.0800
4792,0.41,1,0.0800
4793,0.41,1,0.0800
4794,0.00,0,0.0800
4795,0.41,1,0.0800
4796,0.41,1,0.0800
4797,0.41,1,0.0800
4798,0.00,0,0.0800
4799,0.41,1,0.0800
4800,0.00,0,0.0800
4801,253.99,171,0.0800
4802,107.62,83,0.0800
4803,143.20,102,0.0800
4804,292.04,198,0.0800
4805,127.25,92,0.0800
4806,0.00,0,0.0800
4807,127.11,94,0.0800
4808,165.82,118,0.0800
4809,93.14,71,0.0800
4810,49.34,45,0.0800
4811,150.06,103,0.0800
4812,95.88,74,0.0800
4813,93.99,73,0.0800
4814,0.00,0,0.0800
4815,183.11,128,0.0800
4816,166.77,121,0.0800
4817,115.58,88,0.0800
4818,168.30,115,0.0800
4819,98.52,74,0.0800
4820,0.00,0,0.0800
4821,213.70,145,0.0800
4822,0.00,0,0.0800
4823,143.15,101,0.0800
4824,78.81,63,0.0800
4825,0.00,0,0.0800
4826,139.74,97,0.0800
4827,103.55,79,0.0800
4828,100.09,76,0.0800
4829,104.64,78,0.0800
4830,0.00,0,0.0800
4831,199.04,142,0.0800
4832,101.86,80,0.0800
4833,0.00,0,0.0800
4834,103.85,79,0.0800
4835,0.00,0,0.0800
4836,206.71,145,0.0800
4837,120.50,93,0.0800
4838,0.00,0,0.0800
4839,141.82,108,0.0800
4840,0.00,0,0.0800
4841,165.17,117,0.0800
4842,154.71,110,0.0800
4843,88.17,69,0.0800
4844,243.74,163,0.0800
4845,0.00,0,0.0800
4846,150.58,109,0.0800
4847,174.96,124,0.0800
4848,129.10,94,0.0800
4849,120.97,90,0.0800
4850,0.00,0,0.0800
4851,80.34,61,0.0800
4852,155.14,112,0.0800
4853,114.00,89,0.0800
4854,117.48,89,0.0800
4855,89.89,69,0.0800
4856,114.58,84,0.0800
4857,156.76,109,0.0800
4858,195.84,136,0.0800
4859,208.64,142,0.0800
4860,0.00,0,0.0800
4861,220.42,151,0.0800
4862,172.62,123,0.0800
4863,214.94,148,0.0800
4864,193.91,137,0.0800
4865,197.67,136,0.0800
4866,130.23,100,0.0800
4867,132.61,97,0.0800
4868,85.59,67,0.0800
4869,221.28,157,0.0800
4870,34.66,33,0.0800
4871,95.70,75,0.0800
4872,83.44,63,0.0800
4873,249.03,164,0.0800
4874,186.79,128,0.0800
4875,0.00,0,0.0800
4876,89.71,69,0.0800
4877,0.00,0,0.0800
4878,148.00,105,0.0800
4879,0.00,0,0.0800
4880,26.55,27,0.0800
4881,196.00,132,0.0800
4882,127.35,93,0.0800
4883,91.55,67,0.0800
4884,125.30,87,0.0800
4885,170.12,116,0.0800
4886,106.33,79,0.0800
4887,0.00,0,0.0800
4888,223.83,157,0.0800
4889,219.83,145,0.0800
4890,0.00,0,0.0800
4891,0.00,0,0.0800
4892,153.32,109,0.0800
4893,174.69,125,0.0800
4894,226.32,158,0.0800
4895,0.00,0,0.0800
4896,72.22,61,0.0800
4897,367.62,233,0.0800
4898,133.82,98,0.0800
4899,196.37,140,0.0800
4900,0.00,0,0.0800
4901,97.98,72,0.0800
4902,154.38,112,0.0800
4903,140.88,99,0.0800
4904,0.00,0,0.0800
4905,78.86,64,0.0800
4906,0.00,0,0.0800
4907,222.60,153,0.0800
4908,97.86,73,0.0800
4909,104.92,79,0.0800
4910,49.50,45,0.0800
4911,0.00,0,0.0800
4912,203.89,136,0.0800
4913,104.07,79,0.0800
4914,0.00,0,0.0800
4915,226.82,149,0.0800
4916,207.65,140,0.0800
4917,0.00,0,0.0800
4918,133.53,93,0.0800
4919,103.33,78,0.0800
4920,0.00,0,0.0800
4921,114.62,81,0.0800
4922,108.61,80,0.0800
4923,0.00,0,0.0800
4924,194.10,131,0.0800
4925,103.83,78,0.0800
4926,0.00,0,0.0800
4927,101.96,74,0.0800
4928,206.48,141,0.0800
4929,240.43,160,0.0800
4930,0.00,0,0.0800
4931,0.00,0,0.0800
4932,215.23,153,0.0800
4933,130.81,98,0.0800
4934,91.80,73,0.0800
4935,86.04,73,0.0800
4936,0.00,0,0.0800
4937,114.50,90,0.0800
4938,0.00,0,0.0800
4939,217.56,158,0.0800
4940,0.48,1,0.0800
4941,136.49,104,0.0800
4942,0.00,0,0.0800
4943,126.89,92,0.0800
4944,204.65,144,0.0800
4945,0.00,0,0.0800
4946,220.13,151,0.0800
4947,136.58,99,0.0800
4948,174.99,125,0.0800
4949,116.32,88,0.0800
4950,0.00,0,0.0800
4951,0.41,1,0.0800
4952,0.41,1,0.0800
4953,0.00,0,0.0800
4954,0.40,1,0.0800
4955,0.00,0,0.0800
4956,0.40,1,0.0800
4957,0.00,0,0.0800
4958,0.40,1,0.0800
4959,0.40,1,0.0800
4960,0.00,0,0.0800
4961,0.41,1,0.0800
4962,0.40,1,0.0800
4963,0.00,0,0.0800
4964,0.40,1,0.0800
4965,0.00,0,0.0800
4966,0.40,1,0.0800
4967,0.40,1,0.0800
4968,0.41,1,0.0800
4969,0.41,1,0.0800
4970,0.00,0,0.0800
4971,0.40,1,0.0800
4972,0.40,1,0.0800
4973,0.40,1,0.0800
4974,0.00,0,0.0800
4975,0.40,1,0.0800
4976,0.41,1,0.0800
4977,0.40,1,0.0800
4978,0.40,1,0.0800
4979,0.00,0,0.0800
4980,86.41,69,0.0800
4981,100.48,77,0.0800
4982,0.00,0,0.0800
4983,94.32,77,0.0800
4984,94.72,72,0.0800
4985,134.12,99,0.0800
4986,121.03,85,0.0800
4987,97.99,74,0.0800
4988,0.00,0,0.0800
4989,120.35,89,0.0800
4990,0.00,0,0.0800
4991,0.40,1,0.0800
4992,0.00,0,0.0800
4993,0.40,1,0.0800
4994,0.40,1,0.0800
4995,0.40,1,0.0800
4996,0.40,1,0.0800
4997,0.40,1,0.0800
4998,0.40,1,0.0800
4999,0.40,1,0.0800
5000,0.00,0,0.0800
5001,0.40,1,0.0800
5002,0.40,1,0.0800
5003,0.40,1,0.0800
5004,0.00,0,0.0800
5005,0.40,1,0.0800
5006,0.40,1,0.0800
5007,0.40,1,0.0800
5008,0.00,0,0.0800
5009,0.40,1,0.0800
5010,0.00,0,0.0800
5011,0.41,1,0.0800
5012,0.41,1,0.0800
5013,0.41,1,0.0800
5014,0.41,1,0.0800
5015,0.41,1,0.0800
5016,0.41,1,0.0800
5017,0.41,1,0.0800
5018,0.00,0,0.0800
5019,0.41,1,0.0800
5020,0.00,0,0.0800
5021,169.16,118,0.0800
5022,117.42,83,0.0800
5023,225.90,157,0.0800
5024,171.51,122,0.0800
5025,63.47,51,0.0800
5026,0.00,0,0.0800
5027,164.57,119,0.0800
5028,195.74,135,0.0800
5029,210.57,142,0.0800
5030,0.55,1,0.0800
5031,0.00,0,0.0800
5032,83.54,65,0.0800
5033,111.14,83,0.0800
5034,100.21,76,0.0800
5035,123.22,89,0.0800
5036,252.05,166,0.0800
5037,102.66,78,0.0800
5038,291.19,193,0.0800
5039,210.25,143,0.0800
5040,0.00,0,0.0800
5041,222.76,154,0.0800
5042,117.70,88,0.0800
5043,166.07,120,0.0800
5044,139.14,104,0.0800
5045,76.16,60,0.0800
5046,224.60,155,0.0800
5047,128.20,95,0.0800
5048,125.56,93,0.0800
5049,137.07,100,0.0800
5050,0.00,0,0.0800
5051,151.06,106,0.0800
5052,202.30,140,0.0800
5053,138.67,99,0.0800
5054,95.58,79,0.0800
5055,151.59,106,0.0800
5056,125.12,92,0.0800
5057,137.35,99,0.0800
5058,88.22,68,0.0800
5059,122.37,89,0.0800
5060,0.00,0,0.0800
5061,239.30,158,0.0800
5062,231.72,155,0.0800
5063,0.00,0,0.0800
5064,214.28,151,0.0800
5065,0.00,0,0.0800
5066,122.63,91,0.0800
5067,184.98,132,0.0800
5068,0.00,0,0.0800
5069,163.36,121,0.0800
5070,0.00,0,0.0800
5071,224.62,152,0.0800
5072,110.95,79,0.0800
5073,205.19,139,0.0800
5074,92.48,70,0.0800
5075,112.88,82,0.0800
5076,214.48,145,0.0800
5077,0.00,0,0.0800
5078,126.94,91,0.0800
5079,0.00,0,0.0800
5080,78.81,66,0.0800
5081,121.78,91,0.0800
5082,183.69,129,0.0800
5083,180.18,124,0.0800
5084,0.00,0,0.0800
5085,168.00,112,0.0800
5086,0.00,0,0.0800
5087,150.24,107,0.0800
5088,182.80,130,0.0800
5089,120.54,84,0.0800
5090,0.00,0,0.0800
5091,97.00,78,0.0800
5092,181.83,137,0.0800
5093,186.20,139,0.0800
5094,185.65,143,0.0800
5095,78.96,67,0.0800
5096,179.38,135,0.0800
5097,192.83,145,0.0800
5098,0.00,0,0.0800
5099,116.38,94,0.0800
5100,82.81,66,0.0800
5101,0.00,0,0.0800
5102,145.79,104,0.0800
5103,188.91,132,0.0800
5104,68.97,56,0.0800
5105,0.00,0,0.0800
5106,110.88,80,0.0800
5107,104.64,78,0.0800
5108,146.53,105,0.0800
5109,132.81,92,0.0800
5110,0.00,0,0.0800
5111,117.12,83,0.0800
5112,102.95,80,0.0800
5113,0.00,0,0.0800
5114,172.67,125,0.0800
5115,94.70,72,0.0800
5116,125.72,91,0.0800
5117,138.74,104,0.0800
5118,106.52,86,0.0800
5119,0.00,0,0.0800
5120,17.01,19,0.0800
5121,196.85,132,0.0800
5122,106.53,81,0.0800
5123,0.00,0,0.0800
5124,222.10,156,0.0800
5125,92.67,71,0.0800
5126,240.91,159,0.0800
5127,174.34,135,0.0800
5128,100.67,73,0.0800
5129,233.69,153,0.0800
5130,0.00,0,0.0800
5131,110.75,79,0.0800
5132,136.04,99,0.0800
5133,212.82,146,0.0800
5134,101.52,78,0.0800
5135,143.52,101,0.0800
5136,112.05,83,0.0800
5137,97.06,76,0.0800
5138,0.00,0,0.0800
5139,169.24,119,0.0800
5140,0.00,0,0.0800
5141,159.04,115,0.0800
5142,110.25,84,0.0800
5143,204.01,142,0.0800
5144,100.81,77,0.0800
5145,201.28,140,0.0800
5146,121.29,89,0.0800
5147,154.51,117,0.0800
5148,0.00,0,0.0800
5149,97.76,76,0.0800
5150,0.52,1,0.0800
5151,107.34,80,0.0800
5152,124.39,91,0.0800
5153,105.72,81,0.0800
5154,194.99,135,0.0800
5155,0.00,0,0.0800
5156,237.63,157,0.0800
5157,0.00,0,0.0800
5158,171.07,117,0.0800
5159,82.00,63,0.0800
5160,0.00,0,0.0800
5161,86.99,68,0.0800
5162,169.77,116,0.0800
5163,211.57,146,0.0800
5164,0.00,0,0.0800
5165,149.24,104,0.0800
5166,107.64,78,0.0800
5167,101.03,76,0.0800
5168,168.84,119,0.0800
5169,136.63,99,0.0800
5170,0.00,0,0.0800
5171,151.44,107,0.0800
5172,111.94,84,0.0800
5173,220.74,158,0.0800
5174,225.21,152,0.0800
5175,0.00,0,0.0800
5176,124.38,91,0.0800
5177,186.26,128,0.0800
5178,192.13,135,0.0800
5179,99.75,78,0.0800
5180,0.00,0,0.0800
5181,120.82,87,0.0800
5182,0.00,0,0.0800
5183,156.20,113,0.0800
5184,87.55,67,0.0800
5185,208.86,142,0.0800
5186,111.82,84,0.0800
5187,0.00,0,0.0800
5188,218.58,150,0.0800
5189,229.08,151,0.0800
5190,0.00,0,0.0800
5191,0.41,1,0.0800
5192,0.41,1,0.0800
5193,0.41,1,0.0800
5194,0.00,0,0.0800
5195,0.41,1,0.0800
5196,0.41,1,0.0800
5197,0.00,0,0.0800
5198,0.41,1,0.0800
5199,0.00,0,0.0800
5200,69.89,61,0.0800
5201,121.28,92,0.0800
5202,78.55,65,0.0800
5203,124.55,91,0.0800
5204,238.58,156,0.0800
5205,92.27,71,0.0800
5206,142.36,103,0.0800
5207,181.12,122,0.0800
5208,0.00,0,0.0800
5209,211.12,137,0.0800
5210,0.55,1,0.0800
5211,0.00,0,0.0800
5212,227.38,162,0.0800
5213,90.93,71,0.0800
5214,139.25,98,0.0800
5215,136.87,103,0.0800
5216,111.02,83,0.0800
5217,59.87,48,0.0800
5218,247.95,160,0.0800
5219,213.09,150,0.0800
5220,3.40,5,0.0800
5221,251.19,167,0.0800
5222,83.04,67,0.0800
5223,130.12,95,0.0800
5224,104.40,80,0.0800
5225,0.00,0,0.0800
5226,219.86,156,0.0800
5227,237.70,154,0.0800
5228,0.00,0,0.0800
5229,86.52,67,0.0800
5230,0.00,0,0.0800
5231,0.41,1,0.0800
5232,0.00,0,0.0800
5233,0.41,1,0.0800
5234,0.41,1,0.0800
5235,0.41,1,0.0800
5236,0.41,1,0.0800
5237,0.41,1,0.0800
5238,0.41,1,0.0800
5239,0.41,1,0.0800
5240,0.00,0,0.0800
5241,0.40,1,0.0800
5242,0.40,1,0.0800
5243,0.40,1,0.0800
5244,0.40,1,0.0800
5245,0.00,0,0.0800
5246,0.41,1,0.0800
5247,0.40,1,0.0800
5248,0.40,1,0.0800
5249,0.40,1,0.0800
5250,0.00,0,0.0800
5251,0.41,1,0.0800
5252,0.41,1,0.0800
5253,0.41,1,0.0800
5254,0.41,1,0.0800
5255,0.41,1,0.0800
5256,0.41,1,0.0800
5257,0.00,0,0.0800
5258,0.41,1,0.0800
5259,0.41,1,0.0800
5260,-1.00,1,0.0800
5261,206.60,145,0.0800
5262,0.00,0,0.0800
5263,167.75,119,0.0800
5264,135.09,97,0.0800
5265,98.72,77,0.0800
5266,168.60,115,0.0800
5267,211.58,149,0.0800
5268,125.86,93,0.0800
5269,96.13,77,0.0800
5270,0.00,0,0.0800
5271,0.41,1,0.0800
5272,0.41,1,0.0800
5273,0.41,1,0.0800
5274,0.00,0,0.0800
5275,0.41,1,0.0800
5276,0.00,0,0.0800
5277,0.41,1,0.0800
5278,0.41,1,0.0800
5279,0.41,1,0.0800
5280,0.52,1,0.0800
5281,76.85,59,0.0800
5282,181.68,126,0.0800
5283,102.98,79,0.0800
5284,112.10,83,0.0800
5285,229.53,157,0.0800
5286,156.12,113,0.0800
5287,109.74,82,0.0800
5288,130.08,98,0.0800
5289,233.72,159,0.0800
5290,0.00,0,0.0800
5291,0.41,1,0.0800
5292,0.00,0,0.0800
5293,0.41,1,0.0800
5294,0.41,1,0.0800
5295,0.41,1,0.0800
5296,0.00,0,0.0800
5297,0.41,1,0.0800
5298,0.40,1,0.0800
5299,0.41,1,0.0800
5300,0.51,1,0.0800
5301,206.92,154,0.0800
5302,137.97,101,0.0800
5303,107.47,82,0.0800
5304,107.95,83,0.0800
5305,0.00,0,0.0800
5306,169.21,122,0.0800
5307,328.17,205,0.0800
5308,85.24,70,0.0800
5309,0.00,0,0.0800
5310,105.34,86,0.0800
5311,205.22,143,0.0800
5312,107.64,82,0.0800
5313,138.52,95,0.0800
5314,74.92,57,0.0800
5315,121.22,90,0.0800
5316,168.61,119,0.0800
5317,0.00,0,0.0800
5318,108.17,79,0.0800
5319,0.00,0,0.0800
5320,96.00,75,0.0800
5321,183.55,128,0.0800
5322,132.60,99,0.0800
5323,0.00,0,0.0800
5324,185.99,128,0.0800
5325,213.14,141,0.0800
5326,176.45,126,0.0800
5327,0.00,0,0.0800
5328,117.44,88,0.0800
5329,238.39,152,0.0800
5330,3.43,5,0.0800
5331,106.28,80,0.0800
5332,80.03,64,0.0800
5333,125.74,94,0.0800
5334,116.25,86,0.0800
5335,117.86,92,0.0800
5336,119.17,91,0.0800
5337,220.58,151,0.0800
5338,199.45,140,0.0800
5339,229.04,152,0.0800
5340,0.00,0,0.0800
5341,132.66,99,0.0800
5342,202.33,135,0.0800
5343,101.48,78,0.0800
5344,103.72,80,0.0800
5345,117.42,90,0.0800
5346,104.07,82,0.0800
5347,102.39,79,0.0800
5348,153.50,114,0.0800
5349,108.01,78,0.0800
5350,1.21,2,0.0800
5351,237.61,164,0.0800
5352,167.17,119,0.0800
5353,163.94,114,0.0800
5354,116.60,87,0.0800
5355,175.60,126,0.0800
5356,171.12,120,0.0800
5357,0.00,0,0.0800
5358,107.67,82,0.0800
5359,160.86,120,0.0800
5360,0.00,0,0.0800
5361,0.40,1,0.0800
5362,0.40,1,0.0800
5363,0.40,1,0.0800
5364,0.40,1,0.0800
5365,0.00,0,0.0800
5366,0.40,1,0.0800
5367,0.00,0,0.0800
5368,0.40,1,0.0800
5369,0.00,0,0.0800
5370,53.37,48,0.0800
5371,127.15,93,0.0800
5372,126.68,93,0.0800
5373,216.01,144,0.0800
5374,176.78,120,0.0800
5375,204.34,135,0.0800
5376,141.69,103,0.0800
5377,116.12,85,0.0800
5378,177.66,122,0.0800
5379,163.20,116,0.0800
5380,0.00,0,0.0800
5381,0.41,1,0.0800
5382,0.41,1,0.0800
5383,0.00,0,0.0800
5384,0.41,1,0.0800
5385,0.40,1,0.0800
5386,0.41,1,0.0800
5387,0.41,1,0.0800
5388,0.41,1,0.0800
5389,0.41,1,0.0800
5390,0.00,0,0.0800
5391,0.40,1,0.0800
5392,0.40,1,0.0800
5393,0.40,1,0.0800
5394,0.40,1,0.0800
5395,0.00,0,0.0800
5396,0.41,1,0.0800
5397,0.40,1,0.0800
5398,0.41,1,0.0800
5399,0.00,0,0.0800
5400,113.70,86,0.0800
5401,97.21,74,0.0800
5402,84.32,64,0.0800
5403,174.95,121,0.0800
5404,216.06,144,0.0800
5405,74.91,59,0.0800
5406,0.00,0,0.0800
5407,168.01,121,0.0800
5408,127.55,93,0.0800
5409,242.70,160,0.0800
5410,0.00,0,0.0800
5411,0.00,0,0.0800
5412,202.16,156,0.0800
5413,125.42,100,0.0800
5414,0.00,0,0.0800
5415,97.19,80,0.0800
5416,0.00,0,0.0800
5417,128.48,108,0.0800
5418,108.52,90,0.0800
5419,105.91,83,0.0800
5420,0.55,1,0.0800
5421,0.00,0,0.0800
5422,339.30,217,0.0800
5423,138.50,103,0.0800
5424,118.69,89,0.0800
5425,158.25,116,0.0800
5426,102.27,79,0.0800
5427,0.00,0,0.0800
5428,157.54,114,0.0800
5429,91.22,73,0.0800
5430,8.45,11,0.0800
5431,112.99,81,0.0800
5432,207.36,146,0.0800
5433,93.39,72,0.0800
5434,89.77,68,0.0800
5435,0.00,0,0.0800
5436,111.72,85,0.0800
5437,163.13,119,0.0800
5438,303.37,210,0.0800
5439,109.32,84,0.0800
5440,9.34,12,0.0800
5441,144.87,100,0.0800
5442,78.26,63,0.0800
5443,169.61,117,0.0800
5444,256.27,172,0.0800
5445,220.39,150,0.0800
5446,106.41,83,0.0800
5447,251.66,176,0.0800
5448,0.00,0,0.0800
5449,129.68,98,0.0800
5450,8.45,11,0.0800
5451,0.00,0,0.0800
5452,109.61,87,0.0800
5453,100.69,79,0.0800
5454,133.24,94,0.0800
5455,246.55,164,0.0800
5456,132.88,97,0.0800
5457,363.38,221,0.0800
5458,227.17,158,0.0800
5459,115.62,87,0.0800
5460,0.53,1,0.0800
5461,318.10,204,0.0800
5462,145.64,105,0.0800
5463,144.16,101,0.0800
5464,111.14,81,0.0800
5465,154.46,111,0.0800
5466,187.79,131,0.0800
5467,237.10,160,0.0800
5468,209.81,141,0.0800
5469,198.54,136,0.0800
5470,0.00,0,0.0800
5471,0.00,0,0.0800
5472,109.16,83,0.0800
5473,249.03,172,0.0800
5474,147.86,105,0.0800
5475,114.38,87,0.0800
5476,0.00,0,0.0800
5477,97.46,75,0.0800
5478,117.85,88,0.0800
5479,303.98,202,0.0800
5480,0.52,1,0.0800
5481,95.36,75,0.0800
5482,126.84,97,0.0800
5483,173.55,122,0.0800
5484,208.94,139,0.0800
5485,139.51,103,0.0800
5486,0.00,0,0.0800
5487,119.54,86,0.0800
5488,133.84,99,0.0800
5489,136.84,101,0.0800
5490,0.54,1,0.0800
5491,0.00,0,0.0800
5492,95.88,77,0.0800
5493,218.50,147,0.0800
5494,129.88,97,0.0800
5495,287.40,187,0.0800
5496,235.76,161,0.0800
5497,131.63,100,0.0800
5498,0.00,0,0.0800
5499,79.95,64,0.0800
5500,0.55,1,0.0800
5501,246.79,162,0.0800
5502,117.29,86,0.0800
5503,136.25,98,0.0800
5504,225.63,151,0.0800
5505,0.00,0,0.0800
5506,161.15,115,0.0800
5507,123.49,90,0.0800
5508,122.71,98,0.0800
5509,107.08,83,0.0800
5510,5.83,8,0.0800
5511,321.46,211,0.0800
5512,295.64,196,0.0800
5513,181.29,124,0.0800
5514,228.32,151,0.0800
5515,146.37,105,0.0800
5516,256.36,169,0.0800
5517,130.81,95,0.0800
5518,111.32,83,0.0800
5519,125.95,92,0.0800
5520,0.00,0,0.0800
5521,0.40,1,0.0800
5522,0.00,0,0.0800
5523,0.41,1,0.0800
5524,0.40,1,0.0800
5525,0.40,1,0.0800
5526,0.00,0,0.0800
5527,0.40,1,0.0800
5528,0.40,1,0.0800
5529,0.40,1,0.0800
5530,0.00,0,0.0800
5531,0.41,1,0.0800
5532,0.40,1,0.0800
5533,0.40,1,0.0800
5534,0.40,1,0.0800
5535,0.40,1,0.0800
5536,0.00,0,0.0800
5537,0.41,1,0.0800
5538,0.40,1,0.0800
5539,0.41,1,0.0800
5540,0.56,1,0.0800
5541,101.40,79,0.0800
5542,194.08,139,0.0800
5543,89.04,71,0.0800
5544,278.34,180,0.0800
5545,172.71,117,0.0800
5546,0.00,0,0.0800
5547,89.52,71,0.0800
5548,178.18,121,0.0800
5549,244.47,161,0.0800
5550,0.52,1,0.0800
5551,117.48,85,0.0800
5552,0.00,0,0.0800
5553,153.30,113,0.0800
5554,0.00,0,0.0800
5555,76.82,61,0.0800
5556,0.00,0,0.0800
5557,222.97,156,0.0800
5558,163.28,115,0.0800
5559,292.40,188,0.0800
5560,0.51,1,0.0800
5561,105.58,84,0.0800
5562,0.00,0,0.0800
5563,110.69,86,0.0800
5564,0.00,0,0.0800
5565,151.17,108,0.0800
5566,206.70,147,0.0800
5567,106.40,82,0.0800
5568,0.00,0,0.0800
5569,216.29,150,0.0800
5570,0.00,0,0.0800
5571,215.27,150,0.0800
5572,223.73,152,0.0800
5573,192.02,142,0.0800
5574,107.02,82,0.0800
5575,259.24,169,0.0800
5576,255.37,174,0.0800
5577,81.16,64,0.0800
5578,109.00,86,0.0800
5579,0.00,0,0.0800
5580,57.75,54,0.0800
5581,127.67,94,0.0800
5582,0.00,0,0.0800
5583,172.66,115,0.0800
5584,134.55,99,0.0800
5585,144.85,107,0.0800
5586,116.27,87,0.0800
5587,95.35,70,0.0800
5588,221.13,146,0.0800
5589,106.78,82,0.0800
5590,0.53,1,0.0800
5591,133.37,100,0.0800
5592,112.35,85,0.0800
5593,0.00,0,0.0800
5594,135.53,99,0.0800
5595,123.44,92,0.0800
5596,0.00,0,0.0800
5597,221.95,149,0.0800
5598,151.57,106,0.0800
5599,215.07,143,0.0800
5600,3.38,5,0.0800
5601,0.00,0,0.0800
5602,106.32,83,0.0800
5603,128.13,96,0.0800
5604,121.80,90,0.0800
5605,100.90,78,0.0800
5606,120.31,90,0.0800
5607,144.41,102,0.0800
5608,133.81,97,0.0800
5609,125.61,90,0.0800
5610,59.03,55,0.0800
5611,99.54,76,0.0800
5612,128.70,96,0.0800
5613,94.44,74,0.0800
5614,139.43,101,0.0800
5615,127.51,95,0.0800
5616,0.00,0,0.0800
5617,112.19,85,0.0800
5618,140.36,105,0.0800
5619,161.84,117,0.0800
5620,0.00,0,0.0800
5621,0.41,1,0.0800
5622,0.41,1,0.0800
5623,0.41,1,0.0800
5624,0.00,0,0.0800
5625,0.41,1,0.0800
5626,0.41,1,0.0800
5627,0.41,1,0.0800
5628,0.41,1,0.0800
5629,0.41,1,0.0800
5630,28.72,31,0.0800
5631,157.95,121,0.0800
5632,0.00,0,0.0800
5633,102.99,74,0.0800
5634,204.85,149,0.0800
5635,159.64,116,0.0800
5636,248.86,164,0.0800
5637,105.20,82,0.0800
5638,108.27,81,0.0800
5639,110.20,84,0.0800
5640,0.53,1,0.0800
5641,84.20,70,0.0800
5642,0.00,0,0.0800
5643,117.42,89,0.0800
5644,181.42,126,0.0800
5645,143.20,105,0.0800
5646,133.18,97,0.0800
5647,129.85,97,0.0800
5648,116.37,87,0.0800
5649,92.06,69,0.0800
5650,0.54,1,0.0800
5651,150.85,108,0.0800
5652,213.99,145,0.0800
5653,100.79,76,0.0800
5654,266.73,173,0.0800
5655,235.18,156,0.0800
5656,166.66,118,0.0800
5657,200.75,139,0.0800
5658,109.40,84,0.0800
5659,110.88,80,0.0800
5660,0.55,1,0.0800
5661,123.08,94,0.0800
5662,128.62,95,0.0800
5663,137.96,103,0.0800
5664,113.18,84,0.0800
5665,203.85,140,0.0800
5666,175.01,125,0.0800
5667,176.31,119,0.0800
5668,0.00,0,0.0800
5669,103.40,76,0.0800
5670,65.30,56,0.0800
5671,122.40,91,0.0800
5672,138.00,103,0.0800
5673,133.23,96,0.0800
5674,138.58,106,0.0800
5675,168.33,118,0.0800
5676,112.27,84,0.0800
5677,163.38,119,0.0800
5678,134.16,97,0.0800
5679,139.32,103,0.0800
5680,0.00,0,0.0800
5681,0.41,1,0.0800
5682,0.41,1,0.0800
5683,0.41,1,0.0800
5684,0.40,1,0.0800
5685,0.41,1,0.0800
5686,0.41,1,0.0800
5687,0.41,1,0.0800
5688,0.41,1,0.0800
5689,0.41,1,0.0800
5690,0.00,0,0.0800
5691,0.41,1,0.0800
5692,0.00,0,0.0800
5693,0.41,1,0.0800
5694,0.41,1,0.0800
5695,0.00,0,0.0800
5696,0.41,1,0.0800
5697,0.40,1,0.0800
5698,0.41,1,0.0800
5699,0.00,0,0.0800
5700,33.77,36,0.0800
5701,186.35,126,0.0800
5702,166.64,116,0.0800
5703,143.87,103,0.0800
5704,162.09,109,0.0800
5705,127.46,93,0.0800
5706,0.00,0,0.0800
5707,113.88,85,0.0800
5708,118.20,88,0.0800
5709,108.07,81,0.0800
5710,120.77,92,0.0800
5711,108.13,82,0.0800
5712,91.66,72,0.0800
5713,111.47,83,0.0800
5714,226.51,150,0.0800
5715,320.29,201,0.0800
5716,141.87,108,0.0800
5717,108.17,85,0.0800
5718,160.07,110,0.0800
5719,220.58,144,0.0800
5720,0.52,1,0.0800
5721,85.53,67,0.0800
5722,196.65,135,0.0800
5723,229.46,157,0.0800
5724,0.00,0,0.0800
5725,135.64,107,0.0800
5726,118.51,91,0.0800
5727,173.30,120,0.0800
5728,159.87,125,0.0800
5729,303.73,195,0.0800
5730,5.82,8,0.0800
5731,177.52,127,0.0800
5732,190.03,135,0.0800
5733,389.77,256,0.0800
5734,89.29,75,0.0800
5735,265.64,172,0.0800
5736,124.32,93,0.0800
5737,158.04,111,0.0800
5738,178.90,126,0.0800
5739,124.20,91,0.0800
5740,0.00,0,0.0800
5741,0.00,0,0.0800
5742,84.97,68,0.0800
5743,78.94,65,0.0800
5744,146.62,103,0.0800
5745,146.78,108,0.0800
5746,120.48,90,0.0800
5747,155.40,108,0.0800
5748,140.80,104,0.0800
5749,242.60,160,0.0800
5750,0.00,0,0.0800
5751,0.00,0,0.0800
5752,102.71,82,0.0800
5753,145.20,108,0.0800
5754,185.18,134,0.0800
5755,188.61,142,0.0800
5756,116.66,92,0.0800
5757,0.00,0,0.0800
5758,99.51,80,0.0800
5759,0.00,0,0.0800
5760,75.32,65,0.0800
5761,0.00,0,0.0800
5762,87.76,70,0.0800
5763,246.14,168,0.0800
5764,220.89,147,0.0800
5765,115.10,83,0.0800
5766,172.98,122,0.0800
5767,185.66,126,0.0800
5768,174.68,122,0.0800
5769,101.17,78,0.0800
5770,4.20,6,0.0800
5771,129.86,94,0.0800
5772,235.84,152,0.0800
5773,240.53,157,0.0800
5774,232.30,158,0.0800
5775,102.47,79,0.0800
5776,233.91,156,0.0800
5777,142.39,103,0.0800
5778,155.87,108,0.0800
5779,161.90,113,0.0800
5780,0.50,1,0.0800
5781,0.00,0,0.0800
5782,112.03,87,0.0800
5783,203.56,148,0.0800
5784,69.22,58,0.0800
5785,113.11,91,0.0800
5786,141.75,103,0.0800
5787,96.75,77,0.0800
5788,187.92,138,0.0800
5789,135.71,104,0.0800
5790,0.00,0,0.0800
5791,0.00,0,0.0800
5792,106.54,84,0.0800
5793,171.68,124,0.0800
5794,134.30,104,0.0800
5795,93.32,77,0.0800
5796,0.00,0,0.0800
5797,96.07,77,0.0800
5798,163.91,120,0.0800
5799,83.41,68,0.0800
5800,165.13,115,0.0800
5801,180.28,128,0.0800
5802,113.66,84,0.0800
5803,97.34,76,0.0800
5804,136.25,99,0.0800
5805,229.83,150,0.0800
5806,120.89,91,0.0800
5807,224.37,149,0.0800
5808,155.41,109,0.0800
5809,213.37,142,0.0800
5810,27.29,29,0.0800
5811,145.76,102,0.0800
5812,201.89,139,0.0800
5813,116.80,86,0.0800
5814,0.00,0,0.0800
5815,111.63,86,0.0800
5816,157.01,109,0.0800
5817,97.77,76,0.0800
5818,104.22,80,0.0800
5819,173.86,119,0.0800
5820,0.00,0,0.0800
5821,0.41,1,0.0800
5822,0.41,1,0.0800
5823,0.41,1,0.0800
5824,0.00,0,0.0800
5825,0.42,1,0.0800
5826,0.41,1,0.0800
5827,0.41,1,0.0800
5828,0.41,1,0.0800
5829,0.41,1,0.0800
5830,0.00,0,0.0800
5831,0.41,1,0.0800
5832,0.41,1,0.0800
5833,0.40,1,0.0800
5834,0.41,1,0.0800
5835,0.41,1,0.0800
5836,0.41,1,0.0800
5837,0.41,1,0.0800
5838,0.00,0,0.0800
5839,0.41,1,0.0800
5840,3.50,5,0.0800
5841,299.02,189,0.0800
5842,96.16,74,0.0800
5843,292.36,187,0.0800
5844,135.16,99,0.0800
5845,135.96,97,0.0800
5846,100.27,76,0.0800
5847,147.87,103,0.0800
5848,0.00,0,0.0800
5849,116.69,84,0.0800
5850,0.00,0,0.0800
5851,167.58,117,0.0800
5852,0.00,0,0.0800
5853,100.24,76,0.0800
5854,203.11,138,0.0800
5855,142.99,104,0.0800
5856,185.01,125,0.0800
5857,149.81,108,0.0800
5858,110.34,85,0.0800
5859,169.23,125,0.0800
5860,0.54,1,0.0800
5861,0.00,0,0.0800
5862,124.94,89,0.0800
5863,165.45,114,0.0800
5864,104.34,77,0.0800
5865,143.61,105,0.0800
5866,108.62,82,0.0800
5867,146.22,103,0.0800
5868,210.37,149,0.0800
5869,84.16,67,0.0800
5870,0.00,0,0.0800
5871,0.41,1,0.0800
5872,0.41,1,0.0800
5873,0.41,1,0.0800
5874,0.00,0,0.0800
5875,0.41,1,0.0800
5876,0.41,1,0.0800
5877,0.41,1,0.0800
5878,0.41,1,0.0800
5879,0.40,1,0.0800
5880,0.00,0,0.0800
5881,223.47,158,0.0800
5882,188.18,141,0.0800
5883,0.00,0,0.0800
5884,193.46,136,0.0800
5885,94.31,82,0.0800
5886,0.00,0,0.0800
5887,110.50,90,0.0800
5888,0.00,0,0.0800
5889,175.22,132,0.0800
5890,0.00,0,0.0800
5891,89.55,71,0.0800
5892,128.35,96,0.0800
5893,0.00,0,0.0800
5894,142.51,101,0.0800
5895,117.13,88,0.0800
5896,224.98,159,0.0800
5897,113.78,87,0.0800
5898,0.00,0,0.0800
5899,141.59,102,0.0800
5900,3.41,5,0.0800
5901,178.88,133,0.0800
5902,0.00,0,0.0800
5903,70.54,59,0.0800
5904,219.79,150,0.0800
5905,0.00,0,0.0800
5906,106.80,83,0.0800
5907,175.03,120,0.0800
5908,139.17,103,0.0800
5909,123.64,92,0.0800
5910,12.06,15,0.0800
5911,98.95,76,0.0800
5912,179.09,126,0.0800
5913,208.55,143,0.0800
5914,112.99,84,0.0800
5915,212.24,149,0.0800
5916,221.77,147,0.0800
5917,235.62,155,0.0800
5918,177.94,129,0.0800
5919,109.96,83,0.0800
5920,0.00,0,0.0800
5921,0.41,1,0.0800
5922,0.41,1,0.0800
5923,0.00,0,0.0800
5924,0.41,1,0.0800
5925,0.41,1,0.0800
5926,0.00,0,0.0800
5927,0.41,1,0.0800
5928,0.41,1,0.0800
5929,0.41,1,0.0800
5930,1.20,2,0.0800
5931,140.95,98,0.0800
5932,111.17,83,0.0800
5933,0.00,0,0.0800
5934,101.72,77,0.0800
5935,225.41,151,0.0800
