x,y,z,hn,ht,dg,mct,mcn
-0.15,-0.06,0.1,-0.54042,-0.987175,0.323883,-1.35939,0.54042
-0.15,-0.05,0.1,-0.463648,-0.939458,0.442699,-1.43049,0.463648
-0.15,-0.05,0.11,-0.426627,-1.07846,0.142196,-1.26899,0.426627
-0.15,-0.04,0.1,-0.380506,-0.915477,0.518154,-1.48196,0.380506
-0.15,-0.04,0.11,-0.348771,-0.993127,0.310653,-1.35211,0.348771
-0.15,-0.03,0.1,-0.291457,-0.902931,0.568627,-1.51989,0.291457
-0.15,-0.03,0.11,-0.266252,-0.95787,0.393553,-1.39975,0.266252
-0.15,-0.02,0.1,-0.197396,-0.896647,0.601296,-1.54627,0.197396
-0.15,-0.02,0.11,-0.179853,-0.939458,0.442699,-1.43049,0.179853
-0.15,-0.02,0.12,-0.165149,-1.12856,0.0557227,-1.23262,0.165149
-0.15,-0.01,0.1,-0.0996687,-0.893847,0.619726,-1.5619,0.0996687
-0.15,-0.01,0.11,-0.0906599,-0.930321,0.469439,-1.44809,0.0906599
-0.15,-0.01,0.12,-0.0831412,-1.06345,0.169577,-1.28136,0.0831412
-0.15,-1.04083e-17,0.1,-1.04083e-16,-0.893069,0.625687,-1.56709,1.04083e-16
-0.15,-1.04083e-17,0.11,-9.46213e-17,-0.927547,0.47797,-1.45385,9.46213e-17
-0.15,-1.04083e-17,0.12,-8.67362e-17,-1.05091,0.193077,-1.29232,8.67362e-17
-0.15,0.01,0.1,0.0996687,-0.893847,0.619726,-1.5619,-0.0996687
-0.15,0.01,0.11,0.0906599,-0.930321,0.469439,-1.44809,-0.0906599
-0.15,0.01,0.12,0.0831412,-1.06345,0.169577,-1.28136,-0.0831412
-0.15,0.02,0.1,0.197396,-0.896647,0.601296,-1.54627,-0.197396
-0.15,0.02,0.11,0.179853,-0.939458,0.442699,-1.43049,-0.179853
-0.15,0.02,0.12,0.165149,-1.12856,0.0557227,-1.23262,-0.165149
-0.15,0.03,0.1,0.291457,-0.902931,0.568627,-1.51989,-0.291457
-0.15,0.03,0.11,0.266252,-0.95787,0.393553,-1.39975,-0.266252
-0.15,0.04,0.1,0.380506,-0.915477,0.518154,-1.48196,-0.380506
-0.15,0.04,0.11,0.348771,-0.993127,0.310653,-1.35211,-0.348771
-0.15,0.05,0.1,0.463648,-0.939458,0.442699,-1.43049,-0.463648
-0.15,0.05,0.11,0.426627,-1.07846,0.142196,-1.26899,-0.426627
-0.15,0.06,0.1,0.54042,-0.987175,0.323883,-1.35939,-0.54042
-0.14,-0.09,0.1,-0.732815,-0.797295,0.421834,-1.26746,0.732815
-0.14,-0.08,0.1,-0.674741,-0.730063,0.58301,-1.36141,0.674741
-0.14,-0.08,0.11,-0.628796,-0.819967,0.373672,-1.24197,0.628796
-0.14,-0.07,0.1,-0.610726,-0.693311,0.693494,-1.43514,0.610726
-0.14,-0.07,0.11,-0.566729,-0.749811,0.531918,-1.33006,0.566729
-0.14,-0.07,0.12,-0.528074,-0.88253,0.250719,-1.18158,0.528074
-0.14,-0.06,0.1,-0.54042,-0.672599,0.775192,-1.49612,0.54042
-0.14,-0.06,0.11,-0.499347,-0.710943,0.637177,-1.39645,0.499347
-0.14,-0.06,0.12,-0.463648,-0.792183,0.433028,-1.27354,0.463648
-0.14,-0.05,0.1,-0.463648,-0.661754,0.836751,-1.54684,0.463648
-0.14,-0.05,0.11,-0.426627,-0.687712,0.71333,-1.44937,0.426627
-0.14,-0.05,0.12,-0.394791,-0.746273,0.540785,-1.33539,0.394791
-0.14,-0.05,0.13,-0.367174,-0.893281,0.230768,-1.17238,0.367174
-0.14,-0.04,0.1,-0.380506,-0.657101,0.882769,-1.5882,0.380506
-0.14,-0.04,0.11,-0.348771,-0.673877,0.769277,-1.49149,0.348771
-0.14,-0.04,0.12,-0.321751,-0.718675,0.614591,-1.3816,0.321751
-0.14,-0.04,0.13,-0.298499,-0.819967,0.373672,-1.24197,0.298499
-0.14,-0.03,0.1,-0.291457,-0.656063,0.916097,-1.62049,0.291457
-0.14,-0.03,0.11,-0.266252,-0.665965,0.809539,-1.52384,0.266252
-0.14,-0.03,0.12,-0.244979,-0.701614,0.665998,-1.41594,0.244979
-0.14,-0.03,0.13,-0.226799,-0.782518,0.454574,-1.28542,0.226799
-0.14,-0.02,0.1,-0.197396,-0.656717,0.938643,-1.64369,0.197396
-0.14,-0.02,0.11,-0.179853,-0.661754,0.836751,-1.54684,0.179853
-0.14,-0.02,0.12,-0.165149,-0.691387,0.700178,-1.4399,0.165149
-0.14,-0.02,0.13,-0.152649,-0.7611,0.504347,-1.31378,0.152649
-0.14,-0.01,0.1,-0.0996687,-0.657678,0.951678,-1.65769,0.0996687
-0.14,-0.01,0.11,-0.0906599,-0.659787,0.852501,-1.56062,0.0906599
-0.14,-0.01,0.12,-0.0831412,-0.685959,0.719802,-1.45409,0.0831412
-0.14,-0.01,0.13,-0.0767719,-0.749811,0.531918,-1.33006,0.0767719
-0.14,-0.01,0.14,-0.0713075,-0.934826,0.156284,-1.13944,0.0713075
-0.14,-1.04083e-17,0.1,-1.04083e-16,-0.658095,0.955941,-1.66237,1.04083e-16
-0.14,-1.04083e-17,0.11,-9.46213e-17,-0.659224,0.857658,-1.56522,9.46213e-17
-0.14,-1.04083e-17,0.12,-8.67362e-17,-0.684262,0.726207,-1.4588,8.67362e-17
-0.14,-1.04083e-17,0.13,-8.00642e-17,-0.746273,0.540785,-1.33539,8.00642e-17
-0.14,-1.04083e-17,0.14,-7.43453e-17,-0.918836,0.184488,-1.15166,7.43453e-17
-0.14,0.01,0.1,0.0996687,-0.657678,0.951678,-1.65769,-0.0996687
-0.14,0.01,0.11,0.0906599,-0.659787,0.852501,-1.56062,-0.0906599
-0.14,0.01,0.12,0.0831412,-0.685959,0.719802,-1.45409,-0.0831412
-0.14,0.01,0.13,0.0767719,-0.749811,0.531918,-1.33006,-0.0767719
-0.14,0.01,0.14,0.0713075,-0.934826,0.156284,-1.13944,-0.0713075
-0.14,0.02,0.1,0.197396,-0.656717,0.938643,-1.64369,-0.197396
-0.14,0.02,0.11,0.179853,-0.661754,0.836751,-1.54684,-0.179853
-0.14,0.02,0.12,0.165149,-0.691387,0.700178,-1.4399,-0.165149
-0.14,0.02,0.13,0.152649,-0.7611,0.504347,-1.31378,-0.152649
-0.14,0.03,0.1,0.291457,-0.656063,0.916097,-1.62049,-0.291457
-0.14,0.03,0.11,0.266252,-0.665965,0.809539,-1.52384,-0.266252
-0.14,0.03,0.12,0.244979,-0.701614,0.665998,-1.41594,-0.244979
-0.14,0.03,0.13,0.226799,-0.782518,0.454574,-1.28542,-0.226799
-0.14,0.04,0.1,0.380506,-0.657101,0.882769,-1.5882,-0.380506
-0.14,0.04,0.11,0.348771,-0.673877,0.769277,-1.49149,-0.348771
-0.14,0.04,0.12,0.321751,-0.718675,0.614591,-1.3816,-0.321751
-0.14,0.04,0.13,0.298499,-0.819967,0.373672,-1.24197,-0.298499
-0.14,0.05,0.1,0.463648,-0.661754,0.836751,-1.54684,-0.463648
-0.14,0.05,0.11,0.426627,-0.687712,0.71333,-1.44937,-0.426627
-0.14,0.05,0.12,0.394791,-0.746273,0.540785,-1.33539,-0.394791
-0.14,0.05,0.13,0.367174,-0.893281,0.230768,-1.17238,-0.367174
-0.14,0.06,0.1,0.54042,-0.672599,0.775192,-1.49612,-0.54042
-0.14,0.06,0.11,0.499347,-0.710943,0.637177,-1.39645,-0.499347
-0.14,0.06,0.12,0.463648,-0.792183,0.433028,-1.27354,-0.463648
-0.14,0.07,0.1,0.610726,-0.693311,0.693494,-1.43514,-0.610726
-0.14,0.07,0.11,0.566729,-0.749811,0.531918,-1.33006,-0.566729
-0.14,0.07,0.12,0.528074,-0.88253,0.250719,-1.18158,-0.528074
-0.14,0.08,0.1,0.674741,-0.730063,0.58301,-1.36141,-0.674741
-0.14,0.08,0.11,0.628796,-0.819967,0.373672,-1.24197,-0.628796
-0.14,0.09,0.1,0.732815,-0.797295,0.421834,-1.26746,-0.732815
-0.13,-0.1,0.1,-0.785398,-0.568465,0.668734,-1.28553,0.785398
-0.13,-0.1,0.11,-0.737815,-0.65224,0.479251,-1.17982,0.737815
-0.13,-0.09,0.1,-0.732815,-0.519382,0.802741,-1.37045,0.732815
-0.13,-0.09,0.11,-0.68573,-0.574821,0.653032,-1.27619,0.68573
-0.13,-0.09,0.12,-0.643501,-0.6743,0.434043,-1.15668,0.643501
-0.13,-0.08,0.1,-0.674741,-0.489227,0.905607,-1.44317,0.674741
-0.13,-0.08,0.11,-0.628796,-0.528216,0.77647,-1.35302,0.628796
-0.13,-0.08,0.12,-0.588003,-0.595603,0.603508,-1.24744,0.588003
-0.13,-0.08,0.13,-0.551655,-0.730103,0.325594,-1.10403,0.551655
-0.13,-0.07,0.1,-0.610726,-0.471515,0.986736,-1.50658,0.610726
-0.13,-0.07,0.11,-0.566729,-0.498581,0.870775,-1.41769,0.566729
-0.13,-0.07,0.12,-0.528074,-0.548168,0.72102,-1.31752,0.528074
-0.13,-0.07,0.13,-0.493941,-0.637395,0.510573,-1.1963,0.493941
-0.13,-0.06,0.1,-0.54042,-0.462472,1.05102,-1.56183,0.54042
-0.13,-0.06,0.11,-0.499347,-0.479975,0.944465,-1.47277,0.499347
-0.13,-0.06,0.12,-0.463648,-0.517284,0.809172,-1.37479,0.463648
-0.13,-0.06,0.13,-0.432408,-0.584873,0.628752,-1.26196,0.432408
-0.13,-0.06,0.14,-0.404892,-0.721927,0.341019,-1.11128,0.404892
-0.13,-0.05,0.1,-0.463648,-0.459408,1.10148,-1.60922,0.463648
-0.13,-0.05,0.11,-0.426627,-0.468912,1.00204,-1.51928,0.426627
-0.13,-0.05,0.12,-0.394791,-0.496928,0.876684,-1.42194,0.394791
-0.13,-0.05,0.13,-0.367174,-0.550895,0.713785,-1.31301,0.367174
-0.13,-0.05,0.14,-0.343024,-0.65224,0.479251,-1.17982,0.343024
-0.13,-0.04,0.1,-0.380506,-0.460154,1.1402,-1.64869,0.380506
-0.13,-0.04,0.11,-0.348771,-0.462961,1.04626,-1.55755,0.348771
-0.13,-0.04,0.12,-0.321751,-0.483726,0.928035,-1.46009,0.321751
-0.13,-0.04,0.13,-0.298499,-0.528216,0.77647,-1.35302,0.298499
-0.13,-0.04,0.14,-0.2783,-0.611098,0.568133,-1.22756,0.2783
-0.13,-0.04,0.15,-0.260602,-0.825741,0.154669,-1.02874,0.260602
-0.13,-0.03,0.1,-0.291457,-0.46287,1.16873,-1.67993,0.291457
-0.13,-0.03,0.11,-0.266252,-0.460271,1.07898,-1.58758,0.266252
-0.13,-0.03,0.12,-0.244979,-0.475467,0.965873,-1.48967,0.244979
-0.13,-0.03,0.13,-0.226799,-0.513217,0.821879,-1.38343,0.226799
-0.13,-0.03,0.14,-0.211093,-0.584873,0.628752,-1.26196,0.211093
-0.13,-0.03,0.15,-0.197396,-0.738766,0.309408,-1.09651,0.197396
-0.13,-0.02,0.1,-0.197396,-0.46602,1.18825,-1.7026,0.197396
-0.13,-0.02,0.11,-0.179853,-0.459408,1.10148,-1.60922,0.179853
-0.13,-0.02,0.12,-0.165149,-0.470613,0.991869,-1.51081,0.165149
-0.13,-0.02,0.13,-0.152649,-0.503771,0.852785,-1.40489,0.152649
-0.13,-0.02,0.14,-0.141897,-0.568465,0.668734,-1.28553,0.141897
-0.13,-0.02,0.15,-0.132552,-0.69975,0.383625,-1.13171,0.132552
-0.13,-0.01,0.1,-0.0996687,-0.468416,1.19962,-1.71636,0.0996687
-0.13,-0.01,0.11,-0.0906599,-0.459324,1.11464,-1.6223,0.0906599
-0.13,-0.01,0.12,-0.0831412,-0.468113,1.00708,-1.52352,0.0831412
-0.13,-0.01,0.13,-0.0767719,-0.498581,0.870775,-1.41769,0.0767719
-0.13,-0.01,0.14,-0.0713075,-0.559412,0.691624,-1.29937,0.0713075
-0.13,-0.01,0.15,-0.0665682,-0.680301,0.421997,-1.15063,0.0665682
-0.13,-1.04083e-17,0.1,-1.04083e-16,-0.469302,1.20334,-1.72098,1.04083e-16
-0.13,-1.04083e-17,0.11,-9.46213e-17,-0.459369,1.11897,-1.62667,9.46213e-17
-0.13,-1.04083e-17,0.12,-8.67362e-17,-0.467349,1.01208,-1.52776,8.67362e-17
-0.13,-1.04083e-17,0.13,-8.00642e-17,-0.496928,0.876684,-1.42194,8.00642e-17
-0.13,-1.04083e-17,0.14,-7.43453e-17,-0.556515,0.699089,-1.30394,7.43453e-17
-0.13,-1.04083e-17,0.15,-6.93889e-17,-0.6743,0.434043,-1.15668,6.93889e-17
-0.13,0.01,0.1,0.0996687,-0.468416,1.19962,-1.71636,-0.0996687
-0.13,0.01,0.11,0.0906599,-0.459324,1.11464,-1.6223,-0.0906599
-0.13,0.01,0.12,0.0831412,-0.468113,1.00708,-1.52352,-0.0831412
-0.13,0.01,0.13,0.0767719,-0.498581,0.870775,-1.41769,-0.0767719
-0.13,0.01,0.14,0.0713075,-0.559412,0.691624,-1.29937,-0.0713075
-0.13,0.01,0.15,0.0665682,-0.680301,0.421997,-1.15063,-0.0665682
-0.13,0.02,0.1,0.197396,-0.46602,1.18825,-1.7026,-0.197396
-0.13,0.02,0.11,0.179853,-0.459408,1.10148,-1.60922,-0.179853
-0.13,0.02,0.12,0.165149,-0.470613,0.991869,-1.51081,-0.165149
-0.13,0.02,0.13,0.152649,-0.503771,0.852785,-1.40489,-0.152649
-0.13,0.02,0.14,0.141897,-0.568465,0.668734,-1.28553,-0.141897
-0.13,0.02,0.15,0.132552,-0.69975,0.383625,-1.13171,-0.132552
-0.13,0.03,0.1,0.291457,-0.46287,1.16873,-1.67993,-0.291457
-0.13,0.03,0.11,0.266252,-0.460271,1.07898,-1.58758,-0.266252
-0.13,0.03,0.12,0.244979,-0.475467,0.965873,-1.48967,-0.244979
-0.13,0.03,0.13,0.226799,-0.513217,0.821879,-1.38343,-0.226799
-0.13,0.03,0.14,0.211093,-0.584873,0.628752,-1.26196,-0.211093
-0.13,0.03,0.15,0.197396,-0.738766,0.309408,-1.09651,-0.197396
-0.13,0.04,0.1,0.380506,-0.460154,1.1402,-1.64869,-0.380506
-0.13,0.04,0.11,0.348771,-0.462961,1.04626,-1.55755,-0.348771
-0.13,0.04,0.12,0.321751,-0.483726,0.928035,-1.46009,-0.321751
-0.13,0.04,0.13,0.298499,-0.528216,0.77647,-1.35302,-0.298499
-0.13,0.04,0.14,0.2783,-0.611098,0.568133,-1.22756,-0.2783
-0.13,0.04,0.15,0.260602,-0.825741,0.154669,-1.02874,-0.260602
-0.13,0.05,0.1,0.463648,-0.459408,1.10148,-1.60922,-0.463648
-0.13,0.05,0.11,0.426627,-0.468912,1.00204,-1.51928,-0.426627
-0.13,0.05,0.12,0.394791,-0.496928,0.876684,-1.42194,-0.394791
-0.13,0.05,0.13,0.367174,-0.550895,0.713785,-1.31301,-0.367174
-0.13,0.05,0.14,0.343024,-0.65224,0.479251,-1.17982,-0.343024
-0.13,0.06,0.1,0.54042,-0.462472,1.05102,-1.56183,-0.54042
-0.13,0.06,0.11,0.499347,-0.479975,0.944465,-1.47277,-0.499347
-0.13,0.06,0.12,0.463648,-0.517284,0.809172,-1.37479,-0.463648
-0.13,0.06,0.13,0.432408,-0.584873,0.628752,-1.26196,-0.432408
-0.13,0.06,0.14,0.404892,-0.721927,0.341019,-1.11128,-0.404892
-0.13,0.07,0.1,0.610726,-0.471515,0.986736,-1.50658,-0.610726
-0.13,0.07,0.11,0.566729,-0.498581,0.870775,-1.41769,-0.566729
-0.13,0.07,0.12,0.528074,-0.548168,0.72102,-1.31752,-0.528074
-0.13,0.07,0.13,0.493941,-0.637395,0.510573,-1.1963,-0.493941
-0.13,0.08,0.1,0.674741,-0.489227,0.905607,-1.44317,-0.674741
-0.13,0.08,0.11,0.628796,-0.528216,0.77647,-1.35302,-0.628796
-0.13,0.08,0.12,0.588003,-0.595603,0.603508,-1.24744,-0.588003
-0.13,0.08,0.13,0.551655,-0.730103,0.325594,-1.10403,-0.551655
-0.13,0.09,0.1,0.732815,-0.519382,0.802741,-1.37045,-0.732815
-0.13,0.09,0.11,0.68573,-0.574821,0.653032,-1.27619,-0.68573
-0.13,0.09,0.12,0.643501,-0.6743,0.434043,-1.15668,-0.643501
-0.13,0.1,0.1,0.785398,-0.568465,0.668734,-1.28553,-0.785398
-0.13,0.1,0.11,0.737815,-0.65224,0.479251,-1.17982,-0.737815
-0.12,-0.1,0.1,-0.785398,-0.348143,0.948227,-1.3447,0.785398
-0.12,-0.1,0.11,-0.737815,-0.396834,0.815015,-1.26018,0.737815
-0.12,-0.1,0.12,-0.694738,-0.471984,0.640315,-1.16063,0.694738
-0.12,-0.1,0.13,-0.655696,-0.606712,0.371838,-1.02688,0.655696
-0.12,-0.09,0.1,-0.732815,-0.316149,1.05497,-1.41945,0.732815
-0.12,-0.09,0.11,-0.68573,-0.352136,0.936312,-1.33678,0.68573
-0.12,-0.09,0.12,-0.643501,-0.407994,0.787259,-1.24358,0.643501
-0.12,-0.09,0.13,-0.605545,-0.497142,0.586784,-1.13226,0.605545
-0.12,-0.09,0.14,-0.571337,-0.686382,0.229006,-0.96372,0.571337
-0.12,-0.08,0.1,-0.674741,-0.29611,1.14206,-1.4865,0.674741
-0.12,-0.08,0.11,-0.628796,-0.322022,1.03339,-1.40375,0.628796
-0.12,-0.08,0.12,-0.588003,-0.364888,0.899672,-1.31289,0.588003
-0.12,-0.08,0.13,-0.551655,-0.432507,0.728794,-1.20963,0.551655
-0.12,-0.08,0.14,-0.519146,-0.54726,0.485269,-1.08086,0.519146
-0.12,-0.07,0.1,-0.610726,-0.285033,1.2133,-1.54666,0.610726
-0.12,-0.07,0.11,-0.566729,-0.302279,1.11213,-1.46274,0.566729
-0.12,-0.07,0.12,-0.528074,-0.33513,0.988851,-1.37231,0.528074
-0.12,-0.07,0.13,-0.493941,-0.388897,0.835264,-1.27249,0.493941
-0.12,-0.07,0.14,-0.463648,-0.475974,0.631693,-1.156,0.463648
-0.12,-0.07,0.15,-0.436627,-0.651281,0.29079,-0.990404,0.436627
-0.12,-0.06,0.1,-0.54042,-0.280648,1.27113,-1.60011,0.54042
-0.12,-0.06,0.11,-0.499347,-0.290161,1.17592,-1.51441,0.499347
-0.12,-0.06,0.12,-0.463648,-0.31475,1.06029,-1.42338,0.463648
-0.12,-0.06,0.13,-0.432408,-0.358365,0.918164,-1.32486,0.432408
-0.12,-0.06,0.14,-0.404892,-0.42927,0.73634,-1.21394,0.404892
-0.12,-0.06,0.15,-0.380506,-0.553023,0.473971,-1.07533,0.380506
-0.12,-0.05,0.1,-0.463648,-0.281002,1.3173,-1.64663,0.463648
-0.12,-0.05,0.11,-0.426627,-0.28358,1.22696,-1.55887,0.426627
-0.12,-0.05,0.12,-0.394791,-0.301183,1.11718,-1.46669,0.394791
-0.12,-0.05,0.13,-0.367174,-0.336899,0.983147,-1.36838,0.367174
-0.12,-0.05,0.14,-0.343024,-0.396834,0.815015,-1.26018,0.343024
-0.12,-0.05,0.15,-0.321751,-0.497142,0.586784,-1.13226,0.321751
-0.12,-0.05,0.16,-0.302885,-0.763506,0.098744,-0.910582,0.302885
-0.12,-0.04,0.1,-0.380506,-0.284309,1.35315,-1.68579,0.380506
-0.12,-0.04,0.11,-0.348771,-0.280806,1.26681,-1.59594,0.348771
-0.12,-0.04,0.12,-0.321751,-0.292545,1.16154,-1.50242,0.321751
-0.12,-0.04,0.13,-0.298499,-0.322022,1.03339,-1.40375,0.298499
-0.12,-0.04,0.14,-0.2783,-0.37406,0.874443,-1.29684,0.2783
-0.12,-0.04,0.15,-0.260602,-0.460451,0.665546,-1.17433,0.260602
-0.12,-0.04,0.16,-0.244979,-0.631932,0.325598,-1.00586,0.244979
-0.12,-0.03,0.1,-0.291457,-0.288927,1.3798,-1.71706,0.291457
-0.12,-0.03,0.11,-0.266252,-0.280358,1.29663,-1.62532,0.266252
-0.12,-0.03,0.12,-0.244979,-0.287372,1.19478,-1.53049,0.244979
-0.12,-0.03,0.13,-0.226799,-0.312036,1.07087,-1.43124,0.226799
-0.12,-0.03,0.14,-0.211093,-0.358365,0.918164,-1.32486,0.211093
-0.12,-0.03,0.15,-0.197396,-0.435798,0.721174,-1.2053,0.197396
-0.12,-0.03,0.16,-0.185348,-0.577943,0.425895,-1.05217,0.185348
-0.12,-0.02,0.1,-0.197396,-0.293407,1.39814,-1.73988,0.197396
-0.12,-0.02,0.11,-0.179853,-0.281002,1.3173,-1.64663,0.179853
-0.12,-0.02,0.12,-0.165149,-0.28452,1.21787,-1.55072,0.165149
-0.12,-0.02,0.13,-0.152649,-0.305733,1.09684,-1.45091,0.152649
-0.12,-0.02,0.14,-0.141897,-0.348143,0.948227,-1.3447,0.141897
-0.12,-0.02,0.15,-0.132552,-0.419864,0.758555,-1.22675,0.132552
-0.12,-0.02,0.16,-0.124355,-0.54726,0.485269,-1.08086,0.124355
-0.12,-0.01,0.1,-0.0996687,-0.296597,1.40886,-1.75379,0.0996687
-0.12,-0.01,0.11,-0.0906599,-0.28179,1.32944,-1.65956,0.0906599
-0.12,-0.01,0.12,-0.0831412,-0.283153,1.23147,-1.56296,0.0831412
-0.12,-0.01,0.13,-0.0767719,-0.302279,1.11213,-1.46274,0.0767719
-0.12,-0.01,0.14,-0.0713075,-0.342384,0.965838,-1.35655,0.0713075
-0.12,-0.01,0.15,-0.0665682,-0.410892,0.780176,-1.2394,0.0665682
-0.12,-0.01,0.16,-0.0624188,-0.530903,0.517733,-1.09697,0.0624188
-0.12,-1.04083e-17,0.1,-1.04083e-16,-0.297747,1.41238,-1.75846,1.04083e-16
-0.12,-1.04083e-17,0.11,-9.46213e-17,-0.282121,1.33345,-1.6639,9.46213e-17
-0.12,-1.04083e-17,0.12,-8.67362e-17,-0.282756,1.23596,-1.56705,8.67362e-17
-0.12,-1.04083e-17,0.13,-8.00642e-17,-0.301183,1.11718,-1.46669,8.00642e-17
-0.12,-1.04083e-17,0.14,-7.43453e-17,-0.340526,0.97164,-1.3605,7.43453e-17
-0.12,-1.04083e-17,0.15,-6.93889e-17,-0.407994,0.787259,-1.24358,6.93889e-17
-0.12,-1.04083e-17,0.16,-6.50521e-17,-0.52573,0.528127,-1.10219,6.50521e-17
-0.12,0.01,0.1,0.0996687,-0.296597,1.40886,-1.75379,-0.0996687
-0.12,0.01,0.11,0.0906599,-0.28179,1.32944,-1.65956,-0.0906599
-0.12,0.01,0.12,0.0831412,-0.283153,1.23147,-1.56296,-0.0831412
-0.12,0.01,0.13,0.0767719,-0.302279,1.11213,-1.46274,-0.0767719
-0.12,0.01,0.14,0.0713075,-0.342384,0.965838,-1.35655,-0.0713075
-0.12,0.01,0.15,0.0665682,-0.410892,0.780176,-1.2394,-0.0665682
-0.12,0.01,0.16,0.0624188,-0.530903,0.517733,-1.09697,-0.0624188
-0.12,0.02,0.1,0.197396,-0.293407,1.39814,-1.73988,-0.197396
-0.12,0.02,0.11,0.179853,-0.281002,1.3173,-1.64663,-0.179853
-0.12,0.02,0.12,0.165149,-0.28452,1.21787,-1.55072,-0.165149
-0.12,0.02,0.13,0.152649,-0.305733,1.09684,-1.45091,-0.152649
-0.12,0.02,0.14,0.141897,-0.348143,0.948227,-1.3447,-0.141897
-0.12,0.02,0.15,0.132552,-0.419864,0.758555,-1.22675,-0.132552
-0.12,0.02,0.16,0.124355,-0.54726,0.485269,-1.08086,-0.124355
-0.12,0.03,0.1,0.291457,-0.288927,1.3798,-1.71706,-0.291457
-0.12,0.03,0.11,0.266252,-0.280358,1.29663,-1.62532,-0.266252
-0.12,0.03,0.12,0.244979,-0.287372,1.19478,-1.53049,-0.244979
-0.12,0.03,0.13,0.226799,-0.312036,1.07087,-1.43124,-0.226799
-0.12,0.03,0.14,0.211093,-0.358365,0.918164,-1.32486,-0.211093
-0.12,0.03,0.15,0.197396,-0.435798,0.721174,-1.2053,-0.197396
-0.12,0.03,0.16,0.185348,-0.577943,0.425895,-1.05217,-0.185348
-0.12,0.04,0.1,0.380506,-0.284309,1.35315,-1.68579,-0.380506
-0.12,0.04,0.11,0.348771,-0.280806,1.26681,-1.59594,-0.348771
-0.12,0.04,0.12,0.321751,-0.292545,1.16154,-1.50242,-0.321751
-0.12,0.04,0.13,0.298499,-0.322022,1.03339,-1.40375,-0.298499
-0.12,0.04,0.14,0.2783,-0.37406,0.874443,-1.29684,-0.2783
-0.12,0.04,0.15,0.260602,-0.460451,0.665546,-1.17433,-0.260602
-0.12,0.04,0.16,0.244979,-0.631932,0.325598,-1.00586,-0.244979
-0.12,0.05,0.1,0.463648,-0.281002,1.3173,-1.64663,-0.463648
-0.12,0.05,0.11,0.426627,-0.28358,1.22696,-1.55887,-0.426627
-0.12,0.05,0.12,0.394791,-0.301183,1.11718,-1.46669,-0.394791
-0.12,0.05,0.13,0.367174,-0.336899,0.983147,-1.36838,-0.367174
-0.12,0.05,0.14,0.343024,-0.396834,0.815015,-1.26018,-0.343024
-0.12,0.05,0.15,0.321751,-0.497142,0.586784,-1.13226,-0.321751
-0.12,0.05,0.16,0.302885,-0.763506,0.098744,-0.910582,-0.302885
-0.12,0.06,0.1,0.54042,-0.280648,1.27113,-1.60011,-0.54042
-0.12,0.06,0.11,0.499347,-0.290161,1.17592,-1.51441,-0.499347
-0.12,0.06,0.12,0.463648,-0.31475,1.06029,-1.42338,-0.463648
-0.12,0.06,0.13,0.432408,-0.358365,0.918164,-1.32486,-0.432408
-0.12,0.06,0.14,0.404892,-0.42927,0.73634,-1.21394,-0.404892
-0.12,0.06,0.15,0.380506,-0.553023,0.473971,-1.07533,-0.380506
-0.12,0.07,0.1,0.610726,-0.285033,1.2133,-1.54666,-0.610726
-0.12,0.07,0.11,0.566729,-0.302279,1.11213,-1.46274,-0.566729
-0.12,0.07,0.12,0.528074,-0.33513,0.988851,-1.37231,-0.528074
-0.12,0.07,0.13,0.493941,-0.388897,0.835264,-1.27249,-0.493941
-0.12,0.07,0.14,0.463648,-0.475974,0.631693,-1.156,-0.463648
-0.12,0.07,0.15,0.436627,-0.651281,0.29079,-0.990404,-0.436627
-0.12,0.08,0.1,0.674741,-0.29611,1.14206,-1.4865,-0.674741
-0.12,0.08,0.11,0.628796,-0.322022,1.03339,-1.40375,-0.628796
-0.12,0.08,0.12,0.588003,-0.364888,0.899672,-1.31289,-0.588003
-0.12,0.08,0.13,0.551655,-0.432507,0.728794,-1.20963,-0.551655
-0.12,0.08,0.14,0.519146,-0.54726,0.485269,-1.08086,-0.519146
-0.12,0.09,0.1,0.732815,-0.316149,1.05497,-1.41945,-0.732815
-0.12,0.09,0.11,0.68573,-0.352136,0.936312,-1.33678,-0.68573
-0.12,0.09,0.12,0.643501,-0.407994,0.787259,-1.24358,-0.643501
-0.12,0.09,0.13,0.605545,-0.497142,0.586784,-1.13226,-0.605545
-0.12,0.09,0.14,0.571337,-0.686382,0.229006,-0.96372,-0.571337
-0.12,0.1,0.1,0.785398,-0.348143,0.948227,-1.3447,-0.785398
-0.12,0.1,0.11,0.737815,-0.396834,0.815015,-1.26018,-0.737815
-0.12,0.1,0.12,0.694738,-0.471984,0.640315,-1.16063,-0.694738
-0.12,0.1,0.13,0.655696,-0.606712,0.371838,-1.02688,-0.655696
-0.11,-0.1,0.1,-0.785398,-0.16274,1.16172,-1.37279,0.785398
-0.11,-0.1,0.11,-0.737815,-0.200713,1.04663,-1.29567,0.737815
-0.11,-0.1,0.12,-0.694738,-0.255081,0.906452,-1.20986,0.694738
-0.11,-0.1,0.13,-0.655696,-0.334114,0.728315,-1.11076,0.655696
-0.11,-0.1,0.14,-0.620249,-0.462378,0.473271,-0.983981,0.620249
-0.11,-0.09,0.1,-0.732815,-0.137033,1.25782,-1.44319,0.732815
-0.11,-0.09,0.11,-0.68573,-0.165917,1.15119,-1.36544,0.68573
-0.11,-0.09,0.12,-0.643501,-0.209145,1.02345,-1.28092,0.643501
-0.11,-0.09,0.13,-0.605545,-0.271851,0.866679,-1.18686,0.605545
-0.11,-0.09,0.14,-0.571337,-0.365711,0.662384,-1.07643,0.571337
-0.11,-0.09,0.15,-0.54042,-0.537833,0.335651,-0.921816,0.54042
-0.11,-0.08,0.1,-0.674741,-0.120989,1.33835,-1.50767,0.674741
-0.11,-0.08,0.11,-0.628796,-0.141772,1.23815,-1.42826,0.628796
-0.11,-0.08,0.12,-0.588003,-0.175995,1.11909,-1.34342,0.588003
-0.11,-0.08,0.13,-0.551655,-0.227252,0.97567,-1.25125,0.551655
-0.11,-0.08,0.14,-0.519146,-0.30269,0.796539,-1.14756,0.519146
-0.11,-0.08,0.15,-0.489957,-0.422078,0.550105,-1.02052,0.489957
-0.11,-0.07,0.1,-0.610726,-0.11263,1.40548,-1.56644,0.610726
-0.11,-0.07,0.11,-0.566729,-0.125882,1.31048,-1.48469,0.566729
-0.11,-0.07,0.12,-0.528074,-0.152328,1.19793,-1.39859,0.528074
-0.11,-0.07,0.13,-0.493941,-0.194649,1.06373,-1.30671,0.493941
-0.11,-0.07,0.14,-0.463648,-0.257793,0.89993,-1.20606,0.463648
-0.11,-0.07,0.15,-0.436627,-0.3534,0.687786,-1.08952,0.436627
-0.11,-0.07,0.16,-0.41241,-0.528786,0.351768,-0.928886,0.41241
-0.11,-0.06,0.1,-0.54042,-0.110223,1.46074,-1.61929,0.54042
-0.11,-0.06,0.11,-0.499347,-0.116381,1.37012,-1.53484,0.499347
-0.11,-0.06,0.12,-0.463648,-0.135905,1.26269,-1.44693,0.463648
-0.11,-0.06,0.13,-0.432408,-0.170853,1.13524,-1.35443,0.432408
-0.11,-0.06,0.14,-0.404892,-0.224895,0.981751,-1.25498,0.404892
-0.11,-0.06,0.15,-0.380506,-0.305996,0.789221,-1.14355,0.380506
-0.11,-0.06,0.16,-0.358771,-0.438489,0.518504,-1.00533,0.358771
-0.11,-0.05,0.1,-0.463648,-0.112108,1.50532,-1.66576,0.463648
-0.11,-0.05,0.11,-0.426627,-0.111657,1.41847,-1.57846,0.426627
-0.11,-0.05,0.12,-0.394791,-0.125007,1.31517,-1.4885,0.394791
-0.11,-0.05,0.13,-0.367174,-0.153748,1.19282,-1.3949,0.367174
-0.11,-0.05,0.14,-0.343024,-0.200713,1.04663,-1.29567,0.343024
-0.11,-0.05,0.15,-0.321751,-0.271851,0.866679,-1.18686,0.321751
-0.11,-0.05,0.16,-0.302885,-0.383116,0.627046,-1.05849,0.302885
-0.11,-0.05,0.17,-0.286051,-0.642118,0.156382,-0.846832,0.286051
-0.11,-0.04,0.1,-0.380506,-0.116644,1.54023,-1.7052,0.380506
-0.11,-0.04,0.11,-0.348771,-0.110237,1.45658,-1.61515,0.348771
-0.11,-0.04,0.12,-0.321751,-0.118208,1.3566,-1.52314,0.321751
-0.11,-0.04,0.13,-0.298499,-0.141772,1.23815,-1.42826,0.298499
-0.11,-0.04,0.14,-0.2783,-0.183174,1.09723,-1.32874,0.2783
-0.11,-0.04,0.15,-0.260602,-0.247133,0.925775,-1.22124,0.260602
-0.11,-0.04,0.16,-0.244979,-0.34551,0.704253,-1.0981,0.244979
-0.11,-0.04,0.17,-0.231091,-0.528786,0.351768,-0.928886,0.231091
-0.11,-0.03,0.1,-0.291457,-0.122241,1.56632,-1.7369,0.291457
-0.11,-0.03,0.11,-0.266252,-0.110778,1.48531,-1.64442,0.266252
-0.11,-0.03,0.12,-0.244979,-0.114299,1.38793,-1.55056,0.244979
-0.11,-0.03,0.13,-0.226799,-0.133717,1.27239,-1.45444,0.226799
-0.11,-0.03,0.14,-0.211093,-0.170853,1.13524,-1.35443,0.211093
-0.11,-0.03,0.15,-0.197396,-0.229637,0.969555,-1.24752,0.197396
-0.11,-0.03,0.16,-0.185348,-0.319667,0.759319,-1.12732,0.185348
-0.11,-0.03,0.17,-0.174672,-0.47537,0.449028,-0.972731,0.174672
-0.11,-0.02,0.1,-0.197396,-0.127451,1.58436,-1.76015,0.197396
-0.11,-0.02,0.11,-0.179853,-0.112108,1.50532,-1.66576,0.179853
-0.11,-0.02,0.12,-0.165149,-0.112279,1.40982,-1.57043,0.165149
-0.11,-0.02,0.13,-0.152649,-0.128646,1.29632,-1.4733,0.152649
-0.11,-0.02,0.14,-0.141897,-0.16274,1.16172,-1.37279,0.141897
-0.11,-0.02,0.15,-0.132552,-0.217986,0.999805,-1.26612,0.132552
-0.11,-0.02,0.16,-0.124355,-0.30269,0.796539,-1.14756,0.124355
-0.11,-0.02,0.17,-0.117109,-0.444228,0.507556,-1.00012,0.117109
-0.11,-0.01,0.1,-0.0996687,-0.131097,1.59493,-1.77436,0.0996687
-0.11,-0.01,0.11,-0.0906599,-0.113305,1.51712,-1.67875,0.0906599
-0.11,-0.01,0.12,-0.0831412,-0.111387,1.42277,-1.58249,0.0831412
-0.11,-0.01,0.13,-0.0767719,-0.125882,1.31048,-1.48469,0.0767719
-0.11,-0.01,0.14,-0.0713075,-0.158143,1.17736,-1.38384,0.0713075
-0.11,-0.01,0.15,-0.0665682,-0.211316,1.01758,-1.27723,0.0665682
-0.11,-0.01,0.16,-0.0624188,-0.293027,0.818141,-1.1595,0.0624188
-0.11,-0.01,0.17,-0.0587558,-0.427421,0.539766,-1.01552,0.0587558
-0.11,-1.04083e-17,0.1,-1.04083e-16,-0.132402,1.59841,-1.77914,1.04083e-16
-0.11,-1.04083e-17,0.11,-9.46213e-17,-0.113772,1.52101,-1.68312,9.46213e-17
-0.11,-1.04083e-17,0.12,-8.67362e-17,-0.111144,1.42705,-1.58653,8.67362e-17
-0.11,-1.04083e-17,0.13,-8.00642e-17,-0.125007,1.31517,-1.4885,8.00642e-17
-0.11,-1.04083e-17,0.14,-7.43453e-17,-0.156655,1.18253,-1.38752,7.43453e-17
-0.11,-1.04083e-17,0.15,-6.93889e-17,-0.209145,1.02345,-1.28092,6.93889e-17
-0.11,-1.04083e-17,0.16,-6.50521e-17,-0.289888,0.82523,-1.16345,6.50521e-17
-0.11,-1.04083e-17,0.17,-6.12255e-17,-0.422078,0.550105,-1.02052,6.12255e-17
-0.11,0.01,0.1,0.0996687,-0.131097,1.59493,-1.77436,-0.0996687
-0.11,0.01,0.11,0.0906599,-0.113305,1.51712,-1.67875,-0.0906599
-0.11,0.01,0.12,0.0831412,-0.111387,1.42277,-1.58249,-0.0831412
-0.11,0.01,0.13,0.0767719,-0.125882,1.31048,-1.48469,-0.0767719
-0.11,0.01,0.14,0.0713075,-0.158143,1.17736,-1.38384,-0.0713075
-0.11,0.01,0.15,0.0665682,-0.211316,1.01758,-1.27723,-0.0665682
-0.11,0.01,0.16,0.0624188,-0.293027,0.818141,-1.1595,-0.0624188
-0.11,0.01,0.17,0.0587558,-0.427421,0.539766,-1.01552,-0.0587558
-0.11,0.02,0.1,0.197396,-0.127451,1.58436,-1.76015,-0.197396
-0.11,0.02,0.11,0.179853,-0.112108,1.50532,-1.66576,-0.179853
-0.11,0.02,0.12,0.165149,-0.112279,1.40982,-1.57043,-0.165149
-0.11,0.02,0.13,0.152649,-0.128646,1.29632,-1.4733,-0.152649
-0.11,0.02,0.14,0.141897,-0.16274,1.16172,-1.37279,-0.141897
-0.11,0.02,0.15,0.132552,-0.217986,0.999805,-1.26612,-0.132552
-0.11,0.02,0.16,0.124355,-0.30269,0.796539,-1.14756,-0.124355
-0.11,0.02,0.17,0.117109,-0.444228,0.507556,-1.00012,-0.117109
-0.11,0.03,0.1,0.291457,-0.122241,1.56632,-1.7369,-0.291457
-0.11,0.03,0.11,0.266252,-0.110778,1.48531,-1.64442,-0.266252
-0.11,0.03,0.12,0.244979,-0.114299,1.38793,-1.55056,-0.244979
-0.11,0.03,0.13,0.226799,-0.133717,1.27239,-1.45444,-0.226799
-0.11,0.03,0.14,0.211093,-0.170853,1.13524,-1.35443,-0.211093
-0.11,0.03,0.15,0.197396,-0.229637,0.969555,-1.24752,-0.197396
-0.11,0.03,0.16,0.185348,-0.319667,0.759319,-1.12732,-0.185348
-0.11,0.03,0.17,0.174672,-0.47537,0.449028,-0.972731,-0.174672
-0.11,0.04,0.1,0.380506,-0.116644,1.54023,-1.7052,-0.380506
-0.11,0.04,0.11,0.348771,-0.110237,1.45658,-1.61515,-0.348771
-0.11,0.04,0.12,0.321751,-0.118208,1.3566,-1.52314,-0.321751
-0.11,0.04,0.13,0.298499,-0.141772,1.23815,-1.42826,-0.298499
-0.11,0.04,0.14,0.2783,-0.183174,1.09723,-1.32874,-0.2783
-0.11,0.04,0.15,0.260602,-0.247133,0.925775,-1.22124,-0.260602
-0.11,0.04,0.16,0.244979,-0.34551,0.704253,-1.0981,-0.244979
-0.11,0.04,0.17,0.231091,-0.528786,0.351768,-0.928886,-0.231091
-0.11,0.05,0.1,0.463648,-0.112108,1.50532,-1.66576,-0.463648
-0.11,0.05,0.11,0.426627,-0.111657,1.41847,-1.57846,-0.426627
-0.11,0.05,0.12,0.394791,-0.125007,1.31517,-1.4885,-0.394791
-0.11,0.05,0.13,0.367174,-0.153748,1.19282,-1.3949,-0.367174
-0.11,0.05,0.14,0.343024,-0.200713,1.04663,-1.29567,-0.343024
-0.11,0.05,0.15,0.321751,-0.271851,0.866679,-1.18686,-0.321751
-0.11,0.05,0.16,0.302885,-0.383116,0.627046,-1.05849,-0.302885
-0.11,0.05,0.17,0.286051,-0.642118,0.156382,-0.846832,-0.286051
-0.11,0.06,0.1,0.54042,-0.110223,1.46074,-1.61929,-0.54042
-0.11,0.06,0.11,0.499347,-0.116381,1.37012,-1.53484,-0.499347
-0.11,0.06,0.12,0.463648,-0.135905,1.26269,-1.44693,-0.463648
-0.11,0.06,0.13,0.432408,-0.170853,1.13524,-1.35443,-0.432408
-0.11,0.06,0.14,0.404892,-0.224895,0.981751,-1.25498,-0.404892
-0.11,0.06,0.15,0.380506,-0.305996,0.789221,-1.14355,-0.380506
-0.11,0.06,0.16,0.358771,-0.438489,0.518504,-1.00533,-0.358771
-0.11,0.07,0.1,0.610726,-0.11263,1.40548,-1.56644,-0.610726
-0.11,0.07,0.11,0.566729,-0.125882,1.31048,-1.48469,-0.566729
-0.11,0.07,0.12,0.528074,-0.152328,1.19793,-1.39859,-0.528074
-0.11,0.07,0.13,0.493941,-0.194649,1.06373,-1.30671,-0.493941
-0.11,0.07,0.14,0.463648,-0.257793,0.89993,-1.20606,-0.463648
-0.11,0.07,0.15,0.436627,-0.3534,0.687786,-1.08952,-0.436627
-0.11,0.07,0.16,0.41241,-0.528786,0.351768,-0.928886,-0.41241
-0.11,0.08,0.1,0.674741,-0.120989,1.33835,-1.50767,-0.674741
-0.11,0.08,0.11,0.628796,-0.141772,1.23815,-1.42826,-0.628796
-0.11,0.08,0.12,0.588003,-0.175995,1.11909,-1.34342,-0.588003
-0.11,0.08,0.13,0.551655,-0.227252,0.97567,-1.25125,-0.551655
-0.11,0.08,0.14,0.519146,-0.30269,0.796539,-1.14756,-0.519146
-0.11,0.08,0.15,0.489957,-0.422078,0.550105,-1.02052,-0.489957
-0.11,0.09,0.1,0.732815,-0.137033,1.25782,-1.44319,-0.732815
-0.11,0.09,0.11,0.68573,-0.165917,1.15119,-1.36544,-0.68573
-0.11,0.09,0.12,0.643501,-0.209145,1.02345,-1.28092,-0.643501
-0.11,0.09,0.13,0.605545,-0.271851,0.866679,-1.18686,-0.605545
-0.11,0.09,0.14,0.571337,-0.365711,0.662384,-1.07643,-0.571337
-0.11,0.09,0.15,0.54042,-0.537833,0.335651,-0.921816,-0.54042
-0.11,0.1,0.1,0.785398,-0.16274,1.16172,-1.37279,-0.785398
-0.11,0.1,0.11,0.737815,-0.200713,1.04663,-1.29567,-0.737815
-0.11,0.1,0.12,0.694738,-0.255081,0.906452,-1.20986,-0.694738
-0.11,0.1,0.13,0.655696,-0.334114,0.728315,-1.11076,-0.655696
-0.11,0.1,0.14,0.620249,-0.462378,0.473271,-0.983981,-0.620249
-0.1,-0.1,0.1,-0.785398,0.0079035,1.34025,-1.38067,0.785398
-0.1,-0.1,0.11,-0.737815,-0.0262214,1.23317,-1.30772,0.737815
-0.1,-0.1,0.12,-0.694738,-0.0731762,1.10705,-1.22856,0.694738
-0.1,-0.1,0.13,-0.655696,-0.137005,0.955683,-1.14102,0.655696
-0.1,-0.1,0.14,-0.620249,-0.226076,0.765788,-1.0402,0.620249
-0.1,-0.1,0.15,-0.588003,-0.365612,0.497176,-0.911121,0.588003
-0.1,-0.09,0.1,-0.732815,0.031621,1.4317,-1.44841,0.732815
-0.1,-0.09,0.11,-0.68573,0.00500675,1.33033,-1.37366,0.68573
-0.1,-0.09,0.12,-0.643501,-0.0336529,1.21197,-1.29395,0.643501
-0.1,-0.09,0.13,-0.605545,-0.0871834,1.07229,-1.2078,0.605545
-0.1,-0.09,0.14,-0.571337,-0.16082,0.902968,-1.11212,0.571337
-0.1,-0.09,0.15,-0.54042,-0.266939,0.68416,-0.999431,0.54042
-0.1,-0.09,0.16,-0.512389,-0.458073,0.33215,-0.838555,0.512389
-0.1,-0.08,0.1,-0.674741,0.0466748,1.50964,-1.5113,0.674741
-0.1,-0.08,0.11,-0.628796,0.0272109,1.41284,-1.43396,0.628796
-0.1,-0.08,0.12,-0.588003,-0.00413079,1.30025,-1.35271,0.588003
-0.1,-0.08,0.13,-0.551655,-0.0494291,1.16868,-1.26644,0.551655
-0.1,-0.08,0.14,-0.519146,-0.11231,1.01227,-1.17291,0.519146
-0.1,-0.08,0.15,-0.489957,-0.200409,0.818628,-1.06737,0.489957
-0.1,-0.08,0.16,-0.463648,-0.335934,0.552097,-0.936363,0.463648
-0.1,-0.07,0.1,-0.610726,0.0545509,1.57547,-1.56925,0.610726
-0.1,-0.07,0.11,-0.566729,0.0420655,1.48254,-1.48881,0.566729
-0.1,-0.07,0.12,-0.528074,0.0174494,1.3745,-1.40538,0.528074
-0.1,-0.07,0.13,-0.493941,-0.0208446,1.24889,-1.31807,0.493941
-0.1,-0.07,0.14,-0.463648,-0.0754575,1.10132,-1.22511,0.463648
-0.1,-0.07,0.15,-0.436627,-0.151669,0.923029,-1.12303,0.436627
-0.1,-0.07,0.16,-0.41241,-0.262593,0.692708,-1.00363,0.41241
-0.1,-0.07,0.17,-0.390607,-0.468155,0.314658,-0.831145,0.390607
-0.1,-0.06,0.1,-0.54042,0.0566905,1.63024,-1.62188,0.54042
-0.1,-0.06,0.11,-0.499347,0.051023,1.54071,-1.53802,0.499347
-0.1,-0.06,0.12,-0.463648,0.0326735,1.43639,-1.45205,0.463648
-0.1,-0.06,0.13,-0.432408,0.000521657,1.31536,-1.36317,0.432408
-0.1,-0.06,0.14,-0.404892,-0.0473896,1.17416,-1.26988,0.404892
-0.1,-0.06,0.15,-0.380506,-0.114952,1.00611,-1.16939,0.380506
-0.1,-0.06,0.16,-0.358771,-0.211149,0.796356,-1.05584,0.358771
-0.1,-0.06,0.17,-0.339293,-0.365612,0.497176,-0.911121,0.339293
-0.1,-0.05,0.1,-0.463648,0.0545903,1.6748,-1.66854,0.463648
-0.1,-0.05,0.11,-0.426627,0.0554545,1.5883,-1.58118,0.426627
-0.1,-0.05,0.12,-0.394791,0.0428885,1.48709,-1.49253,0.394791
-0.1,-0.05,0.13,-0.367174,0.0161425,1.36965,-1.40184,0.367174
-0.1,-0.05,0.14,-0.343024,-0.0262214,1.23317,-1.30772,0.343024
-0.1,-0.05,0.15,-0.321751,-0.0871834,1.07229,-1.2078,0.321751
-0.1,-0.05,0.16,-0.302885,-0.173462,0.875623,-1.09742,0.302885
-0.1,-0.05,0.17,-0.286051,-0.30426,0.611911,-0.964503,0.286051
-0.1,-0.04,0.1,-0.380506,0.0498191,1.70992,-1.70844,0.380506
-0.1,-0.04,0.11,-0.348771,0.0566954,1.6261,-1.61774,0.348771
-0.1,-0.04,0.12,-0.321751,0.0492989,1.52747,-1.5265,0.321751
-0.1,-0.04,0.13,-0.298499,0.0272109,1.41284,-1.43396,0.298499
-0.1,-0.04,0.14,-0.2783,-0.0105937,1.2799,-1.33882,0.2783
-0.1,-0.04,0.15,-0.260602,-0.0664568,1.12412,-1.23891,0.260602
-0.1,-0.04,0.16,-0.244979,-0.145717,0.936204,-1.13025,0.244979
-0.1,-0.04,0.17,-0.231091,-0.262593,0.692708,-1.00363,0.231091
-0.1,-0.04,0.18,-0.218669,-0.490362,0.276449,-0.815143,0.218669
-0.1,-0.03,0.1,-0.291457,0.0439626,1.73632,-1.74069,0.291457
-0.1,-0.03,0.11,-0.266252,0.0560235,1.65476,-1.64707,0.266252
-0.1,-0.03,0.12,-0.244979,0.0529856,1.55819,-1.55354,0.244979
-0.1,-0.03,0.13,-0.226799,0.0347176,1.44572,-1.45933,0.226799
-0.1,-0.03,0.14,-0.211093,0.000521657,1.31536,-1.36317,0.211093
-0.1,-0.03,0.15,-0.197396,-0.0514882,1.16318,-1.263,0.197396
-0.1,-0.03,0.16,-0.185348,-0.125771,0.981159,-1.15526,0.185348
-0.1,-0.03,0.17,-0.174672,-0.23382,0.750095,-1.03225,0.174672
-0.1,-0.03,0.18,-0.165149,-0.422508,0.394612,-0.865453,0.165149
-0.1,-0.02,0.1,-0.197396,0.038507,1.75464,-1.76447,0.197396
-0.1,-0.02,0.11,-0.179853,0.0545903,1.6748,-1.66854,0.179853
-0.1,-0.02,0.12,-0.165149,0.0548783,1.57976,-1.57322,0.165149
-0.1,-0.02,0.13,-0.152649,0.0394677,1.46882,-1.47769,0.152649
-0.1,-0.02,0.14,-0.141897,0.0079035,1.34025,-1.38067,0.141897
-0.1,-0.02,0.15,-0.132552,-0.0413874,1.19047,-1.28019,0.132552
-0.1,-0.02,0.16,-0.124355,-0.11231,1.01227,-1.17291,0.124355
-0.1,-0.02,0.17,-0.117109,-0.214814,0.788811,-1.05196,0.117109
-0.1,-0.02,0.18,-0.110657,-0.38531,0.46128,-0.894922,0.110657
-0.1,-0.01,0.1,-0.0996687,0.0346844,1.7654,-1.77905,0.0996687
-0.1,-0.01,0.11,-0.0906599,0.0533242,1.68665,-1.68166,0.0906599
-0.1,-0.01,0.12,-0.0831412,0.0557028,1.59256,-1.58519,0.0831412
-0.1,-0.01,0.13,-0.0767719,0.0420655,1.48254,-1.48881,0.0767719
-0.1,-0.01,0.14,-0.0713075,0.012108,1.35501,-1.39123,0.0713075
-0.1,-0.01,0.15,-0.0665682,-0.035558,1.20662,-1.29051,0.0665682
-0.1,-0.01,0.16,-0.0624188,-0.104528,1.03057,-1.18343,0.0624188
-0.1,-0.01,0.17,-0.0587558,-0.203948,0.811263,-1.06354,0.0587558
-0.1,-0.01,0.18,-0.0554985,-0.365612,0.497176,-0.911121,0.0554985
-0.1,-1.04083e-17,0.1,-1.04083e-16,0.0333142,1.76894,-1.78396,1.04083e-16
-0.1,-1.04083e-17,0.11,-9.46213e-17,0.0528317,1.69057,-1.68607,9.46213e-17
-0.1,-1.04083e-17,0.12,-8.67362e-17,0.0559242,1.5968,-1.5892,8.67362e-17
-0.1,-1.04083e-17,0.13,-8.00642e-17,0.0428885,1.48709,-1.49253,8.00642e-17
-0.1,-1.04083e-17,0.14,-7.43453e-17,0.0134718,1.3599,-1.39476,7.43453e-17
-0.1,-1.04083e-17,0.15,-6.93889e-17,-0.0336529,1.21197,-1.29395,6.93889e-17
-0.1,-1.04083e-17,0.16,-6.50521e-17,-0.101981,1.03661,-1.18692,6.50521e-17
-0.1,-1.04083e-17,0.17,-6.12255e-17,-0.200409,0.818628,-1.06737,6.12255e-17
-0.1,-1.04083e-17,0.18,-5.78241e-17,-0.359389,0.508607,-0.916328,5.78241e-17
-0.1,0.01,0.1,0.0996687,0.0346844,1.7654,-1.77905,-0.0996687
-0.1,0.01,0.11,0.0906599,0.0533242,1.68665,-1.68166,-0.0906599
-0.1,0.01,0.12,0.0831412,0.0557028,1.59256,-1.58519,-0.0831412
-0.1,0.01,0.13,0.0767719,0.0420655,1.48254,-1.48881,-0.0767719
-0.1,0.01,0.14,0.0713075,0.012108,1.35501,-1.39123,-0.0713075
-0.1,0.01,0.15,0.0665682,-0.035558,1.20662,-1.29051,-0.0665682
-0.1,0.01,0.16,0.0624188,-0.104528,1.03057,-1.18343,-0.0624188
-0.1,0.01,0.17,0.0587558,-0.203948,0.811263,-1.06354,-0.0587558
-0.1,0.01,0.18,0.0554985,-0.365612,0.497176,-0.911121,-0.0554985
-0.1,0.02,0.1,0.197396,0.038507,1.75464,-1.76447,-0.197396
-0.1,0.02,0.11,0.179853,0.0545903,1.6748,-1.66854,-0.179853
-0.1,0.02,0.12,0.165149,0.0548783,1.57976,-1.57322,-0.165149
-0.1,0.02,0.13,0.152649,0.0394677,1.46882,-1.47769,-0.152649
-0.1,0.02,0.14,0.141897,0.0079035,1.34025,-1.38067,-0.141897
-0.1,0.02,0.15,0.132552,-0.0413874,1.19047,-1.28019,-0.132552
-0.1,0.02,0.16,0.124355,-0.11231,1.01227,-1.17291,-0.124355
-0.1,0.02,0.17,0.117109,-0.214814,0.788811,-1.05196,-0.117109
-0.1,0.02,0.18,0.110657,-0.38531,0.46128,-0.894922,-0.110657
-0.1,0.03,0.1,0.291457,0.0439626,1.73632,-1.74069,-0.291457
-0.1,0.03,0.11,0.266252,0.0560235,1.65476,-1.64707,-0.266252
-0.1,0.03,0.12,0.244979,0.0529856,1.55819,-1.55354,-0.244979
-0.1,0.03,0.13,0.226799,0.0347176,1.44572,-1.45933,-0.226799
-0.1,0.03,0.14,0.211093,0.000521657,1.31536,-1.36317,-0.211093
-0.1,0.03,0.15,0.197396,-0.0514882,1.16318,-1.263,-0.197396
-0.1,0.03,0.16,0.185348,-0.125771,0.981159,-1.15526,-0.185348
-0.1,0.03,0.17,0.174672,-0.23382,0.750095,-1.03225,-0.174672
-0.1,0.03,0.18,0.165149,-0.422508,0.394612,-0.865453,-0.165149
-0.1,0.04,0.1,0.380506,0.0498191,1.70992,-1.70844,-0.380506
-0.1,0.04,0.11,0.348771,0.0566954,1.6261,-1.61774,-0.348771
-0.1,0.04,0.12,0.321751,0.0492989,1.52747,-1.5265,-0.321751
-0.1,0.04,0.13,0.298499,0.0272109,1.41284,-1.43396,-0.298499
-0.1,0.04,0.14,0.2783,-0.0105937,1.2799,-1.33882,-0.2783
-0.1,0.04,0.15,0.260602,-0.0664568,1.12412,-1.23891,-0.260602
-0.1,0.04,0.16,0.244979,-0.145717,0.936204,-1.13025,-0.244979
-0.1,0.04,0.17,0.231091,-0.262593,0.692708,-1.00363,-0.231091
-0.1,0.04,0.18,0.218669,-0.490362,0.276449,-0.815143,-0.218669
-0.1,0.05,0.1,0.463648,0.0545903,1.6748,-1.66854,-0.463648
-0.1,0.05,0.11,0.426627,0.0554545,1.5883,-1.58118,-0.426627
-0.1,0.05,0.12,0.394791,0.0428885,1.48709,-1.49253,-0.394791
-0.1,0.05,0.13,0.367174,0.0161425,1.36965,-1.40184,-0.367174
-0.1,0.05,0.14,0.343024,-0.0262214,1.23317,-1.30772,-0.343024
-0.1,0.05,0.15,0.321751,-0.0871834,1.07229,-1.2078,-0.321751
-0.1,0.05,0.16,0.302885,-0.173462,0.875623,-1.09742,-0.302885
-0.1,0.05,0.17,0.286051,-0.30426,0.611911,-0.964503,-0.286051
-0.1,0.06,0.1,0.54042,0.0566905,1.63024,-1.62188,-0.54042
-0.1,0.06,0.11,0.499347,0.051023,1.54071,-1.53802,-0.499347
-0.1,0.06,0.12,0.463648,0.0326735,1.43639,-1.45205,-0.463648
-0.1,0.06,0.13,0.432408,0.000521657,1.31536,-1.36317,-0.432408
-0.1,0.06,0.14,0.404892,-0.0473896,1.17416,-1.26988,-0.404892
-0.1,0.06,0.15,0.380506,-0.114952,1.00611,-1.16939,-0.380506
-0.1,0.06,0.16,0.358771,-0.211149,0.796356,-1.05584,-0.358771
-0.1,0.06,0.17,0.339293,-0.365612,0.497176,-0.911121,-0.339293
-0.1,0.07,0.1,0.610726,0.0545509,1.57547,-1.56925,-0.610726
-0.1,0.07,0.11,0.566729,0.0420655,1.48254,-1.48881,-0.566729
-0.1,0.07,0.12,0.528074,0.0174494,1.3745,-1.40538,-0.528074
-0.1,0.07,0.13,0.493941,-0.0208446,1.24889,-1.31807,-0.493941
-0.1,0.07,0.14,0.463648,-0.0754575,1.10132,-1.22511,-0.463648
-0.1,0.07,0.15,0.436627,-0.151669,0.923029,-1.12303,-0.436627
-0.1,0.07,0.16,0.41241,-0.262593,0.692708,-1.00363,-0.41241
-0.1,0.07,0.17,0.390607,-0.468155,0.314658,-0.831145,-0.390607
-0.1,0.08,0.1,0.674741,0.0466748,1.50964,-1.5113,-0.674741
-0.1,0.08,0.11,0.628796,0.0272109,1.41284,-1.43396,-0.628796
-0.1,0.08,0.12,0.588003,-0.00413079,1.30025,-1.35271,-0.588003
-0.1,0.08,0.13,0.551655,-0.0494291,1.16868,-1.26644,-0.551655
-0.1,0.08,0.14,0.519146,-0.11231,1.01227,-1.17291,-0.519146
-0.1,0.08,0.15,0.489957,-0.200409,0.818628,-1.06737,-0.489957
-0.1,0.08,0.16,0.463648,-0.335934,0.552097,-0.936363,-0.463648
-0.1,0.09,0.1,0.732815,0.031621,1.4317,-1.44841,-0.732815
-0.1,0.09,0.11,0.68573,0.00500675,1.33033,-1.37366,-0.68573
-0.1,0.09,0.12,0.643501,-0.0336529,1.21197,-1.29395,-0.643501
-0.1,0.09,0.13,0.605545,-0.0871834,1.07229,-1.2078,-0.605545
-0.1,0.09,0.14,0.571337,-0.16082,0.902968,-1.11212,-0.571337
-0.1,0.09,0.15,0.54042,-0.266939,0.68416,-0.999431,-0.54042
-0.1,0.09,0.16,0.512389,-0.458073,0.33215,-0.838555,-0.512389
-0.1,0.1,0.1,0.785398,0.0079035,1.34025,-1.38067,-0.785398
-0.1,0.1,0.11,0.737815,-0.0262214,1.23317,-1.30772,-0.737815
-0.1,0.1,0.12,0.694738,-0.0731762,1.10705,-1.22856,-0.694738
-0.1,0.1,0.13,0.655696,-0.137005,0.955683,-1.14102,-0.655696
-0.1,0.1,0.14,0.620249,-0.226076,0.765788,-1.0402,-0.620249
-0.1,0.1,0.15,0.588003,-0.365612,0.497176,-0.911121,-0.588003
-0.09,-0.1,0.1,-0.785398,0.171775,1.49534,-1.37189,0.785398
-0.09,-0.1,0.11,-0.737815,0.137911,1.39172,-1.30214,0.737815
-0.09,-0.1,0.12,-0.694738,0.0930111,1.27221,-1.22753,0.694738
-0.09,-0.1,0.13,-0.655696,0.0346109,1.13302,-1.14674,0.655696
-0.09,-0.1,0.14,-0.620249,-0.0417323,0.967076,-1.05714,0.620249
-0.09,-0.1,0.15,-0.588003,-0.145845,0.758591,-0.952768,0.588003
-0.09,-0.1,0.16,-0.558599,-0.310912,0.454571,-0.813815,0.558599
-0.09,-0.09,0.1,-0.732815,0.196211,1.58528,-1.4374,0.732815
-0.09,-0.09,0.11,-0.68573,0.168851,1.48567,-1.36515,0.68573
-0.09,-0.09,0.12,-0.643501,0.130686,1.37143,-1.28907,0.643501
-0.09,-0.09,0.13,-0.605545,0.0799423,1.2398,-1.20819,0.605545
-0.09,-0.09,0.14,-0.571337,0.0135847,1.08586,-1.1206,0.571337
-0.09,-0.09,0.15,-0.54042,-0.0744543,0.899728,-1.02251,0.54042
-0.09,-0.09,0.16,-0.512389,-0.199721,0.656364,-0.904417,0.512389
-0.09,-0.09,0.17,-0.486899,-0.452274,0.212424,-0.71303,0.486899
-0.09,-0.08,0.1,-0.674741,0.212468,1.66294,-1.4988,0.674741
-0.09,-0.08,0.11,-0.628796,0.191588,1.56662,-1.42337,0.628796
-0.09,-0.08,0.12,-0.588003,0.159691,1.45642,-1.34506,0.588003
-0.09,-0.08,0.13,-0.551655,0.115501,1.33024,-1.26307,0.551655
-0.09,-0.08,0.14,-0.519146,0.0568559,1.18444,-1.17592,0.519146
-0.09,-0.08,0.15,-0.489957,-0.0203959,1.01208,-1.08081,0.489957
-0.09,-0.08,0.16,-0.463648,-0.125662,0.797777,-0.971771,0.463648
-0.09,-0.08,0.17,-0.439843,-0.290063,0.491573,-0.829968,0.439843
-0.09,-0.07,0.1,-0.610726,0.221701,1.72926,-1.55589,0.610726
-0.09,-0.07,0.11,-0.566729,0.207385,1.63583,-1.47678,0.566729
-0.09,-0.07,0.12,-0.528074,0.181495,1.52887,-1.39571,0.528074
-0.09,-0.07,0.13,-0.493941,0.143169,1.40682,-1.31198,0.493941
-0.09,-0.07,0.14,-0.463648,0.0908728,1.26685,-1.2243,0.463648
-0.09,-0.07,0.15,-0.436627,0.0216137,1.10372,-1.13044,0.436627
-0.09,-0.07,0.16,-0.41241,-0.071052,0.906643,-1.02603,0.41241
-0.09,-0.07,0.17,-0.390607,-0.204634,0.6472,-0.900167,0.390607
-0.09,-0.07,0.18,-0.370891,-0.518049,0.104445,-0.670827,0.370891
-0.09,-0.06,0.1,-0.54042,0.225127,1.78496,-1.60817,0.54042
-0.09,-0.06,0.11,-0.499347,0.217423,1.69415,-1.52506,0.499347
-0.09,-0.06,0.12,-0.463648,0.197322,1.58992,-1.44093,0.463648
-0.09,-0.06,0.13,-0.432408,0.164343,1.47109,-1.35508,0.432408
-0.09,-0.06,0.14,-0.404892,0.117453,1.33543,-1.26631,0.404892
-0.09,-0.06,0.15,-0.380506,0.0544546,1.17881,-1.17269,0.380506
-0.09,-0.06,0.16,-0.358771,-0.0293936,0.992989,-1.07071,0.358771
-0.09,-0.06,0.17,-0.339293,-0.145845,0.758591,-0.952768,0.339293
-0.09,-0.06,0.18,-0.321751,-0.341902,0.40022,-0.790454,0.321751
-0.09,-0.05,0.1,-0.463648,0.224103,1.83065,-1.65488,0.463648
-0.09,-0.05,0.11,-0.426627,0.222896,1.74227,-1.56771,0.426627
-0.09,-0.05,0.12,-0.394791,0.208284,1.64037,-1.48042,0.394791
-0.09,-0.05,0.13,-0.367174,0.180157,1.52411,-1.39229,0.367174
-0.09,-0.05,0.14,-0.343024,0.137911,1.39172,-1.30214,0.343024
-0.09,-0.05,0.15,-0.321751,0.0799423,1.2398,-1.20819,0.321751
-0.09,-0.05,0.16,-0.302885,0.00259843,1.0617,-1.10743,0.302885
-0.09,-0.05,0.17,-0.286051,-0.102843,0.842734,-0.993909,0.286051
-0.09,-0.05,0.18,-0.270947,-0.264653,0.537167,-0.850151,0.270947
-0.09,-0.04,0.1,-0.380506,0.220135,1.86691,-1.69511,0.380506
-0.09,-0.04,0.11,-0.348771,0.225032,1.78074,-1.60404,0.348771
-0.09,-0.04,0.12,-0.321751,0.215433,1.68083,-1.51373,0.321751
-0.09,-0.04,0.13,-0.298499,0.191588,1.56662,-1.42337,0.298499
-0.09,-0.04,0.14,-0.2783,0.153269,1.43671,-1.33177,0.2783
-0.09,-0.04,0.15,-0.260602,0.0993315,1.28821,-1.23721,0.260602
-0.09,-0.04,0.16,-0.244979,0.0268693,1.11551,-1.13697,0.244979
-0.09,-0.04,0.17,-0.231091,-0.071052,0.906643,-1.02603,0.231091
-0.09,-0.04,0.18,-0.218669,-0.214696,0.628511,-0.891539,0.218669
-0.09,-0.03,0.1,-0.291457,0.214809,1.89431,-1.72783,0.291457
-0.09,-0.03,0.11,-0.266252,0.225054,1.81006,-1.63334,0.266252
-0.09,-0.03,0.12,-0.244979,0.219755,1.71178,-1.54036,0.244979
-0.09,-0.03,0.13,-0.226799,0.199487,1.59917,-1.44802,0.226799
-0.09,-0.03,0.14,-0.211093,0.164343,1.47109,-1.35508,0.211093
-0.09,-0.03,0.15,-0.197396,0.113534,1.32504,-1.25983,0.197396
-0.09,-0.03,0.16,-0.185348,0.0446754,1.15608,-1.15973,0.185348
-0.09,-0.03,0.17,-0.174672,-0.0480551,0.953912,-1.0503,0.174672
-0.09,-0.03,0.18,-0.165149,-0.180784,0.691926,-0.921042,0.165149
-0.09,-0.03,0.19,-0.156602,-0.452274,0.212424,-0.71303,0.156602
-0.09,-0.02,0.1,-0.197396,0.20966,1.9134,-1.75207,0.197396
-0.09,-0.02,0.11,-0.179853,0.224103,1.83065,-1.65488,0.179853
-0.09,-0.02,0.12,-0.165149,0.222125,1.73361,-1.55982,0.165149
-0.09,-0.02,0.13,-0.152649,0.204569,1.62215,-1.46591,0.152649
-0.09,-0.02,0.14,-0.141897,0.171775,1.49534,-1.37189,0.141897
-0.09,-0.02,0.15,-0.132552,0.123216,1.35094,-1.27605,0.132552
-0.09,-0.02,0.16,-0.124355,0.0568559,1.18444,-1.17592,0.124355
-0.09,-0.02,0.17,-0.117109,-0.0324409,0.98656,-1.06733,0.117109
-0.09,-0.02,0.18,-0.110657,-0.158533,0.734215,-0.941081,0.110657
-0.09,-0.02,0.19,-0.104877,-0.388374,0.320088,-0.756794,0.104877
-0.09,-0.01,0.1,-0.0996687,0.205983,1.92464,-1.76699,0.0996687
-0.09,-0.01,0.11,-0.0906599,0.223116,1.84286,-1.66808,0.0906599
-0.09,-0.01,0.12,-0.0831412,0.223243,1.74659,-1.57167,0.0831412
-0.09,-0.01,0.13,-0.0767719,0.207385,1.63583,-1.47678,0.0767719
-0.09,-0.01,0.14,-0.0713075,0.17604,1.50977,-1.38206,0.0713075
-0.09,-0.01,0.15,-0.0665682,0.128842,1.36632,-1.28581,0.0665682
-0.09,-0.01,0.16,-0.0624188,0.0639571,1.20123,-1.18561,0.0624188
-0.09,-0.01,0.17,-0.0587558,-0.0233715,1.00575,-1.07745,0.0587558
-0.09,-0.01,0.18,-0.0554985,-0.145845,0.758591,-0.952768,0.0554985
-0.09,-0.01,0.19,-0.0525831,-0.359208,0.370191,-0.777731,0.0525831
-0.09,-1.04083e-17,0.1,-1.04083e-16,0.204655,1.92835,-1.77202,1.04083e-16
-0.09,-1.04083e-17,0.11,-9.46213e-17,0.222714,1.8469,-1.67252,9.46213e-17
-0.09,-1.04083e-17,0.12,-8.67362e-17,0.223563,1.75089,-1.57566,8.67362e-17
-0.09,-1.04083e-17,0.13,-8.00642e-17,0.208284,1.64037,-1.48042,8.00642e-17
-0.09,-1.04083e-17,0.14,-7.43453e-17,0.177429,1.51456,-1.38546,7.43453e-17
-0.09,-1.04083e-17,0.15,-6.93889e-17,0.130686,1.37143,-1.28907,6.93889e-17
-0.09,-1.04083e-17,0.16,-6.50521e-17,0.0662904,1.2068,-1.18884,6.50521e-17
-0.09,-1.04083e-17,0.17,-6.12255e-17,-0.0203959,1.01208,-1.08081,6.12255e-17
-0.09,-1.04083e-17,0.18,-5.78241e-17,-0.141715,0.766567,-0.956614,5.78241e-17
-0.09,-1.04083e-17,0.19,-5.47807e-17,-0.350376,0.385488,-0.784196,5.47807e-17
-0.09,0.01,0.1,0.0996687,0.205983,1.92464,-1.76699,-0.0996687
-0.09,0.01,0.11,0.0906599,0.223116,1.84286,-1.66808,-0.0906599
-0.09,0.01,0.12,0.0831412,0.223243,1.74659,-1.57167,-0.0831412
-0.09,0.01,0.13,0.0767719,0.207385,1.63583,-1.47678,-0.0767719
-0.09,0.01,0.14,0.0713075,0.17604,1.50977,-1.38206,-0.0713075
-0.09,0.01,0.15,0.0665682,0.128842,1.36632,-1.28581,-0.0665682
-0.09,0.01,0.16,0.0624188,0.0639571,1.20123,-1.18561,-0.0624188
-0.09,0.01,0.17,0.0587558,-0.0233715,1.00575,-1.07745,-0.0587558
-0.09,0.01,0.18,0.0554985,-0.145845,0.758591,-0.952768,-0.0554985
-0.09,0.01,0.19,0.0525831,-0.359208,0.370191,-0.777731,-0.0525831
-0.09,0.02,0.1,0.197396,0.20966,1.9134,-1.75207,-0.197396
-0.09,0.02,0.11,0.179853,0.224103,1.83065,-1.65488,-0.179853
-0.09,0.02,0.12,0.165149,0.222125,1.73361,-1.55982,-0.165149
-0.09,0.02,0.13,0.152649,0.204569,1.62215,-1.46591,-0.152649
-0.09,0.02,0.14,0.141897,0.171775,1.49534,-1.37189,-0.141897
-0.09,0.02,0.15,0.132552,0.123216,1.35094,-1.27605,-0.132552
-0.09,0.02,0.16,0.124355,0.0568559,1.18444,-1.17592,-0.124355
-0.09,0.02,0.17,0.117109,-0.0324409,0.98656,-1.06733,-0.117109
-0.09,0.02,0.18,0.110657,-0.158533,0.734215,-0.941081,-0.110657
-0.09,0.02,0.19,0.104877,-0.388374,0.320088,-0.756794,-0.104877
-0.09,0.03,0.1,0.291457,0.214809,1.89431,-1.72783,-0.291457
-0.09,0.03,0.11,0.266252,0.225054,1.81006,-1.63334,-0.266252
-0.09,0.03,0.12,0.244979,0.219755,1.71178,-1.54036,-0.244979
-0.09,0.03,0.13,0.226799,0.199487,1.59917,-1.44802,-0.226799
-0.09,0.03,0.14,0.211093,0.164343,1.47109,-1.35508,-0.211093
-0.09,0.03,0.15,0.197396,0.113534,1.32504,-1.25983,-0.197396
-0.09,0.03,0.16,0.185348,0.0446754,1.15608,-1.15973,-0.185348
-0.09,0.03,0.17,0.174672,-0.0480551,0.953912,-1.0503,-0.174672
-0.09,0.03,0.18,0.165149,-0.180784,0.691926,-0.921042,-0.165149
-0.09,0.03,0.19,0.156602,-0.452274,0.212424,-0.71303,-0.156602
-0.09,0.04,0.1,0.380506,0.220135,1.86691,-1.69511,-0.380506
-0.09,0.04,0.11,0.348771,0.225032,1.78074,-1.60404,-0.348771
-0.09,0.04,0.12,0.321751,0.215433,1.68083,-1.51373,-0.321751
-0.09,0.04,0.13,0.298499,0.191588,1.56662,-1.42337,-0.298499
-0.09,0.04,0.14,0.2783,0.153269,1.43671,-1.33177,-0.2783
-0.09,0.04,0.15,0.260602,0.0993315,1.28821,-1.23721,-0.260602
-0.09,0.04,0.16,0.244979,0.0268693,1.11551,-1.13697,-0.244979
-0.09,0.04,0.17,0.231091,-0.071052,0.906643,-1.02603,-0.231091
-0.09,0.04,0.18,0.218669,-0.214696,0.628511,-0.891539,-0.218669
-0.09,0.05,0.1,0.463648,0.224103,1.83065,-1.65488,-0.463648
-0.09,0.05,0.11,0.426627,0.222896,1.74227,-1.56771,-0.426627
-0.09,0.05,0.12,0.394791,0.208284,1.64037,-1.48042,-0.394791
-0.09,0.05,0.13,0.367174,0.180157,1.52411,-1.39229,-0.367174
-0.09,0.05,0.14,0.343024,0.137911,1.39172,-1.30214,-0.343024
-0.09,0.05,0.15,0.321751,0.0799423,1.2398,-1.20819,-0.321751
-0.09,0.05,0.16,0.302885,0.00259843,1.0617,-1.10743,-0.302885
-0.09,0.05,0.17,0.286051,-0.102843,0.842734,-0.993909,-0.286051
-0.09,0.05,0.18,0.270947,-0.264653,0.537167,-0.850151,-0.270947
-0.09,0.06,0.1,0.54042,0.225127,1.78496,-1.60817,-0.54042
-0.09,0.06,0.11,0.499347,0.217423,1.69415,-1.52506,-0.499347
-0.09,0.06,0.12,0.463648,0.197322,1.58992,-1.44093,-0.463648
-0.09,0.06,0.13,0.432408,0.164343,1.47109,-1.35508,-0.432408
-0.09,0.06,0.14,0.404892,0.117453,1.33543,-1.26631,-0.404892
-0.09,0.06,0.15,0.380506,0.0544546,1.17881,-1.17269,-0.380506
-0.09,0.06,0.16,0.358771,-0.0293936,0.992989,-1.07071,-0.358771
-0.09,0.06,0.17,0.339293,-0.145845,0.758591,-0.952768,-0.339293
-0.09,0.06,0.18,0.321751,-0.341902,0.40022,-0.790454,-0.321751
-0.09,0.07,0.1,0.610726,0.221701,1.72926,-1.55589,-0.610726
-0.09,0.07,0.11,0.566729,0.207385,1.63583,-1.47678,-0.566729
-0.09,0.07,0.12,0.528074,0.181495,1.52887,-1.39571,-0.528074
-0.09,0.07,0.13,0.493941,0.143169,1.40682,-1.31198,-0.493941
-0.09,0.07,0.14,0.463648,0.0908728,1.26685,-1.2243,-0.463648
-0.09,0.07,0.15,0.436627,0.0216137,1.10372,-1.13044,-0.436627
-0.09,0.07,0.16,0.41241,-0.071052,0.906643,-1.02603,-0.41241
-0.09,0.07,0.17,0.390607,-0.204634,0.6472,-0.900167,-0.390607
-0.09,0.07,0.18,0.370891,-0.518049,0.104445,-0.670827,-0.370891
-0.09,0.08,0.1,0.674741,0.212468,1.66294,-1.4988,-0.674741
-0.09,0.08,0.11,0.628796,0.191588,1.56662,-1.42337,-0.628796
-0.09,0.08,0.12,0.588003,0.159691,1.45642,-1.34506,-0.588003
-0.09,0.08,0.13,0.551655,0.115501,1.33024,-1.26307,-0.551655
-0.09,0.08,0.14,0.519146,0.0568559,1.18444,-1.17592,-0.519146
-0.09,0.08,0.15,0.489957,-0.0203959,1.01208,-1.08081,-0.489957
-0.09,0.08,0.16,0.463648,-0.125662,0.797777,-0.971771,-0.463648
-0.09,0.08,0.17,0.439843,-0.290063,0.491573,-0.829968,-0.439843
-0.09,0.09,0.1,0.732815,0.196211,1.58528,-1.4374,-0.732815
-0.09,0.09,0.11,0.68573,0.168851,1.48567,-1.36515,-0.68573
-0.09,0.09,0.12,0.643501,0.130686,1.37143,-1.28907,-0.643501
-0.09,0.09,0.13,0.605545,0.0799423,1.2398,-1.20819,-0.605545
-0.09,0.09,0.14,0.571337,0.0135847,1.08586,-1.1206,-0.571337
-0.09,0.09,0.15,0.54042,-0.0744543,0.899728,-1.02251,-0.54042
-0.09,0.09,0.16,0.512389,-0.199721,0.656364,-0.904417,-0.512389
-0.09,0.09,0.17,0.486899,-0.452274,0.212424,-0.71303,-0.486899
-0.09,0.1,0.1,0.785398,0.171775,1.49534,-1.37189,-0.785398
-0.09,0.1,0.11,0.737815,0.137911,1.39172,-1.30214,-0.737815
-0.09,0.1,0.12,0.694738,0.0930111,1.27221,-1.22753,-0.694738
-0.09,0.1,0.13,0.655696,0.0346109,1.13302,-1.14674,-0.655696
-0.09,0.1,0.14,0.620249,-0.0417323,0.967076,-1.05714,-0.620249
-0.09,0.1,0.15,0.588003,-0.145845,0.758591,-0.952768,-0.588003
-0.09,0.1,0.16,0.558599,-0.310912,0.454571,-0.813815,-0.558599
-0.08,-0.1,0.1,-0.785398,0.333048,1.63246,-1.34774,0.785398
-0.08,-0.1,0.11,-0.737815,0.296849,1.52967,-1.28116,0.737815
-0.08,-0.1,0.12,-0.694738,0.250764,1.41298,-1.21055,0.694738
-0.08,-0.1,0.13,-0.655696,0.193141,1.27979,-1.13498,0.655696
-0.08,-0.1,0.14,-0.620249,0.121155,1.12553,-1.0527,0.620249
-0.08,-0.1,0.15,-0.588003,0.0292921,0.941226,-0.960266,0.588003
-0.08,-0.1,0.16,-0.558599,-0.0958733,0.705263,-0.849468,0.558599
-0.08,-0.1,0.17,-0.531724,-0.314788,0.321275,-0.684396,0.531724
-0.08,-0.09,0.1,-0.732815,0.36047,1.72287,-1.41073,0.732815
-0.08,-0.09,0.11,-0.68573,0.329855,1.6228,-1.34128,0.68573
-0.08,-0.09,0.12,-0.643501,0.289307,1.50971,-1.26874,0.643501
-0.08,-0.09,0.13,-0.605545,0.237663,1.38169,-1.19236,0.605545
-0.08,-0.09,0.14,-0.571337,0.172946,1.2354,-1.11078,0.571337
-0.08,-0.09,0.15,-0.54042,0.0914511,1.06464,-1.02153,0.54042
-0.08,-0.09,0.16,-0.512389,-0.0148361,0.856338,-0.919507,0.512389
-0.08,-0.09,0.17,-0.486899,-0.169498,0.572564,-0.790395,0.486899
-0.08,-0.08,0.1,-0.674741,0.380003,1.80187,-1.4702,0.674741
-0.08,-0.08,0.11,-0.628796,0.355155,1.70403,-1.3972,0.628796
-0.08,-0.08,0.12,-0.588003,0.319947,1.59368,-1.32206,0.588003
-0.08,-0.08,0.13,-0.551655,0.273624,1.46939,-1.2441,0.551655
-0.08,-0.08,0.14,-0.519146,0.214816,1.32863,-1.16215,0.519146
-0.08,-0.08,0.15,-0.489957,0.140901,1.16681,-1.07424,0.489957
-0.08,-0.08,0.16,-0.463648,0.0464711,0.974851,-0.976712,0.463648
-0.08,-0.08,0.17,-0.439843,-0.0819139,0.730887,-0.861133,0.439843
-0.08,-0.08,0.18,-0.418224,-0.304324,0.338949,-0.691605,0.418224
-0.08,-0.07,0.1,-0.610726,0.392514,1.87006,-1.52587,0.610726
-0.08,-0.07,0.11,-0.566729,0.373705,1.77419,-1.44882,0.566729
-0.08,-0.07,0.12,-0.528074,0.343778,1.66604,-1.37059,0.528074
-0.08,-0.07,0.13,-0.493941,0.302373,1.54456,-1.29052,0.493941
-0.08,-0.07,0.14,-0.463648,0.248612,1.40779,-1.20751,0.463648
-0.08,-0.07,0.15,-0.436627,0.180624,1.25216,-1.11987,0.436627
-0.08,-0.07,0.16,-0.41241,0.094506,1.07084,-1.02467,0.41241
-0.08,-0.07,0.17,-0.390607,-0.0187231,0.848956,-0.916012,0.390607
-0.08,-0.07,0.18,-0.370891,-0.187715,0.540324,-0.776371,0.370891
-0.08,-0.06,0.1,-0.54042,0.398989,1.92788,-1.57722,0.54042
-0.08,-0.06,0.11,-0.499347,0.386449,1.83387,-1.49576,0.499347
-0.08,-0.06,0.12,-0.463648,0.361759,1.72757,-1.41414,0.463648
-0.08,-0.06,0.13,-0.432408,0.324962,1.60827,-1.33164,0.432408
-0.08,-0.06,0.14,-0.404892,0.275628,1.47446,-1.24717,0.404892
-0.08,-0.06,0.15,-0.380506,0.21246,1.32326,-1.15913,0.380506
-0.08,-0.06,0.16,-0.358771,0.132538,1.14924,-1.06503,0.358771
-0.08,-0.06,0.17,-0.339293,0.0292921,0.941226,-0.960266,0.339293
-0.08,-0.06,0.18,-0.321751,-0.115351,0.669766,-0.833449,0.321751
-0.08,-0.06,0.19,-0.305879,-0.447549,0.102323,-0.598204,0.305879
-0.08,-0.05,0.1,-0.463648,0.400614,1.97572,-1.62344,0.463648
-0.08,-0.05,0.11,-0.426627,0.394399,1.88351,-1.53744,0.426627
-0.08,-0.05,0.12,-0.394791,0.374802,1.77882,-1.45235,0.394791
-0.08,-0.05,0.13,-0.367174,0.342289,1.66126,-1.3673,0.367174
-0.08,-0.05,0.14,-0.343024,0.296849,1.52967,-1.28116,0.343024
-0.08,-0.05,0.15,-0.321751,0.237663,1.38169,-1.19236,0.321751
-0.08,-0.05,0.16,-0.302885,0.162506,1.21282,-1.09864,0.302885
-0.08,-0.05,0.17,-0.286051,0.0662774,1.01406,-0.996117,0.286051
-0.08,-0.05,0.18,-0.270947,-0.0640634,0.763886,-0.876281,0.270947
-0.08,-0.05,0.19,-0.257324,-0.284941,0.371851,-0.705124,0.257324
-0.08,-0.04,0.1,-0.380506,0.398789,2.01398,-1.66352,0.380506
-0.08,-0.04,0.11,-0.348771,0.398655,1.92348,-1.57316,0.348771
-0.08,-0.04,0.12,-0.321751,0.38381,1.82019,-1.48472,0.321751
-0.08,-0.04,0.13,-0.298499,0.355155,1.70403,-1.3972,0.298499
-0.08,-0.04,0.14,-0.2783,0.313074,1.57412,-1.30938,0.2783
-0.08,-0.04,0.15,-0.260602,0.257147,1.42848,-1.21967,0.260602
-0.08,-0.04,0.16,-0.244979,0.185673,1.26326,-1.12592,0.244979
-0.08,-0.04,0.17,-0.231091,0.094506,1.07084,-1.02467,0.231091
-0.08,-0.04,0.18,-0.218669,-0.0266054,0.834031,-0.908969,0.218669
-0.08,-0.04,0.19,-0.207496,-0.213926,0.494322,-0.75658,0.207496
-0.08,-0.03,0.1,-0.291457,0.395063,2.04307,-1.69634,0.291457
-0.08,-0.03,0.11,-0.266252,0.40036,1.95411,-1.60208,0.266252
-0.08,-0.03,0.12,-0.244979,0.389663,1.85202,-1.51069,0.244979
-0.08,-0.03,0.13,-0.226799,0.364286,1.73694,-1.42099,0.226799
-0.08,-0.03,0.14,-0.211093,0.324962,1.60827,-1.33164,0.211093
-0.08,-0.03,0.15,-0.197396,0.271608,1.46431,-1.24103,0.197396
-0.08,-0.03,0.16,-0.185348,0.202907,1.30163,-1.14706,0.185348
-0.08,-0.03,0.17,-0.174672,0.11536,1.11354,-1.04651,0.174672
-0.08,-0.03,0.18,-0.165149,0.000369993,0.885361,-0.933323,0.165149
-0.08,-0.03,0.19,-0.156602,-0.169498,0.572564,-0.790395,0.156602
-0.08,-0.02,0.1,-0.197396,0.390992,2.06343,-1.72077,0.197396
-0.08,-0.02,0.11,-0.179853,0.400614,1.97572,-1.62344,0.179853
-0.08,-0.02,0.12,-0.165149,0.393167,1.87455,-1.52971,0.165149
-0.08,-0.02,0.13,-0.152649,0.370305,1.76027,-1.4383,0.152649
-0.08,-0.02,0.14,-0.141897,0.333048,1.63246,-1.34774,0.141897
-0.08,-0.02,0.15,-0.132552,0.281565,1.48962,-1.25639,0.132552
-0.08,-0.02,0.16,-0.124355,0.214816,1.32863,-1.16215,0.124355
-0.08,-0.02,0.17,-0.117109,0.129718,1.14334,-1.06196,0.117109
-0.08,-0.02,0.18,-0.110657,0.0186645,0.920593,-0.950261,0.110657
-0.08,-0.02,0.19,-0.104877,-0.141321,0.622884,-0.812537,0.104877
-0.08,-0.01,0.1,-0.0996687,0.387928,2.07546,-1.73586,0.0996687
-0.08,-0.01,0.11,-0.0906599,0.400347,1.98857,-1.63656,0.0906599
-0.08,-0.01,0.12,-0.0831412,0.394978,1.88798,-1.54134,0.0831412
-0.08,-0.01,0.13,-0.0767719,0.373705,1.77419,-1.44882,0.0767719
-0.08,-0.01,0.14,-0.0713075,0.337733,1.64689,-1.35749,0.0713075
-0.08,-0.01,0.15,-0.0665682,0.287391,1.5047,-1.26565,0.0665682
-0.08,-0.01,0.16,-0.0624188,0.221804,1.34468,-1.1712,0.0624188
-0.08,-0.01,0.17,-0.0587558,0.13813,1.16097,-1.07117,0.0587558
-0.08,-0.01,0.18,-0.0554985,0.0292921,0.941226,-0.960266,0.0554985
-0.08,-0.01,0.19,-0.0525831,-0.125505,0.651377,-0.825213,0.0525831
-0.08,-1.04083e-17,0.1,-1.04083e-16,0.386797,2.07944,-1.74097,1.04083e-16
-0.08,-1.04083e-17,0.11,-9.46213e-17,0.400185,1.99283,-1.64098,9.46213e-17
-0.08,-1.04083e-17,0.12,-8.67362e-17,0.395531,1.89245,-1.54525,8.67362e-17
-0.08,-1.04083e-17,0.13,-8.00642e-17,0.374802,1.77882,-1.45235,8.00642e-17
-0.08,-1.04083e-17,0.14,-7.43453e-17,0.339266,1.65168,-1.36075,7.43453e-17
-0.08,-1.04083e-17,0.15,-6.93889e-17,0.289307,1.50971,-1.26874,6.93889e-17
-0.08,-1.04083e-17,0.16,-6.50521e-17,0.224108,1.35,-1.17422,6.50521e-17
-0.08,-1.04083e-17,0.17,-6.12255e-17,0.140901,1.16681,-1.07424,6.12255e-17
-0.08,-1.04083e-17,0.18,-5.78241e-17,0.0327799,0.948025,-0.963578,5.78241e-17
-0.08,-1.04083e-17,0.19,-5.47807e-17,-0.120391,0.660629,-0.829352,5.47807e-17
-0.08,0.01,0.1,0.0996687,0.387928,2.07546,-1.73586,-0.0996687
-0.08,0.01,0.11,0.0906599,0.400347,1.98857,-1.63656,-0.0906599
-0.08,0.01,0.12,0.0831412,0.394978,1.88798,-1.54134,-0.0831412
-0.08,0.01,0.13,0.0767719,0.373705,1.77419,-1.44882,-0.0767719
-0.08,0.01,0.14,0.0713075,0.337733,1.64689,-1.35749,-0.0713075
-0.08,0.01,0.15,0.0665682,0.287391,1.5047,-1.26565,-0.0665682
-0.08,0.01,0.16,0.0624188,0.221804,1.34468,-1.1712,-0.0624188
-0.08,0.01,0.17,0.0587558,0.13813,1.16097,-1.07117,-0.0587558
-0.08,0.01,0.18,0.0554985,0.0292921,0.941226,-0.960266,-0.0554985
-0.08,0.01,0.19,0.0525831,-0.125505,0.651377,-0.825213,-0.0525831
-0.08,0.02,0.1,0.197396,0.390992,2.06343,-1.72077,-0.197396
-0.08,0.02,0.11,0.179853,0.400614,1.97572,-1.62344,-0.179853
-0.08,0.02,0.12,0.165149,0.393167,1.87455,-1.52971,-0.165149
-0.08,0.02,0.13,0.152649,0.370305,1.76027,-1.4383,-0.152649
-0.08,0.02,0.14,0.141897,0.333048,1.63246,-1.34774,-0.141897
-0.08,0.02,0.15,0.132552,0.281565,1.48962,-1.25639,-0.132552
-0.08,0.02,0.16,0.124355,0.214816,1.32863,-1.16215,-0.124355
-0.08,0.02,0.17,0.117109,0.129718,1.14334,-1.06196,-0.117109
-0.08,0.02,0.18,0.110657,0.0186645,0.920593,-0.950261,-0.110657
-0.08,0.02,0.19,0.104877,-0.141321,0.622884,-0.812537,-0.104877
-0.08,0.03,0.1,0.291457,0.395063,2.04307,-1.69634,-0.291457
-0.08,0.03,0.11,0.266252,0.40036,1.95411,-1.60208,-0.266252
-0.08,0.03,0.12,0.244979,0.389663,1.85202,-1.51069,-0.244979
-0.08,0.03,0.13,0.226799,0.364286,1.73694,-1.42099,-0.226799
-0.08,0.03,0.14,0.211093,0.324962,1.60827,-1.33164,-0.211093
-0.08,0.03,0.15,0.197396,0.271608,1.46431,-1.24103,-0.197396
-0.08,0.03,0.16,0.185348,0.202907,1.30163,-1.14706,-0.185348
-0.08,0.03,0.17,0.174672,0.11536,1.11354,-1.04651,-0.174672
-0.08,0.03,0.18,0.165149,0.000369993,0.885361,-0.933323,-0.165149
-0.08,0.03,0.19,0.156602,-0.169498,0.572564,-0.790395,-0.156602
-0.08,0.04,0.1,0.380506,0.398789,2.01398,-1.66352,-0.380506
-0.08,0.04,0.11,0.348771,0.398655,1.92348,-1.57316,-0.348771
-0.08,0.04,0.12,0.321751,0.38381,1.82019,-1.48472,-0.321751
-0.08,0.04,0.13,0.298499,0.355155,1.70403,-1.3972,-0.298499
-0.08,0.04,0.14,0.2783,0.313074,1.57412,-1.30938,-0.2783
-0.08,0.04,0.15,0.260602,0.257147,1.42848,-1.21967,-0.260602
-0.08,0.04,0.16,0.244979,0.185673,1.26326,-1.12592,-0.244979
-0.08,0.04,0.17,0.231091,0.094506,1.07084,-1.02467,-0.231091
-0.08,0.04,0.18,0.218669,-0.0266054,0.834031,-0.908969,-0.218669
-0.08,0.04,0.19,0.207496,-0.213926,0.494322,-0.75658,-0.207496
-0.08,0.05,0.1,0.463648,0.400614,1.97572,-1.62344,-0.463648
-0.08,0.05,0.11,0.426627,0.394399,1.88351,-1.53744,-0.426627
-0.08,0.05,0.12,0.394791,0.374802,1.77882,-1.45235,-0.394791
-0.08,0.05,0.13,0.367174,0.342289,1.66126,-1.3673,-0.367174
-0.08,0.05,0.14,0.343024,0.296849,1.52967,-1.28116,-0.343024
-0.08,0.05,0.15,0.321751,0.237663,1.38169,-1.19236,-0.321751
-0.08,0.05,0.16,0.302885,0.162506,1.21282,-1.09864,-0.302885
-0.08,0.05,0.17,0.286051,0.0662774,1.01406,-0.996117,-0.286051
-0.08,0.05,0.18,0.270947,-0.0640634,0.763886,-0.876281,-0.270947
-0.08,0.05,0.19,0.257324,-0.284941,0.371851,-0.705124,-0.257324
-0.08,0.06,0.1,0.54042,0.398989,1.92788,-1.57722,-0.54042
-0.08,0.06,0.11,0.499347,0.386449,1.83387,-1.49576,-0.499347
-0.08,0.06,0.12,0.463648,0.361759,1.72757,-1.41414,-0.463648
-0.08,0.06,0.13,0.432408,0.324962,1.60827,-1.33164,-0.432408
-0.08,0.06,0.14,0.404892,0.275628,1.47446,-1.24717,-0.404892
-0.08,0.06,0.15,0.380506,0.21246,1.32326,-1.15913,-0.380506
-0.08,0.06,0.16,0.358771,0.132538,1.14924,-1.06503,-0.358771
-0.08,0.06,0.17,0.339293,0.0292921,0.941226,-0.960266,-0.339293
-0.08,0.06,0.18,0.321751,-0.115351,0.669766,-0.833449,-0.321751
-0.08,0.06,0.19,0.305879,-0.447549,0.102323,-0.598204,-0.305879
-0.08,0.07,0.1,0.610726,0.392514,1.87006,-1.52587,-0.610726
-0.08,0.07,0.11,0.566729,0.373705,1.77419,-1.44882,-0.566729
-0.08,0.07,0.12,0.528074,0.343778,1.66604,-1.37059,-0.528074
-0.08,0.07,0.13,0.493941,0.302373,1.54456,-1.29052,-0.493941
-0.08,0.07,0.14,0.463648,0.248612,1.40779,-1.20751,-0.463648
-0.08,0.07,0.15,0.436627,0.180624,1.25216,-1.11987,-0.436627
-0.08,0.07,0.16,0.41241,0.094506,1.07084,-1.02467,-0.41241
-0.08,0.07,0.17,0.390607,-0.0187231,0.848956,-0.916012,-0.390607
-0.08,0.07,0.18,0.370891,-0.187715,0.540324,-0.776371,-0.370891
-0.08,0.08,0.1,0.674741,0.380003,1.80187,-1.4702,-0.674741
-0.08,0.08,0.11,0.628796,0.355155,1.70403,-1.3972,-0.628796
-0.08,0.08,0.12,0.588003,0.319947,1.59368,-1.32206,-0.588003
-0.08,0.08,0.13,0.551655,0.273624,1.46939,-1.2441,-0.551655
-0.08,0.08,0.14,0.519146,0.214816,1.32863,-1.16215,-0.519146
-0.08,0.08,0.15,0.489957,0.140901,1.16681,-1.07424,-0.489957
-0.08,0.08,0.16,0.463648,0.0464711,0.974851,-0.976712,-0.463648
-0.08,0.08,0.17,0.439843,-0.0819139,0.730887,-0.861133,-0.439843
-0.08,0.08,0.18,0.418224,-0.304324,0.338949,-0.691605,-0.418224
-0.08,0.09,0.1,0.732815,0.36047,1.72287,-1.41073,-0.732815
-0.08,0.09,0.11,0.68573,0.329855,1.6228,-1.34128,-0.68573
-0.08,0.09,0.12,0.643501,0.289307,1.50971,-1.26874,-0.643501
-0.08,0.09,0.13,0.605545,0.237663,1.38169,-1.19236,-0.605545
-0.08,0.09,0.14,0.571337,0.172946,1.2354,-1.11078,-0.571337
-0.08,0.09,0.15,0.54042,0.0914511,1.06464,-1.02153,-0.54042
-0.08,0.09,0.16,0.512389,-0.0148361,0.856338,-0.919507,-0.512389
-0.08,0.09,0.17,0.486899,-0.169498,0.572564,-0.790395,-0.486899
-0.08,0.1,0.1,0.785398,0.333048,1.63246,-1.34774,-0.785398
-0.08,0.1,0.11,0.737815,0.296849,1.52967,-1.28116,-0.737815
-0.08,0.1,0.12,0.694738,0.250764,1.41298,-1.21055,-0.694738
-0.08,0.1,0.13,0.655696,0.193141,1.27979,-1.13498,-0.655696
-0.08,0.1,0.14,0.620249,0.121155,1.12553,-1.0527,-0.620249
-0.08,0.1,0.15,0.588003,0.0292921,0.941226,-0.960266,-0.588003
-0.08,0.1,0.16,0.558599,-0.0958733,0.705263,-0.849468,-0.558599
-0.08,0.1,0.17,0.531724,-0.314788,0.321275,-0.684396,-0.531724
-0.07,-0.1,0.1,-0.785398,0.494091,1.75434,-1.30858,0.785398
-0.07,-0.1,0.11,-0.737815,0.453272,1.65066,-1.24572,0.737815
-0.07,-0.1,0.12,-0.694738,0.403526,1.53452,-1.17932,0.694738
-0.07,-0.1,0.13,-0.655696,0.343684,1.404,-1.10865,0.655696
-0.07,-0.1,0.14,-0.620249,0.271759,1.2558,-1.03238,0.620249
-0.07,-0.1,0.15,-0.588003,0.184082,1.08387,-0.948125,0.588003
-0.07,-0.1,0.16,-0.558599,0.0728795,0.87558,-0.851033,0.558599
-0.07,-0.1,0.17,-0.531724,-0.0839984,0.595365,-0.727696,0.531724
-0.07,-0.09,0.1,-0.732815,0.526741,1.84666,-1.36825,0.732815
-0.07,-0.09,0.11,-0.68573,0.490406,1.74454,-1.30247,0.68573
-0.07,-0.09,0.12,-0.643501,0.444988,1.63068,-1.23402,0.643501
-0.07,-0.09,0.13,-0.605545,0.389717,1.50366,-1.16227,0.605545
-0.07,-0.09,0.14,-0.571337,0.323211,1.361,-1.08612,0.571337
-0.07,-0.09,0.15,-0.54042,0.242906,1.19832,-1.00374,0.54042
-0.07,-0.09,0.16,-0.512389,0.143678,1.0071,-0.91175,0.512389
-0.07,-0.09,0.17,-0.486899,0.0133238,0.767535,-0.802543,0.486899
-0.07,-0.09,0.18,-0.463648,-0.196285,0.402711,-0.647329,0.463648
-0.07,-0.08,0.1,-0.674741,0.551808,1.92827,-1.4248,0.674741
-0.07,-0.08,0.11,-0.628796,0.520242,1.82733,-1.35542,0.628796
-0.07,-0.08,0.12,-0.588003,0.479087,1.71506,-1.28431,0.588003
-0.07,-0.08,0.13,-0.551655,0.427952,1.59045,-1.21084,0.551655
-0.07,-0.08,0.14,-0.519146,0.365932,1.4516,-1.134,0.519146
-0.07,-0.08,0.15,-0.489957,0.291202,1.29512,-1.05225,0.489957
-0.07,-0.08,0.16,-0.463648,0.200124,1.11475,-0.962959,0.463648
-0.07,-0.08,0.17,-0.439843,0.0847242,0.897338,-0.860946,0.439843
-0.07,-0.08,0.18,-0.418224,-0.078187,0.605505,-0.732024,0.418224
-0.07,-0.07,0.1,-0.610726,0.569874,1.99951,-1.47797,0.610726
-0.07,-0.07,0.11,-0.566729,0.543464,1.89957,-1.40444,0.566729
-0.07,-0.07,0.12,-0.528074,0.50663,1.7885,-1.3302,0.528074
-0.07,-0.07,0.13,-0.493941,0.459382,1.66559,-1.25454,0.493941
-0.07,-0.07,0.14,-0.463648,0.401249,1.52939,-1.17647,0.463648
-0.07,-0.07,0.15,-0.436627,0.330967,1.37721,-1.09457,0.436627
-0.07,-0.07,0.16,-0.41241,0.245851,1.20414,-1.00662,0.41241
-0.07,-0.07,0.17,-0.390607,0.140177,1.00051,-0.908661,0.390607
-0.07,-0.07,0.18,-0.370891,-0.000539983,0.742689,-0.791562,0.370891
-0.07,-0.07,0.19,-0.35299,-0.244981,0.321001,-0.614314,0.35299
-0.07,-0.06,0.1,-0.54042,0.581646,2.06058,-1.52726,0.54042
-0.07,-0.06,0.11,-0.499347,0.560769,1.96161,-1.44917,0.499347
-0.07,-0.06,0.12,-0.463648,0.528332,1.85149,-1.37149,0.463648
-0.07,-0.06,0.13,-0.432408,0.484795,1.72982,-1.29336,0.432408
-0.07,-0.06,0.14,-0.404892,0.430115,1.5955,-1.21372,0.404892
-0.07,-0.06,0.15,-0.380506,0.3635,1.44635,-1.13118,0.380506
-0.07,-0.06,0.16,-0.358771,0.282942,1.27836,-1.04375,0.358771
-0.07,-0.06,0.17,-0.339293,0.184082,1.08387,-0.948125,0.339293
-0.07,-0.06,0.18,-0.321751,0.0566264,0.845874,-0.83758,0.321751
-0.07,-0.06,0.19,-0.305879,-0.134672,0.50767,-0.690674,0.305879
-0.07,-0.05,0.1,-0.463648,0.588056,2.11162,-1.57189,0.463648
-0.07,-0.05,0.11,-0.426627,0.572944,2.01366,-1.48905,0.426627
-0.07,-0.05,0.12,-0.394791,0.544895,1.90436,-1.4078,0.394791
-0.07,-0.05,0.13,-0.367174,0.504874,1.78363,-1.32709,0.367174
-0.07,-0.05,0.14,-0.343024,0.453272,1.65066,-1.24572,0.343024
-0.07,-0.05,0.15,-0.321751,0.389717,1.50366,-1.16227,0.321751
-0.07,-0.05,0.16,-0.302885,0.31272,1.33924,-1.07485,0.302885
-0.07,-0.05,0.17,-0.286051,0.218825,1.15105,-0.98056,0.286051
-0.07,-0.05,0.18,-0.270947,0.100095,0.925714,-0.873952,0.270947
-0.07,-0.05,0.19,-0.257324,-0.0668493,0.625336,-0.740517,0.257324
-0.07,-0.04,0.1,-0.380506,0.590297,2.15281,-1.61084,0.380506
-0.07,-0.04,0.11,-0.348771,0.58089,2.05591,-1.52335,0.348771
-0.07,-0.04,0.12,-0.321751,0.557036,1.94734,-1.43864,0.321751
-0.07,-0.04,0.13,-0.298499,0.520242,1.82733,-1.35542,0.298499
-0.07,-0.04,0.14,-0.2783,0.471329,1.69533,-1.27233,0.2783
-0.07,-0.04,0.15,-0.260602,0.410302,1.54985,-1.18788,0.260602
-0.07,-0.04,0.16,-0.244979,0.336085,1.38795,-1.1002,0.244979
-0.07,-0.04,0.17,-0.231091,0.245851,1.20414,-1.00662,0.231091
-0.07,-0.04,0.18,-0.218669,0.133107,0.987227,-0.902452,0.218669
-0.07,-0.04,0.19,-0.207496,-0.0197722,0.708405,-0.776509,0.207496
-0.07,-0.04,0.2,-0.197396,-0.330096,0.180728,-0.559157,0.197396
-0.07,-0.03,0.1,-0.291457,0.58978,2.18438,-1.64293,0.291457
-0.07,-0.03,0.11,-0.266252,0.585596,2.0885,-1.55124,0.266252
-0.07,-0.03,0.12,-0.244979,0.565482,1.98059,-1.46344,0.244979
-0.07,-0.03,0.13,-0.226799,0.531474,1.86113,-1.37799,0.226799
-0.07,-0.03,0.14,-0.211093,0.484795,1.72982,-1.29336,0.211093
-0.07,-0.03,0.15,-0.197396,0.425779,1.5854,-1.20795,0.197396
-0.07,-0.03,0.16,-0.185348,0.353672,1.42525,-1.11991,0.185348
-0.07,-0.03,0.17,-0.174672,0.266093,1.24443,-1.02667,0.174672
-0.07,-0.03,0.18,-0.165149,0.157466,1.03314,-0.924011,0.165149
-0.07,-0.03,0.19,-0.156602,0.0133238,0.767535,-0.802543,0.156602
-0.07,-0.03,0.2,-0.14889,-0.234277,0.33887,-0.621479,0.14889
-0.07,-0.02,0.1,-0.197396,0.587998,2.20662,-1.66695,0.197396
-0.07,-0.02,0.11,-0.179853,0.588056,2.11162,-1.57189,0.179853
-0.07,-0.02,0.12,-0.165149,0.570919,2.00423,-1.48165,0.165149
-0.07,-0.02,0.13,-0.152649,0.539078,1.88518,-1.39443,0.152649
-0.07,-0.02,0.14,-0.141897,0.494091,1.75434,-1.30858,0.141897
-0.07,-0.02,0.15,-0.132552,0.436547,1.61061,-1.2224,0.132552
-0.07,-0.02,0.16,-0.124355,0.365932,1.4516,-1.134,0.124355
-0.07,-0.02,0.17,-0.117109,0.280165,1.27274,-1.04091,0.117109
-0.07,-0.02,0.18,-0.110657,0.174244,1.06505,-0.939141,0.110657
-0.07,-0.02,0.19,-0.104877,0.0354916,0.807496,-0.820337,0.104877
-0.07,-0.02,0.2,-0.0996687,-0.187717,0.417201,-0.65325,0.0996687
-0.07,-0.01,0.1,-0.0996687,0.586294,2.21981,-1.68185,0.0996687
-0.07,-0.01,0.11,-0.0906599,0.589133,2.12541,-1.58461,0.0906599
-0.07,-0.01,0.12,-0.0831412,0.573923,2.01837,-1.49278,0.0831412
-0.07,-0.01,0.13,-0.0767719,0.543464,1.89957,-1.40444,0.0767719
-0.07,-0.01,0.14,-0.0713075,0.499534,1.769,-1.3178,0.0713075
-0.07,-0.01,0.15,-0.0665682,0.442892,1.62567,-1.23111,0.0665682
-0.07,-0.01,0.16,-0.0624188,0.37317,1.4673,-1.14247,0.0624188
-0.07,-0.01,0.17,-0.0587558,0.288461,1.28955,-1.04942,0.0587558
-0.07,-0.01,0.18,-0.0554985,0.184082,1.08387,-0.948125,0.0554985
-0.07,-0.01,0.19,-0.0525831,0.0482874,0.830698,-0.830743,0.0525831
-0.07,-0.01,0.2,-0.0499584,-0.163671,0.458047,-0.67005,0.0499584
-0.07,-1.04083e-17,0.1,-1.04083e-16,0.585613,2.22418,-1.6869,1.04083e-16
-0.07,-1.04083e-17,0.11,-9.46213e-17,0.589421,2.13,-1.58891,9.46213e-17
-0.07,-1.04083e-17,0.12,-8.67362e-17,0.574878,2.02308,-1.49653,8.67362e-17
-0.07,-1.04083e-17,0.13,-8.00642e-17,0.544895,1.90436,-1.4078,8.00642e-17
-0.07,-1.04083e-17,0.14,-7.43453e-17,0.501326,1.77388,-1.32089,7.43453e-17
-0.07,-1.04083e-17,0.15,-6.93889e-17,0.444988,1.63068,-1.23402,6.93889e-17
-0.07,-1.04083e-17,0.16,-6.50521e-17,0.375563,1.47252,-1.14529,6.50521e-17
-0.07,-1.04083e-17,0.17,-6.12255e-17,0.291202,1.29512,-1.05225,6.12255e-17
-0.07,-1.04083e-17,0.18,-5.78241e-17,0.187325,1.0901,-0.951105,5.78241e-17
-0.07,-1.04083e-17,0.19,-5.47807e-17,0.0524754,0.838315,-0.834171,5.47807e-17
-0.07,-1.04083e-17,0.2,-5.20417e-17,-0.156129,0.470914,-0.675375,5.20417e-17
-0.07,0.01,0.1,0.0996687,0.586294,2.21981,-1.68185,-0.0996687
-0.07,0.01,0.11,0.0906599,0.589133,2.12541,-1.58461,-0.0906599
-0.07,0.01,0.12,0.0831412,0.573923,2.01837,-1.49278,-0.0831412
-0.07,0.01,0.13,0.0767719,0.543464,1.89957,-1.40444,-0.0767719
-0.07,0.01,0.14,0.0713075,0.499534,1.769,-1.3178,-0.0713075
-0.07,0.01,0.15,0.0665682,0.442892,1.62567,-1.23111,-0.0665682
-0.07,0.01,0.16,0.0624188,0.37317,1.4673,-1.14247,-0.0624188
-0.07,0.01,0.17,0.0587558,0.288461,1.28955,-1.04942,-0.0587558
-0.07,0.01,0.18,0.0554985,0.184082,1.08387,-0.948125,-0.0554985
-0.07,0.01,0.19,0.0525831,0.0482874,0.830698,-0.830743,-0.0525831
-0.07,0.01,0.2,0.0499584,-0.163671,0.458047,-0.67005,-0.0499584
-0.07,0.02,0.1,0.197396,0.587998,2.20662,-1.66695,-0.197396
-0.07,0.02,0.11,0.179853,0.588056,2.11162,-1.57189,-0.179853
-0.07,0.02,0.12,0.165149,0.570919,2.00423,-1.48165,-0.165149
-0.07,0.02,0.13,0.152649,0.539078,1.88518,-1.39443,-0.152649
-0.07,0.02,0.14,0.141897,0.494091,1.75434,-1.30858,-0.141897
-0.07,0.02,0.15,0.132552,0.436547,1.61061,-1.2224,-0.132552
-0.07,0.02,0.16,0.124355,0.365932,1.4516,-1.134,-0.124355
-0.07,0.02,0.17,0.117109,0.280165,1.27274,-1.04091,-0.117109
-0.07,0.02,0.18,0.110657,0.174244,1.06505,-0.939141,-0.110657
-0.07,0.02,0.19,0.104877,0.0354916,0.807496,-0.820337,-0.104877
-0.07,0.02,0.2,0.0996687,-0.187717,0.417201,-0.65325,-0.0996687
-0.07,0.03,0.1,0.291457,0.58978,2.18438,-1.64293,-0.291457
-0.07,0.03,0.11,0.266252,0.585596,2.0885,-1.55124,-0.266252
-0.07,0.03,0.12,0.244979,0.565482,1.98059,-1.46344,-0.244979
-0.07,0.03,0.13,0.226799,0.531474,1.86113,-1.37799,-0.226799
-0.07,0.03,0.14,0.211093,0.484795,1.72982,-1.29336,-0.211093
-0.07,0.03,0.15,0.197396,0.425779,1.5854,-1.20795,-0.197396
-0.07,0.03,0.16,0.185348,0.353672,1.42525,-1.11991,-0.185348
-0.07,0.03,0.17,0.174672,0.266093,1.24443,-1.02667,-0.174672
-0.07,0.03,0.18,0.165149,0.157466,1.03314,-0.924011,-0.165149
-0.07,0.03,0.19,0.156602,0.0133238,0.767535,-0.802543,-0.156602
-0.07,0.03,0.2,0.14889,-0.234277,0.33887,-0.621479,-0.14889
-0.07,0.04,0.1,0.380506,0.590297,2.15281,-1.61084,-0.380506
-0.07,0.04,0.11,0.348771,0.58089,2.05591,-1.52335,-0.348771
-0.07,0.04,0.12,0.321751,0.557036,1.94734,-1.43864,-0.321751
-0.07,0.04,0.13,0.298499,0.520242,1.82733,-1.35542,-0.298499
-0.07,0.04,0.14,0.2783,0.471329,1.69533,-1.27233,-0.2783
-0.07,0.04,0.15,0.260602,0.410302,1.54985,-1.18788,-0.260602
-0.07,0.04,0.16,0.244979,0.336085,1.38795,-1.1002,-0.244979
-0.07,0.04,0.17,0.231091,0.245851,1.20414,-1.00662,-0.231091
-0.07,0.04,0.18,0.218669,0.133107,0.987227,-0.902452,-0.218669
-0.07,0.04,0.19,0.207496,-0.0197722,0.708405,-0.776509,-0.207496
-0.07,0.04,0.2,0.197396,-0.330096,0.180728,-0.559157,-0.197396
-0.07,0.05,0.1,0.463648,0.588056,2.11162,-1.57189,-0.463648
-0.07,0.05,0.11,0.426627,0.572944,2.01366,-1.48905,-0.426627
-0.07,0.05,0.12,0.394791,0.544895,1.90436,-1.4078,-0.394791
-0.07,0.05,0.13,0.367174,0.504874,1.78363,-1.32709,-0.367174
-0.07,0.05,0.14,0.343024,0.453272,1.65066,-1.24572,-0.343024
-0.07,0.05,0.15,0.321751,0.389717,1.50366,-1.16227,-0.321751
-0.07,0.05,0.16,0.302885,0.31272,1.33924,-1.07485,-0.302885
-0.07,0.05,0.17,0.286051,0.218825,1.15105,-0.98056,-0.286051
-0.07,0.05,0.18,0.270947,0.100095,0.925714,-0.873952,-0.270947
-0.07,0.05,0.19,0.257324,-0.0668493,0.625336,-0.740517,-0.257324
-0.07,0.06,0.1,0.54042,0.581646,2.06058,-1.52726,-0.54042
-0.07,0.06,0.11,0.499347,0.560769,1.96161,-1.44917,-0.499347
-0.07,0.06,0.12,0.463648,0.528332,1.85149,-1.37149,-0.463648
-0.07,0.06,0.13,0.432408,0.484795,1.72982,-1.29336,-0.432408
-0.07,0.06,0.14,0.404892,0.430115,1.5955,-1.21372,-0.404892
-0.07,0.06,0.15,0.380506,0.3635,1.44635,-1.13118,-0.380506
-0.07,0.06,0.16,0.358771,0.282942,1.27836,-1.04375,-0.358771
-0.07,0.06,0.17,0.339293,0.184082,1.08387,-0.948125,-0.339293
-0.07,0.06,0.18,0.321751,0.0566264,0.845874,-0.83758,-0.321751
-0.07,0.06,0.19,0.305879,-0.134672,0.50767,-0.690674,-0.305879
-0.07,0.07,0.1,0.610726,0.569874,1.99951,-1.47797,-0.610726
-0.07,0.07,0.11,0.566729,0.543464,1.89957,-1.40444,-0.566729
-0.07,0.07,0.12,0.528074,0.50663,1.7885,-1.3302,-0.528074
-0.07,0.07,0.13,0.493941,0.459382,1.66559,-1.25454,-0.493941
-0.07,0.07,0.14,0.463648,0.401249,1.52939,-1.17647,-0.463648
-0.07,0.07,0.15,0.436627,0.330967,1.37721,-1.09457,-0.436627
-0.07,0.07,0.16,0.41241,0.245851,1.20414,-1.00662,-0.41241
-0.07,0.07,0.17,0.390607,0.140177,1.00051,-0.908661,-0.390607
-0.07,0.07,0.18,0.370891,-0.000539983,0.742689,-0.791562,-0.370891
-0.07,0.07,0.19,0.35299,-0.244981,0.321001,-0.614314,-0.35299
-0.07,0.08,0.1,0.674741,0.551808,1.92827,-1.4248,-0.674741
-0.07,0.08,0.11,0.628796,0.520242,1.82733,-1.35542,-0.628796
-0.07,0.08,0.12,0.588003,0.479087,1.71506,-1.28431,-0.588003
-0.07,0.08,0.13,0.551655,0.427952,1.59045,-1.21084,-0.551655
-0.07,0.08,0.14,0.519146,0.365932,1.4516,-1.134,-0.519146
-0.07,0.08,0.15,0.489957,0.291202,1.29512,-1.05225,-0.489957
-0.07,0.08,0.16,0.463648,0.200124,1.11475,-0.962959,-0.463648
-0.07,0.08,0.17,0.439843,0.0847242,0.897338,-0.860946,-0.439843
-0.07,0.08,0.18,0.418224,-0.078187,0.605505,-0.732024,-0.418224
-0.07,0.09,0.1,0.732815,0.526741,1.84666,-1.36825,-0.732815
-0.07,0.09,0.11,0.68573,0.490406,1.74454,-1.30247,-0.68573
-0.07,0.09,0.12,0.643501,0.444988,1.63068,-1.23402,-0.643501
-0.07,0.09,0.13,0.605545,0.389717,1.50366,-1.16227,-0.605545
-0.07,0.09,0.14,0.571337,0.323211,1.361,-1.08612,-0.571337
-0.07,0.09,0.15,0.54042,0.242906,1.19832,-1.00374,-0.54042
-0.07,0.09,0.16,0.512389,0.143678,1.0071,-0.91175,-0.512389
-0.07,0.09,0.17,0.486899,0.0133238,0.767535,-0.802543,-0.486899
-0.07,0.09,0.18,0.463648,-0.196285,0.402711,-0.647329,-0.463648
-0.07,0.1,0.1,0.785398,0.494091,1.75434,-1.30858,-0.785398
-0.07,0.1,0.11,0.737815,0.453272,1.65066,-1.24572,-0.737815
-0.07,0.1,0.12,0.694738,0.403526,1.53452,-1.17932,-0.694738
-0.07,0.1,0.13,0.655696,0.343684,1.404,-1.10865,-0.655696
-0.07,0.1,0.14,0.620249,0.271759,1.2558,-1.03238,-0.620249
-0.07,0.1,0.15,0.588003,0.184082,1.08387,-0.948125,-0.588003
-0.07,0.1,0.16,0.558599,0.0728795,0.87558,-0.851033,-0.558599
-0.07,0.1,0.17,0.531724,-0.0839984,0.595365,-0.727696,-0.531724
-0.06,-0.1,0.1,-0.785398,0.656066,1.86218,-1.25445,0.785398
-0.06,-0.1,0.11,-0.737815,0.608424,1.75641,-1.19632,0.737815
-0.06,-0.1,0.12,-0.694738,0.552873,1.63935,-1.13481,0.694738
-0.06,-0.1,0.13,-0.655696,0.488538,1.5095,-1.0693,0.655696
-0.06,-0.1,0.14,-0.620249,0.413898,1.36429,-0.998726,0.620249
-0.06,-0.1,0.15,-0.588003,0.326218,1.19916,-0.921279,0.588003
-0.06,-0.1,0.16,-0.558599,0.220141,1.00536,-0.833555,0.558599
-0.06,-0.1,0.17,-0.531724,0.0829685,0.762411,-0.727775,0.531724
-0.06,-0.1,0.18,-0.507099,-0.136576,0.388485,-0.573393,0.507099
-0.06,-0.09,0.1,-0.732815,0.696319,1.95751,-1.30953,0.732815
-0.06,-0.09,0.11,-0.68573,0.651663,1.85214,-1.24881,0.68573
-0.06,-0.09,0.12,-0.643501,0.59901,1.73617,-1.18549,0.643501
-0.06,-0.09,0.13,-0.605545,0.537817,1.60849,-1.119,0.605545
-0.06,-0.09,0.14,-0.571337,0.467023,1.46712,-1.04843,0.571337
-0.06,-0.09,0.15,-0.54042,0.384659,1.30865,-0.972323,0.54042
-0.06,-0.09,0.16,-0.512389,0.286985,1.12681,-0.888152,0.512389
-0.06,-0.09,0.17,-0.486899,0.166037,0.908596,-0.790891,0.486899
-0.06,-0.09,0.18,-0.463648,-0.000813072,0.617669,-0.666814,0.463648
-0.06,-0.08,0.1,-0.674741,0.72952,2.04281,-1.36162,0.674741
-0.06,-0.08,0.11,-0.628796,0.688096,1.93745,-1.29769,0.628796
-0.06,-0.08,0.12,-0.588003,0.63828,1.82197,-1.23202,0.588003
-0.06,-0.08,0.13,-0.551655,0.579869,1.69555,-1.16401,0.551655
-0.06,-0.08,0.14,-0.519146,0.51219,1.55665,-1.09279,0.519146
-0.06,-0.08,0.15,-0.489957,0.43382,1.40258,-1.01709,0.489957
-0.06,-0.08,0.16,-0.463648,0.342001,1.22852,-0.934854,0.463648
-0.06,-0.08,0.17,-0.439843,0.231145,1.02521,-0.842394,0.439843
-0.06,-0.08,0.18,-0.418224,0.0877033,0.77067,-0.731299,0.418224
-0.06,-0.08,0.19,-0.398522,-0.146013,0.372794,-0.567139,0.398522
-0.06,-0.07,0.1,-0.610726,0.755963,2.1182,-1.41057,0.610726
-0.06,-0.07,0.11,-0.566729,0.718149,2.01269,-1.34288,0.566729
-0.06,-0.07,0.12,-0.528074,0.671238,1.89732,-1.27442,0.528074
-0.06,-0.07,0.13,-0.493941,0.615415,1.77157,-1.20448,0.493941
-0.06,-0.07,0.14,-0.463648,0.55038,1.63422,-1.13217,0.463648
-0.06,-0.07,0.15,-0.436627,0.475147,1.48307,-1.05626,0.436627
-0.06,-0.07,0.16,-0.41241,0.387626,1.31427,-0.974975,0.41241
-0.06,-0.07,0.17,-0.390607,0.283621,1.12064,-0.885351,0.390607
-0.06,-0.07,0.18,-0.370891,0.153763,0.886818,-0.781388,0.370891
-0.06,-0.07,0.19,-0.35299,-0.0311916,0.565821,-0.645345,0.35299
-0.06,-0.06,0.1,-0.54042,0.776019,2.18365,-1.45596,0.54042
-0.06,-0.06,0.11,-0.499347,0.742241,2.07797,-1.38407,0.499347
-0.06,-0.06,0.12,-0.463648,0.698352,1.96253,-1.31251,0.463648
-0.06,-0.06,0.13,-0.432408,0.645004,1.83706,-1.24039,0.432408
-0.06,-0.06,0.14,-0.404892,0.582284,1.70064,-1.16668,0.404892
-0.06,-0.06,0.15,-0.380506,0.50959,1.55144,-1.09018,0.380506
-0.06,-0.06,0.16,-0.358771,0.425334,1.38623,-1.00923,0.358771
-0.06,-0.06,0.17,-0.339293,0.326218,1.19916,-0.921279,0.339293
-0.06,-0.06,0.18,-0.321751,0.205168,0.978454,-0.821618,0.321751
-0.06,-0.06,0.19,-0.305879,0.0431824,0.693351,-0.698501,0.305879
-0.06,-0.06,0.2,-0.291457,-0.317079,0.0937254,-0.459136,0.291457
-0.06,-0.05,0.1,-0.463648,0.790244,2.23904,-1.49713,0.463648
-0.06,-0.05,0.11,-0.426627,0.760857,2.1333,-1.42077,0.426627
-0.06,-0.05,0.12,-0.394791,0.720072,2.01771,-1.34597,0.394791
-0.06,-0.05,0.13,-0.367174,0.669094,1.89231,-1.27154,0.367174
-0.06,-0.05,0.14,-0.343024,0.608424,1.75641,-1.19632,0.343024
-0.06,-0.05,0.15,-0.321751,0.537817,1.60849,-1.119,0.321751
-0.06,-0.05,0.16,-0.302885,0.456083,1.44575,-1.038,0.302885
-0.06,-0.05,0.17,-0.286051,0.360547,1.26321,-0.950999,0.286051
-0.06,-0.05,0.18,-0.270947,0.245535,1.05124,-0.854039,0.270947
-0.06,-0.05,0.19,-0.257324,0.0970326,0.786968,-0.738268,0.257324
-0.06,-0.05,0.2,-0.244979,-0.146013,0.372794,-0.567139,0.244979
-0.06,-0.04,0.1,-0.380506,0.799447,2.28429,-1.53317,0.380506
-0.06,-0.04,0.11,-0.348771,0.77459,2.17861,-1.45236,0.348771
-0.06,-0.04,0.12,-0.321751,0.736865,2.0629,-1.37437,0.321751
-0.06,-0.04,0.13,-0.298499,0.688096,1.93745,-1.29769,0.298499
-0.06,-0.04,0.14,-0.2783,0.629216,1.80183,-1.22094,0.2783
-0.06,-0.04,0.15,-0.260602,0.560314,1.65472,-1.14274,0.260602
-0.06,-0.04,0.16,-0.244979,0.480526,1.49367,-1.06147,0.244979
-0.06,-0.04,0.17,-0.231091,0.387626,1.31427,-0.974975,0.231091
-0.06,-0.04,0.18,-0.218669,0.276847,1.10824,-0.879728,0.218669
-0.06,-0.04,0.19,-0.207496,0.136957,0.857104,-0.768479,0.207496
-0.06,-0.04,0.2,-0.197396,-0.0717221,0.497157,-0.617212,0.197396
-0.06,-0.03,0.1,-0.291457,0.804692,2.31934,-1.56298,0.291457
-0.06,-0.03,0.11,-0.266252,0.784138,2.21387,-1.47806,0.266252
-0.06,-0.03,0.12,-0.244979,0.749219,2.09808,-1.3972,0.244979
-0.06,-0.03,0.13,-0.226799,0.70239,1.97256,-1.3185,0.226799
-0.06,-0.03,0.14,-0.211093,0.645004,1.83706,-1.24039,0.211093
-0.06,-0.03,0.15,-0.197396,0.577447,1.69046,-1.16134,0.197396
-0.06,-0.03,0.16,-0.185348,0.499121,1.53052,-1.07973,0.185348
-0.06,-0.03,0.17,-0.174672,0.408125,1.35326,-0.993464,0.174672
-0.06,-0.03,0.18,-0.165149,0.300288,1.15125,-0.89929,0.165149
-0.06,-0.03,0.19,-0.156602,0.166037,0.908596,-0.790891,0.156602
-0.06,-0.03,0.2,-0.14889,-0.0249015,0.576529,-0.649763,0.14889
-0.06,-0.02,0.1,-0.197396,0.807198,2.34425,-1.58538,0.197396
-0.06,-0.02,0.11,-0.179853,0.790244,2.23904,-1.49713,0.179853
-0.06,-0.02,0.12,-0.165149,0.75761,2.12323,-1.41395,0.165149
-0.06,-0.02,0.13,-0.152649,0.712316,1.99764,-1.33366,0.152649
-0.06,-0.02,0.14,-0.141897,0.656066,1.86218,-1.25445,0.141897
-0.06,-0.02,0.15,-0.132552,0.589491,1.71588,-1.17472,0.132552
-0.06,-0.02,0.16,-0.124355,0.51219,1.55665,-1.09279,0.124355
-0.06,-0.02,0.17,-0.117109,0.422488,1.38076,-1.00661,0.117109
-0.06,-0.02,0.18,-0.110657,0.316595,1.18134,-0.913075,0.110657
-0.06,-0.02,0.19,-0.104877,0.185926,0.944018,-0.806425,0.104877
-0.06,-0.02,0.2,-0.0996687,0.00496734,0.627572,-0.670937,0.0996687
-0.06,-0.01,0.1,-0.0996687,0.808128,2.35912,-1.59932,0.0996687
-0.06,-0.01,0.11,-0.0906599,0.793585,2.25414,-1.50889,0.0906599
-0.06,-0.01,0.12,-0.0831412,0.762455,2.13833,-1.42421,0.0831412
-0.06,-0.01,0.13,-0.0767719,0.718149,2.01269,-1.34288,0.0767719
-0.06,-0.01,0.14,-0.0713075,0.662615,1.87725,-1.26297,0.0713075
-0.06,-0.01,0.15,-0.0665682,0.59664,1.7311,-1.18279,0.0665682
-0.06,-0.01,0.16,-0.0624188,0.519949,1.57226,-1.10064,0.0624188
-0.06,-0.01,0.17,-0.0587558,0.431,1.39714,-1.01447,0.0587558
-0.06,-0.01,0.18,-0.0554985,0.326218,1.19916,-0.921279,0.0554985
-0.06,-0.01,0.19,-0.0525831,0.197544,0.964791,-0.815579,0.0525831
-0.06,-0.01,0.2,-0.0499584,0.0217989,0.656478,-0.683011,0.0499584
-0.06,-1.04083e-17,0.1,-1.04083e-16,0.808334,2.36406,-1.60406,1.04083e-16
-0.06,-1.04083e-17,0.11,-9.46213e-17,0.79464,2.25917,-1.51286,9.46213e-17
-0.06,-1.04083e-17,0.12,-8.67362e-17,0.764036,2.14336,-1.42766,8.67362e-17
-0.06,-1.04083e-17,0.13,-8.00642e-17,0.720072,2.01771,-1.34597,8.00642e-17
-0.06,-1.04083e-17,0.14,-7.43453e-17,0.664782,1.88227,-1.26582,7.43453e-17
-0.06,-1.04083e-17,0.15,-6.93889e-17,0.59901,1.73617,-1.18549,6.93889e-17
-0.06,-1.04083e-17,0.16,-6.50521e-17,0.522522,1.57745,-1.10326,6.50521e-17
-0.06,-1.04083e-17,0.17,-6.12255e-17,0.43382,1.40258,-1.01709,6.12255e-17
-0.06,-1.04083e-17,0.18,-5.78241e-17,0.329399,1.20507,-0.924003,5.78241e-17
-0.06,-1.04083e-17,0.19,-5.47807e-17,0.201368,0.97164,-0.818604,5.47807e-17
-0.06,-1.04083e-17,0.2,-5.20417e-17,0.0272518,0.665865,-0.686945,5.20417e-17
-0.06,0.01,0.1,0.0996687,0.808128,2.35912,-1.59932,-0.0996687
-0.06,0.01,0.11,0.0906599,0.793585,2.25414,-1.50889,-0.0906599
-0.06,0.01,0.12,0.0831412,0.762455,2.13833,-1.42421,-0.0831412
-0.06,0.01,0.13,0.0767719,0.718149,2.01269,-1.34288,-0.0767719
-0.06,0.01,0.14,0.0713075,0.662615,1.87725,-1.26297,-0.0713075
-0.06,0.01,0.15,0.0665682,0.59664,1.7311,-1.18279,-0.0665682
-0.06,0.01,0.16,0.0624188,0.519949,1.57226,-1.10064,-0.0624188
-0.06,0.01,0.17,0.0587558,0.431,1.39714,-1.01447,-0.0587558
-0.06,0.01,0.18,0.0554985,0.326218,1.19916,-0.921279,-0.0554985
-0.06,0.01,0.19,0.0525831,0.197544,0.964791,-0.815579,-0.0525831
-0.06,0.01,0.2,0.0499584,0.0217989,0.656478,-0.683011,-0.0499584
-0.06,0.02,0.1,0.197396,0.807198,2.34425,-1.58538,-0.197396
-0.06,0.02,0.11,0.179853,0.790244,2.23904,-1.49713,-0.179853
-0.06,0.02,0.12,0.165149,0.75761,2.12323,-1.41395,-0.165149
-0.06,0.02,0.13,0.152649,0.712316,1.99764,-1.33366,-0.152649
-0.06,0.02,0.14,0.141897,0.656066,1.86218,-1.25445,-0.141897
-0.06,0.02,0.15,0.132552,0.589491,1.71588,-1.17472,-0.132552
-0.06,0.02,0.16,0.124355,0.51219,1.55665,-1.09279,-0.124355
-0.06,0.02,0.17,0.117109,0.422488,1.38076,-1.00661,-0.117109
-0.06,0.02,0.18,0.110657,0.316595,1.18134,-0.913075,-0.110657
-0.06,0.02,0.19,0.104877,0.185926,0.944018,-0.806425,-0.104877
-0.06,0.02,0.2,0.0996687,0.00496734,0.627572,-0.670937,-0.0996687
-0.06,0.03,0.1,0.291457,0.804692,2.31934,-1.56298,-0.291457
-0.06,0.03,0.11,0.266252,0.784138,2.21387,-1.47806,-0.266252
-0.06,0.03,0.12,0.244979,0.749219,2.09808,-1.3972,-0.244979
-0.06,0.03,0.13,0.226799,0.70239,1.97256,-1.3185,-0.226799
-0.06,0.03,0.14,0.211093,0.645004,1.83706,-1.24039,-0.211093
-0.06,0.03,0.15,0.197396,0.577447,1.69046,-1.16134,-0.197396
-0.06,0.03,0.16,0.185348,0.499121,1.53052,-1.07973,-0.185348
-0.06,0.03,0.17,0.174672,0.408125,1.35326,-0.993464,-0.174672
-0.06,0.03,0.18,0.165149,0.300288,1.15125,-0.89929,-0.165149
-0.06,0.03,0.19,0.156602,0.166037,0.908596,-0.790891,-0.156602
-0.06,0.03,0.2,0.14889,-0.0249015,0.576529,-0.649763,-0.14889
-0.06,0.04,0.1,0.380506,0.799447,2.28429,-1.53317,-0.380506
-0.06,0.04,0.11,0.348771,0.77459,2.17861,-1.45236,-0.348771
-0.06,0.04,0.12,0.321751,0.736865,2.0629,-1.37437,-0.321751
-0.06,0.04,0.13,0.298499,0.688096,1.93745,-1.29769,-0.298499
-0.06,0.04,0.14,0.2783,0.629216,1.80183,-1.22094,-0.2783
-0.06,0.04,0.15,0.260602,0.560314,1.65472,-1.14274,-0.260602
-0.06,0.04,0.16,0.244979,0.480526,1.49367,-1.06147,-0.244979
-0.06,0.04,0.17,0.231091,0.387626,1.31427,-0.974975,-0.231091
-0.06,0.04,0.18,0.218669,0.276847,1.10824,-0.879728,-0.218669
-0.06,0.04,0.19,0.207496,0.136957,0.857104,-0.768479,-0.207496
-0.06,0.04,0.2,0.197396,-0.0717221,0.497157,-0.617212,-0.197396
-0.06,0.05,0.1,0.463648,0.790244,2.23904,-1.49713,-0.463648
-0.06,0.05,0.11,0.426627,0.760857,2.1333,-1.42077,-0.426627
-0.06,0.05,0.12,0.394791,0.720072,2.01771,-1.34597,-0.394791
-0.06,0.05,0.13,0.367174,0.669094,1.89231,-1.27154,-0.367174
-0.06,0.05,0.14,0.343024,0.608424,1.75641,-1.19632,-0.343024
-0.06,0.05,0.15,0.321751,0.537817,1.60849,-1.119,-0.321751
-0.06,0.05,0.16,0.302885,0.456083,1.44575,-1.038,-0.302885
-0.06,0.05,0.17,0.286051,0.360547,1.26321,-0.950999,-0.286051
-0.06,0.05,0.18,0.270947,0.245535,1.05124,-0.854039,-0.270947
-0.06,0.05,0.19,0.257324,0.0970326,0.786968,-0.738268,-0.257324
-0.06,0.05,0.2,0.244979,-0.146013,0.372794,-0.567139,-0.244979
-0.06,0.06,0.1,0.54042,0.776019,2.18365,-1.45596,-0.54042
-0.06,0.06,0.11,0.499347,0.742241,2.07797,-1.38407,-0.499347
-0.06,0.06,0.12,0.463648,0.698352,1.96253,-1.31251,-0.463648
-0.06,0.06,0.13,0.432408,0.645004,1.83706,-1.24039,-0.432408
-0.06,0.06,0.14,0.404892,0.582284,1.70064,-1.16668,-0.404892
-0.06,0.06,0.15,0.380506,0.50959,1.55144,-1.09018,-0.380506
-0.06,0.06,0.16,0.358771,0.425334,1.38623,-1.00923,-0.358771
-0.06,0.06,0.17,0.339293,0.326218,1.19916,-0.921279,-0.339293
-0.06,0.06,0.18,0.321751,0.205168,0.978454,-0.821618,-0.321751
-0.06,0.06,0.19,0.305879,0.0431824,0.693351,-0.698501,-0.305879
-0.06,0.06,0.2,0.291457,-0.317079,0.0937254,-0.459136,-0.291457
-0.06,0.07,0.1,0.610726,0.755963,2.1182,-1.41057,-0.610726
-0.06,0.07,0.11,0.566729,0.718149,2.01269,-1.34288,-0.566729
-0.06,0.07,0.12,0.528074,0.671238,1.89732,-1.27442,-0.528074
-0.06,0.07,0.13,0.493941,0.615415,1.77157,-1.20448,-0.493941
-0.06,0.07,0.14,0.463648,0.55038,1.63422,-1.13217,-0.463648
-0.06,0.07,0.15,0.436627,0.475147,1.48307,-1.05626,-0.436627
-0.06,0.07,0.16,0.41241,0.387626,1.31427,-0.974975,-0.41241
-0.06,0.07,0.17,0.390607,0.283621,1.12064,-0.885351,-0.390607
-0.06,0.07,0.18,0.370891,0.153763,0.886818,-0.781388,-0.370891
-0.06,0.07,0.19,0.35299,-0.0311916,0.565821,-0.645345,-0.35299
-0.06,0.08,0.1,0.674741,0.72952,2.04281,-1.36162,-0.674741
-0.06,0.08,0.11,0.628796,0.688096,1.93745,-1.29769,-0.628796
-0.06,0.08,0.12,0.588003,0.63828,1.82197,-1.23202,-0.588003
-0.06,0.08,0.13,0.551655,0.579869,1.69555,-1.16401,-0.551655
-0.06,0.08,0.14,0.519146,0.51219,1.55665,-1.09279,-0.519146
-0.06,0.08,0.15,0.489957,0.43382,1.40258,-1.01709,-0.489957
-0.06,0.08,0.16,0.463648,0.342001,1.22852,-0.934854,-0.463648
-0.06,0.08,0.17,0.439843,0.231145,1.02521,-0.842394,-0.439843
-0.06,0.08,0.18,0.418224,0.0877033,0.77067,-0.731299,-0.418224
-0.06,0.08,0.19,0.398522,-0.146013,0.372794,-0.567139,-0.398522
-0.06,0.09,0.1,0.732815,0.696319,1.95751,-1.30953,-0.732815
-0.06,0.09,0.11,0.68573,0.651663,1.85214,-1.24881,-0.68573
-0.06,0.09,0.12,0.643501,0.59901,1.73617,-1.18549,-0.643501
-0.06,0.09,0.13,0.605545,0.537817,1.60849,-1.119,-0.605545
-0.06,0.09,0.14,0.571337,0.467023,1.46712,-1.04843,-0.571337
-0.06,0.09,0.15,0.54042,0.384659,1.30865,-0.972323,-0.54042
-0.06,0.09,0.16,0.512389,0.286985,1.12681,-0.888152,-0.512389
-0.06,0.09,0.17,0.486899,0.166037,0.908596,-0.790891,-0.486899
-0.06,0.09,0.18,0.463648,-0.000813072,0.617669,-0.666814,-0.463648
-0.06,0.1,0.1,0.785398,0.656066,1.86218,-1.25445,-0.785398
-0.06,0.1,0.11,0.737815,0.608424,1.75641,-1.19632,-0.737815
-0.06,0.1,0.12,0.694738,0.552873,1.63935,-1.13481,-0.694738
-0.06,0.1,0.13,0.655696,0.488538,1.5095,-1.0693,-0.655696
-0.06,0.1,0.14,0.620249,0.413898,1.36429,-0.998726,-0.620249
-0.06,0.1,0.15,0.588003,0.326218,1.19916,-0.921279,-0.588003
-0.06,0.1,0.16,0.558599,0.220141,1.00536,-0.833555,-0.558599
-0.06,0.1,0.17,0.531724,0.0829685,0.762411,-0.727775,-0.531724
-0.06,0.1,0.18,0.507099,-0.136576,0.388485,-0.573393,-0.507099
-0.05,-0.1,0.1,-0.785398,0.819044,1.9562,-1.18549,0.785398
-0.05,-0.1,0.11,-0.737815,0.762433,1.84752,-1.13341,0.737815
-0.05,-0.1,0.12,-0.694738,0.699165,1.7286,-1.07777,0.694738
-0.05,-0.1,0.13,-0.655696,0.628496,1.5982,-1.01803,0.655696
-0.05,-0.1,0.14,-0.620249,0.549135,1.45414,-0.953342,0.620249
-0.05,-0.1,0.15,-0.588003,0.458835,1.29274,-0.88224,0.588003
-0.05,-0.1,0.16,-0.558599,0.353449,1.10724,-0.802128,0.558599
-0.05,-0.1,0.17,-0.531724,0.224143,0.883409,-0.707598,0.531724
-0.05,-0.1,0.18,-0.507099,0.0447219,0.579327,-0.582937,0.507099
-0.05,-0.09,0.1,-0.732815,0.8694,2.05534,-1.23427,0.732815
-0.05,-0.09,0.11,-0.68573,0.813696,1.94582,-1.18046,0.68573
-0.05,-0.09,0.12,-0.643501,0.751531,1.82685,-1.12366,0.643501
-0.05,-0.09,0.13,-0.605545,0.682406,1.69747,-1.06339,0.605545
-0.05,-0.09,0.14,-0.571337,0.605359,1.55596,-0.998935,0.571337
-0.05,-0.09,0.15,-0.54042,0.518693,1.39946,-0.929097,0.54042
-0.05,-0.09,0.16,-0.512389,0.419365,1.22293,-0.851895,0.512389
-0.05,-0.09,0.17,-0.486899,0.301403,1.01667,-0.763598,0.486899
-0.05,-0.09,0.18,-0.463648,0.15037,0.757468,-0.65543,0.463648
-0.05,-0.09,0.19,-0.442374,-0.0987032,0.341781,-0.488816,0.442374
-0.05,-0.08,0.1,-0.674741,0.913684,2.1452,-1.27985,0.674741
-0.05,-0.08,0.11,-0.628796,0.858868,2.03437,-1.22384,0.628796
-0.05,-0.08,0.12,-0.588003,0.797597,1.91473,-1.16546,0.588003
-0.05,-0.08,0.13,-0.551655,0.729605,1.78552,-1.10425,0.551655
-0.05,-0.08,0.14,-0.519146,0.654202,1.64537,-1.0395,0.519146
-0.05,-0.08,0.15,-0.489957,0.570076,1.49194,-0.970195,0.489957
-0.05,-0.08,0.16,-0.463648,0.474874,1.32124,-0.894694,0.463648
-0.05,-0.08,0.17,-0.439843,0.364181,1.126,-0.810156,0.439843
-0.05,-0.08,0.18,-0.418224,0.228449,0.890798,-0.710682,0.418224
-0.05,-0.08,0.19,-0.398522,0.0383039,0.56859,-0.578618,0.398522
-0.05,-0.07,0.1,-0.610726,0.951956,2.22575,-1.32213,0.610726
-0.05,-0.07,0.11,-0.566729,0.898149,2.11333,-1.26351,0.566729
-0.05,-0.07,0.12,-0.528074,0.837692,1.9926,-1.20324,0.528074
-0.05,-0.07,0.13,-0.493941,0.770583,1.86301,-1.14076,0.493941
-0.05,-0.07,0.14,-0.463648,0.69638,1.72342,-1.07537,0.463648
-0.05,-0.07,0.15,-0.436627,0.614069,1.57184,-1.0061,0.436627
-0.05,-0.07,0.16,-0.41241,0.521767,1.40497,-0.931532,0.41241
-0.05,-0.07,0.17,-0.390607,0.416007,1.21701,-0.849333,0.390607
-0.05,-0.07,0.18,-0.370891,0.289773,0.996518,-0.755078,0.370891
-0.05,-0.07,0.19,-0.35299,0.124961,0.714385,-0.637756,0.35299
-0.05,-0.07,0.2,-0.336675,-0.196501,0.182796,-0.427629,0.336675
-0.05,-0.06,0.1,-0.54042,0.984228,2.29676,-1.36086,0.54042
-0.05,-0.06,0.11,-0.499347,0.931656,2.18262,-1.2993,0.499347
-0.05,-0.06,0.12,-0.463648,0.872026,2.06059,-1.2369,0.463648
-0.05,-0.06,0.13,-0.432408,0.805656,1.93027,-1.17294,0.432408
-0.05,-0.06,0.14,-0.404892,0.732355,1.79069,-1.10667,0.404892
-0.05,-0.06,0.15,-0.380506,0.651361,1.64015,-1.03712,0.380506
-0.05,-0.06,0.16,-0.358771,0.561136,1.47579,-0.962982,0.358771
-0.05,-0.06,0.17,-0.339293,0.458835,1.29274,-0.88224,0.339293
-0.05,-0.06,0.18,-0.321751,0.338923,1.0819,-0.791308,0.321751
-0.05,-0.06,0.19,-0.305879,0.188505,0.822411,-0.682238,0.305879
-0.05,-0.06,0.2,-0.291457,-0.0421806,0.43479,-0.525303,0.291457
-0.05,-0.05,0.1,-0.463648,1.01056,2.35783,-1.39561,0.463648
-0.05,-0.05,0.11,-0.426627,0.95949,2.24203,-1.33088,0.426627
-0.05,-0.05,0.12,-0.394791,0.900746,2.11863,-1.26622,0.394791
-0.05,-0.05,0.13,-0.367174,0.835035,1.98739,-1.20069,0.367174
-0.05,-0.05,0.14,-0.343024,0.762433,1.84752,-1.13341,0.343024
-0.05,-0.05,0.15,-0.321751,0.682406,1.69747,-1.06339,0.321751
-0.05,-0.05,0.16,-0.302885,0.593679,1.53472,-0.989372,0.302885
-0.05,-0.05,0.17,-0.286051,0.49384,1.35502,-0.909515,0.286051
-0.05,-0.05,0.18,-0.270947,0.378289,1.15071,-0.820752,0.270947
-0.05,-0.05,0.19,-0.257324,0.23697,0.905435,-0.716798,0.257324
-0.05,-0.05,0.2,-0.244979,0.0383039,0.56859,-0.578618,0.244979
-0.05,-0.04,0.1,-0.380506,1.03112,2.40853,-1.42574,0.380506
-0.05,-0.04,0.11,-0.348771,0.981784,2.29125,-1.3578,0.348771
-0.05,-0.04,0.12,-0.321751,0.923976,2.16655,-1.29091,0.321751
-0.05,-0.04,0.13,-0.298499,0.858868,2.03437,-1.22384,0.298499
-0.05,-0.04,0.14,-0.2783,0.786819,1.89403,-1.15554,0.2783
-0.05,-0.04,0.15,-0.260602,0.707502,1.74414,-1.08497,0.260602
-0.05,-0.04,0.16,-0.244979,0.619853,1.5824,-1.01087,0.244979
-0.05,-0.04,0.17,-0.231091,0.521767,1.40497,-0.931532,0.231091
-0.05,-0.04,0.18,-0.218669,0.409259,1.20512,-0.844192,0.218669
-0.05,-0.04,0.19,-0.207496,0.273963,0.969178,-0.743547,0.207496
-0.05,-0.04,0.2,-0.197396,0.0924713,0.659515,-0.615376,0.197396
-0.05,-0.03,0.1,-0.291457,1.04626,2.44842,-1.45049,0.291457
-0.05,-0.03,0.11,-0.266252,0.998727,2.32995,-1.37956,0.266252
-0.05,-0.03,0.12,-0.244979,0.941841,2.20414,-1.31063,0.244979
-0.05,-0.03,0.13,-0.226799,0.877272,2.0711,-1.24216,0.226799
-0.05,-0.03,0.14,-0.211093,0.805656,1.93027,-1.17294,0.211093
-0.05,-0.03,0.15,-0.197396,0.726852,1.78035,-1.10183,0.197396
-0.05,-0.03,0.16,-0.185348,0.639961,1.6192,-1.02758,0.185348
-0.05,-0.03,0.17,-0.174672,0.543098,1.44328,-0.94851,0.174672
-0.05,-0.03,0.18,-0.165149,0.432685,1.24644,-0.862089,0.165149
-0.05,-0.03,0.19,-0.156602,0.301403,1.01667,-0.763598,0.156602
-0.05,-0.03,0.2,-0.14889,0.130154,0.723177,-0.641355,0.14889
-0.05,-0.03,0.21,-0.141897,-0.218812,0.146885,-0.414029,0.141897
-0.05,-0.02,0.1,-0.197396,1.05646,2.47715,-1.46902,0.197396
-0.05,-0.02,0.11,-0.179853,1.01056,2.35783,-1.39561,0.179853
-0.05,-0.02,0.12,-0.165149,0.954472,2.23117,-1.32503,0.165149
-0.05,-0.02,0.13,-0.152649,0.890341,2.09746,-1.25545,0.152649
-0.05,-0.02,0.14,-0.141897,0.819044,1.9562,-1.18549,0.141897
-0.05,-0.02,0.15,-0.132552,0.740589,1.80619,-1.11394,0.132552
-0.05,-0.02,0.16,-0.124355,0.654202,1.64537,-1.0395,0.124355
-0.05,-0.02,0.17,-0.117109,0.558145,1.47039,-0.960575,0.117109
-0.05,-0.02,0.18,-0.110657,0.449102,1.27549,-0.874718,0.110657
-0.05,-0.02,0.19,-0.104877,0.32039,1.04964,-0.777579,0.104877
-0.05,-0.02,0.2,-0.0996687,0.155295,0.765836,-0.658873,0.0996687
-0.05,-0.02,0.21,-0.0949517,-0.133742,0.284532,-0.466606,0.0949517
-0.05,-0.01,0.1,-0.0996687,1.06229,2.49448,-1.48052,0.0996687
-0.05,-0.01,0.11,-0.0906599,1.01753,2.37466,-1.40546,0.0906599
-0.05,-0.01,0.12,-0.0831412,0.961991,2.24748,-1.33382,0.0831412
-0.05,-0.01,0.13,-0.0767719,0.898149,2.11333,-1.26351,0.0767719
-0.05,-0.01,0.14,-0.0713075,0.827049,1.97179,-1.19307,0.0713075
-0.05,-0.01,0.15,-0.0665682,0.7488,1.82169,-1.12122,0.0665682
-0.05,-0.01,0.16,-0.0624188,0.6627,1.66103,-1.04667,0.0624188
-0.05,-0.01,0.17,-0.0587558,0.567102,1.48656,-0.967793,0.0587558
-0.05,-0.01,0.18,-0.0554985,0.458835,1.29274,-0.88224,0.0554985
-0.05,-0.01,0.19,-0.0525831,0.331562,1.06907,-0.785844,0.0525831
-0.05,-0.01,0.2,-0.0499584,0.169788,0.790494,-0.669038,0.0499584
-0.05,-0.01,0.21,-0.0475831,-0.0987032,0.341781,-0.488816,0.0475831
-0.05,-1.04083e-17,0.1,-1.04083e-16,1.06417,2.50027,-1.48442,1.04083e-16
-0.05,-1.04083e-17,0.11,-9.46213e-17,1.01983,2.38028,-1.40879,9.46213e-17
-0.05,-1.04083e-17,0.12,-8.67362e-17,0.964487,2.25292,-1.33677,8.67362e-17
-0.05,-1.04083e-17,0.13,-8.00642e-17,0.900746,2.11863,-1.26622,8.00642e-17
-0.05,-1.04083e-17,0.14,-7.43453e-17,0.829714,1.97699,-1.19561,7.43453e-17
-0.05,-1.04083e-17,0.15,-6.93889e-17,0.751531,1.82685,-1.12366,6.93889e-17
-0.05,-1.04083e-17,0.16,-6.50521e-17,0.665526,1.66625,-1.04905,6.50521e-17
-0.05,-1.04083e-17,0.17,-6.12255e-17,0.570076,1.49194,-0.970195,6.12255e-17
-0.05,-1.04083e-17,0.18,-5.78241e-17,0.462061,1.29847,-0.884739,5.78241e-17
-0.05,-1.04083e-17,0.19,-5.47807e-17,0.33525,1.0755,-0.788581,5.47807e-17
-0.05,-1.04083e-17,0.2,-5.20417e-17,0.17453,0.798572,-0.672374,5.20417e-17
-0.05,-1.04083e-17,0.21,-4.95635e-17,-0.0882672,0.358893,-0.495492,4.95635e-17
-0.05,0.01,0.1,0.0996687,1.06229,2.49448,-1.48052,-0.0996687
-0.05,0.01,0.11,0.0906599,1.01753,2.37466,-1.40546,-0.0906599
-0.05,0.01,0.12,0.0831412,0.961991,2.24748,-1.33382,-0.0831412
-0.05,0.01,0.13,0.0767719,0.898149,2.11333,-1.26351,-0.0767719
-0.05,0.01,0.14,0.0713075,0.827049,1.97179,-1.19307,-0.0713075
-0.05,0.01,0.15,0.0665682,0.7488,1.82169,-1.12122,-0.0665682
-0.05,0.01,0.16,0.0624188,0.6627,1.66103,-1.04667,-0.0624188
-0.05,0.01,0.17,0.0587558,0.567102,1.48656,-0.967793,-0.0587558
-0.05,0.01,0.18,0.0554985,0.458835,1.29274,-0.88224,-0.0554985
-0.05,0.01,0.19,0.0525831,0.331562,1.06907,-0.785844,-0.0525831
-0.05,0.01,0.2,0.0499584,0.169788,0.790494,-0.669038,-0.0499584
-0.05,0.01,0.21,0.0475831,-0.0987032,0.341781,-0.488816,-0.0475831
-0.05,0.02,0.1,0.197396,1.05646,2.47715,-1.46902,-0.197396
-0.05,0.02,0.11,0.179853,1.01056,2.35783,-1.39561,-0.179853
-0.05,0.02,0.12,0.165149,0.954472,2.23117,-1.32503,-0.165149
-0.05,0.02,0.13,0.152649,0.890341,2.09746,-1.25545,-0.152649
-0.05,0.02,0.14,0.141897,0.819044,1.9562,-1.18549,-0.141897
-0.05,0.02,0.15,0.132552,0.740589,1.80619,-1.11394,-0.132552
-0.05,0.02,0.16,0.124355,0.654202,1.64537,-1.0395,-0.124355
-0.05,0.02,0.17,0.117109,0.558145,1.47039,-0.960575,-0.117109
-0.05,0.02,0.18,0.110657,0.449102,1.27549,-0.874718,-0.110657
-0.05,0.02,0.19,0.104877,0.32039,1.04964,-0.777579,-0.104877
-0.05,0.02,0.2,0.0996687,0.155295,0.765836,-0.658873,-0.0996687
-0.05,0.02,0.21,0.0949517,-0.133742,0.284532,-0.466606,-0.0949517
-0.05,0.03,0.1,0.291457,1.04626,2.44842,-1.45049,-0.291457
-0.05,0.03,0.11,0.266252,0.998727,2.32995,-1.37956,-0.266252
-0.05,0.03,0.12,0.244979,0.941841,2.20414,-1.31063,-0.244979
-0.05,0.03,0.13,0.226799,0.877272,2.0711,-1.24216,-0.226799
-0.05,0.03,0.14,0.211093,0.805656,1.93027,-1.17294,-0.211093
-0.05,0.03,0.15,0.197396,0.726852,1.78035,-1.10183,-0.197396
-0.05,0.03,0.16,0.185348,0.639961,1.6192,-1.02758,-0.185348
-0.05,0.03,0.17,0.174672,0.543098,1.44328,-0.94851,-0.174672
-0.05,0.03,0.18,0.165149,0.432685,1.24644,-0.862089,-0.165149
-0.05,0.03,0.19,0.156602,0.301403,1.01667,-0.763598,-0.156602
-0.05,0.03,0.2,0.14889,0.130154,0.723177,-0.641355,-0.14889
-0.05,0.03,0.21,0.141897,-0.218812,0.146885,-0.414029,-0.141897
-0.05,0.04,0.1,0.380506,1.03112,2.40853,-1.42574,-0.380506
-0.05,0.04,0.11,0.348771,0.981784,2.29125,-1.3578,-0.348771
-0.05,0.04,0.12,0.321751,0.923976,2.16655,-1.29091,-0.321751
-0.05,0.04,0.13,0.298499,0.858868,2.03437,-1.22384,-0.298499
-0.05,0.04,0.14,0.2783,0.786819,1.89403,-1.15554,-0.2783
-0.05,0.04,0.15,0.260602,0.707502,1.74414,-1.08497,-0.260602
-0.05,0.04,0.16,0.244979,0.619853,1.5824,-1.01087,-0.244979
-0.05,0.04,0.17,0.231091,0.521767,1.40497,-0.931532,-0.231091
-0.05,0.04,0.18,0.218669,0.409259,1.20512,-0.844192,-0.218669
-0.05,0.04,0.19,0.207496,0.273963,0.969178,-0.743547,-0.207496
-0.05,0.04,0.2,0.197396,0.0924713,0.659515,-0.615376,-0.197396
-0.05,0.05,0.1,0.463648,1.01056,2.35783,-1.39561,-0.463648
-0.05,0.05,0.11,0.426627,0.95949,2.24203,-1.33088,-0.426627
-0.05,0.05,0.12,0.394791,0.900746,2.11863,-1.26622,-0.394791
-0.05,0.05,0.13,0.367174,0.835035,1.98739,-1.20069,-0.367174
-0.05,0.05,0.14,0.343024,0.762433,1.84752,-1.13341,-0.343024
-0.05,0.05,0.15,0.321751,0.682406,1.69747,-1.06339,-0.321751
-0.05,0.05,0.16,0.302885,0.593679,1.53472,-0.989372,-0.302885
-0.05,0.05,0.17,0.286051,0.49384,1.35502,-0.909515,-0.286051
-0.05,0.05,0.18,0.270947,0.378289,1.15071,-0.820752,-0.270947
-0.05,0.05,0.19,0.257324,0.23697,0.905435,-0.716798,-0.257324
-0.05,0.05,0.2,0.244979,0.0383039,0.56859,-0.578618,-0.244979
-0.05,0.06,0.1,0.54042,0.984228,2.29676,-1.36086,-0.54042
-0.05,0.06,0.11,0.499347,0.931656,2.18262,-1.2993,-0.499347
-0.05,0.06,0.12,0.463648,0.872026,2.06059,-1.2369,-0.463648
-0.05,0.06,0.13,0.432408,0.805656,1.93027,-1.17294,-0.432408
-0.05,0.06,0.14,0.404892,0.732355,1.79069,-1.10667,-0.404892
-0.05,0.06,0.15,0.380506,0.651361,1.64015,-1.03712,-0.380506
-0.05,0.06,0.16,0.358771,0.561136,1.47579,-0.962982,-0.358771
-0.05,0.06,0.17,0.339293,0.458835,1.29274,-0.88224,-0.339293
-0.05,0.06,0.18,0.321751,0.338923,1.0819,-0.791308,-0.321751
-0.05,0.06,0.19,0.305879,0.188505,0.822411,-0.682238,-0.305879
-0.05,0.06,0.2,0.291457,-0.0421806,0.43479,-0.525303,-0.291457
-0.05,0.07,0.1,0.610726,0.951956,2.22575,-1.32213,-0.610726
-0.05,0.07,0.11,0.566729,0.898149,2.11333,-1.26351,-0.566729
-0.05,0.07,0.12,0.528074,0.837692,1.9926,-1.20324,-0.528074
-0.05,0.07,0.13,0.493941,0.770583,1.86301,-1.14076,-0.493941
-0.05,0.07,0.14,0.463648,0.69638,1.72342,-1.07537,-0.463648
-0.05,0.07,0.15,0.436627,0.614069,1.57184,-1.0061,-0.436627
-0.05,0.07,0.16,0.41241,0.521767,1.40497,-0.931532,-0.41241
-0.05,0.07,0.17,0.390607,0.416007,1.21701,-0.849333,-0.390607
-0.05,0.07,0.18,0.370891,0.289773,0.996518,-0.755078,-0.370891
-0.05,0.07,0.19,0.35299,0.124961,0.714385,-0.637756,-0.35299
-0.05,0.07,0.2,0.336675,-0.196501,0.182796,-0.427629,-0.336675
-0.05,0.08,0.1,0.674741,0.913684,2.1452,-1.27985,-0.674741
-0.05,0.08,0.11,0.628796,0.858868,2.03437,-1.22384,-0.628796
-0.05,0.08,0.12,0.588003,0.797597,1.91473,-1.16546,-0.588003
-0.05,0.08,0.13,0.551655,0.729605,1.78552,-1.10425,-0.551655
-0.05,0.08,0.14,0.519146,0.654202,1.64537,-1.0395,-0.519146
-0.05,0.08,0.15,0.489957,0.570076,1.49194,-0.970195,-0.489957
-0.05,0.08,0.16,0.463648,0.474874,1.32124,-0.894694,-0.463648
-0.05,0.08,0.17,0.439843,0.364181,1.126,-0.810156,-0.439843
-0.05,0.08,0.18,0.418224,0.228449,0.890798,-0.710682,-0.418224
-0.05,0.08,0.19,0.398522,0.0383039,0.56859,-0.578618,-0.398522
-0.05,0.09,0.1,0.732815,0.8694,2.05534,-1.23427,-0.732815
-0.05,0.09,0.11,0.68573,0.813696,1.94582,-1.18046,-0.68573
-0.05,0.09,0.12,0.643501,0.751531,1.82685,-1.12366,-0.643501
-0.05,0.09,0.13,0.605545,0.682406,1.69747,-1.06339,-0.605545
-0.05,0.09,0.14,0.571337,0.605359,1.55596,-0.998935,-0.571337
-0.05,0.09,0.15,0.54042,0.518693,1.39946,-0.929097,-0.54042
-0.05,0.09,0.16,0.512389,0.419365,1.22293,-0.851895,-0.512389
-0.05,0.09,0.17,0.486899,0.301403,1.01667,-0.763598,-0.486899
-0.05,0.09,0.18,0.463648,0.15037,0.757468,-0.65543,-0.463648
-0.05,0.09,0.19,0.442374,-0.0987032,0.341781,-0.488816,-0.442374
-0.05,0.1,0.1,0.785398,0.819044,1.9562,-1.18549,-0.785398
-0.05,0.1,0.11,0.737815,0.762433,1.84752,-1.13341,-0.737815
-0.05,0.1,0.12,0.694738,0.699165,1.7286,-1.07777,-0.694738
-0.05,0.1,0.13,0.655696,0.628496,1.5982,-1.01803,-0.655696
-0.05,0.1,0.14,0.620249,0.549135,1.45414,-0.953342,-0.620249
-0.05,0.1,0.15,0.588003,0.458835,1.29274,-0.88224,-0.588003
-0.05,0.1,0.16,0.558599,0.353449,1.10724,-0.802128,-0.558599
-0.05,0.1,0.17,0.531724,0.224143,0.883409,-0.707598,-0.531724
-0.05,0.1,0.18,0.507099,0.0447219,0.579327,-0.582937,-0.507099
-0.04,-0.1,0.1,-0.785398,0.981908,2.03585,-1.10227,0.785398
-0.04,-0.1,0.11,-0.737815,0.914385,1.92382,-1.05777,0.737815
-0.04,-0.1,0.12,-0.694738,0.841783,1.80255,-1.0091,0.694738
-0.04,-0.1,0.13,-0.655696,0.76333,1.67089,-0.955897,0.655696
-0.04,-0.1,0.14,-0.620249,0.677783,1.52693,-0.897478,0.620249
-0.04,-0.1,0.15,-0.588003,0.583109,1.36745,-0.832671,0.588003
-0.04,-0.1,0.16,-0.558599,0.475784,1.18684,-0.759385,0.558599
-0.04,-0.1,0.17,-0.531724,0.348875,0.974011,-0.673468,0.531724
-0.04,-0.1,0.18,-0.507099,0.184781,0.700845,-0.564397,0.507099
-0.04,-0.1,0.19,-0.484478,-0.126984,0.191745,-0.367061,0.484478
-0.04,-0.09,0.1,-0.732815,1.0448,2.13926,-1.14279,0.732815
-0.04,-0.09,0.11,-0.68573,0.975402,2.02509,-1.09802,0.68573
-0.04,-0.09,0.12,-0.643501,0.901685,1.90266,-1.0493,0.643501
-0.04,-0.09,0.13,-0.605545,0.822953,1.771,-0.996377,0.605545
-0.04,-0.09,0.14,-0.571337,0.738137,1.62853,-0.938723,0.571337
-0.04,-0.09,0.15,-0.54042,0.645572,1.47267,-0.875431,0.54042
-0.04,-0.09,0.16,-0.512389,0.542523,1.29911,-0.804914,0.512389
-0.04,-0.09,0.17,-0.486899,0.42403,1.09992,-0.724222,0.486899
-0.04,-0.09,0.18,-0.463648,0.279311,0.857878,-0.626899,0.463648
-0.04,-0.09,0.19,-0.442374,0.0728661,0.516353,-0.491819,0.442374
-0.04,-0.08,0.1,-0.674741,1.10327,2.23428,-1.17935,0.674741
-0.04,-0.08,0.11,-0.628796,1.03138,2.11728,-1.13423,0.628796
-0.04,-0.08,0.12,-0.588003,0.955989,1.99295,-1.08529,0.588003
-0.04,-0.08,0.13,-0.551655,0.876392,1.86044,-1.03238,0.551655
-0.04,-0.08,0.14,-0.519146,0.79159,1.71837,-0.975116,0.519146
-0.04,-0.08,0.15,-0.489957,0.700127,1.56456,-0.91276,0.489957
-0.04,-0.08,0.16,-0.463648,0.599737,1.39546,-0.844051,0.463648
-0.04,-0.08,0.17,-0.439843,0.486561,1.20495,-0.766725,0.439843
-0.04,-0.08,0.18,-0.418224,0.353006,0.980921,-0.676247,0.418224
-0.04,-0.08,0.19,-0.398522,0.17929,0.691756,-0.560798,0.398522
-0.04,-0.08,0.2,-0.380506,-0.226221,0.0333788,-0.307932,0.380506
-0.04,-0.07,0.1,-0.610726,1.15729,2.32082,-1.21187,0.610726
-0.04,-0.07,0.11,-0.566729,1.08234,2.20042,-1.16641,0.566729
-0.04,-0.07,0.12,-0.528074,1.00484,2.07367,-1.11716,0.528074
-0.04,-0.07,0.13,-0.493941,0.923938,1.93972,-1.06411,0.493941
-0.04,-0.07,0.14,-0.463648,0.838643,1.79729,-1.00698,0.463648
-0.04,-0.07,0.15,-0.436627,0.747595,1.64444,-0.945175,0.436627
-0.04,-0.07,0.16,-0.41241,0.648811,1.47813,-0.877648,0.41241
-0.04,-0.07,0.17,-0.390607,0.539092,1.29333,-0.80257,0.390607
-0.04,-0.07,0.18,-0.370891,0.412584,1.08072,-0.716467,0.370891
-0.04,-0.07,0.19,-0.35299,0.255953,0.818986,-0.611365,0.35299
-0.04,-0.07,0.2,-0.336675,0.0173886,0.425566,-0.456509,0.336675
-0.04,-0.06,0.1,-0.54042,1.20664,2.39852,-1.24021,0.54042
-0.04,-0.06,0.11,-0.499347,1.12814,2.27431,-1.1945,0.499347
-0.04,-0.06,0.12,-0.463648,1.04818,2.14478,-1.14493,0.463648
-0.04,-0.06,0.13,-0.432408,0.965677,2.009,-1.09166,0.432408
-0.04,-0.06,0.14,-0.404892,0.879547,1.86571,-1.0345,0.404892
-0.04,-0.06,0.15,-0.380506,0.788453,1.71311,-0.972985,0.380506
-0.04,-0.06,0.16,-0.358771,0.690569,1.54846,-0.906224,0.358771
-0.04,-0.06,0.17,-0.339293,0.583109,1.36745,-0.832671,0.339293
-0.04,-0.06,0.18,-0.321751,0.461254,1.16242,-0.749498,0.321751
-0.04,-0.06,0.19,-0.305879,0.314971,0.917355,-0.650716,0.305879
-0.04,-0.06,0.2,-0.291457,0.113844,0.583708,-0.518196,0.291457
-0.04,-0.05,0.1,-0.463648,1.25087,2.46674,-1.26421,0.463648
-0.04,-0.05,0.11,-0.426627,1.16844,2.33851,-1.2184,0.426627
-0.04,-0.05,0.12,-0.394791,1.08581,2.20604,-1.16856,0.394791
-0.04,-0.05,0.13,-0.367174,1.00154,2.06825,-1.11503,0.367174
-0.04,-0.05,0.14,-0.343024,0.914385,1.92382,-1.05777,0.343024
-0.04,-0.05,0.15,-0.321751,0.822953,1.771,-0.996377,0.321751
-0.04,-0.05,0.16,-0.302885,0.725502,1.60727,-0.930099,0.302885
-0.04,-0.05,0.17,-0.286051,0.619501,1.42875,-0.857581,0.286051
-0.04,-0.05,0.18,-0.270947,0.500781,1.22887,-0.776417,0.270947
-0.04,-0.05,0.19,-0.257324,0.361203,0.994635,-0.681764,0.257324
-0.04,-0.05,0.2,-0.244979,0.17929,0.691756,-0.560798,0.244979
-0.04,-0.04,0.1,-0.380506,1.28928,2.52467,-1.28372,0.380506
-0.04,-0.04,0.11,-0.348771,1.20274,2.39244,-1.23803,0.348771
-0.04,-0.04,0.12,-0.321751,1.11742,2.25708,-1.188,0.321751
-0.04,-0.04,0.13,-0.298499,1.03138,2.11728,-1.13423,0.298499
-0.04,-0.04,0.14,-0.2783,0.943127,1.97161,-1.07682,0.2783
-0.04,-0.04,0.15,-0.260602,0.851207,1.81833,-1.01545,0.260602
-0.04,-0.04,0.16,-0.244979,0.753893,1.65503,-0.949468,0.244979
-0.04,-0.04,0.17,-0.231091,0.648811,1.47813,-0.877648,0.231091
-0.04,-0.04,0.18,-0.218669,0.532206,1.28174,-0.797866,0.218669
-0.04,-0.04,0.19,-0.207496,0.397097,1.05475,-0.705987,0.207496
-0.04,-0.04,0.2,-0.197396,0.226618,0.770223,-0.591937,0.197396
-0.04,-0.04,0.21,-0.188222,-0.0655338,0.290807,-0.404673,0.188222
-0.04,-0.03,0.1,-0.291457,1.32095,2.57132,-1.2987,0.291457
-0.04,-0.03,0.11,-0.266252,1.23044,2.43541,-1.25331,0.266252
-0.04,-0.03,0.12,-0.244979,1.14261,2.29746,-1.20318,0.244979
-0.04,-0.03,0.13,-0.226799,1.05495,2.15583,-1.14922,0.226799
-0.04,-0.03,0.14,-0.211093,0.965677,2.009,-1.09166,0.211093
-0.04,-0.03,0.15,-0.197396,0.873239,1.85518,-1.03027,0.197396
-0.04,-0.03,0.16,-0.185348,0.775898,1.69202,-0.964451,0.185348
-0.04,-0.03,0.17,-0.174672,0.67137,1.51613,-0.89309,0.174672
-0.04,-0.03,0.18,-0.165149,0.556168,1.32208,-0.814241,0.165149
-0.04,-0.03,0.19,-0.156602,0.42403,1.09992,-0.724222,0.156602
-0.04,-0.03,0.2,-0.14889,0.260698,0.826882,-0.614516,0.14889
-0.04,-0.03,0.21,-0.141897,0.00849678,0.41106,-0.450895,0.141897
-0.04,-0.02,0.1,-0.197396,1.34478,2.60566,-1.30921,0.197396
-0.04,-0.02,0.11,-0.179853,1.25087,2.46674,-1.26421,0.179853
-0.04,-0.02,0.12,-0.165149,1.16099,2.3267,-1.21405,0.165149
-0.04,-0.02,0.13,-0.152649,1.07201,2.18363,-1.15995,0.152649
-0.04,-0.02,0.14,-0.141897,0.981908,2.03585,-1.10227,0.141897
-0.04,-0.02,0.15,-0.132552,0.889022,1.88153,-1.04084,0.132552
-0.04,-0.02,0.16,-0.124355,0.79159,1.71837,-0.975116,0.124355
-0.04,-0.02,0.17,-0.117109,0.687377,1.54309,-0.904041,0.117109
-0.04,-0.02,0.18,-0.110657,0.573057,1.35052,-0.825793,0.110657
-0.04,-0.02,0.19,-0.104877,0.442812,1.13145,-0.736966,0.104877
-0.04,-0.02,0.2,-0.0996687,0.283878,0.865487,-0.629942,0.0996687
-0.04,-0.02,0.21,-0.0949517,0.0503368,0.479427,-0.477423,0.0949517
-0.04,-0.01,0.1,-0.0996687,1.35965,2.62673,-1.31541,0.0996687
-0.04,-0.01,0.11,-0.0906599,1.26342,2.48582,-1.27073,0.0906599
-0.04,-0.01,0.12,-0.0831412,1.17218,2.34443,-1.22058,0.0831412
-0.04,-0.01,0.13,-0.0767719,1.08234,2.20042,-1.16641,0.0767719
-0.04,-0.01,0.14,-0.0713075,0.991703,2.05202,-1.10865,0.0713075
-0.04,-0.01,0.15,-0.0665682,0.898516,1.89737,-1.04719,0.0665682
-0.04,-0.01,0.16,-0.0624188,0.801,1.73417,-0.981504,0.0624188
-0.04,-0.01,0.17,-0.0587558,0.696944,1.5592,-0.910584,0.0587558
-0.04,-0.01,0.18,-0.0554985,0.583109,1.36745,-0.832671,0.0554985
-0.04,-0.01,0.19,-0.0525831,0.453916,1.15009,-0.744509,0.0525831
-0.04,-0.01,0.2,-0.0499584,0.297384,0.888006,-0.638954,0.0499584
-0.04,-0.01,0.21,-0.0475831,0.0728661,0.516353,-0.491819,0.0475831
-0.04,-1.04083e-17,0.1,-1.04083e-16,1.36471,2.63383,-1.31745,1.04083e-16
-0.04,-1.04083e-17,0.11,-9.46213e-17,1.26766,2.49223,-1.2729,9.46213e-17
-0.04,-1.04083e-17,0.12,-8.67362e-17,1.17595,2.35037,-1.22276,8.67362e-17
-0.04,-1.04083e-17,0.13,-8.00642e-17,1.08581,2.20604,-1.16856,8.00642e-17
-0.04,-1.04083e-17,0.14,-7.43453e-17,0.994979,2.05742,-1.11078,7.43453e-17
-0.04,-1.04083e-17,0.15,-6.93889e-17,0.901685,1.90266,-1.0493,6.93889e-17
-0.04,-1.04083e-17,0.16,-6.50521e-17,0.804136,1.73943,-0.983631,6.50521e-17
-0.04,-1.04083e-17,0.17,-6.12255e-17,0.700127,1.56456,-0.91276,6.12255e-17
-0.04,-1.04083e-17,0.18,-5.78241e-17,0.586447,1.37307,-0.834955,5.78241e-17
-0.04,-1.04083e-17,0.19,-5.47807e-17,0.457591,1.15627,-0.747008,5.47807e-17
-0.04,-1.04083e-17,0.2,-5.20417e-17,0.301824,0.895413,-0.641921,5.20417e-17
-0.04,-1.04083e-17,0.21,-4.95635e-17,0.0800398,0.528127,-0.496419,4.95635e-17
-0.04,0.01,0.1,0.0996687,1.35965,2.62673,-1.31541,-0.0996687
-0.04,0.01,0.11,0.0906599,1.26342,2.48582,-1.27073,-0.0906599
-0.04,0.01,0.12,0.0831412,1.17218,2.34443,-1.22058,-0.0831412
-0.04,0.01,0.13,0.0767719,1.08234,2.20042,-1.16641,-0.0767719
-0.04,0.01,0.14,0.0713075,0.991703,2.05202,-1.10865,-0.0713075
-0.04,0.01,0.15,0.0665682,0.898516,1.89737,-1.04719,-0.0665682
-0.04,0.01,0.16,0.0624188,0.801,1.73417,-0.981504,-0.0624188
-0.04,0.01,0.17,0.0587558,0.696944,1.5592,-0.910584,-0.0587558
-0.04,0.01,0.18,0.0554985,0.583109,1.36745,-0.832671,-0.0554985
-0.04,0.01,0.19,0.0525831,0.453916,1.15009,-0.744509,-0.0525831
-0.04,0.01,0.2,0.0499584,0.297384,0.888006,-0.638954,-0.0499584
-0.04,0.01,0.21,0.0475831,0.0728661,0.516353,-0.491819,-0.0475831
-0.04,0.02,0.1,0.197396,1.34478,2.60566,-1.30921,-0.197396
-0.04,0.02,0.11,0.179853,1.25087,2.46674,-1.26421,-0.179853
-0.04,0.02,0.12,0.165149,1.16099,2.3267,-1.21405,-0.165149
-0.04,0.02,0.13,0.152649,1.07201,2.18363,-1.15995,-0.152649
-0.04,0.02,0.14,0.141897,0.981908,2.03585,-1.10227,-0.141897
-0.04,0.02,0.15,0.132552,0.889022,1.88153,-1.04084,-0.132552
-0.04,0.02,0.16,0.124355,0.79159,1.71837,-0.975116,-0.124355
-0.04,0.02,0.17,0.117109,0.687377,1.54309,-0.904041,-0.117109
-0.04,0.02,0.18,0.110657,0.573057,1.35052,-0.825793,-0.110657
-0.04,0.02,0.19,0.104877,0.442812,1.13145,-0.736966,-0.104877
-0.04,0.02,0.2,0.0996687,0.283878,0.865487,-0.629942,-0.0996687
-0.04,0.02,0.21,0.0949517,0.0503368,0.479427,-0.477423,-0.0949517
-0.04,0.03,0.1,0.291457,1.32095,2.57132,-1.2987,-0.291457
-0.04,0.03,0.11,0.266252,1.23044,2.43541,-1.25331,-0.266252
-0.04,0.03,0.12,0.244979,1.14261,2.29746,-1.20318,-0.244979
-0.04,0.03,0.13,0.226799,1.05495,2.15583,-1.14922,-0.226799
-0.04,0.03,0.14,0.211093,0.965677,2.009,-1.09166,-0.211093
-0.04,0.03,0.15,0.197396,0.873239,1.85518,-1.03027,-0.197396
-0.04,0.03,0.16,0.185348,0.775898,1.69202,-0.964451,-0.185348
-0.04,0.03,0.17,0.174672,0.67137,1.51613,-0.89309,-0.174672
-0.04,0.03,0.18,0.165149,0.556168,1.32208,-0.814241,-0.165149
-0.04,0.03,0.19,0.156602,0.42403,1.09992,-0.724222,-0.156602
-0.04,0.03,0.2,0.14889,0.260698,0.826882,-0.614516,-0.14889
-0.04,0.03,0.21,0.141897,0.00849678,0.41106,-0.450895,-0.141897
-0.04,0.04,0.1,0.380506,1.28928,2.52467,-1.28372,-0.380506
-0.04,0.04,0.11,0.348771,1.20274,2.39244,-1.23803,-0.348771
-0.04,0.04,0.12,0.321751,1.11742,2.25708,-1.188,-0.321751
-0.04,0.04,0.13,0.298499,1.03138,2.11728,-1.13423,-0.298499
-0.04,0.04,0.14,0.2783,0.943127,1.97161,-1.07682,-0.2783
-0.04,0.04,0.15,0.260602,0.851207,1.81833,-1.01545,-0.260602
-0.04,0.04,0.16,0.244979,0.753893,1.65503,-0.949468,-0.244979
-0.04,0.04,0.17,0.231091,0.648811,1.47813,-0.877648,-0.231091
-0.04,0.04,0.18,0.218669,0.532206,1.28174,-0.797866,-0.218669
-0.04,0.04,0.19,0.207496,0.397097,1.05475,-0.705987,-0.207496
-0.04,0.04,0.2,0.197396,0.226618,0.770223,-0.591937,-0.197396
-0.04,0.04,0.21,0.188222,-0.0655338,0.290807,-0.404673,-0.188222
-0.04,0.05,0.1,0.463648,1.25087,2.46674,-1.26421,-0.463648
-0.04,0.05,0.11,0.426627,1.16844,2.33851,-1.2184,-0.426627
-0.04,0.05,0.12,0.394791,1.08581,2.20604,-1.16856,-0.394791
-0.04,0.05,0.13,0.367174,1.00154,2.06825,-1.11503,-0.367174
-0.04,0.05,0.14,0.343024,0.914385,1.92382,-1.05777,-0.343024
-0.04,0.05,0.15,0.321751,0.822953,1.771,-0.996377,-0.321751
-0.04,0.05,0.16,0.302885,0.725502,1.60727,-0.930099,-0.302885
-0.04,0.05,0.17,0.286051,0.619501,1.42875,-0.857581,-0.286051
-0.04,0.05,0.18,0.270947,0.500781,1.22887,-0.776417,-0.270947
-0.04,0.05,0.19,0.257324,0.361203,0.994635,-0.681764,-0.257324
-0.04,0.05,0.2,0.244979,0.17929,0.691756,-0.560798,-0.244979
-0.04,0.06,0.1,0.54042,1.20664,2.39852,-1.24021,-0.54042
-0.04,0.06,0.11,0.499347,1.12814,2.27431,-1.1945,-0.499347
-0.04,0.06,0.12,0.463648,1.04818,2.14478,-1.14493,-0.463648
-0.04,0.06,0.13,0.432408,0.965677,2.009,-1.09166,-0.432408
-0.04,0.06,0.14,0.404892,0.879547,1.86571,-1.0345,-0.404892
-0.04,0.06,0.15,0.380506,0.788453,1.71311,-0.972985,-0.380506
-0.04,0.06,0.16,0.358771,0.690569,1.54846,-0.906224,-0.358771
-0.04,0.06,0.17,0.339293,0.583109,1.36745,-0.832671,-0.339293
-0.04,0.06,0.18,0.321751,0.461254,1.16242,-0.749498,-0.321751
-0.04,0.06,0.19,0.305879,0.314971,0.917355,-0.650716,-0.305879
-0.04,0.06,0.2,0.291457,0.113844,0.583708,-0.518196,-0.291457
-0.04,0.07,0.1,0.610726,1.15729,2.32082,-1.21187,-0.610726
-0.04,0.07,0.11,0.566729,1.08234,2.20042,-1.16641,-0.566729
-0.04,0.07,0.12,0.528074,1.00484,2.07367,-1.11716,-0.528074
-0.04,0.07,0.13,0.493941,0.923938,1.93972,-1.06411,-0.493941
-0.04,0.07,0.14,0.463648,0.838643,1.79729,-1.00698,-0.463648
-0.04,0.07,0.15,0.436627,0.747595,1.64444,-0.945175,-0.436627
-0.04,0.07,0.16,0.41241,0.648811,1.47813,-0.877648,-0.41241
-0.04,0.07,0.17,0.390607,0.539092,1.29333,-0.80257,-0.390607
-0.04,0.07,0.18,0.370891,0.412584,1.08072,-0.716467,-0.370891
-0.04,0.07,0.19,0.35299,0.255953,0.818986,-0.611365,-0.35299
-0.04,0.07,0.2,0.336675,0.0173886,0.425566,-0.456509,-0.336675
-0.04,0.08,0.1,0.674741,1.10327,2.23428,-1.17935,-0.674741
-0.04,0.08,0.11,0.628796,1.03138,2.11728,-1.13423,-0.628796
-0.04,0.08,0.12,0.588003,0.955989,1.99295,-1.08529,-0.588003
-0.04,0.08,0.13,0.551655,0.876392,1.86044,-1.03238,-0.551655
-0.04,0.08,0.14,0.519146,0.79159,1.71837,-0.975116,-0.519146
-0.04,0.08,0.15,0.489957,0.700127,1.56456,-0.91276,-0.489957
-0.04,0.08,0.16,0.463648,0.599737,1.39546,-0.844051,-0.463648
-0.04,0.08,0.17,0.439843,0.486561,1.20495,-0.766725,-0.439843
-0.04,0.08,0.18,0.418224,0.353006,0.980921,-0.676247,-0.418224
-0.04,0.08,0.19,0.398522,0.17929,0.691756,-0.560798,-0.398522
-0.04,0.08,0.2,0.380506,-0.226221,0.0333788,-0.307932,-0.380506
-0.04,0.09,0.1,0.732815,1.0448,2.13926,-1.14279,-0.732815
-0.04,0.09,0.11,0.68573,0.975402,2.02509,-1.09802,-0.68573
-0.04,0.09,0.12,0.643501,0.901685,1.90266,-1.0493,-0.643501
-0.04,0.09,0.13,0.605545,0.822953,1.771,-0.996377,-0.605545
-0.04,0.09,0.14,0.571337,0.738137,1.62853,-0.938723,-0.571337
-0.04,0.09,0.15,0.54042,0.645572,1.47267,-0.875431,-0.54042
-0.04,0.09,0.16,0.512389,0.542523,1.29911,-0.804914,-0.512389
-0.04,0.09,0.17,0.486899,0.42403,1.09992,-0.724222,-0.486899
-0.04,0.09,0.18,0.463648,0.279311,0.857878,-0.626899,-0.463648
-0.04,0.09,0.19,0.442374,0.0728661,0.516353,-0.491819,-0.442374
-0.04,0.1,0.1,0.785398,0.981908,2.03585,-1.10227,-0.785398
-0.04,0.1,0.11,0.737815,0.914385,1.92382,-1.05777,-0.737815
-0.04,0.1,0.12,0.694738,0.841783,1.80255,-1.0091,-0.694738
-0.04,0.1,0.13,0.655696,0.76333,1.67089,-0.955897,-0.655696
-0.04,0.1,0.14,0.620249,0.677783,1.52693,-0.897478,-0.620249
-0.04,0.1,0.15,0.588003,0.583109,1.36745,-0.832671,-0.588003
-0.04,0.1,0.16,0.558599,0.475784,1.18684,-0.759385,-0.558599
-0.04,0.1,0.17,0.531724,0.348875,0.974011,-0.673468,-0.531724
-0.04,0.1,0.18,0.507099,0.184781,0.700845,-0.564397,-0.507099
-0.04,0.1,0.19,0.484478,-0.126984,0.191745,-0.367061,-0.484478
-0.03,-0.1,0.1,-0.785398,1.14224,2.10004,-1.00614,0.785398
-0.03,-0.1,0.11,-0.737815,1.06235,1.98466,-0.970647,0.737815
-0.03,-0.1,0.12,-0.694738,0.979266,1.86095,-0.930017,0.694738
-0.03,-0.1,0.13,-0.655696,0.892046,1.72779,-0.884073,0.655696
-0.03,-0.1,0.14,-0.620249,0.799341,1.58336,-0.832349,0.620249
-0.03,-0.1,0.15,-0.588003,0.69915,1.42474,-0.773925,0.588003
-0.03,-0.1,0.16,-0.558599,0.588241,1.24699,-0.70708,0.558599
-0.03,-0.1,0.17,-0.531724,0.460669,1.04075,-0.628415,0.531724
-0.03,-0.1,0.18,-0.507099,0.302759,0.784301,-0.529874,0.507099
-0.03,-0.1,0.19,-0.484478,0.058848,0.389081,-0.378565,0.484478
-0.03,-0.09,0.1,-0.732815,1.21963,2.20775,-1.03645,0.732815
-0.03,-0.09,0.11,-0.68573,1.13441,2.08891,-1.00283,0.68573
-0.03,-0.09,0.12,-0.643501,1.04762,1.96299,-0.963702,0.643501
-0.03,-0.09,0.13,-0.605545,0.958113,1.82894,-0.919155,0.605545
-0.03,-0.09,0.14,-0.571337,0.864507,1.68516,-0.868985,0.571337
-0.03,-0.09,0.15,-0.54042,0.76499,1.52923,-0.812574,0.54042
-0.03,-0.09,0.16,-0.512389,0.656887,1.35723,-0.748676,0.512389
-0.03,-0.09,0.17,-0.486899,0.535734,1.16228,-0.674875,0.486899
-0.03,-0.09,0.18,-0.463648,0.392587,0.930255,-0.586001,0.463648
-0.03,-0.09,0.19,-0.442374,0.202289,0.621149,-0.467192,0.442374
-0.03,-0.08,0.1,-0.674741,1.29499,2.30808,-1.06143,0.674741
-0.03,-0.08,0.11,-0.628796,1.20283,2.18474,-1.03025,0.628796
-0.03,-0.08,0.12,-0.588003,1.11123,2.05572,-0.992825,0.588003
-0.03,-0.08,0.13,-0.551655,1.01855,1.91987,-0.949654,0.551655
-0.03,-0.08,0.14,-0.519146,0.923196,1.77568,-0.900821,0.519146
-0.03,-0.08,0.15,-0.489957,0.82334,1.62099,-0.845984,0.489957
-0.03,-0.08,0.16,-0.463648,0.71658,1.45249,-0.784244,0.463648
-0.03,-0.08,0.17,-0.439843,0.599255,1.26472,-0.713796,0.439843
-0.03,-0.08,0.18,-0.418224,0.464757,1.04738,-0.630955,0.418224
-0.03,-0.08,0.19,-0.398522,0.297659,0.776013,-0.526686,0.398522
-0.03,-0.08,0.2,-0.380506,0.0278704,0.33918,-0.359642,0.380506
-0.03,-0.07,0.1,-0.610726,1.36852,2.40101,-1.08082,0.610726
-0.03,-0.07,0.11,-0.566729,1.26758,2.27216,-1.05291,0.566729
-0.03,-0.07,0.12,-0.528074,1.17008,2.13928,-1.01754,0.528074
-0.03,-0.07,0.13,-0.493941,1.07348,2.00097,-0.97582,0.493941
-0.03,-0.07,0.14,-0.463648,0.975728,1.85561,-0.928214,0.463648
-0.03,-0.07,0.15,-0.436627,0.874822,1.70116,-0.874666,0.436627
-0.03,-0.07,0.16,-0.41241,0.768431,1.53467,-0.814568,0.41241
-0.03,-0.07,0.17,-0.390607,0.653333,1.35154,-0.746539,0.390607
-0.03,-0.07,0.18,-0.370891,0.524208,1.14365,-0.667769,0.370891
-0.03,-0.07,0.19,-0.35299,0.370072,0.893681,-0.571941,0.35299
-0.03,-0.07,0.2,-0.336675,0.156191,0.54642,-0.438561,0.336675
-0.03,-0.06,0.1,-0.54042,1.44013,2.48619,-1.0944,0.54042
-0.03,-0.06,0.11,-0.499347,1.32831,2.35084,-1.07086,0.499347
-0.03,-0.06,0.12,-0.463648,1.22388,2.21354,-1.03799,0.463648
-0.03,-0.06,0.13,-0.432408,1.12276,2.07228,-0.997849,0.432408
-0.03,-0.06,0.14,-0.404892,1.02216,1.92525,-0.951421,0.404892
-0.03,-0.06,0.15,-0.380506,0.919723,1.77036,-0.898972,0.380506
-0.03,-0.06,0.16,-0.358771,0.813056,1.60488,-0.840161,0.358771
-0.03,-0.06,0.17,-0.339293,0.69915,1.42474,-0.773925,0.339293
-0.03,-0.06,0.18,-0.321751,0.573435,1.22313,-0.698028,0.321751
-0.03,-0.06,0.19,-0.305879,0.427305,0.986626,-0.607653,0.305879
-0.03,-0.06,0.2,-0.291457,0.238123,0.679305,-0.489515,0.291457
-0.03,-0.05,0.1,-0.463648,1.50917,2.56296,-1.10213,0.463648
-0.03,-0.05,0.11,-0.426627,1.38429,2.42023,-1.08427,0.426627
-0.03,-0.05,0.12,-0.394791,1.27208,2.2781,-1.05435,0.394791
-0.03,-0.05,0.13,-0.367174,1.16606,2.13365,-1.01593,0.367174
-0.03,-0.05,0.14,-0.343024,1.06235,1.98466,-0.970647,0.343024
-0.03,-0.05,0.15,-0.321751,0.958113,1.82894,-0.919155,0.321751
-0.03,-0.05,0.16,-0.302885,0.850773,1.66381,-0.861369,0.302885
-0.03,-0.05,0.17,-0.286051,0.737388,1.48554,-0.796483,0.286051
-0.03,-0.05,0.18,-0.270947,0.613829,1.28816,-0.72266,0.270947
-0.03,-0.05,0.19,-0.257324,0.472881,1.06055,-0.636,0.257324
-0.03,-0.05,0.2,-0.244979,0.297659,0.776013,-0.526686,0.244979
-0.03,-0.05,0.21,-0.233743,0.0044524,0.301522,-0.345401,0.233743
-0.03,-0.04,0.1,-0.380506,1.57421,2.63023,-1.10435,0.380506
-0.03,-0.04,0.11,-0.348771,1.43429,2.47945,-1.0935,0.348771
-0.03,-0.04,0.12,-0.321751,1.31384,2.3324,-1.06689,0.321751
-0.03,-0.04,0.13,-0.298499,1.20283,2.18474,-1.03025,0.298499
-0.03,-0.04,0.14,-0.2783,1.096,2.03374,-0.986069,0.2783
-0.03,-0.04,0.15,-0.260602,0.98991,1.87699,-0.935408,0.260602
-0.03,-0.04,0.16,-0.244979,0.881706,1.71181,-0.878438,0.244979
-0.03,-0.04,0.17,-0.231091,0.768431,1.53467,-0.814568,0.231091
-0.03,-0.04,0.18,-0.218669,0.646207,1.34012,-0.742248,0.218669
-0.03,-0.04,0.19,-0.207496,0.508666,1.1185,-0.65817,0.207496
-0.03,-0.04,0.2,-0.197396,0.342076,0.848192,-0.554448,0.197396
-0.03,-0.04,0.21,-0.188222,0.0949498,0.447348,-0.40073,0.188222
-0.03,-0.03,0.1,-0.291457,1.63261,2.68639,-1.10211,0.291457
-0.03,-0.03,0.11,-0.266252,1.47661,2.52744,-1.09916,0.266252
-0.03,-0.03,0.12,-0.244979,1.34811,2.37574,-1.07596,0.244979
-0.03,-0.03,0.13,-0.226799,1.23244,2.22515,-1.04104,0.226799
-0.03,-0.03,0.14,-0.211093,1.12276,2.07228,-0.997849,0.211093
-0.03,-0.03,0.15,-0.197396,1.01495,1.9145,-0.947884,0.197396
-0.03,-0.03,0.16,-0.185348,0.905864,1.74908,-0.891546,0.185348
-0.03,-0.03,0.17,-0.174672,0.792479,1.57257,-0.828423,0.174672
-0.03,-0.03,0.18,-0.165149,0.671051,1.37989,-0.757172,0.165149
-0.03,-0.03,0.19,-0.156602,0.535734,1.16228,-0.674875,0.156602
-0.03,-0.03,0.2,-0.14889,0.37463,0.901087,-0.574789,0.14889
-0.03,-0.03,0.21,-0.141897,0.149123,0.534972,-0.434182,0.141897
-0.03,-0.02,0.1,-0.197396,1.6803,2.72931,-1.09734,0.197396
-0.03,-0.02,0.11,-0.179853,1.50917,2.56296,-1.10213,0.179853
-0.03,-0.02,0.12,-0.165149,1.37373,2.40739,-1.08199,0.165149
-0.03,-0.02,0.13,-0.152649,1.25423,2.25441,-1.04852,0.152649
-0.03,-0.02,0.14,-0.141897,1.14224,2.10004,-1.00614,0.141897
-0.03,-0.02,0.15,-0.132552,1.03303,1.9414,-0.956703,0.132552
-0.03,-0.02,0.16,-0.124355,0.923196,1.77568,-0.900821,0.124355
-0.03,-0.02,0.17,-0.117109,0.809628,1.59951,-0.838213,0.117109
-0.03,-0.02,0.18,-0.110657,0.688646,1.40799,-0.767678,0.110657
-0.03,-0.02,0.19,-0.104877,0.554714,1.19293,-0.686549,0.104877
-0.03,-0.02,0.2,-0.0996687,0.39701,0.937439,-0.588762,0.0996687
-0.03,-0.02,0.21,-0.0949517,0.18319,0.590174,-0.455316,0.0949517
-0.03,-0.01,0.1,-0.0996687,1.71214,2.75653,-1.09273,0.0996687
-0.03,-0.01,0.11,-0.0906599,1.52983,2.58487,-1.10337,0.0906599
-0.03,-0.01,0.12,-0.0831412,1.38963,2.42669,-1.08539,0.0831412
-0.03,-0.01,0.13,-0.0767719,1.26758,2.27216,-1.05291,0.0767719
-0.03,-0.01,0.14,-0.0713075,1.15408,2.1168,-1.01105,0.0713075
-0.03,-0.01,0.15,-0.0665682,1.04396,1.95759,-0.961957,0.0665682
-0.03,-0.01,0.16,-0.0624188,0.933632,1.79165,-0.906352,0.0624188
-0.03,-0.01,0.17,-0.0587558,0.819912,1.61563,-0.844046,0.0587558
-0.03,-0.01,0.18,-0.0554985,0.69915,1.42474,-0.773925,0.0554985
-0.03,-0.01,0.19,-0.0525831,0.565976,1.2111,-0.693459,0.0525831
-0.03,-0.01,0.2,-0.0499584,0.410132,0.958748,-0.596948,0.0499584
-0.03,-0.01,0.21,-0.0475831,0.202289,0.621149,-0.467192,0.0475831
-0.03,-1.04083e-17,0.1,-1.04083e-16,1.7234,2.76589,-1.09082,1.04083e-16
-0.03,-1.04083e-17,0.11,-9.46213e-17,1.53693,2.59228,-1.10368,9.46213e-17
-0.03,-1.04083e-17,0.12,-8.67362e-17,1.39503,2.43318,-1.08648,8.67362e-17
-0.03,-1.04083e-17,0.13,-8.00642e-17,1.27208,2.2781,-1.05435,8.00642e-17
-0.03,-1.04083e-17,0.14,-7.43453e-17,1.15806,2.12241,-1.01268,7.43453e-17
-0.03,-1.04083e-17,0.15,-6.93889e-17,1.04762,1.96299,-0.963702,6.93889e-17
-0.03,-1.04083e-17,0.16,-6.50521e-17,0.937118,1.79698,-0.908189,6.50521e-17
-0.03,-1.04083e-17,0.17,-6.12255e-17,0.82334,1.62099,-0.845984,6.12255e-17
-0.03,-1.04083e-17,0.18,-5.78241e-17,0.702644,1.43031,-0.775997,5.78241e-17
-0.03,-1.04083e-17,0.19,-5.47807e-17,0.56971,1.21712,-0.695747,5.47807e-17
-0.03,-1.04083e-17,0.2,-5.20417e-17,0.414459,0.965773,-0.599646,5.20417e-17
-0.03,-1.04083e-17,0.21,-4.95635e-17,0.208467,0.631171,-0.471036,4.95635e-17
-0.03,0.01,0.1,0.0996687,1.71214,2.75653,-1.09273,-0.0996687
-0.03,0.01,0.11,0.0906599,1.52983,2.58487,-1.10337,-0.0906599
-0.03,0.01,0.12,0.0831412,1.38963,2.42669,-1.08539,-0.0831412
-0.03,0.01,0.13,0.0767719,1.26758,2.27216,-1.05291,-0.0767719
-0.03,0.01,0.14,0.0713075,1.15408,2.1168,-1.01105,-0.0713075
-0.03,0.01,0.15,0.0665682,1.04396,1.95759,-0.961957,-0.0665682
-0.03,0.01,0.16,0.0624188,0.933632,1.79165,-0.906352,-0.0624188
-0.03,0.01,0.17,0.0587558,0.819912,1.61563,-0.844046,-0.0587558
-0.03,0.01,0.18,0.0554985,0.69915,1.42474,-0.773925,-0.0554985
-0.03,0.01,0.19,0.0525831,0.565976,1.2111,-0.693459,-0.0525831
-0.03,0.01,0.2,0.0499584,0.410132,0.958748,-0.596948,-0.0499584
-0.03,0.01,0.21,0.0475831,0.202289,0.621149,-0.467192,-0.0475831
-0.03,0.02,0.1,0.197396,1.6803,2.72931,-1.09734,-0.197396
-0.03,0.02,0.11,0.179853,1.50917,2.56296,-1.10213,-0.179853
-0.03,0.02,0.12,0.165149,1.37373,2.40739,-1.08199,-0.165149
-0.03,0.02,0.13,0.152649,1.25423,2.25441,-1.04852,-0.152649
-0.03,0.02,0.14,0.141897,1.14224,2.10004,-1.00614,-0.141897
-0.03,0.02,0.15,0.132552,1.03303,1.9414,-0.956703,-0.132552
-0.03,0.02,0.16,0.124355,0.923196,1.77568,-0.900821,-0.124355
-0.03,0.02,0.17,0.117109,0.809628,1.59951,-0.838213,-0.117109
-0.03,0.02,0.18,0.110657,0.688646,1.40799,-0.767678,-0.110657
-0.03,0.02,0.19,0.104877,0.554714,1.19293,-0.686549,-0.104877
-0.03,0.02,0.2,0.0996687,0.39701,0.937439,-0.588762,-0.0996687
-0.03,0.02,0.21,0.0949517,0.18319,0.590174,-0.455316,-0.0949517
-0.03,0.03,0.1,0.291457,1.63261,2.68639,-1.10211,-0.291457
-0.03,0.03,0.11,0.266252,1.47661,2.52744,-1.09916,-0.266252
-0.03,0.03,0.12,0.244979,1.34811,2.37574,-1.07596,-0.244979
-0.03,0.03,0.13,0.226799,1.23244,2.22515,-1.04104,-0.226799
-0.03,0.03,0.14,0.211093,1.12276,2.07228,-0.997849,-0.211093
-0.03,0.03,0.15,0.197396,1.01495,1.9145,-0.947884,-0.197396
-0.03,0.03,0.16,0.185348,0.905864,1.74908,-0.891546,-0.185348
-0.03,0.03,0.17,0.174672,0.792479,1.57257,-0.828423,-0.174672
-0.03,0.03,0.18,0.165149,0.671051,1.37989,-0.757172,-0.165149
-0.03,0.03,0.19,0.156602,0.535734,1.16228,-0.674875,-0.156602
-0.03,0.03,0.2,0.14889,0.37463,0.901087,-0.574789,-0.14889
-0.03,0.03,0.21,0.141897,0.149123,0.534972,-0.434182,-0.141897
-0.03,0.04,0.1,0.380506,1.57421,2.63023,-1.10435,-0.380506
-0.03,0.04,0.11,0.348771,1.43429,2.47945,-1.0935,-0.348771
-0.03,0.04,0.12,0.321751,1.31384,2.3324,-1.06689,-0.321751
-0.03,0.04,0.13,0.298499,1.20283,2.18474,-1.03025,-0.298499
-0.03,0.04,0.14,0.2783,1.096,2.03374,-0.986069,-0.2783
-0.03,0.04,0.15,0.260602,0.98991,1.87699,-0.935408,-0.260602
-0.03,0.04,0.16,0.244979,0.881706,1.71181,-0.878438,-0.244979
-0.03,0.04,0.17,0.231091,0.768431,1.53467,-0.814568,-0.231091
-0.03,0.04,0.18,0.218669,0.646207,1.34012,-0.742248,-0.218669
-0.03,0.04,0.19,0.207496,0.508666,1.1185,-0.65817,-0.207496
-0.03,0.04,0.2,0.197396,0.342076,0.848192,-0.554448,-0.197396
-0.03,0.04,0.21,0.188222,0.0949498,0.447348,-0.40073,-0.188222
-0.03,0.05,0.1,0.463648,1.50917,2.56296,-1.10213,-0.463648
-0.03,0.05,0.11,0.426627,1.38429,2.42023,-1.08427,-0.426627
-0.03,0.05,0.12,0.394791,1.27208,2.2781,-1.05435,-0.394791
-0.03,0.05,0.13,0.367174,1.16606,2.13365,-1.01593,-0.367174
-0.03,0.05,0.14,0.343024,1.06235,1.98466,-0.970647,-0.343024
-0.03,0.05,0.15,0.321751,0.958113,1.82894,-0.919155,-0.321751
-0.03,0.05,0.16,0.302885,0.850773,1.66381,-0.861369,-0.302885
-0.03,0.05,0.17,0.286051,0.737388,1.48554,-0.796483,-0.286051
-0.03,0.05,0.18,0.270947,0.613829,1.28816,-0.72266,-0.270947
-0.03,0.05,0.19,0.257324,0.472881,1.06055,-0.636,-0.257324
-0.03,0.05,0.2,0.244979,0.297659,0.776013,-0.526686,-0.244979
-0.03,0.05,0.21,0.233743,0.0044524,0.301522,-0.345401,-0.233743
-0.03,0.06,0.1,0.54042,1.44013,2.48619,-1.0944,-0.54042
-0.03,0.06,0.11,0.499347,1.32831,2.35084,-1.07086,-0.499347
-0.03,0.06,0.12,0.463648,1.22388,2.21354,-1.03799,-0.463648
-0.03,0.06,0.13,0.432408,1.12276,2.07228,-0.997849,-0.432408
-0.03,0.06,0.14,0.404892,1.02216,1.92525,-0.951421,-0.404892
-0.03,0.06,0.15,0.380506,0.919723,1.77036,-0.898972,-0.380506
-0.03,0.06,0.16,0.358771,0.813056,1.60488,-0.840161,-0.358771
-0.03,0.06,0.17,0.339293,0.69915,1.42474,-0.773925,-0.339293
-0.03,0.06,0.18,0.321751,0.573435,1.22313,-0.698028,-0.321751
-0.03,0.06,0.19,0.305879,0.427305,0.986626,-0.607653,-0.305879
-0.03,0.06,0.2,0.291457,0.238123,0.679305,-0.489515,-0.291457
-0.03,0.07,0.1,0.610726,1.36852,2.40101,-1.08082,-0.610726
-0.03,0.07,0.11,0.566729,1.26758,2.27216,-1.05291,-0.566729
-0.03,0.07,0.12,0.528074,1.17008,2.13928,-1.01754,-0.528074
-0.03,0.07,0.13,0.493941,1.07348,2.00097,-0.97582,-0.493941
-0.03,0.07,0.14,0.463648,0.975728,1.85561,-0.928214,-0.463648
-0.03,0.07,0.15,0.436627,0.874822,1.70116,-0.874666,-0.436627
-0.03,0.07,0.16,0.41241,0.768431,1.53467,-0.814568,-0.41241
-0.03,0.07,0.17,0.390607,0.653333,1.35154,-0.746539,-0.390607
-0.03,0.07,0.18,0.370891,0.524208,1.14365,-0.667769,-0.370891
-0.03,0.07,0.19,0.35299,0.370072,0.893681,-0.571941,-0.35299
-0.03,0.07,0.2,0.336675,0.156191,0.54642,-0.438561,-0.336675
-0.03,0.08,0.1,0.674741,1.29499,2.30808,-1.06143,-0.674741
-0.03,0.08,0.11,0.628796,1.20283,2.18474,-1.03025,-0.628796
-0.03,0.08,0.12,0.588003,1.11123,2.05572,-0.992825,-0.588003
-0.03,0.08,0.13,0.551655,1.01855,1.91987,-0.949654,-0.551655
-0.03,0.08,0.14,0.519146,0.923196,1.77568,-0.900821,-0.519146
-0.03,0.08,0.15,0.489957,0.82334,1.62099,-0.845984,-0.489957
-0.03,0.08,0.16,0.463648,0.71658,1.45249,-0.784244,-0.463648
-0.03,0.08,0.17,0.439843,0.599255,1.26472,-0.713796,-0.439843
-0.03,0.08,0.18,0.418224,0.464757,1.04738,-0.630955,-0.418224
-0.03,0.08,0.19,0.398522,0.297659,0.776013,-0.526686,-0.398522
-0.03,0.08,0.2,0.380506,0.0278704,0.33918,-0.359642,-0.380506
-0.03,0.09,0.1,0.732815,1.21963,2.20775,-1.03645,-0.732815
-0.03,0.09,0.11,0.68573,1.13441,2.08891,-1.00283,-0.68573
-0.03,0.09,0.12,0.643501,1.04762,1.96299,-0.963702,-0.643501
-0.03,0.09,0.13,0.605545,0.958113,1.82894,-0.919155,-0.605545
-0.03,0.09,0.14,0.571337,0.864507,1.68516,-0.868985,-0.571337
-0.03,0.09,0.15,0.54042,0.76499,1.52923,-0.812574,-0.54042
-0.03,0.09,0.16,0.512389,0.656887,1.35723,-0.748676,-0.512389
-0.03,0.09,0.17,0.486899,0.535734,1.16228,-0.674875,-0.486899
-0.03,0.09,0.18,0.463648,0.392587,0.930255,-0.586001,-0.463648
-0.03,0.09,0.19,0.442374,0.202289,0.621149,-0.467192,-0.442374
-0.03,0.1,0.1,0.785398,1.14224,2.10004,-1.00614,-0.785398
-0.03,0.1,0.11,0.737815,1.06235,1.98466,-0.970647,-0.737815
-0.03,0.1,0.12,0.694738,0.979266,1.86095,-0.930017,-0.694738
-0.03,0.1,0.13,0.655696,0.892046,1.72779,-0.884073,-0.655696
-0.03,0.1,0.14,0.620249,0.799341,1.58336,-0.832349,-0.620249
-0.03,0.1,0.15,0.588003,0.69915,1.42474,-0.773925,-0.588003
-0.03,0.1,0.16,0.558599,0.588241,1.24699,-0.70708,-0.558599
-0.03,0.1,0.17,0.531724,0.460669,1.04075,-0.628415,-0.531724
-0.03,0.1,0.18,0.507099,0.302759,0.784301,-0.529874,-0.507099
-0.03,0.1,0.19,0.484478,0.058848,0.389081,-0.378565,-0.484478
-0.02,-0.1,0.1,-0.785398,1.29634,2.1474,-0.899388,0.785398
-0.02,-0.1,0.11,-0.737815,1.20348,2.02912,-0.873978,0.737815
-0.02,-0.1,0.12,-0.694738,1.10947,1.90329,-0.842149,0.694738
-0.02,-0.1,0.13,-0.655696,1.01308,1.76873,-0.803984,0.655696
-0.02,-0.1,0.14,-0.620249,0.91276,1.62368,-0.759251,0.620249
-0.02,-0.1,0.15,-0.588003,0.806428,1.46536,-0.707267,0.588003
-0.02,-0.1,0.16,-0.558599,0.690943,1.28921,-0.646597,0.558599
-0.02,-0.1,0.17,-0.531724,0.560855,1.08685,-0.574329,0.531724
-0.02,-0.1,0.18,-0.507099,0.404444,0.839835,-0.483723,0.507099
-0.02,-0.1,0.19,-0.484478,0.181572,0.484385,-0.351145,0.484478
-0.02,-0.09,0.1,-0.732815,1.38915,2.25887,-0.918051,0.732815
-0.02,-0.09,0.11,-0.68573,1.28712,2.13595,-0.897155,0.68573
-0.02,-0.09,0.12,-0.643501,1.18664,2.00701,-0.868707,0.643501
-0.02,-0.09,0.13,-0.605545,1.08589,1.87086,-0.833297,0.605545
-0.02,-0.09,0.14,-0.571337,0.983066,1.72583,-0.791095,0.571337
-0.02,-0.09,0.15,-0.54042,0.876075,1.56954,-0.741798,0.54042
-0.02,-0.09,0.16,-0.512389,0.762158,1.39829,-0.684468,0.512389
-0.02,-0.09,0.17,-0.486899,0.63704,1.20579,-0.617082,0.486899
-0.02,-0.09,0.18,-0.463648,0.492712,0.979627,-0.535247,0.463648
-0.02,-0.09,0.19,-0.442374,0.308679,0.687376,-0.427029,0.442374
-0.02,-0.08,0.1,-0.674741,1.48284,2.36396,-0.929451,0.674741
-0.02,-0.08,0.11,-0.628796,1.36873,2.23495,-0.914556,0.628796
-0.02,-0.08,0.12,-0.588003,1.25998,2.10184,-0.890201,0.588003
-0.02,-0.08,0.13,-0.551655,1.15363,1.96311,-0.857814,0.551655
-0.02,-0.08,0.14,-0.519146,1.04726,1.81703,-0.818104,0.519146
-0.02,-0.08,0.15,-0.489957,0.93854,1.66139,-0.771184,0.489957
-0.02,-0.08,0.16,-0.463648,0.824784,1.49299,-0.716534,0.463648
-0.02,-0.08,0.17,-0.439843,0.702312,1.30671,-0.652733,0.439843
-0.02,-0.08,0.18,-0.418224,0.564976,1.09331,-0.576669,0.418224
-0.02,-0.08,0.19,-0.398522,0.399498,0.831977,-0.480812,0.398522
-0.02,-0.08,0.2,-0.380506,0.156748,0.44472,-0.336304,0.380506
-0.02,-0.07,0.1,-0.610726,1.57824,2.46286,-0.932959,0.610726
-0.02,-0.07,0.11,-0.566729,1.44834,2.32616,-0.926154,0.566729
-0.02,-0.07,0.12,-0.528074,1.32937,2.18787,-0.906836,0.528074
-0.02,-0.07,0.13,-0.493941,1.21626,2.04578,-0.87785,0.493941
-0.02,-0.07,0.14,-0.463648,1.10552,1.89787,-0.840688,0.463648
-0.02,-0.07,0.15,-0.436627,0.994284,1.74192,-0.795965,0.436627
-0.02,-0.07,0.16,-0.41241,0.879739,1.57497,-0.743565,0.41241
-0.02,-0.07,0.17,-0.390607,0.758449,1.39265,-0.682531,0.390607
-0.02,-0.07,0.18,-0.370891,0.625274,1.1875,-0.610554,0.370891
-0.02,-0.07,0.19,-0.35299,0.470399,0.944373,-0.522307,0.35299
-0.02,-0.07,0.2,-0.336675,0.266229,0.61963,-0.401733,0.336675
-0.02,-0.06,0.1,-0.54042,1.67587,2.55549,-0.927948,0.54042
-0.02,-0.06,0.11,-0.499347,1.52554,2.40925,-0.932047,0.499347
-0.02,-0.06,0.12,-0.463648,1.39434,2.26489,-0.918883,0.463648
-0.02,-0.06,0.13,-0.432408,1.27346,2.11885,-0.893725,0.432408
-0.02,-0.06,0.14,-0.404892,1.15771,1.96858,-0.8592,0.404892
-0.02,-0.06,0.15,-0.380506,1.04344,1.81166,-0.816555,0.380506
-0.02,-0.06,0.16,-0.358771,0.927477,1.64524,-0.766098,0.358771
-0.02,-0.06,0.17,-0.339293,0.806428,1.46536,-0.707267,0.339293
-0.02,-0.06,0.18,-0.321751,0.675693,1.26568,-0.638315,0.321751
-0.02,-0.06,0.19,-0.305879,0.52734,1.0342,-0.555195,0.305879
-0.02,-0.06,0.2,-0.291457,0.342393,0.74112,-0.447059,0.291457
-0.02,-0.06,0.21,-0.2783,0.00366717,0.200487,-0.245152,0.2783
-0.02,-0.05,0.1,-0.463648,1.77574,2.64144,-0.914035,0.463648
-0.02,-0.05,0.11,-0.426627,1.59929,2.48357,-0.932612,0.426627
-0.02,-0.05,0.12,-0.394791,1.45397,2.3324,-0.926764,0.394791
-0.02,-0.05,0.13,-0.367174,1.32458,2.18205,-0.905809,0.367174
-0.02,-0.05,0.14,-0.343024,1.20348,2.02912,-0.873978,0.343024
-0.02,-0.05,0.15,-0.321751,1.08589,1.87086,-0.833297,0.321751
-0.02,-0.05,0.16,-0.302885,0.968167,1.70437,-0.784534,0.302885
-0.02,-0.05,0.17,-0.286051,0.846774,1.52592,-0.727482,0.286051
-0.02,-0.05,0.18,-0.270947,0.71739,1.32988,-0.66082,0.270947
-0.02,-0.05,0.19,-0.257324,0.573176,1.10616,-0.581317,0.257324
-0.02,-0.05,0.2,-0.244979,0.399498,0.831977,-0.480812,0.244979
-0.02,-0.05,0.21,-0.233743,0.138963,0.416306,-0.325675,0.233743
-0.02,-0.04,0.1,-0.380506,1.87666,2.71984,-0.891512,0.380506
-0.02,-0.04,0.11,-0.348771,1.6677,2.54807,-0.928698,0.348771
-0.02,-0.04,0.12,-0.321751,1.50689,2.38967,-0.931116,0.321751
-0.02,-0.04,0.13,-0.298499,1.36873,2.23495,-0.914556,0.298499
-0.02,-0.04,0.14,-0.2783,1.24227,2.07931,-0.885368,0.2783
-0.02,-0.04,0.15,-0.260602,1.12138,1.91955,-0.846495,0.260602
-0.02,-0.04,0.16,-0.244979,1.00179,1.75264,-0.799187,0.244979
-0.02,-0.04,0.17,-0.231091,0.879739,1.57497,-0.743565,0.231091
-0.02,-0.04,0.18,-0.218669,0.751022,1.38133,-0.678639,0.218669
-0.02,-0.04,0.19,-0.207496,0.609447,1.16284,-0.601728,0.207496
-0.02,-0.04,0.2,-0.197396,0.442823,0.900723,-0.506232,0.197396
-0.02,-0.04,0.21,-0.188222,0.211978,0.532972,-0.369325,0.188222
-0.02,-0.03,0.1,-0.291457,1.97518,2.78896,-0.86212,0.291457
-0.02,-0.03,0.11,-0.266252,1.72784,2.6013,-0.921789,0.266252
-0.02,-0.03,0.12,-0.244979,1.55131,2.43579,-0.93281,0.244979
-0.02,-0.03,0.13,-0.226799,1.40483,2.27699,-0.920493,0.226799
-0.02,-0.03,0.14,-0.211093,1.27346,2.11885,-0.893725,0.211093
-0.02,-0.03,0.15,-0.197396,1.14956,1.95765,-0.856422,0.197396
-0.02,-0.03,0.16,-0.185348,1.02821,1.79019,-0.81031,0.185348
-0.02,-0.03,0.17,-0.174672,0.905412,1.61288,-0.755799,0.174672
-0.02,-0.03,0.18,-0.165149,0.776958,1.42078,-0.692157,0.165149
-0.02,-0.03,0.19,-0.156602,0.63704,1.20579,-0.617082,0.156602
-0.02,-0.03,0.2,-0.14889,0.474907,0.951501,-0.524926,0.14889
-0.02,-0.03,0.21,-0.141897,0.259829,0.60941,-0.397913,0.141897
-0.02,-0.02,0.1,-0.197396,2.06368,2.84558,-0.830228,0.197396
-0.02,-0.02,0.11,-0.179853,1.77574,2.64144,-0.914035,0.179853
-0.02,-0.02,0.12,-0.165149,1.58517,2.46973,-0.932889,0.165149
-0.02,-0.02,0.13,-0.152649,1.43171,2.30757,-0.924187,0.152649
-0.02,-0.02,0.14,-0.141897,1.29634,2.1474,-0.899388,0.141897
-0.02,-0.02,0.15,-0.132552,1.17003,1.98501,-0.863317,0.132552
-0.02,-0.02,0.16,-0.124355,1.04726,1.81703,-0.818104,0.124355
-0.02,-0.02,0.17,-0.117109,0.923795,1.63986,-0.764394,0.117109
-0.02,-0.02,0.18,-0.110657,0.795394,1.4487,-0.701642,0.110657
-0.02,-0.02,0.19,-0.104877,0.656468,1.23593,-0.627797,0.104877
-0.02,-0.02,0.2,-0.0996687,0.497109,0.986566,-0.537789,0.0996687
-0.02,-0.02,0.21,-0.0949517,0.290952,0.659094,-0.416474,0.0949517
-0.02,-0.01,0.1,-0.0996687,2.12867,2.88426,-0.803919,0.0996687
-0.02,-0.01,0.11,-0.0906599,1.80697,2.66658,-0.907939,0.0906599
-0.02,-0.01,0.12,-0.0831412,1.60648,2.49055,-0.932401,0.0831412
-0.02,-0.01,0.13,-0.0767719,1.44834,2.32616,-0.926154,0.0767719
-0.02,-0.01,0.14,-0.0713075,1.31035,2.16467,-0.902653,0.0713075
-0.02,-0.01,0.15,-0.0665682,1.18247,2.0015,-0.86737,0.0665682
-0.02,-0.01,0.16,-0.0624188,1.05877,1.83316,-0.822718,0.0624188
-0.02,-0.01,0.17,-0.0587558,0.93485,1.65601,-0.769493,0.0587558
-0.02,-0.01,0.18,-0.0554985,0.806428,1.46536,-0.707267,0.0554985
-0.02,-0.01,0.19,-0.0525831,0.668026,1.25382,-0.634131,0.0525831
-0.02,-0.01,0.2,-0.0499584,0.510179,1.00718,-0.545331,0.0499584
-0.02,-0.01,0.21,-0.0475831,0.308679,0.687376,-0.427029,0.0475831
-0.02,-1.04083e-17,0.1,-1.04083e-16,2.15322,2.89829,-0.793408,1.04083e-16
-0.02,-1.04083e-17,0.11,-9.46213e-17,1.81787,2.67516,-0.905624,9.46213e-17
-0.02,-1.04083e-17,0.12,-8.67362e-17,1.61377,2.49758,-0.932139,8.67362e-17
-0.02,-1.04083e-17,0.13,-8.00642e-17,1.45397,2.3324,-0.926764,8.00642e-17
-0.02,-1.04083e-17,0.14,-7.43453e-17,1.31507,2.17045,-0.903717,7.43453e-17
-0.02,-1.04083e-17,0.15,-6.93889e-17,1.18664,2.00701,-0.868707,6.93889e-17
-0.02,-1.04083e-17,0.16,-6.50521e-17,1.06262,1.83854,-0.824245,6.50521e-17
-0.02,-1.04083e-17,0.17,-6.12255e-17,0.93854,1.66139,-0.771184,6.12255e-17
-0.02,-1.04083e-17,0.18,-5.78241e-17,0.810103,1.4709,-0.709131,5.78241e-17
-0.02,-1.04083e-17,0.19,-5.47807e-17,0.671863,1.25976,-0.636227,5.47807e-17
-0.02,-1.04083e-17,0.2,-5.20417e-17,0.514497,1.01398,-0.547817,5.20417e-17
-0.02,-1.04083e-17,0.21,-4.95635e-17,0.31445,0.69658,-0.430462,4.95635e-17
-0.02,0.01,0.1,0.0996687,2.12867,2.88426,-0.803919,-0.0996687
-0.02,0.01,0.11,0.0906599,1.80697,2.66658,-0.907939,-0.0906599
-0.02,0.01,0.12,0.0831412,1.60648,2.49055,-0.932401,-0.0831412
-0.02,0.01,0.13,0.0767719,1.44834,2.32616,-0.926154,-0.0767719
-0.02,0.01,0.14,0.0713075,1.31035,2.16467,-0.902653,-0.0713075
-0.02,0.01,0.15,0.0665682,1.18247,2.0015,-0.86737,-0.0665682
-0.02,0.01,0.16,0.0624188,1.05877,1.83316,-0.822718,-0.0624188
-0.02,0.01,0.17,0.0587558,0.93485,1.65601,-0.769493,-0.0587558
-0.02,0.01,0.18,0.0554985,0.806428,1.46536,-0.707267,-0.0554985
-0.02,0.01,0.19,0.0525831,0.668026,1.25382,-0.634131,-0.0525831
-0.02,0.01,0.2,0.0499584,0.510179,1.00718,-0.545331,-0.0499584
-0.02,0.01,0.21,0.0475831,0.308679,0.687376,-0.427029,-0.0475831
-0.02,0.02,0.1,0.197396,2.06368,2.84558,-0.830228,-0.197396
-0.02,0.02,0.11,0.179853,1.77574,2.64144,-0.914035,-0.179853
-0.02,0.02,0.12,0.165149,1.58517,2.46973,-0.932889,-0.165149
-0.02,0.02,0.13,0.152649,1.43171,2.30757,-0.924187,-0.152649
-0.02,0.02,0.14,0.141897,1.29634,2.1474,-0.899388,-0.141897
-0.02,0.02,0.15,0.132552,1.17003,1.98501,-0.863317,-0.132552
-0.02,0.02,0.16,0.124355,1.04726,1.81703,-0.818104,-0.124355
-0.02,0.02,0.17,0.117109,0.923795,1.63986,-0.764394,-0.117109
-0.02,0.02,0.18,0.110657,0.795394,1.4487,-0.701642,-0.110657
-0.02,0.02,0.19,0.104877,0.656468,1.23593,-0.627797,-0.104877
-0.02,0.02,0.2,0.0996687,0.497109,0.986566,-0.537789,-0.0996687
-0.02,0.02,0.21,0.0949517,0.290952,0.659094,-0.416474,-0.0949517
-0.02,0.03,0.1,0.291457,1.97518,2.78896,-0.86212,-0.291457
-0.02,0.03,0.11,0.266252,1.72784,2.6013,-0.921789,-0.266252
-0.02,0.03,0.12,0.244979,1.55131,2.43579,-0.93281,-0.244979
-0.02,0.03,0.13,0.226799,1.40483,2.27699,-0.920493,-0.226799
-0.02,0.03,0.14,0.211093,1.27346,2.11885,-0.893725,-0.211093
-0.02,0.03,0.15,0.197396,1.14956,1.95765,-0.856422,-0.197396
-0.02,0.03,0.16,0.185348,1.02821,1.79019,-0.81031,-0.185348
-0.02,0.03,0.17,0.174672,0.905412,1.61288,-0.755799,-0.174672
-0.02,0.03,0.18,0.165149,0.776958,1.42078,-0.692157,-0.165149
-0.02,0.03,0.19,0.156602,0.63704,1.20579,-0.617082,-0.156602
-0.02,0.03,0.2,0.14889,0.474907,0.951501,-0.524926,-0.14889
-0.02,0.03,0.21,0.141897,0.259829,0.60941,-0.397913,-0.141897
-0.02,0.04,0.1,0.380506,1.87666,2.71984,-0.891512,-0.380506
-0.02,0.04,0.11,0.348771,1.6677,2.54807,-0.928698,-0.348771
-0.02,0.04,0.12,0.321751,1.50689,2.38967,-0.931116,-0.321751
-0.02,0.04,0.13,0.298499,1.36873,2.23495,-0.914556,-0.298499
-0.02,0.04,0.14,0.2783,1.24227,2.07931,-0.885368,-0.2783
-0.02,0.04,0.15,0.260602,1.12138,1.91955,-0.846495,-0.260602
-0.02,0.04,0.16,0.244979,1.00179,1.75264,-0.799187,-0.244979
-0.02,0.04,0.17,0.231091,0.879739,1.57497,-0.743565,-0.231091
-0.02,0.04,0.18,0.218669,0.751022,1.38133,-0.678639,-0.218669
-0.02,0.04,0.19,0.207496,0.609447,1.16284,-0.601728,-0.207496
-0.02,0.04,0.2,0.197396,0.442823,0.900723,-0.506232,-0.197396
-0.02,0.04,0.21,0.188222,0.211978,0.532972,-0.369325,-0.188222
-0.02,0.05,0.1,0.463648,1.77574,2.64144,-0.914035,-0.463648
-0.02,0.05,0.11,0.426627,1.59929,2.48357,-0.932612,-0.426627
-0.02,0.05,0.12,0.394791,1.45397,2.3324,-0.926764,-0.394791
-0.02,0.05,0.13,0.367174,1.32458,2.18205,-0.905809,-0.367174
-0.02,0.05,0.14,0.343024,1.20348,2.02912,-0.873978,-0.343024
-0.02,0.05,0.15,0.321751,1.08589,1.87086,-0.833297,-0.321751
-0.02,0.05,0.16,0.302885,0.968167,1.70437,-0.784534,-0.302885
-0.02,0.05,0.17,0.286051,0.846774,1.52592,-0.727482,-0.286051
-0.02,0.05,0.18,0.270947,0.71739,1.32988,-0.66082,-0.270947
-0.02,0.05,0.19,0.257324,0.573176,1.10616,-0.581317,-0.257324
-0.02,0.05,0.2,0.244979,0.399498,0.831977,-0.480812,-0.244979
-0.02,0.05,0.21,0.233743,0.138963,0.416306,-0.325675,-0.233743
-0.02,0.06,0.1,0.54042,1.67587,2.55549,-0.927948,-0.54042
-0.02,0.06,0.11,0.499347,1.52554,2.40925,-0.932047,-0.499347
-0.02,0.06,0.12,0.463648,1.39434,2.26489,-0.918883,-0.463648
-0.02,0.06,0.13,0.432408,1.27346,2.11885,-0.893725,-0.432408
-0.02,0.06,0.14,0.404892,1.15771,1.96858,-0.8592,-0.404892
-0.02,0.06,0.15,0.380506,1.04344,1.81166,-0.816555,-0.380506
-0.02,0.06,0.16,0.358771,0.927477,1.64524,-0.766098,-0.358771
-0.02,0.06,0.17,0.339293,0.806428,1.46536,-0.707267,-0.339293
-0.02,0.06,0.18,0.321751,0.675693,1.26568,-0.638315,-0.321751
-0.02,0.06,0.19,0.305879,0.52734,1.0342,-0.555195,-0.305879
-0.02,0.06,0.2,0.291457,0.342393,0.74112,-0.447059,-0.291457
-0.02,0.06,0.21,0.2783,0.00366717,0.200487,-0.245152,-0.2783
-0.02,0.07,0.1,0.610726,1.57824,2.46286,-0.932959,-0.610726
-0.02,0.07,0.11,0.566729,1.44834,2.32616,-0.926154,-0.566729
-0.02,0.07,0.12,0.528074,1.32937,2.18787,-0.906836,-0.528074
-0.02,0.07,0.13,0.493941,1.21626,2.04578,-0.87785,-0.493941
-0.02,0.07,0.14,0.463648,1.10552,1.89787,-0.840688,-0.463648
-0.02,0.07,0.15,0.436627,0.994284,1.74192,-0.795965,-0.436627
-0.02,0.07,0.16,0.41241,0.879739,1.57497,-0.743565,-0.41241
-0.02,0.07,0.17,0.390607,0.758449,1.39265,-0.682531,-0.390607
-0.02,0.07,0.18,0.370891,0.625274,1.1875,-0.610554,-0.370891
-0.02,0.07,0.19,0.35299,0.470399,0.944373,-0.522307,-0.35299
-0.02,0.07,0.2,0.336675,0.266229,0.61963,-0.401733,-0.336675
-0.02,0.08,0.1,0.674741,1.48284,2.36396,-0.929451,-0.674741
-0.02,0.08,0.11,0.628796,1.36873,2.23495,-0.914556,-0.628796
-0.02,0.08,0.12,0.588003,1.25998,2.10184,-0.890201,-0.588003
-0.02,0.08,0.13,0.551655,1.15363,1.96311,-0.857814,-0.551655
-0.02,0.08,0.14,0.519146,1.04726,1.81703,-0.818104,-0.519146
-0.02,0.08,0.15,0.489957,0.93854,1.66139,-0.771184,-0.489957
-0.02,0.08,0.16,0.463648,0.824784,1.49299,-0.716534,-0.463648
-0.02,0.08,0.17,0.439843,0.702312,1.30671,-0.652733,-0.439843
-0.02,0.08,0.18,0.418224,0.564976,1.09331,-0.576669,-0.418224
-0.02,0.08,0.19,0.398522,0.399498,0.831977,-0.480812,-0.398522
-0.02,0.08,0.2,0.380506,0.156748,0.44472,-0.336304,-0.380506
-0.02,0.09,0.1,0.732815,1.38915,2.25887,-0.918051,-0.732815
-0.02,0.09,0.11,0.68573,1.28712,2.13595,-0.897155,-0.68573
-0.02,0.09,0.12,0.643501,1.18664,2.00701,-0.868707,-0.643501
-0.02,0.09,0.13,0.605545,1.08589,1.87086,-0.833297,-0.605545
-0.02,0.09,0.14,0.571337,0.983066,1.72583,-0.791095,-0.571337
-0.02,0.09,0.15,0.54042,0.876075,1.56954,-0.741798,-0.54042
-0.02,0.09,0.16,0.512389,0.762158,1.39829,-0.684468,-0.512389
-0.02,0.09,0.17,0.486899,0.63704,1.20579,-0.617082,-0.486899
-0.02,0.09,0.18,0.463648,0.492712,0.979627,-0.535247,-0.463648
-0.02,0.09,0.19,0.442374,0.308679,0.687376,-0.427029,-0.442374
-0.02,0.1,0.1,0.785398,1.29634,2.1474,-0.899388,-0.785398
-0.02,0.1,0.11,0.737815,1.20348,2.02912,-0.873978,-0.737815
-0.02,0.1,0.12,0.694738,1.10947,1.90329,-0.842149,-0.694738
-0.02,0.1,0.13,0.655696,1.01308,1.76873,-0.803984,-0.655696
-0.02,0.1,0.14,0.620249,0.91276,1.62368,-0.759251,-0.620249
-0.02,0.1,0.15,0.588003,0.806428,1.46536,-0.707267,-0.588003
-0.02,0.1,0.16,0.558599,0.690943,1.28921,-0.646597,-0.558599
-0.02,0.1,0.17,0.531724,0.560855,1.08685,-0.574329,-0.531724
-0.02,0.1,0.18,0.507099,0.404444,0.839835,-0.483723,-0.507099
-0.02,0.1,0.19,0.484478,0.181572,0.484385,-0.351145,-0.484478
-0.01,-0.1,0.1,-0.785398,1.43962,2.17652,-0.785235,0.785398
-0.01,-0.1,0.11,-0.737815,1.33434,2.05627,-0.770264,0.737815
-0.01,-0.1,0.12,-0.694738,1.22982,1.92898,-0.747493,0.694738
-0.01,-0.1,0.13,-0.655696,1.12452,1.79345,-0.717267,0.655696
-0.01,-0.1,0.14,-0.620249,1.01666,1.64791,-0.679576,0.620249
-0.01,-0.1,0.15,-0.588003,0.904038,1.48965,-0.633941,0.588003
-0.01,-0.1,0.16,-0.558599,0.783475,1.31429,-0.579146,0.558599
-0.01,-0.1,0.17,-0.531724,0.649723,1.11398,-0.512586,0.531724
-0.01,-0.1,0.18,-0.507099,0.491972,0.871855,-0.428215,0.507099
-0.01,-0.1,0.19,-0.484478,0.276194,0.533989,-0.306127,0.484478
-0.01,-0.09,0.1,-0.732815,1.54715,2.29059,-0.791767,0.732815
-0.01,-0.09,0.11,-0.68573,1.42907,2.16484,-0.78411,0.68573
-0.01,-0.09,0.12,-0.643501,1.31547,2.03386,-0.766719,0.643501
-0.01,-0.09,0.13,-0.605545,1.2039,1.89627,-0.740702,0.605545
-0.01,-0.09,0.14,-0.571337,1.09208,1.75035,-0.706605,0.571337
-0.01,-0.09,0.15,-0.54042,0.977622,1.59372,-0.66443,0.54042
-0.01,-0.09,0.16,-0.512389,0.857614,1.42279,-0.613504,0.512389
-0.01,-0.09,0.17,-0.486899,0.727791,1.23155,-0.552091,0.486899
-0.01,-0.09,0.18,-0.463648,0.58055,1.00847,-0.476254,0.463648
-0.01,-0.09,0.19,-0.442374,0.397498,0.724644,-0.375478,0.442374
-0.01,-0.09,0.2,-0.422854,0.0664891,0.20217,-0.184013,0.422854
-0.01,-0.08,0.1,-0.674741,1.65842,2.39906,-0.788966,0.674741
-0.01,-0.08,0.11,-0.628796,1.52328,2.26604,-0.791098,0.628796
-0.01,-0.08,0.12,-0.588003,1.39813,2.13012,-0.780326,0.588003
-0.01,-0.08,0.13,-0.551655,1.27867,1.98942,-0.759078,0.551655
-0.01,-0.08,0.14,-0.519146,1.16166,1.84204,-0.728714,0.519146
-0.01,-0.08,0.15,-0.489957,1.04422,1.6857,-0.689805,0.489957
-0.01,-0.08,0.16,-0.463648,0.923366,1.51722,-0.642183,0.463648
-0.01,-0.08,0.17,-0.439843,0.795267,1.33168,-0.584743,0.439843
-0.01,-0.08,0.18,-0.418224,0.653926,1.12035,-0.514756,0.418224
-0.01,-0.08,0.19,-0.398522,0.487047,0.864215,-0.4255,0.398522
-0.01,-0.08,0.2,-0.380506,0.253372,0.497972,-0.292932,0.380506
-0.01,-0.07,0.1,-0.610726,1.77495,2.50235,-0.775735,0.610726
-0.01,-0.07,0.11,-0.566729,1.6171,2.35991,-0.791143,0.566729
-0.01,-0.07,0.12,-0.528074,1.4776,2.21784,-0.788572,0.528074
-0.01,-0.07,0.13,-0.493941,1.3487,2.07316,-0.772791,0.493941
-0.01,-0.07,0.14,-0.463648,1.22547,1.92352,-0.746383,0.463648
-0.01,-0.07,0.15,-0.436627,1.10418,1.76651,-0.710655,0.436627
-0.01,-0.07,0.16,-0.41241,0.981512,1.59915,-0.665973,0.41241
-0.01,-0.07,0.17,-0.390607,0.853737,1.41716,-0.611758,0.390607
-0.01,-0.07,0.18,-0.370891,0.715686,1.21343,-0.54608,0.370891
-0.01,-0.07,0.19,-0.35299,0.558042,0.973907,-0.464196,0.35299
-0.01,-0.07,0.2,-0.336675,0.356338,0.660125,-0.352119,0.336675
-0.01,-0.06,0.1,-0.54042,1.89822,2.60076,-0.750867,0.54042
-0.01,-0.06,0.11,-0.499347,1.71014,2.44618,-0.784372,0.499347
-0.01,-0.06,0.12,-0.463648,1.55324,2.29677,-0.791866,0.463648
-0.01,-0.06,0.13,-0.432408,1.41347,2.14743,-0.782293,0.432408
-0.01,-0.06,0.14,-0.404892,1.28321,1.99495,-0.760072,0.404892
-0.01,-0.06,0.15,-0.380506,1.1575,1.83664,-0.727472,0.380506
-0.01,-0.06,0.16,-0.358771,1.03239,1.66951,-0.685459,0.358771
-0.01,-0.06,0.17,-0.339293,0.904038,1.48965,-0.633941,0.339293
-0.01,-0.06,0.18,-0.321751,0.767683,1.29093,-0.571576,0.321751
-0.01,-0.06,0.19,-0.305879,0.615622,1.06211,-0.494818,0.305879
-0.01,-0.06,0.2,-0.291457,0.43053,0.776266,-0.394068,0.291457
-0.01,-0.06,0.21,-0.2783,0.127262,0.298456,-0.219526,0.2783
-0.01,-0.05,0.1,-0.463648,2.02955,2.69445,-0.71324,0.463648
-0.01,-0.05,0.11,-0.426627,1.80116,2.52418,-0.771355,0.426627
-0.01,-0.05,0.12,-0.394791,1.62382,2.36637,-0.79088,0.394791
-0.01,-0.05,0.13,-0.367174,1.47207,2.21189,-0.788155,0.367174
-0.01,-0.05,0.14,-0.343024,1.33434,2.05627,-0.770264,0.343024
-0.01,-0.05,0.15,-0.321751,1.2039,1.89627,-0.740702,0.321751
-0.01,-0.05,0.16,-0.302885,1.07603,1.72881,-0.701111,0.302885
-0.01,-0.05,0.17,-0.286051,0.946581,1.55012,-0.651867,0.286051
-0.01,-0.05,0.18,-0.270947,0.810931,1.3547,-0.592103,0.270947
-0.01,-0.05,0.19,-0.257324,0.662297,1.13303,-0.519063,0.257324
-0.01,-0.05,0.2,-0.244979,0.487047,0.864215,-0.4255,0.244979
-0.01,-0.05,0.21,-0.233743,0.237276,0.472549,-0.283605,0.233743
-0.01,-0.04,0.1,-0.380506,2.16961,2.78346,-0.662183,0.380506
-0.01,-0.04,0.11,-0.348771,1.88773,2.5928,-0.753396,0.348771
-0.01,-0.04,0.12,-0.321751,1.68747,2.42578,-0.786641,0.321751
-0.01,-0.04,0.13,-0.298499,1.52328,2.26604,-0.791098,0.298499
-0.01,-0.04,0.14,-0.2783,1.37806,2.10721,-0.777485,0.2783
-0.01,-0.04,0.15,-0.260602,1.24296,1.9454,-0.750768,0.260602
-0.01,-0.04,0.16,-0.244979,1.11229,1.77728,-0.713321,0.244979
-0.01,-0.04,0.17,-0.231091,0.981512,1.59915,-0.665973,0.231091
-0.01,-0.04,0.18,-0.218669,0.845977,1.40589,-0.608247,0.218669
-0.01,-0.04,0.19,-0.207496,0.69943,1.18904,-0.53794,0.207496
-0.01,-0.04,0.2,-0.197396,0.530332,0.931207,-0.449207,0.197396
-0.01,-0.04,0.21,-0.188222,0.304619,0.578794,-0.322507,0.188222
-0.01,-0.03,0.1,-0.291457,2.31754,2.86741,-0.598203,0.291457
-0.01,-0.03,0.11,-0.266252,1.96581,2.65032,-0.732847,0.266252
-0.01,-0.03,0.12,-0.244979,1.74169,2.47392,-0.780562,0.244979
-0.01,-0.03,0.13,-0.226799,1.56557,2.30921,-0.791977,0.226799
-0.01,-0.03,0.14,-0.211093,1.41347,2.14743,-0.782293,0.211093
-0.01,-0.03,0.15,-0.197396,1.27415,1.9839,-0.758075,0.197396
-0.01,-0.03,0.16,-0.185348,1.14093,1.81503,-0.722428,0.185348
-0.01,-0.03,0.17,-0.174672,1.00883,1.63709,-0.676597,0.174672
-0.01,-0.03,0.18,-0.165149,0.873105,1.44519,-0.620421,0.165149
-0.01,-0.03,0.19,-0.156602,0.727791,1.23155,-0.552091,0.156602
-0.01,-0.03,0.2,-0.14889,0.562584,0.98089,-0.466638,0.14889
-0.01,-0.03,0.21,-0.141897,0.35018,0.650455,-0.348608,0.141897
-0.01,-0.02,0.1,-0.197396,2.46843,2.94472,-0.524626,0.197396
-0.01,-0.02,0.11,-0.179853,2.02955,2.69445,-0.71324,0.179853
-0.01,-0.02,0.12,-0.165149,1.78356,2.50958,-0.774352,0.165149
-0.01,-0.02,0.13,-0.152649,1.59734,2.34071,-0.79171,0.152649
-0.01,-0.02,0.14,-0.141897,1.43962,2.17652,-0.785235,0.141897
-0.01,-0.02,0.15,-0.132552,1.29693,2.01158,-0.762987,0.132552
-0.01,-0.02,0.16,-0.124355,1.16166,1.84204,-0.728714,0.124355
-0.01,-0.02,0.17,-0.117109,1.02845,1.66411,-0.683998,0.117109
-0.01,-0.02,0.18,-0.110657,0.892443,1.47303,-0.628919,0.110657
-0.01,-0.02,0.19,-0.104877,0.747818,1.26142,-0.561936,0.104877
-0.01,-0.02,0.2,-0.0996687,0.584994,1.01528,-0.478622,0.0996687
-0.01,-0.02,0.21,-0.0949517,0.380246,0.697626,-0.365712,0.0949517
-0.01,-0.01,0.1,-0.0996687,2.60484,3.0092,-0.452695,0.0996687
-0.01,-0.01,0.11,-0.0906599,2.07197,2.72252,-0.698878,0.0906599
-0.01,-0.01,0.12,-0.0831412,1.81016,2.53156,-0.769735,0.0831412
-0.01,-0.01,0.13,-0.0767719,1.6171,2.35991,-0.791143,0.0767719
-0.01,-0.01,0.14,-0.0713075,1.45569,2.19414,-0.786783,0.0713075
-0.01,-0.01,0.15,-0.0665682,1.31081,2.02828,-0.765804,0.0665682
-0.01,-0.01,0.16,-0.0624188,1.17422,1.85828,-0.732394,0.0624188
-0.01,-0.01,0.17,-0.0587558,1.04027,1.6803,-0.688363,0.0587558
-0.01,-0.01,0.18,-0.0554985,0.904038,1.48965,-0.633941,0.0554985
-0.01,-0.01,0.19,-0.0525831,0.759755,1.27917,-0.567744,0.0525831
-0.01,-0.01,0.2,-0.0499584,0.598219,1.03553,-0.485642,0.0499584
-0.01,-0.01,0.21,-0.0475831,0.397498,0.724644,-0.375478,0.0475831
-0.01,-1.04083e-17,0.1,-1.04083e-16,2.67049,3.03884,-0.416683,1.04083e-16
-0.01,-1.04083e-17,0.11,-9.46213e-17,2.08695,2.73218,-0.693569,9.46213e-17
-0.01,-1.04083e-17,0.12,-8.67362e-17,1.8193,2.539,-0.76803,8.67362e-17
-0.01,-1.04083e-17,0.13,-8.00642e-17,1.62382,2.36637,-0.79088,8.00642e-17
-0.01,-1.04083e-17,0.14,-7.43453e-17,1.46112,2.20004,-0.78726,7.43453e-17
-0.01,-1.04083e-17,0.15,-6.93889e-17,1.31547,2.03386,-0.766719,6.93889e-17
-0.01,-1.04083e-17,0.16,-6.50521e-17,1.17842,1.8637,-0.733605,6.50521e-17
-0.01,-1.04083e-17,0.17,-6.12255e-17,1.04422,1.6857,-0.689805,6.12255e-17
-0.01,-1.04083e-17,0.18,-5.78241e-17,0.907903,1.49517,-0.635602,5.78241e-17
-0.01,-1.04083e-17,0.19,-5.47807e-17,0.763722,1.28505,-0.569664,5.47807e-17
-0.01,-1.04083e-17,0.2,-5.20417e-17,0.602594,1.04222,-0.487955,5.20417e-17
-0.01,-1.04083e-17,0.21,-4.95635e-17,0.403132,0.73346,-0.37866,4.95635e-17
-0.01,-1.04083e-17,0.22,-4.73106e-17,-0.0168473,0.0701988,-0.135378,4.73106e-17
-0.01,0.01,0.1,0.0996687,2.60484,3.0092,-0.452695,-0.0996687
-0.01,0.01,0.11,0.0906599,2.07197,2.72252,-0.698878,-0.0906599
-0.01,0.01,0.12,0.0831412,1.81016,2.53156,-0.769735,-0.0831412
-0.01,0.01,0.13,0.0767719,1.6171,2.35991,-0.791143,-0.0767719
-0.01,0.01,0.14,0.0713075,1.45569,2.19414,-0.786783,-0.0713075
-0.01,0.01,0.15,0.0665682,1.31081,2.02828,-0.765804,-0.0665682
-0.01,0.01,0.16,0.0624188,1.17422,1.85828,-0.732394,-0.0624188
-0.01,0.01,0.17,0.0587558,1.04027,1.6803,-0.688363,-0.0587558
-0.01,0.01,0.18,0.0554985,0.904038,1.48965,-0.633941,-0.0554985
-0.01,0.01,0.19,0.0525831,0.759755,1.27917,-0.567744,-0.0525831
-0.01,0.01,0.2,0.0499584,0.598219,1.03553,-0.485642,-0.0499584
-0.01,0.01,0.21,0.0475831,0.397498,0.724644,-0.375478,-0.0475831
-0.01,0.02,0.1,0.197396,2.46843,2.94472,-0.524626,-0.197396
-0.01,0.02,0.11,0.179853,2.02955,2.69445,-0.71324,-0.179853
-0.01,0.02,0.12,0.165149,1.78356,2.50958,-0.774352,-0.165149
-0.01,0.02,0.13,0.152649,1.59734,2.34071,-0.79171,-0.152649
-0.01,0.02,0.14,0.141897,1.43962,2.17652,-0.785235,-0.141897
-0.01,0.02,0.15,0.132552,1.29693,2.01158,-0.762987,-0.132552
-0.01,0.02,0.16,0.124355,1.16166,1.84204,-0.728714,-0.124355
-0.01,0.02,0.17,0.117109,1.02845,1.66411,-0.683998,-0.117109
-0.01,0.02,0.18,0.110657,0.892443,1.47303,-0.628919,-0.110657
-0.01,0.02,0.19,0.104877,0.747818,1.26142,-0.561936,-0.104877
-0.01,0.02,0.2,0.0996687,0.584994,1.01528,-0.478622,-0.0996687
-0.01,0.02,0.21,0.0949517,0.380246,0.697626,-0.365712,-0.0949517
-0.01,0.03,0.1,0.291457,2.31754,2.86741,-0.598203,-0.291457
-0.01,0.03,0.11,0.266252,1.96581,2.65032,-0.732847,-0.266252
-0.01,0.03,0.12,0.244979,1.74169,2.47392,-0.780562,-0.244979
-0.01,0.03,0.13,0.226799,1.56557,2.30921,-0.791977,-0.226799
-0.01,0.03,0.14,0.211093,1.41347,2.14743,-0.782293,-0.211093
-0.01,0.03,0.15,0.197396,1.27415,1.9839,-0.758075,-0.197396
-0.01,0.03,0.16,0.185348,1.14093,1.81503,-0.722428,-0.185348
-0.01,0.03,0.17,0.174672,1.00883,1.63709,-0.676597,-0.174672
-0.01,0.03,0.18,0.165149,0.873105,1.44519,-0.620421,-0.165149
-0.01,0.03,0.19,0.156602,0.727791,1.23155,-0.552091,-0.156602
-0.01,0.03,0.2,0.14889,0.562584,0.98089,-0.466638,-0.14889
-0.01,0.03,0.21,0.141897,0.35018,0.650455,-0.348608,-0.141897
-0.01,0.04,0.1,0.380506,2.16961,2.78346,-0.662183,-0.380506
-0.01,0.04,0.11,0.348771,1.88773,2.5928,-0.753396,-0.348771
-0.01,0.04,0.12,0.321751,1.68747,2.42578,-0.786641,-0.321751
-0.01,0.04,0.13,0.298499,1.52328,2.26604,-0.791098,-0.298499
-0.01,0.04,0.14,0.2783,1.37806,2.10721,-0.777485,-0.2783
-0.01,0.04,0.15,0.260602,1.24296,1.9454,-0.750768,-0.260602
-0.01,0.04,0.16,0.244979,1.11229,1.77728,-0.713321,-0.244979
-0.01,0.04,0.17,0.231091,0.981512,1.59915,-0.665973,-0.231091
-0.01,0.04,0.18,0.218669,0.845977,1.40589,-0.608247,-0.218669
-0.01,0.04,0.19,0.207496,0.69943,1.18904,-0.53794,-0.207496
-0.01,0.04,0.2,0.197396,0.530332,0.931207,-0.449207,-0.197396
-0.01,0.04,0.21,0.188222,0.304619,0.578794,-0.322507,-0.188222
-0.01,0.05,0.1,0.463648,2.02955,2.69445,-0.71324,-0.463648
-0.01,0.05,0.11,0.426627,1.80116,2.52418,-0.771355,-0.426627
-0.01,0.05,0.12,0.394791,1.62382,2.36637,-0.79088,-0.394791
-0.01,0.05,0.13,0.367174,1.47207,2.21189,-0.788155,-0.367174
-0.01,0.05,0.14,0.343024,1.33434,2.05627,-0.770264,-0.343024
-0.01,0.05,0.15,0.321751,1.2039,1.89627,-0.740702,-0.321751
-0.01,0.05,0.16,0.302885,1.07603,1.72881,-0.701111,-0.302885
-0.01,0.05,0.17,0.286051,0.946581,1.55012,-0.651867,-0.286051
-0.01,0.05,0.18,0.270947,0.810931,1.3547,-0.592103,-0.270947
-0.01,0.05,0.19,0.257324,0.662297,1.13303,-0.519063,-0.257324
-0.01,0.05,0.2,0.244979,0.487047,0.864215,-0.4255,-0.244979
-0.01,0.05,0.21,0.233743,0.237276,0.472549,-0.283605,-0.233743
-0.01,0.06,0.1,0.54042,1.89822,2.60076,-0.750867,-0.54042
-0.01,0.06,0.11,0.499347,1.71014,2.44618,-0.784372,-0.499347
-0.01,0.06,0.12,0.463648,1.55324,2.29677,-0.791866,-0.463648
-0.01,0.06,0.13,0.432408,1.41347,2.14743,-0.782293,-0.432408
-0.01,0.06,0.14,0.404892,1.28321,1.99495,-0.760072,-0.404892
-0.01,0.06,0.15,0.380506,1.1575,1.83664,-0.727472,-0.380506
-0.01,0.06,0.16,0.358771,1.03239,1.66951,-0.685459,-0.358771
-0.01,0.06,0.17,0.339293,0.904038,1.48965,-0.633941,-0.339293
-0.01,0.06,0.18,0.321751,0.767683,1.29093,-0.571576,-0.321751
-0.01,0.06,0.19,0.305879,0.615622,1.06211,-0.494818,-0.305879
-0.01,0.06,0.2,0.291457,0.43053,0.776266,-0.394068,-0.291457
-0.01,0.06,0.21,0.2783,0.127262,0.298456,-0.219526,-0.2783
-0.01,0.07,0.1,0.610726,1.77495,2.50235,-0.775735,-0.610726
-0.01,0.07,0.11,0.566729,1.6171,2.35991,-0.791143,-0.566729
-0.01,0.07,0.12,0.528074,1.4776,2.21784,-0.788572,-0.528074
-0.01,0.07,0.13,0.493941,1.3487,2.07316,-0.772791,-0.493941
-0.01,0.07,0.14,0.463648,1.22547,1.92352,-0.746383,-0.463648
-0.01,0.07,0.15,0.436627,1.10418,1.76651,-0.710655,-0.436627
-0.01,0.07,0.16,0.41241,0.981512,1.59915,-0.665973,-0.41241
-0.01,0.07,0.17,0.390607,0.853737,1.41716,-0.611758,-0.390607
-0.01,0.07,0.18,0.370891,0.715686,1.21343,-0.54608,-0.370891
-0.01,0.07,0.19,0.35299,0.558042,0.973907,-0.464196,-0.35299
-0.01,0.07,0.2,0.336675,0.356338,0.660125,-0.352119,-0.336675
-0.01,0.08,0.1,0.674741,1.65842,2.39906,-0.788966,-0.674741
-0.01,0.08,0.11,0.628796,1.52328,2.26604,-0.791098,-0.628796
-0.01,0.08,0.12,0.588003,1.39813,2.13012,-0.780326,-0.588003
-0.01,0.08,0.13,0.551655,1.27867,1.98942,-0.759078,-0.551655
-0.01,0.08,0.14,0.519146,1.16166,1.84204,-0.728714,-0.519146
-0.01,0.08,0.15,0.489957,1.04422,1.6857,-0.689805,-0.489957
-0.01,0.08,0.16,0.463648,0.923366,1.51722,-0.642183,-0.463648
-0.01,0.08,0.17,0.439843,0.795267,1.33168,-0.584743,-0.439843
-0.01,0.08,0.18,0.418224,0.653926,1.12035,-0.514756,-0.418224
-0.01,0.08,0.19,0.398522,0.487047,0.864215,-0.4255,-0.398522
-0.01,0.08,0.2,0.380506,0.253372,0.497972,-0.292932,-0.380506
-0.01,0.09,0.1,0.732815,1.54715,2.29059,-0.791767,-0.732815
-0.01,0.09,0.11,0.68573,1.42907,2.16484,-0.78411,-0.68573
-0.01,0.09,0.12,0.643501,1.31547,2.03386,-0.766719,-0.643501
-0.01,0.09,0.13,0.605545,1.2039,1.89627,-0.740702,-0.605545
-0.01,0.09,0.14,0.571337,1.09208,1.75035,-0.706605,-0.571337
-0.01,0.09,0.15,0.54042,0.977622,1.59372,-0.66443,-0.54042
-0.01,0.09,0.16,0.512389,0.857614,1.42279,-0.613504,-0.512389
-0.01,0.09,0.17,0.486899,0.727791,1.23155,-0.552091,-0.486899
-0.01,0.09,0.18,0.463648,0.58055,1.00847,-0.476254,-0.463648
-0.01,0.09,0.19,0.442374,0.397498,0.724644,-0.375478,-0.442374
-0.01,0.09,0.2,0.422854,0.0664891,0.20217,-0.184013,-0.422854
-0.01,0.1,0.1,0.785398,1.43962,2.17652,-0.785235,-0.785398
-0.01,0.1,0.11,0.737815,1.33434,2.05627,-0.770264,-0.737815
-0.01,0.1,0.12,0.694738,1.22982,1.92898,-0.747493,-0.694738
-0.01,0.1,0.13,0.655696,1.12452,1.79345,-0.717267,-0.655696
-0.01,0.1,0.14,0.620249,1.01666,1.64791,-0.679576,-0.620249
-0.01,0.1,0.15,0.588003,0.904038,1.48965,-0.633941,-0.588003
-0.01,0.1,0.16,0.558599,0.783475,1.31429,-0.579146,-0.558599
-0.01,0.1,0.17,0.531724,0.649723,1.11398,-0.512586,-0.531724
-0.01,0.1,0.18,0.507099,0.491972,0.871855,-0.428215,-0.507099
-0.01,0.1,0.19,0.484478,0.276194,0.533989,-0.306127,-0.484478
3.46945e-18,-0.1,0.1,-0.785398,1.5673,2.18636,-0.667389,0.785398
3.46945e-18,-0.1,0.11,-0.737815,1.4514,2.0654,-0.66233,0.737815
3.46945e-18,-0.1,0.12,-0.694738,1.33768,1.9376,-0.648251,0.694738
3.46945e-18,-0.1,0.13,-0.655696,1.22438,1.80172,-0.625676,0.655696
3.46945e-18,-0.1,0.14,-0.620249,1.10957,1.65599,-0.594758,0.620249
3.46945e-18,-0.1,0.15,-0.588003,0.9909,1.49773,-0.555162,0.588003
3.46945e-18,-0.1,0.16,-0.558599,0.86513,1.32261,-0.505814,0.558599
3.46945e-18,-0.1,0.17,-0.531724,0.727005,1.12294,-0.444264,0.531724
3.46945e-18,-0.1,0.18,-0.507099,0.565938,0.882337,-0.364731,0.507099
3.46945e-18,-0.1,0.19,-0.484478,0.349555,0.549618,-0.248395,0.484478
3.46945e-18,-0.09,0.1,-0.732815,1.6871,2.30136,-0.662588,0.732815
3.46945e-18,-0.09,0.11,-0.68573,1.55562,2.1746,-0.667311,0.68573
3.46945e-18,-0.09,0.12,-0.643501,1.43078,2.04289,-0.660438,0.643501
3.46945e-18,-0.09,0.13,-0.605545,1.30968,1.90479,-0.643443,0.605545
3.46945e-18,-0.09,0.14,-0.571337,1.18972,1.75855,-0.61716,0.571337
3.46945e-18,-0.09,0.15,-0.54042,1.0683,1.60178,-0.581819,0.54042
3.46945e-18,-0.09,0.16,-0.512389,0.942322,1.43093,-0.536939,0.512389
3.46945e-18,-0.09,0.17,-0.486899,0.807451,1.24008,-0.480964,0.486899
3.46945e-18,-0.09,0.18,-0.463648,0.656128,1.01797,-0.410173,0.463648
3.46945e-18,-0.09,0.19,-0.442374,0.470521,0.73672,-0.314531,0.442374
3.46945e-18,-0.09,0.2,-0.422854,0.151385,0.239006,-0.135953,0.422854
3.46945e-18,-0.08,0.1,-0.674741,1.81257,2.41106,-0.64682,0.674741
3.46945e-18,-0.08,0.11,-0.628796,1.66038,2.27658,-0.664539,0.628796
3.46945e-18,-0.08,0.12,-0.588003,1.52146,2.13966,-0.666527,0.588003
3.46945e-18,-0.08,0.13,-0.551655,1.39068,1.99826,-0.655914,0.551655
3.46945e-18,-0.08,0.14,-0.519146,1.2642,1.85042,-0.634546,0.519146
3.46945e-18,-0.08,0.15,-0.489957,1.13879,1.69381,-0.603353,0.489957
3.46945e-18,-0.08,0.16,-0.463648,1.01118,1.52529,-0.562437,0.463648
3.46945e-18,-0.08,0.17,-0.439843,0.877377,1.33997,-0.510921,0.439843
3.46945e-18,-0.08,0.18,-0.418224,0.731324,1.12928,-0.446291,0.418224
3.46945e-18,-0.08,0.19,-0.398522,0.560943,0.874764,-0.362153,0.398522
3.46945e-18,-0.08,0.2,-0.380506,0.327071,0.514591,-0.235853,0.380506
3.46945e-18,-0.07,0.1,-0.610726,1.94555,2.51599,-0.618767,0.610726
3.46945e-18,-0.07,0.11,-0.566729,1.7658,2.37142,-0.653954,0.566729
3.46945e-18,-0.07,0.12,-0.528074,1.60945,2.22798,-0.666861,0.528074
3.46945e-18,-0.07,0.13,-0.493941,1.46714,2.08238,-0.663574,0.493941
3.46945e-18,-0.07,0.14,-0.463648,1.33297,1.93212,-0.647479,0.463648
3.46945e-18,-0.07,0.15,-0.436627,1.20264,1.77473,-0.62042,0.436627
3.46945e-18,-0.07,0.16,-0.41241,1.0724,1.60722,-0.583147,0.41241
3.46945e-18,-0.07,0.17,-0.390607,0.938274,1.42531,-0.535371,0.390607
3.46945e-18,-0.07,0.18,-0.370891,0.794945,1.22202,-0.475409,0.370891
3.46945e-18,-0.07,0.19,-0.35299,0.63315,0.983619,-0.398801,0.35299
3.46945e-18,-0.07,0.2,-0.336675,0.429247,0.673159,-0.292244,0.336675
3.46945e-18,-0.06,0.1,-0.54042,2.08795,2.61662,-0.577006,0.54042
3.46945e-18,-0.06,0.11,-0.499347,1.87139,2.45885,-0.635796,0.499347
3.46945e-18,-0.06,0.12,-0.463648,1.69393,2.3076,-0.662009,0.463648
3.46945e-18,-0.06,0.13,-0.432408,1.53838,2.15707,-0.667019,0.432408
3.46945e-18,-0.06,0.14,-0.404892,1.39561,2.00381,-0.65653,0.404892
3.46945e-18,-0.06,0.15,-0.380506,1.25973,1.845,-0.6336,0.380506
3.46945e-18,-0.06,0.16,-0.358771,1.12623,1.67762,-0.599717,0.358771
3.46945e-18,-0.06,0.17,-0.339293,0.9909,1.49773,-0.555162,0.339293
3.46945e-18,-0.06,0.18,-0.321751,0.848747,1.2993,-0.498888,0.321751
3.46945e-18,-0.06,0.19,-0.305879,0.692017,1.07131,-0.427627,0.305879
3.46945e-18,-0.06,0.2,-0.291457,0.503782,0.787702,-0.332252,0.291457
3.46945e-18,-0.06,0.21,-0.2783,0.205855,0.324744,-0.167222,0.2783
3.46945e-18,-0.05,0.1,-0.463648,2.24163,2.71347,-0.520175,0.463648
3.46945e-18,-0.05,0.11,-0.426627,1.97568,2.53824,-0.610894,0.426627
3.46945e-18,-0.05,0.12,-0.394791,1.77338,2.37795,-0.652897,0.394791
3.46945e-18,-0.05,0.13,-0.367174,1.6033,2.22199,-0.667017,0.367174
3.46945e-18,-0.05,0.14,-0.343024,1.4514,2.0654,-0.66233,0.343024
3.46945e-18,-0.05,0.15,-0.321751,1.30968,1.90479,-0.643443,0.321751
3.46945e-18,-0.05,0.16,-0.302885,1.17261,1.73697,-0.612691,0.302885
3.46945e-18,-0.05,0.17,-0.286051,1.03559,1.55818,-0.570923,0.286051
3.46945e-18,-0.05,0.18,-0.270947,0.893663,1.36295,-0.517615,0.270947
3.46945e-18,-0.05,0.19,-0.257324,0.73993,1.14191,-0.45031,0.257324
3.46945e-18,-0.05,0.2,-0.244979,0.560943,0.874764,-0.362153,0.244979
3.46945e-18,-0.05,0.21,-0.233743,0.311284,0.48996,-0.227008,0.233743
3.46945e-18,-0.04,0.1,-0.380506,2.40835,2.8072,-0.447191,0.380506
3.46945e-18,-0.04,0.11,-0.348771,2.07576,2.60845,-0.581017,0.348771
3.46945e-18,-0.04,0.12,-0.321751,1.84556,2.43814,-0.640913,0.321751
3.46945e-18,-0.04,0.13,-0.298499,1.66038,2.27658,-0.664539,0.298499
3.46945e-18,-0.04,0.14,-0.2783,1.49937,2.11661,-0.665578,0.2783
3.46945e-18,-0.04,0.15,-0.260602,1.35191,1.95407,-0.650494,0.260602
3.46945e-18,-0.04,0.16,-0.244979,1.21131,1.78552,-0.62255,0.244979
3.46945e-18,-0.04,0.17,-0.231091,1.0724,1.60722,-0.583147,0.231091
3.46945e-18,-0.04,0.18,-0.218669,0.930176,1.41406,-0.532213,0.218669
3.46945e-18,-0.04,0.19,-0.207496,0.77817,1.19771,-0.467869,0.207496
3.46945e-18,-0.04,0.2,-0.197396,0.604916,0.941215,-0.384631,0.197396
3.46945e-18,-0.04,0.21,-0.188222,0.377702,0.593365,-0.263995,0.188222
3.46945e-18,-0.03,0.1,-0.291457,2.58993,2.89894,-0.357351,0.291457
3.46945e-18,-0.03,0.11,-0.266252,2.16677,2.66769,-0.549254,0.266252
3.46945e-18,-0.03,0.12,-0.244979,1.90744,2.48705,-0.627945,0.244979
3.46945e-18,-0.03,0.13,-0.226799,1.70776,2.32017,-0.660736,0.226799
3.46945e-18,-0.03,0.14,-0.211093,1.53838,2.15707,-0.667019,0.211093
3.46945e-18,-0.03,0.15,-0.197396,1.38576,1.99271,-0.655283,0.197396
3.46945e-18,-0.03,0.16,-0.185348,1.24196,1.82334,-0.629714,0.185348
3.46945e-18,-0.03,0.17,-0.174672,1.10127,1.64517,-0.592231,0.174672
3.46945e-18,-0.03,0.18,-0.165149,0.958511,1.45331,-0.543134,0.165149
3.46945e-18,-0.03,0.19,-0.156602,0.807451,1.24008,-0.480964,0.156602
3.46945e-18,-0.03,0.2,-0.14889,0.637783,0.990557,-0.401106,0.14889
3.46945e-18,-0.03,0.21,-0.141897,0.42309,0.66365,-0.288893,0.141897
3.46945e-18,-0.02,0.1,-0.197396,2.79047,2.99141,-0.249266,0.197396
3.46945e-18,-0.02,0.11,-0.179853,2.24163,2.71347,-0.520175,0.179853
3.46945e-18,-0.02,0.12,-0.165149,1.95544,2.52335,-0.616243,0.165149
3.46945e-18,-0.02,0.13,-0.152649,1.7435,2.352,-0.656834,0.152649
3.46945e-18,-0.02,0.14,-0.141897,1.5673,2.18636,-0.667389,0.141897
3.46945e-18,-0.02,0.15,-0.132552,1.41055,2.02051,-0.658294,0.132552
3.46945e-18,-0.02,0.16,-0.124355,1.2642,1.85042,-0.634546,0.124355
3.46945e-18,-0.02,0.17,-0.117109,1.12206,1.67221,-0.598489,0.117109
3.46945e-18,-0.02,0.18,-0.110657,0.978749,1.48112,-0.550707,0.110657
3.46945e-18,-0.02,0.19,-0.104877,0.828167,1.26987,-0.490037,0.104877
3.46945e-18,-0.02,0.2,-0.0996687,0.66067,1.02474,-0.412403,0.0996687
3.46945e-18,-0.02,0.21,-0.0949517,0.453197,0.710079,-0.305215,0.0949517
3.46945e-18,-0.01,0.1,-0.0996687,3.05308,3.1044,-0.099647,0.0996687
3.46945e-18,-0.01,0.11,-0.0906599,2.29177,2.74278,-0.499346,0.0906599
3.46945e-18,-0.01,0.12,-0.0831412,1.98605,2.54578,-0.608062,0.0831412
3.46945e-18,-0.01,0.13,-0.0767719,1.7658,2.37142,-0.653954,0.0767719
3.46945e-18,-0.01,0.14,-0.0713075,1.58512,2.2041,-0.66732,0.0713075
3.46945e-18,-0.01,0.15,-0.0665682,1.42569,2.03728,-0.659925,0.0665682
3.46945e-18,-0.01,0.16,-0.0624188,1.2777,1.86669,-0.637326,0.0624188
3.46945e-18,-0.01,0.17,-0.0587558,1.1346,1.68842,-0.602149,0.0587558
3.46945e-18,-0.01,0.18,-0.0554985,0.9909,1.49773,-0.555162,0.0554985
3.46945e-18,-0.01,0.19,-0.0525831,0.84053,1.28757,-0.495374,0.0525831
3.46945e-18,-0.01,0.2,-0.0499584,0.674197,1.04487,-0.419008,0.0499584
3.46945e-18,-0.01,0.21,-0.0475831,0.470521,0.73672,-0.314531,0.0475831
3.46945e-18,-0.01,0.22,-0.0454233,0.060397,0.0954296,-0.0833647,0.0454233
3.46945e-18,-1.04083e-17,0.11,-9.46213e-17,2.30954,2.75293,-0.491722,9.46213e-17
3.46945e-18,-1.04083e-17,0.12,-8.67362e-17,1.99658,2.55337,-0.605119,8.67362e-17
3.46945e-18,-1.04083e-17,0.13,-8.00642e-17,1.77338,2.37795,-0.652897,8.00642e-17
3.46945e-18,-1.04083e-17,0.14,-7.43453e-17,1.59114,2.21005,-0.667246,7.43453e-17
3.46945e-18,-1.04083e-17,0.15,-6.93889e-17,1.43078,2.04289,-0.660438,6.93889e-17
3.46945e-18,-1.04083e-17,0.16,-6.50521e-17,1.28223,1.87212,-0.638232,6.50521e-17
3.46945e-18,-1.04083e-17,0.17,-6.12255e-17,1.13879,1.69381,-0.603353,6.12255e-17
3.46945e-18,-1.04083e-17,0.18,-5.78241e-17,0.994953,1.50325,-0.556632,5.78241e-17
3.46945e-18,-1.04083e-17,0.19,-5.47807e-17,0.844641,1.29344,-0.497135,5.47807e-17
3.46945e-18,-1.04083e-17,0.2,-5.20417e-17,0.678674,1.05153,-0.421183,5.20417e-17
3.46945e-18,-1.04083e-17,0.21,-4.95635e-17,0.476187,0.74542,-0.317565,4.95635e-17
3.46945e-18,-1.04083e-17,0.22,-4.73106e-17,0.0919112,0.145195,-0.101616,4.73106e-17
3.46945e-18,0.01,0.1,0.0996687,3.05308,3.1044,-0.099647,-0.0996687
3.46945e-18,0.01,0.11,0.0906599,2.29177,2.74278,-0.499346,-0.0906599
3.46945e-18,0.01,0.12,0.0831412,1.98605,2.54578,-0.608062,-0.0831412
3.46945e-18,0.01,0.13,0.0767719,1.7658,2.37142,-0.653954,-0.0767719
3.46945e-18,0.01,0.14,0.0713075,1.58512,2.2041,-0.66732,-0.0713075
3.46945e-18,0.01,0.15,0.0665682,1.42569,2.03728,-0.659925,-0.0665682
3.46945e-18,0.01,0.16,0.0624188,1.2777,1.86669,-0.637326,-0.0624188
3.46945e-18,0.01,0.17,0.0587558,1.1346,1.68842,-0.602149,-0.0587558
3.46945e-18,0.01,0.18,0.0554985,0.9909,1.49773,-0.555162,-0.0554985
3.46945e-18,0.01,0.19,0.0525831,0.84053,1.28757,-0.495374,-0.0525831
3.46945e-18,0.01,0.2,0.0499584,0.674197,1.04487,-0.419008,-0.0499584
3.46945e-18,0.01,0.21,0.0475831,0.470521,0.73672,-0.314531,-0.0475831
3.46945e-18,0.01,0.22,0.0454233,0.060397,0.0954296,-0.0833647,-0.0454233
3.46945e-18,0.02,0.1,0.197396,2.79047,2.99141,-0.249266,-0.197396
3.46945e-18,0.02,0.11,0.179853,2.24163,2.71347,-0.520175,-0.179853
3.46945e-18,0.02,0.12,0.165149,1.95544,2.52335,-0.616243,-0.165149
3.46945e-18,0.02,0.13,0.152649,1.7435,2.352,-0.656834,-0.152649
3.46945e-18,0.02,0.14,0.141897,1.5673,2.18636,-0.667389,-0.141897
3.46945e-18,0.02,0.15,0.132552,1.41055,2.02051,-0.658294,-0.132552
3.46945e-18,0.02,0.16,0.124355,1.2642,1.85042,-0.634546,-0.124355
3.46945e-18,0.02,0.17,0.117109,1.12206,1.67221,-0.598489,-0.117109
3.46945e-18,0.02,0.18,0.110657,0.978749,1.48112,-0.550707,-0.110657
3.46945e-18,0.02,0.19,0.104877,0.828167,1.26987,-0.490037,-0.104877
3.46945e-18,0.02,0.2,0.0996687,0.66067,1.02474,-0.412403,-0.0996687
3.46945e-18,0.02,0.21,0.0949517,0.453197,0.710079,-0.305215,-0.0949517
3.46945e-18,0.03,0.1,0.291457,2.58993,2.89894,-0.357351,-0.291457
3.46945e-18,0.03,0.11,0.266252,2.16677,2.66769,-0.549254,-0.266252
3.46945e-18,0.03,0.12,0.244979,1.90744,2.48705,-0.627945,-0.244979
3.46945e-18,0.03,0.13,0.226799,1.70776,2.32017,-0.660736,-0.226799
3.46945e-18,0.03,0.14,0.211093,1.53838,2.15707,-0.667019,-0.211093
3.46945e-18,0.03,0.15,0.197396,1.38576,1.99271,-0.655283,-0.197396
3.46945e-18,0.03,0.16,0.185348,1.24196,1.82334,-0.629714,-0.185348
3.46945e-18,0.03,0.17,0.174672,1.10127,1.64517,-0.592231,-0.174672
3.46945e-18,0.03,0.18,0.165149,0.958511,1.45331,-0.543134,-0.165149
3.46945e-18,0.03,0.19,0.156602,0.807451,1.24008,-0.480964,-0.156602
3.46945e-18,0.03,0.2,0.14889,0.637783,0.990557,-0.401106,-0.14889
3.46945e-18,0.03,0.21,0.141897,0.42309,0.66365,-0.288893,-0.141897
3.46945e-18,0.04,0.1,0.380506,2.40835,2.8072,-0.447191,-0.380506
3.46945e-18,0.04,0.11,0.348771,2.07576,2.60845,-0.581017,-0.348771
3.46945e-18,0.04,0.12,0.321751,1.84556,2.43814,-0.640913,-0.321751
3.46945e-18,0.04,0.13,0.298499,1.66038,2.27658,-0.664539,-0.298499
3.46945e-18,0.04,0.14,0.2783,1.49937,2.11661,-0.665578,-0.2783
3.46945e-18,0.04,0.15,0.260602,1.35191,1.95407,-0.650494,-0.260602
3.46945e-18,0.04,0.16,0.244979,1.21131,1.78552,-0.62255,-0.244979
3.46945e-18,0.04,0.17,0.231091,1.0724,1.60722,-0.583147,-0.231091
3.46945e-18,0.04,0.18,0.218669,0.930176,1.41406,-0.532213,-0.218669
3.46945e-18,0.04,0.19,0.207496,0.77817,1.19771,-0.467869,-0.207496
3.46945e-18,0.04,0.2,0.197396,0.604916,0.941215,-0.384631,-0.197396
3.46945e-18,0.04,0.21,0.188222,0.377702,0.593365,-0.263995,-0.188222
3.46945e-18,0.05,0.1,0.463648,2.24163,2.71347,-0.520175,-0.463648
3.46945e-18,0.05,0.11,0.426627,1.97568,2.53824,-0.610894,-0.426627
3.46945e-18,0.05,0.12,0.394791,1.77338,2.37795,-0.652897,-0.394791
3.46945e-18,0.05,0.13,0.367174,1.6033,2.22199,-0.667017,-0.367174
3.46945e-18,0.05,0.14,0.343024,1.4514,2.0654,-0.66233,-0.343024
3.46945e-18,0.05,0.15,0.321751,1.30968,1.90479,-0.643443,-0.321751
3.46945e-18,0.05,0.16,0.302885,1.17261,1.73697,-0.612691,-0.302885
3.46945e-18,0.05,0.17,0.286051,1.03559,1.55818,-0.570923,-0.286051
3.46945e-18,0.05,0.18,0.270947,0.893663,1.36295,-0.517615,-0.270947
3.46945e-18,0.05,0.19,0.257324,0.73993,1.14191,-0.45031,-0.257324
3.46945e-18,0.05,0.2,0.244979,0.560943,0.874764,-0.362153,-0.244979
3.46945e-18,0.05,0.21,0.233743,0.311284,0.48996,-0.227008,-0.233743
3.46945e-18,0.06,0.1,0.54042,2.08795,2.61662,-0.577006,-0.54042
3.46945e-18,0.06,0.11,0.499347,1.87139,2.45885,-0.635796,-0.499347
3.46945e-18,0.06,0.12,0.463648,1.69393,2.3076,-0.662009,-0.463648
3.46945e-18,0.06,0.13,0.432408,1.53838,2.15707,-0.667019,-0.432408
3.46945e-18,0.06,0.14,0.404892,1.39561,2.00381,-0.65653,-0.404892
3.46945e-18,0.06,0.15,0.380506,1.25973,1.845,-0.6336,-0.380506
3.46945e-18,0.06,0.16,0.358771,1.12623,1.67762,-0.599717,-0.358771
3.46945e-18,0.06,0.17,0.339293,0.9909,1.49773,-0.555162,-0.339293
3.46945e-18,0.06,0.18,0.321751,0.848747,1.2993,-0.498888,-0.321751
3.46945e-18,0.06,0.19,0.305879,0.692017,1.07131,-0.427627,-0.305879
3.46945e-18,0.06,0.2,0.291457,0.503782,0.787702,-0.332252,-0.291457
3.46945e-18,0.06,0.21,0.2783,0.205855,0.324744,-0.167222,-0.2783
3.46945e-18,0.07,0.1,0.610726,1.94555,2.51599,-0.618767,-0.610726
3.46945e-18,0.07,0.11,0.566729,1.7658,2.37142,-0.653954,-0.566729
3.46945e-18,0.07,0.12,0.528074,1.60945,2.22798,-0.666861,-0.528074
3.46945e-18,0.07,0.13,0.493941,1.46714,2.08238,-0.663574,-0.493941
3.46945e-18,0.07,0.14,0.463648,1.33297,1.93212,-0.647479,-0.463648
3.46945e-18,0.07,0.15,0.436627,1.20264,1.77473,-0.62042,-0.436627
3.46945e-18,0.07,0.16,0.41241,1.0724,1.60722,-0.583147,-0.41241
3.46945e-18,0.07,0.17,0.390607,0.938274,1.42531,-0.535371,-0.390607
3.46945e-18,0.07,0.18,0.370891,0.794945,1.22202,-0.475409,-0.370891
3.46945e-18,0.07,0.19,0.35299,0.63315,0.983619,-0.398801,-0.35299
3.46945e-18,0.07,0.2,0.336675,0.429247,0.673159,-0.292244,-0.336675
3.46945e-18,0.08,0.1,0.674741,1.81257,2.41106,-0.64682,-0.674741
3.46945e-18,0.08,0.11,0.628796,1.66038,2.27658,-0.664539,-0.628796
3.46945e-18,0.08,0.12,0.588003,1.52146,2.13966,-0.666527,-0.588003
3.46945e-18,0.08,0.13,0.551655,1.39068,1.99826,-0.655914,-0.551655
3.46945e-18,0.08,0.14,0.519146,1.2642,1.85042,-0.634546,-0.519146
3.46945e-18,0.08,0.15,0.489957,1.13879,1.69381,-0.603353,-0.489957
3.46945e-18,0.08,0.16,0.463648,1.01118,1.52529,-0.562437,-0.463648
3.46945e-18,0.08,0.17,0.439843,0.877377,1.33997,-0.510921,-0.439843
3.46945e-18,0.08,0.18,0.418224,0.731324,1.12928,-0.446291,-0.418224
3.46945e-18,0.08,0.19,0.398522,0.560943,0.874764,-0.362153,-0.398522
3.46945e-18,0.08,0.2,0.380506,0.327071,0.514591,-0.235853,-0.380506
3.46945e-18,0.09,0.1,0.732815,1.6871,2.30136,-0.662588,-0.732815
3.46945e-18,0.09,0.11,0.68573,1.55562,2.1746,-0.667311,-0.68573
3.46945e-18,0.09,0.12,0.643501,1.43078,2.04289,-0.660438,-0.643501
3.46945e-18,0.09,0.13,0.605545,1.30968,1.90479,-0.643443,-0.605545
3.46945e-18,0.09,0.14,0.571337,1.18972,1.75855,-0.61716,-0.571337
3.46945e-18,0.09,0.15,0.54042,1.0683,1.60178,-0.581819,-0.54042
3.46945e-18,0.09,0.16,0.512389,0.942322,1.43093,-0.536939,-0.512389
3.46945e-18,0.09,0.17,0.486899,0.807451,1.24008,-0.480964,-0.486899
3.46945e-18,0.09,0.18,0.463648,0.656128,1.01797,-0.410173,-0.463648
3.46945e-18,0.09,0.19,0.442374,0.470521,0.73672,-0.314531,-0.442374
3.46945e-18,0.09,0.2,0.422854,0.151385,0.239006,-0.135953,-0.422854
3.46945e-18,0.1,0.1,0.785398,1.5673,2.18636,-0.667389,-0.785398
3.46945e-18,0.1,0.11,0.737815,1.4514,2.0654,-0.66233,-0.737815
3.46945e-18,0.1,0.12,0.694738,1.33768,1.9376,-0.648251,-0.694738
3.46945e-18,0.1,0.13,0.655696,1.22438,1.80172,-0.625676,-0.655696
3.46945e-18,0.1,0.14,0.620249,1.10957,1.65599,-0.594758,-0.620249
3.46945e-18,0.1,0.15,0.588003,0.9909,1.49773,-0.555162,-0.588003
3.46945e-18,0.1,0.16,0.558599,0.86513,1.32261,-0.505814,-0.558599
3.46945e-18,0.1,0.17,0.531724,0.727005,1.12294,-0.444264,-0.531724
3.46945e-18,0.1,0.18,0.507099,0.565938,0.882337,-0.364731,-0.507099
3.46945e-18,0.1,0.19,0.484478,0.349555,0.549618,-0.248395,-0.484478
0.01,-0.1,0.1,-0.785398,1.67543,2.17652,-0.549427,0.785398
0.01,-0.1,0.11,-0.737815,1.55167,2.05627,-0.552927,0.737815
0.01,-0.1,0.12,-0.694738,1.43074,1.92898,-0.546569,0.694738
0.01,-0.1,0.13,-0.655696,1.31087,1.79345,-0.530914,0.655696
0.01,-0.1,0.14,-0.620249,1.19007,1.64791,-0.506169,0.620249
0.01,-0.1,0.15,-0.588003,1.06592,1.48965,-0.47206,0.588003
0.01,-0.1,0.16,-0.558599,0.935068,1.31429,-0.427553,0.558599
0.01,-0.1,0.17,-0.531724,0.792104,1.11398,-0.370205,0.531724
0.01,-0.1,0.18,-0.507099,0.626078,0.871855,-0.294109,0.507099
0.01,-0.1,0.19,-0.484478,0.40284,0.533989,-0.179481,0.484478
0.01,-0.09,0.1,-0.732815,1.80368,2.29059,-0.535239,0.732815
0.01,-0.09,0.11,-0.68573,1.66294,2.16484,-0.550238,0.68573
0.01,-0.09,0.12,-0.643501,1.5297,2.03386,-0.552489,0.643501
0.01,-0.09,0.13,-0.605545,1.40106,1.89627,-0.543546,0.605545
0.01,-0.09,0.14,-0.571337,1.27433,1.75035,-0.524351,0.571337
0.01,-0.09,0.15,-0.54042,1.14681,1.59372,-0.495241,0.54042
0.01,-0.09,0.16,-0.512389,1.01529,1.42279,-0.455823,0.512389
0.01,-0.09,0.17,-0.486899,0.875283,1.23155,-0.404598,0.486899
0.01,-0.09,0.18,-0.463648,0.71898,1.00847,-0.337823,0.463648
0.01,-0.09,0.19,-0.442374,0.527829,0.724644,-0.245147,0.442374
0.01,-0.09,0.2,-0.422854,0.189549,0.20217,-0.0609531,0.422854
0.01,-0.08,0.1,-0.674741,1.93803,2.39906,-0.50936,0.674741
0.01,-0.08,0.11,-0.628796,1.77505,2.26604,-0.539319,0.628796
0.01,-0.08,0.12,-0.588003,1.62643,2.13012,-0.552023,0.588003
0.01,-0.08,0.13,-0.551655,1.48703,1.98942,-0.550725,0.551655
0.01,-0.08,0.14,-0.519146,1.35293,1.84204,-0.537444,0.519146
0.01,-0.08,0.15,-0.489957,1.22076,1.6857,-0.513274,0.489957
0.01,-0.08,0.16,-0.463648,1.08709,1.51722,-0.478461,0.463648
0.01,-0.08,0.17,-0.439843,0.947779,1.33168,-0.432231,0.439843
0.01,-0.08,0.18,-0.418224,0.796564,1.12035,-0.372118,0.418224
0.01,-0.08,0.19,-0.398522,0.620935,0.864215,-0.291612,0.398522
0.01,-0.08,0.2,-0.380506,0.379462,0.497972,-0.166842,0.380506
0.01,-0.07,0.1,-0.610726,2.07995,2.50235,-0.470739,0.610726
0.01,-0.07,0.11,-0.566729,1.88797,2.35991,-0.520272,0.566729
0.01,-0.07,0.12,-0.528074,1.72053,2.21784,-0.545646,0.528074
0.01,-0.07,0.13,-0.493941,1.56845,2.07316,-0.553047,0.493941
0.01,-0.07,0.14,-0.463648,1.42575,1.92352,-0.5461,0.463648
0.01,-0.07,0.15,-0.436627,1.28795,1.76651,-0.526892,0.436627
0.01,-0.07,0.16,-0.41241,1.15111,1.59915,-0.496374,0.41241
0.01,-0.07,0.17,-0.390607,1.01108,1.41716,-0.454414,0.390607
0.01,-0.07,0.18,-0.370891,0.862338,1.21343,-0.399427,0.370891
0.01,-0.07,0.19,-0.35299,0.695298,0.973907,-0.326941,0.35299
0.01,-0.07,0.2,-0.336675,0.485278,0.660125,-0.22318,0.336675
0.01,-0.06,0.1,-0.54042,2.23059,2.60076,-0.418497,0.54042
0.01,-0.06,0.11,-0.499347,2.0009,2.44618,-0.493611,0.499347
0.01,-0.06,0.12,-0.463648,1.81099,2.29677,-0.534114,0.463648
0.01,-0.06,0.13,-0.432408,1.64451,2.14743,-0.551249,0.432408
0.01,-0.06,0.14,-0.404892,1.49228,1.99495,-0.551007,0.404892
0.01,-0.06,0.15,-0.380506,1.3482,1.83664,-0.536765,0.380506
0.01,-0.06,0.16,-0.358771,1.20756,1.66951,-0.510285,0.358771
0.01,-0.06,0.17,-0.339293,1.06592,1.48965,-0.47206,0.339293
0.01,-0.06,0.18,-0.321751,0.918074,1.29093,-0.421186,0.321751
0.01,-0.06,0.19,-0.305879,0.75599,1.06211,-0.35445,0.305879
0.01,-0.06,0.2,-0.291457,0.562087,0.776266,-0.262511,0.291457
0.01,-0.06,0.21,-0.2783,0.251017,0.298456,-0.095771,0.2783
0.01,-0.05,0.1,-0.463648,2.39052,2.69445,-0.35227,0.463648
0.01,-0.05,0.11,-0.426627,2.11196,2.52418,-0.460551,0.426627
0.01,-0.05,0.12,-0.394791,1.8961,2.36637,-0.518602,0.394791
0.01,-0.05,0.13,-0.367174,1.71395,2.21189,-0.54628,0.367174
0.01,-0.05,0.14,-0.343024,1.55167,2.05627,-0.552927,0.343024
0.01,-0.05,0.15,-0.321751,1.40106,1.89627,-0.543546,0.321751
0.01,-0.05,0.16,-0.302885,1.25632,1.72881,-0.520819,0.302885
0.01,-0.05,0.17,-0.286051,1.11259,1.55012,-0.48586,0.286051
0.01,-0.05,0.18,-0.270947,0.964692,1.3547,-0.438342,0.270947
0.01,-0.05,0.19,-0.257324,0.805453,1.13303,-0.375907,0.257324
0.01,-0.05,0.2,-0.244979,0.620935,0.864215,-0.291612,0.244979
0.01,-0.05,0.21,-0.233743,0.362999,0.472549,-0.157882,0.233743
0.01,-0.04,0.1,-0.380506,2.55906,2.78346,-0.27273,0.380506
0.01,-0.04,0.11,-0.348771,2.21778,2.5928,-0.423352,0.348771
0.01,-0.04,0.12,-0.321751,1.97331,2.42578,-0.500796,0.321751
0.01,-0.04,0.13,-0.298499,1.77505,2.26604,-0.539319,0.298499
0.01,-0.04,0.14,-0.2783,1.60284,2.10721,-0.552708,0.2783
0.01,-0.04,0.15,-0.260602,1.44584,1.9454,-0.547887,0.260602
0.01,-0.04,0.16,-0.244979,1.29708,1.77728,-0.528533,0.244979
0.01,-0.04,0.17,-0.231091,1.15111,1.59915,-0.496374,0.231091
0.01,-0.04,0.18,-0.218669,1.00265,1.40589,-0.451571,0.218669
0.01,-0.04,0.19,-0.207496,0.844982,1.18904,-0.392387,0.207496
0.01,-0.04,0.2,-0.197396,0.666213,0.931207,-0.313326,0.197396
0.01,-0.04,0.21,-0.188222,0.432018,0.578794,-0.195108,0.188222
0.01,-0.03,0.1,-0.291457,2.73335,2.86741,-0.182386,0.291457
0.01,-0.03,0.11,-0.266252,2.31305,2.65032,-0.385609,0.266252
0.01,-0.03,0.12,-0.244979,2.03936,2.47392,-0.482899,0.244979
0.01,-0.03,0.13,-0.226799,1.82581,2.30921,-0.531732,0.226799
0.01,-0.03,0.14,-0.211093,1.64451,2.14743,-0.551249,0.211093
0.01,-0.03,0.15,-0.197396,1.4818,1.9839,-0.550427,0.197396
0.01,-0.03,0.16,-0.185348,1.32943,1.81503,-0.533931,0.185348
0.01,-0.03,0.17,-0.174672,1.18137,1.63709,-0.504056,0.174672
0.01,-0.03,0.18,-0.165149,1.03215,1.44519,-0.461372,0.165149
0.01,-0.03,0.19,-0.156602,0.875283,1.23155,-0.404598,0.156602
0.01,-0.03,0.2,-0.14889,0.700072,0.98089,-0.329149,0.14889
0.01,-0.03,0.21,-0.141897,0.478924,0.650455,-0.219863,0.141897
0.01,-0.02,0.1,-0.197396,2.90595,2.94472,-0.0871034,0.197396
0.01,-0.02,0.11,-0.179853,2.39052,2.69445,-0.35227,0.179853
0.01,-0.02,0.12,-0.165149,2.09046,2.50958,-0.467451,0.165149
0.01,-0.02,0.13,-0.152649,1.86409,2.34071,-0.524953,0.152649
0.01,-0.02,0.14,-0.141897,1.67543,2.17652,-0.549427,0.141897
0.01,-0.02,0.15,-0.132552,1.50817,2.01158,-0.551749,0.132552
0.01,-0.02,0.16,-0.124355,1.35293,1.84204,-0.537444,0.124355
0.01,-0.02,0.17,-0.117109,1.20318,1.66411,-0.50927,0.117109
0.01,-0.02,0.18,-0.110657,1.05325,1.47303,-0.468116,0.110657
0.01,-0.02,0.19,-0.104877,0.896741,1.26142,-0.413014,0.104877
0.01,-0.02,0.2,-0.0996687,0.723662,1.01528,-0.339953,0.0996687
0.01,-0.02,0.21,-0.0949517,0.509976,0.697626,-0.235982,0.0949517
0.01,-0.01,0.1,-0.0996687,3.05677,3.0092,-0.000763748,0.0996687
0.01,-0.01,0.11,-0.0906599,2.44185,2.72252,-0.328997,0.0906599
0.01,-0.01,0.12,-0.0831412,2.12296,2.53156,-0.456932,0.0831412
0.01,-0.01,0.13,-0.0767719,1.88797,2.35991,-0.520272,0.0767719
0.01,-0.01,0.14,-0.0713075,1.69448,2.19414,-0.547991,0.0713075
0.01,-0.01,0.15,-0.0665682,1.52428,2.02828,-0.552331,0.0665682
0.01,-0.01,0.16,-0.0624188,1.3672,1.85828,-0.539407,0.0624188
0.01,-0.01,0.17,-0.0587558,1.21635,1.6803,-0.512287,0.0587558
0.01,-0.01,0.18,-0.0554985,1.06592,1.48965,-0.47206,0.0554985
0.01,-0.01,0.19,-0.0525831,0.909554,1.27917,-0.417946,0.0525831
0.01,-0.01,0.2,-0.0499584,0.737609,1.03553,-0.346252,0.0499584
0.01,-0.01,0.21,-0.0475831,0.527829,0.724644,-0.245147,0.0475831
0.01,-1.04083e-17,0.1,-1.04083e-16,3.12749,3.03884,0.0403106,1.04083e-16
0.01,-1.04083e-17,0.11,-9.46213e-17,2.45992,2.73218,-0.320596,9.46213e-17
0.01,-1.04083e-17,0.12,-8.67362e-17,2.13414,2.539,-0.453196,8.67362e-17
0.01,-1.04083e-17,0.13,-8.00642e-17,1.8961,2.36637,-0.518602,8.00642e-17
0.01,-1.04083e-17,0.14,-7.43453e-17,1.70092,2.20004,-0.547452,7.43453e-17
0.01,-1.04083e-17,0.15,-6.93889e-17,1.5297,2.03386,-0.552489,6.93889e-17
0.01,-1.04083e-17,0.16,-6.50521e-17,1.37199,1.8637,-0.540037,6.50521e-17
0.01,-1.04083e-17,0.17,-6.12255e-17,1.22076,1.6857,-0.513274,6.12255e-17
0.01,-1.04083e-17,0.18,-5.78241e-17,1.07015,1.49517,-0.473357,5.78241e-17
0.01,-1.04083e-17,0.19,-5.47807e-17,0.913816,1.28505,-0.419571,5.47807e-17
0.01,-1.04083e-17,0.2,-5.20417e-17,0.742227,1.04222,-0.348323,5.20417e-17
0.01,-1.04083e-17,0.21,-4.95635e-17,0.533666,0.73346,-0.248126,4.95635e-17
0.01,-1.04083e-17,0.22,-4.73106e-17,0.105698,0.0701988,-0.0128325,4.73106e-17
0.01,0.01,0.1,0.0996687,3.05677,3.0092,-0.000763748,-0.0996687
0.01,0.01,0.11,0.0906599,2.44185,2.72252,-0.328997,-0.0906599
0.01,0.01,0.12,0.0831412,2.12296,2.53156,-0.456932,-0.0831412
0.01,0.01,0.13,0.0767719,1.88797,2.35991,-0.520272,-0.0767719
0.01,0.01,0.14,0.0713075,1.69448,2.19414,-0.547991,-0.0713075
0.01,0.01,0.15,0.0665682,1.52428,2.02828,-0.552331,-0.0665682
0.01,0.01,0.16,0.0624188,1.3672,1.85828,-0.539407,-0.0624188
0.01,0.01,0.17,0.0587558,1.21635,1.6803,-0.512287,-0.0587558
0.01,0.01,0.18,0.0554985,1.06592,1.48965,-0.47206,-0.0554985
0.01,0.01,0.19,0.0525831,0.909554,1.27917,-0.417946,-0.0525831
0.01,0.01,0.2,0.0499584,0.737609,1.03553,-0.346252,-0.0499584
0.01,0.01,0.21,0.0475831,0.527829,0.724644,-0.245147,-0.0475831
0.01,0.02,0.1,0.197396,2.90595,2.94472,-0.0871034,-0.197396
0.01,0.02,0.11,0.179853,2.39052,2.69445,-0.35227,-0.179853
0.01,0.02,0.12,0.165149,2.09046,2.50958,-0.467451,-0.165149
0.01,0.02,0.13,0.152649,1.86409,2.34071,-0.524953,-0.152649
0.01,0.02,0.14,0.141897,1.67543,2.17652,-0.549427,-0.141897
0.01,0.02,0.15,0.132552,1.50817,2.01158,-0.551749,-0.132552
0.01,0.02,0.16,0.124355,1.35293,1.84204,-0.537444,-0.124355
0.01,0.02,0.17,0.117109,1.20318,1.66411,-0.50927,-0.117109
0.01,0.02,0.18,0.110657,1.05325,1.47303,-0.468116,-0.110657
0.01,0.02,0.19,0.104877,0.896741,1.26142,-0.413014,-0.104877
0.01,0.02,0.2,0.0996687,0.723662,1.01528,-0.339953,-0.0996687
0.01,0.02,0.21,0.0949517,0.509976,0.697626,-0.235982,-0.0949517
0.01,0.03,0.1,0.291457,2.73335,2.86741,-0.182386,-0.291457
0.01,0.03,0.11,0.266252,2.31305,2.65032,-0.385609,-0.266252
0.01,0.03,0.12,0.244979,2.03936,2.47392,-0.482899,-0.244979
0.01,0.03,0.13,0.226799,1.82581,2.30921,-0.531732,-0.226799
0.01,0.03,0.14,0.211093,1.64451,2.14743,-0.551249,-0.211093
0.01,0.03,0.15,0.197396,1.4818,1.9839,-0.550427,-0.197396
0.01,0.03,0.16,0.185348,1.32943,1.81503,-0.533931,-0.185348
0.01,0.03,0.17,0.174672,1.18137,1.63709,-0.504056,-0.174672
0.01,0.03,0.18,0.165149,1.03215,1.44519,-0.461372,-0.165149
0.01,0.03,0.19,0.156602,0.875283,1.23155,-0.404598,-0.156602
0.01,0.03,0.2,0.14889,0.700072,0.98089,-0.329149,-0.14889
0.01,0.03,0.21,0.141897,0.478924,0.650455,-0.219863,-0.141897
0.01,0.04,0.1,0.380506,2.55906,2.78346,-0.27273,-0.380506
0.01,0.04,0.11,0.348771,2.21778,2.5928,-0.423352,-0.348771
0.01,0.04,0.12,0.321751,1.97331,2.42578,-0.500796,-0.321751
0.01,0.04,0.13,0.298499,1.77505,2.26604,-0.539319,-0.298499
0.01,0.04,0.14,0.2783,1.60284,2.10721,-0.552708,-0.2783
0.01,0.04,0.15,0.260602,1.44584,1.9454,-0.547887,-0.260602
0.01,0.04,0.16,0.244979,1.29708,1.77728,-0.528533,-0.244979
0.01,0.04,0.17,0.231091,1.15111,1.59915,-0.496374,-0.231091
0.01,0.04,0.18,0.218669,1.00265,1.40589,-0.451571,-0.218669
0.01,0.04,0.19,0.207496,0.844982,1.18904,-0.392387,-0.207496
0.01,0.04,0.2,0.197396,0.666213,0.931207,-0.313326,-0.197396
0.01,0.04,0.21,0.188222,0.432018,0.578794,-0.195108,-0.188222
0.01,0.05,0.1,0.463648,2.39052,2.69445,-0.35227,-0.463648
0.01,0.05,0.11,0.426627,2.11196,2.52418,-0.460551,-0.426627
0.01,0.05,0.12,0.394791,1.8961,2.36637,-0.518602,-0.394791
0.01,0.05,0.13,0.367174,1.71395,2.21189,-0.54628,-0.367174
0.01,0.05,0.14,0.343024,1.55167,2.05627,-0.552927,-0.343024
0.01,0.05,0.15,0.321751,1.40106,1.89627,-0.543546,-0.321751
0.01,0.05,0.16,0.302885,1.25632,1.72881,-0.520819,-0.302885
0.01,0.05,0.17,0.286051,1.11259,1.55012,-0.48586,-0.286051
0.01,0.05,0.18,0.270947,0.964692,1.3547,-0.438342,-0.270947
0.01,0.05,0.19,0.257324,0.805453,1.13303,-0.375907,-0.257324
0.01,0.05,0.2,0.244979,0.620935,0.864215,-0.291612,-0.244979
0.01,0.05,0.21,0.233743,0.362999,0.472549,-0.157882,-0.233743
0.01,0.06,0.1,0.54042,2.23059,2.60076,-0.418497,-0.54042
0.01,0.06,0.11,0.499347,2.0009,2.44618,-0.493611,-0.499347
0.01,0.06,0.12,0.463648,1.81099,2.29677,-0.534114,-0.463648
0.01,0.06,0.13,0.432408,1.64451,2.14743,-0.551249,-0.432408
0.01,0.06,0.14,0.404892,1.49228,1.99495,-0.551007,-0.404892
0.01,0.06,0.15,0.380506,1.3482,1.83664,-0.536765,-0.380506
0.01,0.06,0.16,0.358771,1.20756,1.66951,-0.510285,-0.358771
0.01,0.06,0.17,0.339293,1.06592,1.48965,-0.47206,-0.339293
0.01,0.06,0.18,0.321751,0.918074,1.29093,-0.421186,-0.321751
0.01,0.06,0.19,0.305879,0.75599,1.06211,-0.35445,-0.305879
0.01,0.06,0.2,0.291457,0.562087,0.776266,-0.262511,-0.291457
0.01,0.06,0.21,0.2783,0.251017,0.298456,-0.095771,-0.2783
0.01,0.07,0.1,0.610726,2.07995,2.50235,-0.470739,-0.610726
0.01,0.07,0.11,0.566729,1.88797,2.35991,-0.520272,-0.566729
0.01,0.07,0.12,0.528074,1.72053,2.21784,-0.545646,-0.528074
0.01,0.07,0.13,0.493941,1.56845,2.07316,-0.553047,-0.493941
0.01,0.07,0.14,0.463648,1.42575,1.92352,-0.5461,-0.463648
0.01,0.07,0.15,0.436627,1.28795,1.76651,-0.526892,-0.436627
0.01,0.07,0.16,0.41241,1.15111,1.59915,-0.496374,-0.41241
0.01,0.07,0.17,0.390607,1.01108,1.41716,-0.454414,-0.390607
0.01,0.07,0.18,0.370891,0.862338,1.21343,-0.399427,-0.370891
0.01,0.07,0.19,0.35299,0.695298,0.973907,-0.326941,-0.35299
0.01,0.07,0.2,0.336675,0.485278,0.660125,-0.22318,-0.336675
0.01,0.08,0.1,0.674741,1.93803,2.39906,-0.50936,-0.674741
0.01,0.08,0.11,0.628796,1.77505,2.26604,-0.539319,-0.628796
0.01,0.08,0.12,0.588003,1.62643,2.13012,-0.552023,-0.588003
0.01,0.08,0.13,0.551655,1.48703,1.98942,-0.550725,-0.551655
0.01,0.08,0.14,0.519146,1.35293,1.84204,-0.537444,-0.519146
0.01,0.08,0.15,0.489957,1.22076,1.6857,-0.513274,-0.489957
0.01,0.08,0.16,0.463648,1.08709,1.51722,-0.478461,-0.463648
0.01,0.08,0.17,0.439843,0.947779,1.33168,-0.432231,-0.439843
0.01,0.08,0.18,0.418224,0.796564,1.12035,-0.372118,-0.418224
0.01,0.08,0.19,0.398522,0.620935,0.864215,-0.291612,-0.398522
0.01,0.08,0.2,0.380506,0.379462,0.497972,-0.166842,-0.380506
0.01,0.09,0.1,0.732815,1.80368,2.29059,-0.535239,-0.732815
0.01,0.09,0.11,0.68573,1.66294,2.16484,-0.550238,-0.68573
0.01,0.09,0.12,0.643501,1.5297,2.03386,-0.552489,-0.643501
0.01,0.09,0.13,0.605545,1.40106,1.89627,-0.543546,-0.605545
0.01,0.09,0.14,0.571337,1.27433,1.75035,-0.524351,-0.571337
0.01,0.09,0.15,0.54042,1.14681,1.59372,-0.495241,-0.54042
0.01,0.09,0.16,0.512389,1.01529,1.42279,-0.455823,-0.512389
0.01,0.09,0.17,0.486899,0.875283,1.23155,-0.404598,-0.486899
0.01,0.09,0.18,0.463648,0.71898,1.00847,-0.337823,-0.463648
0.01,0.09,0.19,0.442374,0.527829,0.724644,-0.245147,-0.442374
0.01,0.09,0.2,0.422854,0.189549,0.20217,-0.0609531,-0.422854
0.01,0.1,0.1,0.785398,1.67543,2.17652,-0.549427,-0.785398
0.01,0.1,0.11,0.737815,1.55167,2.05627,-0.552927,-0.737815
0.01,0.1,0.12,0.694738,1.43074,1.92898,-0.546569,-0.694738
0.01,0.1,0.13,0.655696,1.31087,1.79345,-0.530914,-0.655696
0.01,0.1,0.14,0.620249,1.19007,1.64791,-0.506169,-0.620249
0.01,0.1,0.15,0.588003,1.06592,1.48965,-0.47206,-0.588003
0.01,0.1,0.16,0.558599,0.935068,1.31429,-0.427553,-0.558599
0.01,0.1,0.17,0.531724,0.792104,1.11398,-0.370205,-0.531724
0.01,0.1,0.18,0.507099,0.626078,0.871855,-0.294109,-0.507099
0.01,0.1,0.19,0.484478,0.40284,0.533989,-0.179481,-0.484478
0.02,-0.1,0.1,-0.785398,1.76158,2.1474,-0.434152,0.785398
0.02,-0.1,0.11,-0.737815,1.63313,2.02912,-0.44432,0.737815
0.02,-0.1,0.12,-0.694738,1.50734,1.90329,-0.444276,0.694738
0.02,-0.1,0.13,-0.655696,1.3826,1.76873,-0.434458,0.655696
0.02,-0.1,0.14,-0.620249,1.257,1.62368,-0.415006,0.620249
0.02,-0.1,0.15,-0.588003,1.1281,1.46536,-0.385598,0.588003
0.02,-0.1,0.16,-0.558599,0.992406,1.28921,-0.345133,0.558599
0.02,-0.1,0.17,-0.531724,0.844188,1.08685,-0.290996,0.531724
0.02,-0.1,0.18,-0.507099,0.67146,0.839835,-0.216707,0.507099
0.02,-0.1,0.19,-0.484478,0.433857,0.484385,-0.0988605,0.484478
0.02,-0.09,0.1,-0.732815,1.89403,2.25887,-0.413169,0.732815
0.02,-0.09,0.11,-0.68573,1.74864,2.13595,-0.435638,0.68573
0.02,-0.09,0.12,-0.643501,1.61029,2.00701,-0.445052,0.643501
0.02,-0.09,0.13,-0.605545,1.47644,1.87086,-0.442745,0.605545
0.02,-0.09,0.14,-0.571337,1.3446,1.72583,-0.429565,0.571337
0.02,-0.09,0.15,-0.54042,1.21207,1.56954,-0.405806,0.54042
0.02,-0.09,0.16,-0.512389,1.07558,1.39829,-0.371042,0.512389
0.02,-0.09,0.17,-0.486899,0.930438,1.20579,-0.323684,0.486899
0.02,-0.09,0.18,-0.463648,0.768259,0.979627,-0.2597,0.463648
0.02,-0.09,0.19,-0.442374,0.568244,0.687376,-0.167464,0.442374
0.02,-0.08,0.1,-0.674741,2.03154,2.36396,-0.38076,0.674741
0.02,-0.08,0.11,-0.628796,1.86455,2.23495,-0.418734,0.628796
0.02,-0.08,0.12,-0.588003,1.71078,2.10184,-0.439395,0.588003
0.02,-0.08,0.13,-0.551655,1.56591,1.96311,-0.445535,0.551655
0.02,-0.08,0.14,-0.519146,1.42636,1.81703,-0.438999,0.519146
0.02,-0.08,0.15,-0.489957,1.28889,1.66139,-0.42083,0.489957
0.02,-0.08,0.16,-0.463648,1.15006,1.49299,-0.391255,0.463648
0.02,-0.08,0.17,-0.439843,1.00558,1.30671,-0.349463,0.439843
0.02,-0.08,0.18,-0.418224,0.848815,1.09331,-0.292829,0.418224
0.02,-0.08,0.19,-0.398522,0.666085,0.831977,-0.214225,0.398522
0.02,-0.08,0.2,-0.380506,0.407934,0.44472,-0.0851182,0.380506
0.02,-0.07,0.1,-0.610726,2.17467,2.46286,-0.336527,0.610726
0.02,-0.07,0.11,-0.566729,1.98049,2.32616,-0.394,0.566729
0.02,-0.07,0.12,-0.528074,1.80826,2.18787,-0.427948,0.528074
0.02,-0.07,0.13,-0.493941,1.65057,2.04578,-0.443542,0.493941
0.02,-0.07,0.14,-0.463648,1.50214,1.89787,-0.44406,0.463648
0.02,-0.07,0.15,-0.436627,1.35876,1.74192,-0.43149,0.436627
0.02,-0.07,0.16,-0.41241,1.21653,1.57497,-0.406772,0.41241
0.02,-0.07,0.17,-0.390607,1.07121,1.39265,-0.369767,0.390607
0.02,-0.07,0.18,-0.370891,0.917019,1.1875,-0.318809,0.370891
0.02,-0.07,0.19,-0.35299,0.743629,0.944373,-0.249076,0.35299
0.02,-0.07,0.2,-0.336675,0.523046,0.61963,-0.144916,0.336675
0.02,-0.06,0.1,-0.54042,2.32321,2.55549,-0.280615,0.54042
0.02,-0.06,0.11,-0.499347,2.09526,2.40925,-0.36232,0.499347
0.02,-0.06,0.12,-0.463648,1.90155,2.26489,-0.411668,0.463648
0.02,-0.06,0.13,-0.432408,1.72954,2.11885,-0.437644,0.432408
0.02,-0.06,0.14,-0.404892,1.57137,1.96858,-0.445542,0.404892
0.02,-0.06,0.15,-0.380506,1.42144,1.81166,-0.438547,0.380506
0.02,-0.06,0.16,-0.358771,1.27518,1.64524,-0.418398,0.358771
0.02,-0.06,0.17,-0.339293,1.1281,1.46536,-0.385598,0.339293
0.02,-0.06,0.18,-0.321751,0.974792,1.26568,-0.339217,0.321751
0.02,-0.06,0.19,-0.305879,0.806707,1.0342,-0.275829,0.305879
0.02,-0.06,0.2,-0.291457,0.604379,0.74112,-0.185074,0.291457
0.02,-0.06,0.21,-0.2783,0.250237,0.200487,0.00141754,0.2783
0.02,-0.05,0.1,-0.463648,2.47558,2.64144,-0.214189,0.463648
0.02,-0.05,0.11,-0.426627,2.20657,2.48357,-0.325331,0.426627
0.02,-0.05,0.12,-0.394791,1.98879,2.3324,-0.391943,0.394791
0.02,-0.05,0.13,-0.367174,1.80145,2.18205,-0.428935,0.367174
0.02,-0.05,0.14,-0.343024,1.63313,2.02912,-0.44432,0.343024
0.02,-0.05,0.15,-0.321751,1.47644,1.87086,-0.442745,0.321751
0.02,-0.05,0.16,-0.302885,1.32587,1.70437,-0.426834,0.302885
0.02,-0.05,0.17,-0.286051,1.17653,1.52592,-0.397726,0.286051
0.02,-0.05,0.18,-0.270947,1.02312,1.32988,-0.355094,0.270947
0.02,-0.05,0.19,-0.257324,0.858036,1.10616,-0.296456,0.257324
0.02,-0.05,0.2,-0.244979,0.666085,0.831977,-0.214225,0.244979
0.02,-0.05,0.21,-0.233743,0.389423,0.416306,-0.0752145,0.233743
0.02,-0.04,0.1,-0.380506,2.62809,2.71984,-0.140084,0.380506
0.02,-0.04,0.11,-0.348771,2.31073,2.54807,-0.285667,0.348771
0.02,-0.04,0.12,-0.321751,2.06736,2.38967,-0.37065,0.321751
0.02,-0.04,0.13,-0.298499,1.86455,2.23495,-0.418734,0.298499
0.02,-0.04,0.14,-0.2783,1.68629,2.07931,-0.441354,0.2783
0.02,-0.04,0.15,-0.260602,1.52305,1.91955,-0.444825,0.260602
0.02,-0.04,0.16,-0.244979,1.36826,1.75264,-0.432714,0.244979
0.02,-0.04,0.17,-0.231091,1.21653,1.57497,-0.406772,0.231091
0.02,-0.04,0.18,-0.218669,1.06247,1.38133,-0.367187,0.218669
0.02,-0.04,0.19,-0.207496,0.899027,1.16284,-0.312149,0.207496
0.02,-0.04,0.2,-0.197396,0.713343,0.900723,-0.235712,0.197396
0.02,-0.04,0.21,-0.188222,0.465749,0.532972,-0.115554,0.188222
0.02,-0.03,0.1,-0.291457,2.77368,2.78896,-0.063613,0.291457
0.02,-0.03,0.11,-0.266252,2.40256,2.6013,-0.247069,0.266252
0.02,-0.03,0.12,-0.244979,2.134,2.43579,-0.350115,0.244979
0.02,-0.03,0.13,-0.226799,1.91679,2.27699,-0.408531,0.226799
0.02,-0.03,0.14,-0.211093,1.72954,2.11885,-0.437644,0.211093
0.02,-0.03,0.15,-0.197396,1.56047,1.95765,-0.445509,0.197396
0.02,-0.03,0.16,-0.185348,1.40191,1.79019,-0.436606,0.185348
0.02,-0.03,0.17,-0.174672,1.24796,1.61288,-0.413248,0.174672
0.02,-0.03,0.18,-0.165149,1.09307,1.42078,-0.376048,0.165149
0.02,-0.03,0.19,-0.156602,0.930438,1.20579,-0.323684,0.156602
0.02,-0.03,0.2,-0.14889,0.748596,0.951501,-0.251237,0.14889
0.02,-0.03,0.21,-0.141897,0.516259,0.60941,-0.141483,0.141897
0.02,-0.02,0.1,-0.197396,2.90045,2.84558,0.00654377,0.197396
0.02,-0.02,0.11,-0.179853,2.47558,2.64144,-0.214189,0.179853
0.02,-0.02,0.12,-0.165149,2.18516,2.46973,-0.332895,0.165149
0.02,-0.02,0.13,-0.152649,1.95606,2.30757,-0.399839,0.152649
0.02,-0.02,0.14,-0.141897,1.76158,2.1474,-0.434152,0.141897
0.02,-0.02,0.15,-0.132552,1.5879,1.98501,-0.44545,0.132552
0.02,-0.02,0.16,-0.124355,1.42636,1.81703,-0.438999,0.124355
0.02,-0.02,0.17,-0.117109,1.27062,1.63986,-0.417566,0.117109
0.02,-0.02,0.18,-0.110657,1.11495,1.4487,-0.382089,0.110657
0.02,-0.02,0.19,-0.104877,0.95268,1.23593,-0.331585,0.104877
0.02,-0.02,0.2,-0.0996687,0.773126,0.986566,-0.261773,0.0996687
0.02,-0.02,0.21,-0.0949517,0.549329,0.659094,-0.158097,0.0949517
0.02,-0.01,0.1,-0.0996687,2.99059,2.88426,0.0580012,0.0996687
0.02,-0.01,0.11,-0.0906599,2.52303,2.66658,-0.191877,0.0906599
0.02,-0.01,0.12,-0.0831412,2.21749,2.49055,-0.321392,0.0831412
0.02,-0.01,0.13,-0.0767719,1.98049,2.32616,-0.394,0.0767719
0.02,-0.01,0.14,-0.0713075,1.78131,2.16467,-0.43169,0.0713075
0.02,-0.01,0.15,-0.0665682,1.60465,2.0015,-0.445182,0.0665682
0.02,-0.01,0.16,-0.0624188,1.44122,1.83316,-0.440273,0.0624188
0.02,-0.01,0.17,-0.0587558,1.28431,1.65601,-0.42003,0.0587558
0.02,-0.01,0.18,-0.0554985,1.1281,1.46536,-0.385598,0.0554985
0.02,-0.01,0.19,-0.0525831,0.965961,1.25382,-0.336196,0.0525831
0.02,-0.01,0.2,-0.0499584,0.787618,1.00718,-0.267892,0.0499584
0.02,-0.01,0.21,-0.0475831,0.568244,0.687376,-0.167464,0.0475831
0.02,-1.04083e-17,0.1,-1.04083e-16,3.02392,2.89829,0.0772984,1.04083e-16
0.02,-1.04083e-17,0.11,-9.46213e-17,2.53954,2.67516,-0.183951,9.46213e-17
0.02,-1.04083e-17,0.12,-8.67362e-17,2.22856,2.49758,-0.317344,8.67362e-17
0.02,-1.04083e-17,0.13,-8.00642e-17,1.98879,2.3324,-0.391943,8.00642e-17
0.02,-1.04083e-17,0.14,-7.43453e-17,1.78798,2.17045,-0.430805,7.43453e-17
0.02,-1.04083e-17,0.15,-6.93889e-17,1.61029,2.00701,-0.445052,6.93889e-17
0.02,-1.04083e-17,0.16,-6.50521e-17,1.4462,1.83854,-0.440669,6.50521e-17
0.02,-1.04083e-17,0.17,-6.12255e-17,1.28889,1.66139,-0.42083,6.12255e-17
0.02,-1.04083e-17,0.18,-5.78241e-17,1.13248,1.4709,-0.386749,5.78241e-17
0.02,-1.04083e-17,0.19,-5.47807e-17,0.970378,1.25976,-0.337712,5.47807e-17
0.02,-1.04083e-17,0.2,-5.20417e-17,0.792415,1.01398,-0.269899,5.20417e-17
0.02,-1.04083e-17,0.21,-4.95635e-17,0.574414,0.69658,-0.170498,4.95635e-17
0.02,0.01,0.1,0.0996687,2.99059,2.88426,0.0580012,-0.0996687
0.02,0.01,0.11,0.0906599,2.52303,2.66658,-0.191877,-0.0906599
0.02,0.01,0.12,0.0831412,2.21749,2.49055,-0.321392,-0.0831412
0.02,0.01,0.13,0.0767719,1.98049,2.32616,-0.394,-0.0767719
0.02,0.01,0.14,0.0713075,1.78131,2.16467,-0.43169,-0.0713075
0.02,0.01,0.15,0.0665682,1.60465,2.0015,-0.445182,-0.0665682
0.02,0.01,0.16,0.0624188,1.44122,1.83316,-0.440273,-0.0624188
0.02,0.01,0.17,0.0587558,1.28431,1.65601,-0.42003,-0.0587558
0.02,0.01,0.18,0.0554985,1.1281,1.46536,-0.385598,-0.0554985
0.02,0.01,0.19,0.0525831,0.965961,1.25382,-0.336196,-0.0525831
0.02,0.01,0.2,0.0499584,0.787618,1.00718,-0.267892,-0.0499584
0.02,0.01,0.21,0.0475831,0.568244,0.687376,-0.167464,-0.0475831
0.02,0.02,0.1,0.197396,2.90045,2.84558,0.00654377,-0.197396
0.02,0.02,0.11,0.179853,2.47558,2.64144,-0.214189,-0.179853
0.02,0.02,0.12,0.165149,2.18516,2.46973,-0.332895,-0.165149
0.02,0.02,0.13,0.152649,1.95606,2.30757,-0.399839,-0.152649
0.02,0.02,0.14,0.141897,1.76158,2.1474,-0.434152,-0.141897
0.02,0.02,0.15,0.132552,1.5879,1.98501,-0.44545,-0.132552
0.02,0.02,0.16,0.124355,1.42636,1.81703,-0.438999,-0.124355
0.02,0.02,0.17,0.117109,1.27062,1.63986,-0.417566,-0.117109
0.02,0.02,0.18,0.110657,1.11495,1.4487,-0.382089,-0.110657
0.02,0.02,0.19,0.104877,0.95268,1.23593,-0.331585,-0.104877
0.02,0.02,0.2,0.0996687,0.773126,0.986566,-0.261773,-0.0996687
0.02,0.02,0.21,0.0949517,0.549329,0.659094,-0.158097,-0.0949517
0.02,0.03,0.1,0.291457,2.77368,2.78896,-0.063613,-0.291457
0.02,0.03,0.11,0.266252,2.40256,2.6013,-0.247069,-0.266252
0.02,0.03,0.12,0.244979,2.134,2.43579,-0.350115,-0.244979
0.02,0.03,0.13,0.226799,1.91679,2.27699,-0.408531,-0.226799
0.02,0.03,0.14,0.211093,1.72954,2.11885,-0.437644,-0.211093
0.02,0.03,0.15,0.197396,1.56047,1.95765,-0.445509,-0.197396
0.02,0.03,0.16,0.185348,1.40191,1.79019,-0.436606,-0.185348
0.02,0.03,0.17,0.174672,1.24796,1.61288,-0.413248,-0.174672
0.02,0.03,0.18,0.165149,1.09307,1.42078,-0.376048,-0.165149
0.02,0.03,0.19,0.156602,0.930438,1.20579,-0.323684,-0.156602
0.02,0.03,0.2,0.14889,0.748596,0.951501,-0.251237,-0.14889
0.02,0.03,0.21,0.141897,0.516259,0.60941,-0.141483,-0.141897
0.02,0.04,0.1,0.380506,2.62809,2.71984,-0.140084,-0.380506
0.02,0.04,0.11,0.348771,2.31073,2.54807,-0.285667,-0.348771
0.02,0.04,0.12,0.321751,2.06736,2.38967,-0.37065,-0.321751
0.02,0.04,0.13,0.298499,1.86455,2.23495,-0.418734,-0.298499
0.02,0.04,0.14,0.2783,1.68629,2.07931,-0.441354,-0.2783
0.02,0.04,0.15,0.260602,1.52305,1.91955,-0.444825,-0.260602
0.02,0.04,0.16,0.244979,1.36826,1.75264,-0.432714,-0.244979
0.02,0.04,0.17,0.231091,1.21653,1.57497,-0.406772,-0.231091
0.02,0.04,0.18,0.218669,1.06247,1.38133,-0.367187,-0.218669
0.02,0.04,0.19,0.207496,0.899027,1.16284,-0.312149,-0.207496
0.02,0.04,0.2,0.197396,0.713343,0.900723,-0.235712,-0.197396
0.02,0.04,0.21,0.188222,0.465749,0.532972,-0.115554,-0.188222
0.02,0.05,0.1,0.463648,2.47558,2.64144,-0.214189,-0.463648
0.02,0.05,0.11,0.426627,2.20657,2.48357,-0.325331,-0.426627
0.02,0.05,0.12,0.394791,1.98879,2.3324,-0.391943,-0.394791
0.02,0.05,0.13,0.367174,1.80145,2.18205,-0.428935,-0.367174
0.02,0.05,0.14,0.343024,1.63313,2.02912,-0.44432,-0.343024
0.02,0.05,0.15,0.321751,1.47644,1.87086,-0.442745,-0.321751
0.02,0.05,0.16,0.302885,1.32587,1.70437,-0.426834,-0.302885
0.02,0.05,0.17,0.286051,1.17653,1.52592,-0.397726,-0.286051
0.02,0.05,0.18,0.270947,1.02312,1.32988,-0.355094,-0.270947
0.02,0.05,0.19,0.257324,0.858036,1.10616,-0.296456,-0.257324
0.02,0.05,0.2,0.244979,0.666085,0.831977,-0.214225,-0.244979
0.02,0.05,0.21,0.233743,0.389423,0.416306,-0.0752145,-0.233743
0.02,0.06,0.1,0.54042,2.32321,2.55549,-0.280615,-0.54042
0.02,0.06,0.11,0.499347,2.09526,2.40925,-0.36232,-0.499347
0.02,0.06,0.12,0.463648,1.90155,2.26489,-0.411668,-0.463648
0.02,0.06,0.13,0.432408,1.72954,2.11885,-0.437644,-0.432408
0.02,0.06,0.14,0.404892,1.57137,1.96858,-0.445542,-0.404892
0.02,0.06,0.15,0.380506,1.42144,1.81166,-0.438547,-0.380506
0.02,0.06,0.16,0.358771,1.27518,1.64524,-0.418398,-0.358771
0.02,0.06,0.17,0.339293,1.1281,1.46536,-0.385598,-0.339293
0.02,0.06,0.18,0.321751,0.974792,1.26568,-0.339217,-0.321751
0.02,0.06,0.19,0.305879,0.806707,1.0342,-0.275829,-0.305879
0.02,0.06,0.2,0.291457,0.604379,0.74112,-0.185074,-0.291457
0.02,0.06,0.21,0.2783,0.250237,0.200487,0.00141754,-0.2783
0.02,0.07,0.1,0.610726,2.17467,2.46286,-0.336527,-0.610726
0.02,0.07,0.11,0.566729,1.98049,2.32616,-0.394,-0.566729
0.02,0.07,0.12,0.528074,1.80826,2.18787,-0.427948,-0.528074
0.02,0.07,0.13,0.493941,1.65057,2.04578,-0.443542,-0.493941
0.02,0.07,0.14,0.463648,1.50214,1.89787,-0.44406,-0.463648
0.02,0.07,0.15,0.436627,1.35876,1.74192,-0.43149,-0.436627
0.02,0.07,0.16,0.41241,1.21653,1.57497,-0.406772,-0.41241
0.02,0.07,0.17,0.390607,1.07121,1.39265,-0.369767,-0.390607
0.02,0.07,0.18,0.370891,0.917019,1.1875,-0.318809,-0.370891
0.02,0.07,0.19,0.35299,0.743629,0.944373,-0.249076,-0.35299
0.02,0.07,0.2,0.336675,0.523046,0.61963,-0.144916,-0.336675
0.02,0.08,0.1,0.674741,2.03154,2.36396,-0.38076,-0.674741
0.02,0.08,0.11,0.628796,1.86455,2.23495,-0.418734,-0.628796
0.02,0.08,0.12,0.588003,1.71078,2.10184,-0.439395,-0.588003
0.02,0.08,0.13,0.551655,1.56591,1.96311,-0.445535,-0.551655
0.02,0.08,0.14,0.519146,1.42636,1.81703,-0.438999,-0.519146
0.02,0.08,0.15,0.489957,1.28889,1.66139,-0.42083,-0.489957
0.02,0.08,0.16,0.463648,1.15006,1.49299,-0.391255,-0.463648
0.02,0.08,0.17,0.439843,1.00558,1.30671,-0.349463,-0.439843
0.02,0.08,0.18,0.418224,0.848815,1.09331,-0.292829,-0.418224
0.02,0.08,0.19,0.398522,0.666085,0.831977,-0.214225,-0.398522
0.02,0.08,0.2,0.380506,0.407934,0.44472,-0.0851182,-0.380506
0.02,0.09,0.1,0.732815,1.89403,2.25887,-0.413169,-0.732815
0.02,0.09,0.11,0.68573,1.74864,2.13595,-0.435638,-0.68573
0.02,0.09,0.12,0.643501,1.61029,2.00701,-0.445052,-0.643501
0.02,0.09,0.13,0.605545,1.47644,1.87086,-0.442745,-0.605545
0.02,0.09,0.14,0.571337,1.3446,1.72583,-0.429565,-0.571337
0.02,0.09,0.15,0.54042,1.21207,1.56954,-0.405806,-0.54042
0.02,0.09,0.16,0.512389,1.07558,1.39829,-0.371042,-0.512389
0.02,0.09,0.17,0.486899,0.930438,1.20579,-0.323684,-0.486899
0.02,0.09,0.18,0.463648,0.768259,0.979627,-0.2597,-0.463648
0.02,0.09,0.19,0.442374,0.568244,0.687376,-0.167464,-0.442374
0.02,0.1,0.1,0.785398,1.76158,2.1474,-0.434152,-0.785398
0.02,0.1,0.11,0.737815,1.63313,2.02912,-0.44432,-0.737815
0.02,0.1,0.12,0.694738,1.50734,1.90329,-0.444276,-0.694738
0.02,0.1,0.13,0.655696,1.3826,1.76873,-0.434458,-0.655696
0.02,0.1,0.14,0.620249,1.257,1.62368,-0.415006,-0.620249
0.02,0.1,0.15,0.588003,1.1281,1.46536,-0.385598,-0.588003
0.02,0.1,0.16,0.558599,0.992406,1.28921,-0.345133,-0.558599
0.02,0.1,0.17,0.531724,0.844188,1.08685,-0.290996,-0.531724
0.02,0.1,0.18,0.507099,0.67146,0.839835,-0.216707,-0.507099
0.02,0.1,0.19,0.484478,0.433857,0.484385,-0.0988605,-0.484478
0.03,-0.1,0.1,-0.785398,1.82512,2.10004,-0.323252,0.785398
0.03,-0.1,0.11,-0.737815,1.69496,1.98466,-0.338036,0.737815
0.03,-0.1,0.12,-0.694738,1.56659,1.86095,-0.342695,0.694738
0.03,-0.1,0.13,-0.655696,1.4387,1.72779,-0.337422,0.655696
0.03,-0.1,0.14,-0.620249,1.30951,1.58336,-0.322182,0.620249
0.03,-0.1,0.15,-0.588003,1.17658,1.42474,-0.296498,0.588003
0.03,-0.1,0.16,-0.558599,1.03625,1.24699,-0.259075,0.558599
0.03,-0.1,0.17,-0.531724,0.882182,1.04075,-0.206903,0.531724
0.03,-0.1,0.18,-0.507099,0.700358,0.784301,-0.132275,0.507099
0.03,-0.1,0.19,-0.484478,0.434804,0.389081,-0.00260964,0.484478
0.03,-0.09,0.1,-0.732815,1.95799,2.20775,-0.298101,0.732815
0.03,-0.09,0.11,-0.68573,1.81206,2.08891,-0.325184,0.68573
0.03,-0.09,0.12,-0.643501,1.67171,1.96299,-0.339617,0.643501
0.03,-0.09,0.13,-0.605545,1.53496,1.82894,-0.342311,0.605545
0.03,-0.09,0.14,-0.571337,1.39964,1.68516,-0.333853,0.571337
0.03,-0.09,0.15,-0.54042,1.2632,1.52923,-0.31436,0.54042
0.03,-0.09,0.16,-0.512389,1.12232,1.35723,-0.283239,0.512389
0.03,-0.09,0.17,-0.486899,0.971964,1.16228,-0.238644,0.486899
0.03,-0.09,0.18,-0.463648,0.802696,0.930255,-0.175892,0.463648
0.03,-0.09,0.19,-0.442374,0.588947,0.621149,-0.0805345,0.442374
0.03,-0.08,0.1,-0.674741,2.09392,2.30808,-0.262498,0.674741
0.03,-0.08,0.11,-0.628796,1.92856,2.18474,-0.30452,0.628796
0.03,-0.08,0.12,-0.588003,1.77378,2.05572,-0.330275,0.588003
0.03,-0.08,0.13,-0.551655,1.62644,1.91987,-0.341762,0.551655
0.03,-0.08,0.14,-0.519146,1.48362,1.77568,-0.340399,0.519146
0.03,-0.08,0.15,-0.489957,1.34234,1.62099,-0.326983,0.489957
0.03,-0.08,0.16,-0.463648,1.19925,1.45249,-0.301572,0.463648
0.03,-0.08,0.17,-0.439843,1.0499,1.26472,-0.263156,0.439843
0.03,-0.08,0.18,-0.418224,0.88701,1.04738,-0.208701,0.418224
0.03,-0.08,0.19,-0.398522,0.694628,0.776013,-0.129718,0.398522
0.03,-0.08,0.2,-0.380506,0.402209,0.33918,0.0146967,0.380506
0.03,-0.07,0.1,-0.610726,2.23257,2.40101,-0.216769,0.610726
0.03,-0.07,0.11,-0.566729,2.04373,2.27216,-0.276755,0.566729
0.03,-0.07,0.12,-0.528074,1.87213,2.13928,-0.315489,0.528074
0.03,-0.07,0.13,-0.493941,1.71269,2.00097,-0.336613,0.493941
0.03,-0.07,0.14,-0.463648,1.56127,1.85561,-0.342673,0.463648
0.03,-0.07,0.15,-0.436627,1.4142,1.70116,-0.335289,0.436627
0.03,-0.07,0.16,-0.41241,1.26781,1.53467,-0.315192,0.41241
0.03,-0.07,0.17,-0.390607,1.11781,1.35154,-0.282065,0.390607
0.03,-0.07,0.18,-0.370891,0.958022,1.14365,-0.233955,0.370891
0.03,-0.07,0.19,-0.35299,0.776786,0.893681,-0.165227,0.35299
0.03,-0.07,0.2,-0.336675,0.53881,0.54642,-0.0559425,0.336675
0.03,-0.06,0.1,-0.54042,2.37253,2.48619,-0.161998,0.54042
0.03,-0.06,0.11,-0.499347,2.15605,2.35084,-0.243122,0.499347
0.03,-0.06,0.12,-0.463648,1.96548,2.21354,-0.296392,0.463648
0.03,-0.06,0.13,-0.432408,1.79276,2.07228,-0.327858,0.432408
0.03,-0.06,0.14,-0.404892,1.63202,1.92525,-0.341565,0.404892
0.03,-0.06,0.15,-0.380506,1.47857,1.77036,-0.340125,0.380506
0.03,-0.06,0.16,-0.358771,1.32822,1.60488,-0.324995,0.358771
0.03,-0.06,0.17,-0.339293,1.17658,1.42474,-0.296498,0.339293
0.03,-0.06,0.18,-0.321751,1.01799,1.22313,-0.253474,0.321751
0.03,-0.06,0.19,-0.305879,0.84301,0.986626,-0.191949,0.305879
0.03,-0.06,0.2,-0.291457,0.628336,0.679305,-0.0993016,0.291457
0.03,-0.05,0.1,-0.463648,2.51088,2.56296,-0.100419,0.463648
0.03,-0.05,0.11,-0.426627,2.263,2.42023,-0.20556,0.426627
0.03,-0.05,0.12,-0.394791,2.05192,2.2781,-0.274518,0.394791
0.03,-0.05,0.13,-0.367174,1.86528,2.13365,-0.316697,0.367174
0.03,-0.05,0.14,-0.343024,1.69496,1.98466,-0.338036,0.343024
0.03,-0.05,0.15,-0.321751,1.53496,1.82894,-0.342311,0.321751
0.03,-0.05,0.16,-0.302885,1.38038,1.66381,-0.331759,0.302885
0.03,-0.05,0.17,-0.286051,1.22656,1.48554,-0.307311,0.286051
0.03,-0.05,0.18,-0.270947,1.06805,1.28816,-0.268439,0.270947
0.03,-0.05,0.19,-0.257324,0.896627,1.06055,-0.212253,0.257324
0.03,-0.05,0.2,-0.244979,0.694628,0.776013,-0.129718,0.244979
0.03,-0.05,0.21,-0.233743,0.377724,0.301522,0.0278699,0.233743
0.03,-0.04,0.1,-0.380506,2.64276,2.63023,-0.035797,0.380506
0.03,-0.04,0.11,-0.348771,2.36096,2.47945,-0.166829,0.348771
0.03,-0.04,0.12,-0.321751,2.12892,2.3324,-0.251813,0.321751
0.03,-0.04,0.13,-0.298499,1.92856,2.18474,-0.30452,0.298499
0.03,-0.04,0.14,-0.2783,1.74896,2.03374,-0.333117,0.2783
0.03,-0.04,0.15,-0.260602,1.58266,1.87699,-0.342658,0.260602
0.03,-0.04,0.16,-0.244979,1.42396,1.71181,-0.336182,0.244979
0.03,-0.04,0.17,-0.231091,1.26781,1.53467,-0.315192,0.231091
0.03,-0.04,0.18,-0.218669,1.10877,1.34012,-0.279685,0.218669
0.03,-0.04,0.19,-0.207496,0.939315,1.1185,-0.227522,0.207496
0.03,-0.04,0.2,-0.197396,0.744815,0.848192,-0.151709,0.197396
0.03,-0.04,0.21,-0.188222,0.473091,0.447348,-0.0225886,0.188222
0.03,-0.03,0.1,-0.291457,2.76109,2.68639,0.0263654,0.291457
0.03,-0.03,0.11,-0.266252,2.44531,2.52744,-0.130457,0.266252
0.03,-0.03,0.12,-0.244979,2.19352,2.37574,-0.230554,0.244979
0.03,-0.03,0.13,-0.226799,1.98064,2.22515,-0.292841,0.226799
0.03,-0.03,0.14,-0.211093,1.79276,2.07228,-0.327858,0.211093
0.03,-0.03,0.15,-0.197396,1.62089,1.9145,-0.34194,0.197396
0.03,-0.03,0.16,-0.185348,1.45852,1.74908,-0.338885,0.185348
0.03,-0.03,0.17,-0.174672,1.3002,1.57257,-0.320707,0.174672
0.03,-0.03,0.18,-0.165149,1.14039,1.37989,-0.287829,0.165149
0.03,-0.03,0.19,-0.156602,0.971964,1.16228,-0.238644,0.156602
0.03,-0.03,0.2,-0.14889,0.782017,0.901087,-0.167402,0.14889
0.03,-0.03,0.21,-0.141897,0.531174,0.534972,-0.0521306,0.141897
0.03,-0.02,0.1,-0.197396,2.85671,2.72931,0.0790647,0.197396
0.03,-0.02,0.11,-0.179853,2.51088,2.56296,-0.100419,0.179853
0.03,-0.02,0.12,-0.165149,2.2426,2.40739,-0.213119,0.165149
0.03,-0.02,0.13,-0.152649,2.01959,2.25441,-0.283156,0.152649
0.03,-0.02,0.14,-0.141897,1.82512,2.10004,-0.323252,0.141897
0.03,-0.02,0.15,-0.132552,1.64888,1.9414,-0.340854,0.132552
0.03,-0.02,0.16,-0.124355,1.48362,1.77568,-0.340399,0.124355
0.03,-0.02,0.17,-0.117109,1.32353,1.59951,-0.324309,0.117109
0.03,-0.02,0.18,-0.110657,1.163,1.40799,-0.293327,0.110657
0.03,-0.02,0.19,-0.104877,0.995054,1.19293,-0.24621,0.104877
0.03,-0.02,0.2,-0.0996687,0.807808,0.937439,-0.177964,0.0996687
0.03,-0.02,0.21,-0.0949517,0.568102,0.590174,-0.0704036,0.0949517
0.03,-0.01,0.1,-0.0996687,2.91966,2.75653,0.1148,0.0996687
0.03,-0.01,0.11,-0.0906599,2.55268,2.58487,-0.080516,0.0906599
0.03,-0.01,0.12,-0.0831412,2.27337,2.42669,-0.201647,0.0831412
0.03,-0.01,0.13,-0.0767719,2.04373,2.27216,-0.276755,0.0767719
0.03,-0.01,0.14,-0.0713075,1.84502,2.1168,-0.320121,0.0713075
0.03,-0.01,0.15,-0.0665682,1.66596,1.95759,-0.339958,0.0665682
0.03,-0.01,0.16,-0.0624188,1.49885,1.79165,-0.341132,0.0624188
0.03,-0.01,0.17,-0.0587558,1.33763,1.61563,-0.326332,0.0587558
0.03,-0.01,0.18,-0.0554985,1.17658,1.42474,-0.296498,0.0554985
0.03,-0.01,0.19,-0.0525831,1.00883,1.2111,-0.250604,0.0525831
0.03,-0.01,0.2,-0.0499584,0.823013,0.958748,-0.184067,0.0499584
0.03,-0.01,0.21,-0.0475831,0.588947,0.621149,-0.0805345,0.0475831
0.03,-1.04083e-17,0.1,-1.04083e-16,2.94173,2.76589,0.127504,1.04083e-16
0.03,-1.04083e-17,0.11,-9.46213e-17,2.56707,2.59228,-0.0735377,9.46213e-17
0.03,-1.04083e-17,0.12,-8.67362e-17,2.28387,2.43318,-0.197643,8.67362e-17
0.03,-1.04083e-17,0.13,-8.00642e-17,2.05192,2.2781,-0.274518,8.00642e-17
0.03,-1.04083e-17,0.14,-7.43453e-17,1.85173,2.12241,-0.319013,7.43453e-17
0.03,-1.04083e-17,0.15,-6.93889e-17,1.67171,1.96299,-0.339617,6.93889e-17
0.03,-1.04083e-17,0.16,-6.50521e-17,1.50396,1.79698,-0.341347,6.50521e-17
0.03,-1.04083e-17,0.17,-6.12255e-17,1.34234,1.62099,-0.326983,6.12255e-17
0.03,-1.04083e-17,0.18,-5.78241e-17,1.18111,1.43031,-0.297534,5.78241e-17
0.03,-1.04083e-17,0.19,-5.47807e-17,1.01341,1.21712,-0.252045,5.47807e-17
0.03,-1.04083e-17,0.2,-5.20417e-17,0.828041,0.965773,-0.186064,5.20417e-17
0.03,-1.04083e-17,0.21,-4.95635e-17,0.595711,0.631171,-0.0837924,4.95635e-17
0.03,0.01,0.1,0.0996687,2.91966,2.75653,0.1148,-0.0996687
0.03,0.01,0.11,0.0906599,2.55268,2.58487,-0.080516,-0.0906599
0.03,0.01,0.12,0.0831412,2.27337,2.42669,-0.201647,-0.0831412
0.03,0.01,0.13,0.0767719,2.04373,2.27216,-0.276755,-0.0767719
0.03,0.01,0.14,0.0713075,1.84502,2.1168,-0.320121,-0.0713075
0.03,0.01,0.15,0.0665682,1.66596,1.95759,-0.339958,-0.0665682
0.03,0.01,0.16,0.0624188,1.49885,1.79165,-0.341132,-0.0624188
0.03,0.01,0.17,0.0587558,1.33763,1.61563,-0.326332,-0.0587558
0.03,0.01,0.18,0.0554985,1.17658,1.42474,-0.296498,-0.0554985
0.03,0.01,0.19,0.0525831,1.00883,1.2111,-0.250604,-0.0525831
0.03,0.01,0.2,0.0499584,0.823013,0.958748,-0.184067,-0.0499584
0.03,0.01,0.21,0.0475831,0.588947,0.621149,-0.0805345,-0.0475831
0.03,0.02,0.1,0.197396,2.85671,2.72931,0.0790647,-0.197396
0.03,0.02,0.11,0.179853,2.51088,2.56296,-0.100419,-0.179853
0.03,0.02,0.12,0.165149,2.2426,2.40739,-0.213119,-0.165149
0.03,0.02,0.13,0.152649,2.01959,2.25441,-0.283156,-0.152649
0.03,0.02,0.14,0.141897,1.82512,2.10004,-0.323252,-0.141897
0.03,0.02,0.15,0.132552,1.64888,1.9414,-0.340854,-0.132552
0.03,0.02,0.16,0.124355,1.48362,1.77568,-0.340399,-0.124355
0.03,0.02,0.17,0.117109,1.32353,1.59951,-0.324309,-0.117109
0.03,0.02,0.18,0.110657,1.163,1.40799,-0.293327,-0.110657
0.03,0.02,0.19,0.104877,0.995054,1.19293,-0.24621,-0.104877
0.03,0.02,0.2,0.0996687,0.807808,0.937439,-0.177964,-0.0996687
0.03,0.02,0.21,0.0949517,0.568102,0.590174,-0.0704036,-0.0949517
0.03,0.03,0.1,0.291457,2.76109,2.68639,0.0263654,-0.291457
0.03,0.03,0.11,0.266252,2.44531,2.52744,-0.130457,-0.266252
0.03,0.03,0.12,0.244979,2.19352,2.37574,-0.230554,-0.244979
0.03,0.03,0.13,0.226799,1.98064,2.22515,-0.292841,-0.226799
0.03,0.03,0.14,0.211093,1.79276,2.07228,-0.327858,-0.211093
0.03,0.03,0.15,0.197396,1.62089,1.9145,-0.34194,-0.197396
0.03,0.03,0.16,0.185348,1.45852,1.74908,-0.338885,-0.185348
0.03,0.03,0.17,0.174672,1.3002,1.57257,-0.320707,-0.174672
0.03,0.03,0.18,0.165149,1.14039,1.37989,-0.287829,-0.165149
0.03,0.03,0.19,0.156602,0.971964,1.16228,-0.238644,-0.156602
0.03,0.03,0.2,0.14889,0.782017,0.901087,-0.167402,-0.14889
0.03,0.03,0.21,0.141897,0.531174,0.534972,-0.0521306,-0.141897
0.03,0.04,0.1,0.380506,2.64276,2.63023,-0.035797,-0.380506
0.03,0.04,0.11,0.348771,2.36096,2.47945,-0.166829,-0.348771
0.03,0.04,0.12,0.321751,2.12892,2.3324,-0.251813,-0.321751
0.03,0.04,0.13,0.298499,1.92856,2.18474,-0.30452,-0.298499
0.03,0.04,0.14,0.2783,1.74896,2.03374,-0.333117,-0.2783
0.03,0.04,0.15,0.260602,1.58266,1.87699,-0.342658,-0.260602
0.03,0.04,0.16,0.244979,1.42396,1.71181,-0.336182,-0.244979
0.03,0.04,0.17,0.231091,1.26781,1.53467,-0.315192,-0.231091
0.03,0.04,0.18,0.218669,1.10877,1.34012,-0.279685,-0.218669
0.03,0.04,0.19,0.207496,0.939315,1.1185,-0.227522,-0.207496
0.03,0.04,0.2,0.197396,0.744815,0.848192,-0.151709,-0.197396
0.03,0.04,0.21,0.188222,0.473091,0.447348,-0.0225886,-0.188222
0.03,0.05,0.1,0.463648,2.51088,2.56296,-0.100419,-0.463648
0.03,0.05,0.11,0.426627,2.263,2.42023,-0.20556,-0.426627
0.03,0.05,0.12,0.394791,2.05192,2.2781,-0.274518,-0.394791
0.03,0.05,0.13,0.367174,1.86528,2.13365,-0.316697,-0.367174
0.03,0.05,0.14,0.343024,1.69496,1.98466,-0.338036,-0.343024
0.03,0.05,0.15,0.321751,1.53496,1.82894,-0.342311,-0.321751
0.03,0.05,0.16,0.302885,1.38038,1.66381,-0.331759,-0.302885
0.03,0.05,0.17,0.286051,1.22656,1.48554,-0.307311,-0.286051
0.03,0.05,0.18,0.270947,1.06805,1.28816,-0.268439,-0.270947
0.03,0.05,0.19,0.257324,0.896627,1.06055,-0.212253,-0.257324
0.03,0.05,0.2,0.244979,0.694628,0.776013,-0.129718,-0.244979
0.03,0.05,0.21,0.233743,0.377724,0.301522,0.0278699,-0.233743
0.03,0.06,0.1,0.54042,2.37253,2.48619,-0.161998,-0.54042
0.03,0.06,0.11,0.499347,2.15605,2.35084,-0.243122,-0.499347
0.03,0.06,0.12,0.463648,1.96548,2.21354,-0.296392,-0.463648
0.03,0.06,0.13,0.432408,1.79276,2.07228,-0.327858,-0.432408
0.03,0.06,0.14,0.404892,1.63202,1.92525,-0.341565,-0.404892
0.03,0.06,0.15,0.380506,1.47857,1.77036,-0.340125,-0.380506
0.03,0.06,0.16,0.358771,1.32822,1.60488,-0.324995,-0.358771
0.03,0.06,0.17,0.339293,1.17658,1.42474,-0.296498,-0.339293
0.03,0.06,0.18,0.321751,1.01799,1.22313,-0.253474,-0.321751
0.03,0.06,0.19,0.305879,0.84301,0.986626,-0.191949,-0.305879
0.03,0.06,0.2,0.291457,0.628336,0.679305,-0.0993016,-0.291457
0.03,0.07,0.1,0.610726,2.23257,2.40101,-0.216769,-0.610726
0.03,0.07,0.11,0.566729,2.04373,2.27216,-0.276755,-0.566729
0.03,0.07,0.12,0.528074,1.87213,2.13928,-0.315489,-0.528074
0.03,0.07,0.13,0.493941,1.71269,2.00097,-0.336613,-0.493941
0.03,0.07,0.14,0.463648,1.56127,1.85561,-0.342673,-0.463648
0.03,0.07,0.15,0.436627,1.4142,1.70116,-0.335289,-0.436627
0.03,0.07,0.16,0.41241,1.26781,1.53467,-0.315192,-0.41241
0.03,0.07,0.17,0.390607,1.11781,1.35154,-0.282065,-0.390607
0.03,0.07,0.18,0.370891,0.958022,1.14365,-0.233955,-0.370891
0.03,0.07,0.19,0.35299,0.776786,0.893681,-0.165227,-0.35299
0.03,0.07,0.2,0.336675,0.53881,0.54642,-0.0559425,-0.336675
0.03,0.08,0.1,0.674741,2.09392,2.30808,-0.262498,-0.674741
0.03,0.08,0.11,0.628796,1.92856,2.18474,-0.30452,-0.628796
0.03,0.08,0.12,0.588003,1.77378,2.05572,-0.330275,-0.588003
0.03,0.08,0.13,0.551655,1.62644,1.91987,-0.341762,-0.551655
0.03,0.08,0.14,0.519146,1.48362,1.77568,-0.340399,-0.519146
0.03,0.08,0.15,0.489957,1.34234,1.62099,-0.326983,-0.489957
0.03,0.08,0.16,0.463648,1.19925,1.45249,-0.301572,-0.463648
0.03,0.08,0.17,0.439843,1.0499,1.26472,-0.263156,-0.439843
0.03,0.08,0.18,0.418224,0.88701,1.04738,-0.208701,-0.418224
0.03,0.08,0.19,0.398522,0.694628,0.776013,-0.129718,-0.398522
0.03,0.08,0.2,0.380506,0.402209,0.33918,0.0146967,-0.380506
0.03,0.09,0.1,0.732815,1.95799,2.20775,-0.298101,-0.732815
0.03,0.09,0.11,0.68573,1.81206,2.08891,-0.325184,-0.68573
0.03,0.09,0.12,0.643501,1.67171,1.96299,-0.339617,-0.643501
0.03,0.09,0.13,0.605545,1.53496,1.82894,-0.342311,-0.605545
0.03,0.09,0.14,0.571337,1.39964,1.68516,-0.333853,-0.571337
0.03,0.09,0.15,0.54042,1.2632,1.52923,-0.31436,-0.54042
0.03,0.09,0.16,0.512389,1.12232,1.35723,-0.283239,-0.512389
0.03,0.09,0.17,0.486899,0.971964,1.16228,-0.238644,-0.486899
0.03,0.09,0.18,0.463648,0.802696,0.930255,-0.175892,-0.463648
0.03,0.09,0.19,0.442374,0.588947,0.621149,-0.0805345,-0.442374
0.03,0.1,0.1,0.785398,1.82512,2.10004,-0.323252,-0.785398
0.03,0.1,0.11,0.737815,1.69496,1.98466,-0.338036,-0.737815
0.03,0.1,0.12,0.694738,1.56659,1.86095,-0.342695,-0.694738
0.03,0.1,0.13,0.655696,1.4387,1.72779,-0.337422,-0.655696
0.03,0.1,0.14,0.620249,1.30951,1.58336,-0.322182,-0.620249
0.03,0.1,0.15,0.588003,1.17658,1.42474,-0.296498,-0.588003
0.03,0.1,0.16,0.558599,1.03625,1.24699,-0.259075,-0.558599
0.03,0.1,0.17,0.531724,0.882182,1.04075,-0.206903,-0.531724
0.03,0.1,0.18,0.507099,0.700358,0.784301,-0.132275,-0.507099
0.03,0.1,0.19,0.484478,0.434804,0.389081,-0.00260964,-0.484478
0.04,-0.1,0.1,-0.785398,1.86687,2.03585,-0.217311,0.785398
0.04,-0.1,0.11,-0.737815,1.73735,1.92382,-0.234805,0.737815
0.04,-0.1,0.12,-0.694738,1.60832,1.80255,-0.242566,0.694738
0.04,-0.1,0.13,-0.655696,1.47875,1.67089,-0.240479,0.655696
0.04,-0.1,0.14,-0.620249,1.34701,1.52693,-0.228255,0.620249
0.04,-0.1,0.15,-0.588003,1.21062,1.36745,-0.205164,0.588003
0.04,-0.1,0.16,-0.558599,1.0656,1.18684,-0.169566,0.558599
0.04,-0.1,0.17,-0.531724,0.904605,0.974011,-0.117739,0.531724
0.04,-0.1,0.18,-0.507099,0.70962,0.700845,-0.0395576,0.507099
0.04,-0.1,0.19,-0.484478,0.369803,0.191745,0.129726,0.484478
0.04,-0.09,0.1,-0.732815,1.99736,2.13926,-0.190236,0.732815
0.04,-0.09,0.11,-0.68573,1.85394,2.02509,-0.219485,0.68573
0.04,-0.09,0.12,-0.643501,1.71406,1.90266,-0.236927,0.643501
0.04,-0.09,0.13,-0.605545,1.57636,1.771,-0.242974,0.605545
0.04,-0.09,0.14,-0.571337,1.439,1.62853,-0.237856,0.571337
0.04,-0.09,0.15,-0.54042,1.29959,1.47267,-0.221409,0.54042
0.04,-0.09,0.16,-0.512389,1.15469,1.29911,-0.192743,0.512389
0.04,-0.09,0.17,-0.486899,0.998717,1.09992,-0.149536,0.486899
0.04,-0.09,0.18,-0.463648,0.820325,0.857878,-0.085885,0.463648
0.04,-0.09,0.19,-0.442374,0.583535,0.516353,0.0188495,0.442374
0.04,-0.08,0.1,-0.674741,2.12863,2.23428,-0.153986,0.674741
0.04,-0.08,0.11,-0.628796,1.96862,2.11728,-0.196987,0.628796
0.04,-0.08,0.12,-0.588003,1.81595,1.99295,-0.225328,0.588003
0.04,-0.08,0.13,-0.551655,1.66862,1.86044,-0.240156,0.551655
0.04,-0.08,0.14,-0.519146,1.52436,1.71837,-0.242345,0.519146
0.04,-0.08,0.15,-0.489957,1.38056,1.56456,-0.232324,0.489957
0.04,-0.08,0.16,-0.463648,1.23394,1.39546,-0.209845,0.463648
0.04,-0.08,0.17,-0.439843,1.07976,1.20495,-0.173522,0.439843
0.04,-0.08,0.18,-0.418224,0.909692,0.980921,-0.119561,0.418224
0.04,-0.08,0.19,-0.398522,0.703314,0.691756,-0.0367741,0.398522
0.04,-0.08,0.2,-0.380506,0.268467,0.0333788,0.186756,0.380506
0.04,-0.07,0.1,-0.610726,2.2597,2.32082,-0.109461,0.610726
0.04,-0.07,0.11,-0.566729,2.08046,2.20042,-0.168297,0.566729
0.04,-0.07,0.12,-0.528074,1.91325,2.07367,-0.208749,0.528074
0.04,-0.07,0.13,-0.493941,1.75507,1.93972,-0.232979,0.493941
0.04,-0.07,0.14,-0.463648,1.60295,1.79729,-0.242677,0.463648
0.04,-0.07,0.15,-0.436627,1.45383,1.64444,-0.238943,0.436627
0.04,-0.07,0.16,-0.41241,1.30431,1.47813,-0.222148,0.41241
0.04,-0.07,0.17,-0.390607,1.15003,1.29333,-0.191632,0.390607
0.04,-0.07,0.18,-0.370891,0.984161,1.08072,-0.144889,0.370891
0.04,-0.07,0.19,-0.35299,0.79258,0.818986,-0.0747377,0.35299
0.04,-0.07,0.2,-0.336675,0.522821,0.425566,0.0489236,0.336675
0.04,-0.06,0.1,-0.54042,2.38853,2.39852,-0.0583194,0.54042
0.04,-0.06,0.11,-0.499347,2.18775,2.27431,-0.134887,0.499347
0.04,-0.06,0.12,-0.463648,2.00466,2.14478,-0.188452,0.463648
0.04,-0.06,0.13,-0.432408,1.8348,2.009,-0.222531,0.432408
0.04,-0.06,0.14,-0.404892,1.67422,1.86571,-0.239823,0.404892
0.04,-0.06,0.15,-0.380506,1.51924,1.71311,-0.242197,0.380506
0.04,-0.06,0.16,-0.358771,1.36614,1.54846,-0.230654,0.358771
0.04,-0.06,0.17,-0.339293,1.21062,1.36745,-0.205164,0.339293
0.04,-0.06,0.18,-0.321751,1.04664,1.16242,-0.164111,0.321751
0.04,-0.06,0.19,-0.305879,0.863209,0.917355,-0.102478,0.305879
0.04,-0.06,0.2,-0.291457,0.62912,0.583708,-0.00292026,0.291457
0.04,-0.05,0.1,-0.463648,2.51187,2.46674,-0.00320472,0.463648
0.04,-0.05,0.11,-0.426627,2.28802,2.33851,-0.098817,0.426627
0.04,-0.05,0.12,-0.394791,2.08834,2.20604,-0.166035,0.394791
0.04,-0.05,0.13,-0.367174,1.90651,2.06825,-0.210066,0.367174
0.04,-0.05,0.14,-0.343024,1.73735,1.92382,-0.234805,0.343024
0.04,-0.05,0.15,-0.321751,1.57636,1.771,-0.242974,0.321751
0.04,-0.05,0.16,-0.302885,1.41938,1.60727,-0.23622,0.302885
0.04,-0.05,0.17,-0.286051,1.262,1.42875,-0.215081,0.286051
0.04,-0.05,0.18,-0.270947,1.09858,1.22887,-0.17862,0.270947
0.04,-0.05,0.19,-0.257324,0.919813,0.994635,-0.123154,0.257324
0.04,-0.05,0.2,-0.244979,0.703314,0.691756,-0.0367741,0.244979
0.04,-0.04,0.1,-0.380506,2.62516,2.52467,0.0521558,0.380506
0.04,-0.04,0.11,-0.348771,2.37802,2.39244,-0.0627461,0.348771
0.04,-0.04,0.12,-0.321751,2.16201,2.25708,-0.143408,0.321751
0.04,-0.04,0.13,-0.298499,1.96862,2.11728,-0.196987,0.298499
0.04,-0.04,0.14,-0.2783,1.79126,1.97161,-0.228688,0.2783
0.04,-0.04,0.15,-0.260602,1.62453,1.81833,-0.242129,0.260602
0.04,-0.04,0.16,-0.244979,1.46376,1.65503,-0.239599,0.244979
0.04,-0.04,0.17,-0.231091,1.30431,1.47813,-0.222148,0.231091
0.04,-0.04,0.18,-0.218669,1.1407,1.28174,-0.189374,0.218669
0.04,-0.04,0.19,-0.207496,0.964599,1.05475,-0.138485,0.207496
0.04,-0.04,0.2,-0.197396,0.758106,0.770223,-0.060449,0.197396
0.04,-0.04,0.21,-0.188222,0.43409,0.290807,0.0949514,0.188222
0.04,-0.03,0.1,-0.291457,2.72275,2.57132,0.103096,0.291457
0.04,-0.03,0.11,-0.266252,2.45395,2.43541,-0.0297916,0.266252
0.04,-0.03,0.12,-0.244979,2.2231,2.29746,-0.122687,0.244979
0.04,-0.03,0.13,-0.226799,2.0194,2.15583,-0.184763,0.226799
0.04,-0.03,0.14,-0.211093,1.8348,2.009,-0.222531,0.211093
0.04,-0.03,0.15,-0.197396,1.66304,1.85518,-0.240469,0.197396
0.04,-0.03,0.16,-0.185348,1.49889,1.69202,-0.241455,0.185348
0.04,-0.03,0.17,-0.174672,1.33748,1.51613,-0.226982,0.174672
0.04,-0.03,0.18,-0.165149,1.17334,1.32208,-0.19707,0.165149
0.04,-0.03,0.19,-0.156602,0.998717,1.09992,-0.149536,0.156602
0.04,-0.03,0.2,-0.14889,0.798195,0.826882,-0.0770193,0.14889
0.04,-0.03,0.21,-0.141897,0.513193,0.41106,0.0538017,0.141897
0.04,-0.02,0.1,-0.197396,2.7985,2.60566,0.144503,0.197396
0.04,-0.02,0.11,-0.179853,2.51187,2.46674,-0.00320472,0.179853
0.04,-0.02,0.12,-0.165149,2.26905,2.3267,-0.105984,0.165149
0.04,-0.02,0.13,-0.152649,2.05716,2.18363,-0.174804,0.152649
0.04,-0.02,0.14,-0.141897,1.86687,2.03585,-0.217311,0.141897
0.04,-0.02,0.15,-0.132552,1.69116,1.88153,-0.238705,0.132552
0.04,-0.02,0.16,-0.124355,1.52436,1.71837,-0.242345,0.124355
0.04,-0.02,0.17,-0.117109,1.36135,1.54309,-0.230073,0.117109
0.04,-0.02,0.18,-0.110657,1.19663,1.35052,-0.202216,0.110657
0.04,-0.02,0.19,-0.104877,1.02278,1.13145,-0.156995,0.104877
0.04,-0.02,0.2,-0.0996687,0.82578,0.865487,-0.0880392,0.0996687
0.04,-0.02,0.21,-0.0949517,0.558744,0.479427,0.0309843,0.0949517
0.04,-0.01,0.1,-0.0996687,2.84669,2.62673,0.171632,0.0996687
0.04,-0.01,0.11,-0.0906599,2.54826,2.48582,0.0141099,0.0906599
0.04,-0.01,0.12,-0.0831412,2.29764,2.34443,-0.0951241,0.0831412
0.04,-0.01,0.13,-0.0767719,2.08046,2.20042,-0.168297,0.0767719
0.04,-0.01,0.14,-0.0713075,1.88652,2.05202,-0.213828,0.0713075
0.04,-0.01,0.15,-0.0665682,1.7083,1.89737,-0.237403,0.0665682
0.04,-0.01,0.16,-0.0624188,1.5398,1.73417,-0.242699,0.0624188
0.04,-0.01,0.17,-0.0587558,1.37575,1.5592,-0.23178,0.0587558
0.04,-0.01,0.18,-0.0554985,1.21062,1.36745,-0.205164,0.0554985
0.04,-0.01,0.19,-0.0525831,1.03712,1.15009,-0.161305,0.0525831
0.04,-0.01,0.2,-0.0499584,0.841977,0.888006,-0.0943608,0.0499584
0.04,-0.01,0.21,-0.0475831,0.583535,0.516353,0.0188495,0.0475831
0.04,-1.04083e-17,0.1,-1.04083e-16,2.86325,2.63383,0.181087,1.04083e-16
0.04,-1.04083e-17,0.11,-9.46213e-17,2.56068,2.49223,0.0201245,9.46213e-17
0.04,-1.04083e-17,0.12,-8.67362e-17,2.30735,2.35037,-0.0913561,8.67362e-17
0.04,-1.04083e-17,0.13,-8.00642e-17,2.08834,2.20604,-0.166035,8.00642e-17
0.04,-1.04083e-17,0.14,-7.43453e-17,1.89315,2.05742,-0.212605,7.43453e-17
0.04,-1.04083e-17,0.15,-6.93889e-17,1.71406,1.90266,-0.236927,6.93889e-17
0.04,-1.04083e-17,0.16,-6.50521e-17,1.54498,1.73943,-0.242786,6.50521e-17
0.04,-1.04083e-17,0.17,-6.12255e-17,1.38056,1.56456,-0.232324,6.12255e-17
0.04,-1.04083e-17,0.18,-5.78241e-17,1.21528,1.37307,-0.206123,5.78241e-17
0.04,-1.04083e-17,0.19,-5.47807e-17,1.04188,1.15627,-0.162715,5.47807e-17
0.04,-1.04083e-17,0.2,-5.20417e-17,0.847322,0.895413,-0.0964226,5.20417e-17
0.04,-1.04083e-17,0.21,-4.95635e-17,0.591469,0.528127,0.0150095,4.95635e-17
0.04,0.01,0.1,0.0996687,2.84669,2.62673,0.171632,-0.0996687
0.04,0.01,0.11,0.0906599,2.54826,2.48582,0.0141099,-0.0906599
0.04,0.01,0.12,0.0831412,2.29764,2.34443,-0.0951241,-0.0831412
0.04,0.01,0.13,0.0767719,2.08046,2.20042,-0.168297,-0.0767719
0.04,0.01,0.14,0.0713075,1.88652,2.05202,-0.213828,-0.0713075
0.04,0.01,0.15,0.0665682,1.7083,1.89737,-0.237403,-0.0665682
0.04,0.01,0.16,0.0624188,1.5398,1.73417,-0.242699,-0.0624188
0.04,0.01,0.17,0.0587558,1.37575,1.5592,-0.23178,-0.0587558
0.04,0.01,0.18,0.0554985,1.21062,1.36745,-0.205164,-0.0554985
0.04,0.01,0.19,0.0525831,1.03712,1.15009,-0.161305,-0.0525831
0.04,0.01,0.2,0.0499584,0.841977,0.888006,-0.0943608,-0.0499584
0.04,0.01,0.21,0.0475831,0.583535,0.516353,0.0188495,-0.0475831
0.04,0.02,0.1,0.197396,2.7985,2.60566,0.144503,-0.197396
0.04,0.02,0.11,0.179853,2.51187,2.46674,-0.00320472,-0.179853
0.04,0.02,0.12,0.165149,2.26905,2.3267,-0.105984,-0.165149
0.04,0.02,0.13,0.152649,2.05716,2.18363,-0.174804,-0.152649
0.04,0.02,0.14,0.141897,1.86687,2.03585,-0.217311,-0.141897
0.04,0.02,0.15,0.132552,1.69116,1.88153,-0.238705,-0.132552
0.04,0.02,0.16,0.124355,1.52436,1.71837,-0.242345,-0.124355
0.04,0.02,0.17,0.117109,1.36135,1.54309,-0.230073,-0.117109
0.04,0.02,0.18,0.110657,1.19663,1.35052,-0.202216,-0.110657
0.04,0.02,0.19,0.104877,1.02278,1.13145,-0.156995,-0.104877
0.04,0.02,0.2,0.0996687,0.82578,0.865487,-0.0880392,-0.0996687
0.04,0.02,0.21,0.0949517,0.558744,0.479427,0.0309843,-0.0949517
0.04,0.03,0.1,0.291457,2.72275,2.57132,0.103096,-0.291457
0.04,0.03,0.11,0.266252,2.45395,2.43541,-0.0297916,-0.266252
0.04,0.03,0.12,0.244979,2.2231,2.29746,-0.122687,-0.244979
0.04,0.03,0.13,0.226799,2.0194,2.15583,-0.184763,-0.226799
0.04,0.03,0.14,0.211093,1.8348,2.009,-0.222531,-0.211093
0.04,0.03,0.15,0.197396,1.66304,1.85518,-0.240469,-0.197396
0.04,0.03,0.16,0.185348,1.49889,1.69202,-0.241455,-0.185348
0.04,0.03,0.17,0.174672,1.33748,1.51613,-0.226982,-0.174672
0.04,0.03,0.18,0.165149,1.17334,1.32208,-0.19707,-0.165149
0.04,0.03,0.19,0.156602,0.998717,1.09992,-0.149536,-0.156602
0.04,0.03,0.2,0.14889,0.798195,0.826882,-0.0770193,-0.14889
0.04,0.03,0.21,0.141897,0.513193,0.41106,0.0538017,-0.141897
0.04,0.04,0.1,0.380506,2.62516,2.52467,0.0521558,-0.380506
0.04,0.04,0.11,0.348771,2.37802,2.39244,-0.0627461,-0.348771
0.04,0.04,0.12,0.321751,2.16201,2.25708,-0.143408,-0.321751
0.04,0.04,0.13,0.298499,1.96862,2.11728,-0.196987,-0.298499
0.04,0.04,0.14,0.2783,1.79126,1.97161,-0.228688,-0.2783
0.04,0.04,0.15,0.260602,1.62453,1.81833,-0.242129,-0.260602
0.04,0.04,0.16,0.244979,1.46376,1.65503,-0.239599,-0.244979
0.04,0.04,0.17,0.231091,1.30431,1.47813,-0.222148,-0.231091
0.04,0.04,0.18,0.218669,1.1407,1.28174,-0.189374,-0.218669
0.04,0.04,0.19,0.207496,0.964599,1.05475,-0.138485,-0.207496
0.04,0.04,0.2,0.197396,0.758106,0.770223,-0.060449,-0.197396
0.04,0.04,0.21,0.188222,0.43409,0.290807,0.0949514,-0.188222
0.04,0.05,0.1,0.463648,2.51187,2.46674,-0.00320472,-0.463648
0.04,0.05,0.11,0.426627,2.28802,2.33851,-0.098817,-0.426627
0.04,0.05,0.12,0.394791,2.08834,2.20604,-0.166035,-0.394791
0.04,0.05,0.13,0.367174,1.90651,2.06825,-0.210066,-0.367174
0.04,0.05,0.14,0.343024,1.73735,1.92382,-0.234805,-0.343024
0.04,0.05,0.15,0.321751,1.57636,1.771,-0.242974,-0.321751
0.04,0.05,0.16,0.302885,1.41938,1.60727,-0.23622,-0.302885
0.04,0.05,0.17,0.286051,1.262,1.42875,-0.215081,-0.286051
0.04,0.05,0.18,0.270947,1.09858,1.22887,-0.17862,-0.270947
0.04,0.05,0.19,0.257324,0.919813,0.994635,-0.123154,-0.257324
0.04,0.05,0.2,0.244979,0.703314,0.691756,-0.0367741,-0.244979
0.04,0.06,0.1,0.54042,2.38853,2.39852,-0.0583194,-0.54042
0.04,0.06,0.11,0.499347,2.18775,2.27431,-0.134887,-0.499347
0.04,0.06,0.12,0.463648,2.00466,2.14478,-0.188452,-0.463648
0.04,0.06,0.13,0.432408,1.8348,2.009,-0.222531,-0.432408
0.04,0.06,0.14,0.404892,1.67422,1.86571,-0.239823,-0.404892
0.04,0.06,0.15,0.380506,1.51924,1.71311,-0.242197,-0.380506
0.04,0.06,0.16,0.358771,1.36614,1.54846,-0.230654,-0.358771
0.04,0.06,0.17,0.339293,1.21062,1.36745,-0.205164,-0.339293
0.04,0.06,0.18,0.321751,1.04664,1.16242,-0.164111,-0.321751
0.04,0.06,0.19,0.305879,0.863209,0.917355,-0.102478,-0.305879
0.04,0.06,0.2,0.291457,0.62912,0.583708,-0.00292026,-0.291457
0.04,0.07,0.1,0.610726,2.2597,2.32082,-0.109461,-0.610726
0.04,0.07,0.11,0.566729,2.08046,2.20042,-0.168297,-0.566729
0.04,0.07,0.12,0.528074,1.91325,2.07367,-0.208749,-0.528074
0.04,0.07,0.13,0.493941,1.75507,1.93972,-0.232979,-0.493941
0.04,0.07,0.14,0.463648,1.60295,1.79729,-0.242677,-0.463648
0.04,0.07,0.15,0.436627,1.45383,1.64444,-0.238943,-0.436627
0.04,0.07,0.16,0.41241,1.30431,1.47813,-0.222148,-0.41241
0.04,0.07,0.17,0.390607,1.15003,1.29333,-0.191632,-0.390607
0.04,0.07,0.18,0.370891,0.984161,1.08072,-0.144889,-0.370891
0.04,0.07,0.19,0.35299,0.79258,0.818986,-0.0747377,-0.35299
0.04,0.07,0.2,0.336675,0.522821,0.425566,0.0489236,-0.336675
0.04,0.08,0.1,0.674741,2.12863,2.23428,-0.153986,-0.674741
0.04,0.08,0.11,0.628796,1.96862,2.11728,-0.196987,-0.628796
0.04,0.08,0.12,0.588003,1.81595,1.99295,-0.225328,-0.588003
0.04,0.08,0.13,0.551655,1.66862,1.86044,-0.240156,-0.551655
0.04,0.08,0.14,0.519146,1.52436,1.71837,-0.242345,-0.519146
0.04,0.08,0.15,0.489957,1.38056,1.56456,-0.232324,-0.489957
0.04,0.08,0.16,0.463648,1.23394,1.39546,-0.209845,-0.463648
0.04,0.08,0.17,0.439843,1.07976,1.20495,-0.173522,-0.439843
0.04,0.08,0.18,0.418224,0.909692,0.980921,-0.119561,-0.418224
0.04,0.08,0.19,0.398522,0.703314,0.691756,-0.0367741,-0.398522
0.04,0.08,0.2,0.380506,0.268467,0.0333788,0.186756,-0.380506
0.04,0.09,0.1,0.732815,1.99736,2.13926,-0.190236,-0.732815
0.04,0.09,0.11,0.68573,1.85394,2.02509,-0.219485,-0.68573
0.04,0.09,0.12,0.643501,1.71406,1.90266,-0.236927,-0.643501
0.04,0.09,0.13,0.605545,1.57636,1.771,-0.242974,-0.605545
0.04,0.09,0.14,0.571337,1.439,1.62853,-0.237856,-0.571337
0.04,0.09,0.15,0.54042,1.29959,1.47267,-0.221409,-0.54042
0.04,0.09,0.16,0.512389,1.15469,1.29911,-0.192743,-0.512389
0.04,0.09,0.17,0.486899,0.998717,1.09992,-0.149536,-0.486899
0.04,0.09,0.18,0.463648,0.820325,0.857878,-0.085885,-0.463648
0.04,0.09,0.19,0.442374,0.583535,0.516353,0.0188495,-0.442374
0.04,0.1,0.1,0.785398,1.86687,2.03585,-0.217311,-0.785398
0.04,0.1,0.11,0.737815,1.73735,1.92382,-0.234805,-0.737815
0.04,0.1,0.12,0.694738,1.60832,1.80255,-0.242566,-0.694738
0.04,0.1,0.13,0.655696,1.47875,1.67089,-0.240479,-0.655696
0.04,0.1,0.14,0.620249,1.34701,1.52693,-0.228255,-0.620249
0.04,0.1,0.15,0.588003,1.21062,1.36745,-0.205164,-0.588003
0.04,0.1,0.16,0.558599,1.0656,1.18684,-0.169566,-0.558599
0.04,0.1,0.17,0.531724,0.904605,0.974011,-0.117739,-0.531724
0.04,0.1,0.18,0.507099,0.70962,0.700845,-0.0395576,-0.507099
0.04,0.1,0.19,0.484478,0.369803,0.191745,0.129726,-0.484478
0.05,-0.1,0.1,-0.785398,1.88847,1.9562,-0.116061,0.785398
0.05,-0.1,0.11,-0.737815,1.76118,1.84752,-0.134667,0.737815
0.05,-0.1,0.12,-0.694738,1.63286,1.7286,-0.144073,0.694738
0.05,-0.1,0.13,-0.655696,1.50269,1.5982,-0.143844,0.655696
0.05,-0.1,0.14,-0.620249,1.36909,1.45414,-0.133383,0.620249
0.05,-0.1,0.15,-0.588003,1.22947,1.29274,-0.11161,0.588003
0.05,-0.1,0.16,-0.558599,1.07923,1.10724,-0.0763418,0.558599
0.05,-0.1,0.17,-0.531724,0.909148,0.883409,-0.0225928,0.531724
0.05,-0.1,0.18,-0.507099,0.692601,0.579327,0.0649421,0.507099
0.05,-0.09,0.1,-0.732815,2.01491,2.05534,-0.088765,0.732815
0.05,-0.09,0.11,-0.68573,1.87584,1.94582,-0.118312,0.68573
0.05,-0.09,0.12,-0.643501,1.73813,1.82685,-0.137055,0.643501
0.05,-0.09,0.13,-0.605545,1.60087,1.69747,-0.144932,0.605545
0.05,-0.09,0.14,-0.571337,1.46251,1.55596,-0.141781,0.571337
0.05,-0.09,0.15,-0.54042,1.32072,1.39946,-0.127074,0.54042
0.05,-0.09,0.16,-0.512389,1.17178,1.22293,-0.0994819,0.512389
0.05,-0.09,0.17,-0.486899,1.00911,1.01667,-0.0558905,0.486899
0.05,-0.09,0.18,-0.463648,0.817709,0.757468,0.0119088,0.463648
0.05,-0.09,0.19,-0.442374,0.532093,0.341781,0.14198,0.442374
0.05,-0.08,0.1,-0.674741,2.13997,2.1452,-0.0535628,0.674741
0.05,-0.08,0.11,-0.628796,1.98724,2.03437,-0.0954684,0.628796
0.05,-0.08,0.12,-0.588003,1.83863,1.91473,-0.124428,0.588003
0.05,-0.08,0.13,-0.551655,1.69301,1.78552,-0.140848,0.551655
0.05,-0.08,0.14,-0.519146,1.54865,1.64537,-0.145052,0.519146
0.05,-0.08,0.15,-0.489957,1.40324,1.49194,-0.137034,0.489957
0.05,-0.08,0.16,-0.463648,1.25345,1.32124,-0.116121,0.463648
0.05,-0.08,0.17,-0.439843,1.094,1.126,-0.0803329,0.439843
0.05,-0.08,0.18,-0.418224,0.9146,0.890798,-0.0245304,0.418224
0.05,-0.08,0.19,-0.398522,0.685201,0.56859,0.0682789,0.398522
0.05,-0.07,0.1,-0.610726,2.26237,2.22575,-0.0117138,0.610726
0.05,-0.07,0.11,-0.566729,2.09434,2.11333,-0.0673186,0.566729
0.05,-0.07,0.12,-0.528074,1.93364,1.9926,-0.107298,0.528074
0.05,-0.07,0.13,-0.493941,1.7787,1.86301,-0.132648,0.493941
0.05,-0.07,0.14,-0.463648,1.62749,1.72342,-0.144259,0.463648
0.05,-0.07,0.15,-0.436627,1.47751,1.57184,-0.142661,0.436627
0.05,-0.07,0.16,-0.41241,1.32554,1.40497,-0.127762,0.41241
0.05,-0.07,0.17,-0.390607,1.16695,1.21701,-0.0983867,0.390607
0.05,-0.07,0.18,-0.370891,0.993762,0.996518,-0.0510889,0.370891
0.05,-0.07,0.19,-0.35299,0.787027,0.714385,0.0243096,0.35299
0.05,-0.07,0.2,-0.336675,0.427975,0.182796,0.196846,0.336675
0.05,-0.06,0.1,-0.54042,2.37997,2.29676,0.0348813,0.54042
0.05,-0.06,0.11,-0.499347,2.19551,2.18262,-0.0354491,0.499347
0.05,-0.06,0.12,-0.463648,2.02192,2.06059,-0.0870021,0.463648
0.05,-0.06,0.13,-0.432408,1.85711,1.93027,-0.121487,0.432408
0.05,-0.06,0.14,-0.404892,1.69858,1.79069,-0.140443,0.404892
0.05,-0.06,0.15,-0.380506,1.5435,1.64015,-0.144978,0.380506
0.05,-0.06,0.16,-0.358771,1.38857,1.47579,-0.135547,0.358771
0.05,-0.06,0.17,-0.339293,1.22947,1.29274,-0.11161,0.339293
0.05,-0.06,0.18,-0.321751,1.05942,1.0819,-0.0708123,0.321751
0.05,-0.06,0.19,-0.305879,0.864522,0.822411,-0.00622196,0.305879
0.05,-0.06,0.2,-0.291457,0.594173,0.43479,0.111051,0.291457
0.05,-0.05,0.1,-0.463648,2.48975,2.35783,0.0835882,0.463648
0.05,-0.05,0.11,-0.426627,2.28847,2.24203,-0.00189599,0.426627
0.05,-0.05,0.12,-0.394791,2.10183,2.11863,-0.0651327,0.394791
0.05,-0.05,0.13,-0.367174,1.92709,1.98739,-0.108637,0.367174
0.05,-0.05,0.14,-0.343024,1.76118,1.84752,-0.134667,0.343024
0.05,-0.05,0.15,-0.321751,1.60087,1.69747,-0.144932,0.321751
0.05,-0.05,0.16,-0.302885,1.44264,1.53472,-0.140415,0.302885
0.05,-0.05,0.17,-0.286051,1.28224,1.35502,-0.121117,0.286051
0.05,-0.05,0.18,-0.270947,1.11359,1.15071,-0.0854522,0.270947
0.05,-0.05,0.19,-0.257324,0.925429,0.905435,-0.0283381,0.257324
0.05,-0.05,0.2,-0.244979,0.685201,0.56859,0.0682789,0.244979
0.05,-0.04,0.1,-0.380506,2.58795,2.40853,0.131087,0.380506
0.05,-0.04,0.11,-0.348771,2.37049,2.29125,0.0309039,0.348771
0.05,-0.04,0.12,-0.321751,2.17138,2.16655,-0.0434984,0.321751
0.05,-0.04,0.13,-0.298499,1.98724,2.03437,-0.0954684,0.298499
0.05,-0.04,0.14,-0.2783,1.81436,1.89403,-0.128001,0.2783
0.05,-0.04,0.15,-0.260602,1.64906,1.74414,-0.143411,0.260602
0.05,-0.04,0.16,-0.244979,1.48755,1.5824,-0.143177,0.244979
0.05,-0.04,0.17,-0.231091,1.32554,1.40497,-0.127762,0.231091
0.05,-0.04,0.18,-0.218669,1.15729,1.20512,-0.0961566,0.218669
0.05,-0.04,0.19,-0.207496,0.973074,0.969178,-0.0444364,0.207496
0.05,-0.04,0.2,-0.197396,0.748355,0.659515,0.0405076,0.197396
0.05,-0.03,0.1,-0.291457,2.67036,2.44842,0.173612,0.291457
0.05,-0.03,0.11,-0.266252,2.43856,2.32995,0.0602765,0.266252
0.05,-0.03,0.12,-0.244979,2.22846,2.20414,-0.0240096,0.244979
0.05,-0.03,0.13,-0.226799,2.03607,2.0711,-0.0833684,0.226799
0.05,-0.03,0.14,-0.211093,1.85711,1.93027,-0.121487,0.211093
0.05,-0.03,0.15,-0.197396,1.68745,1.78035,-0.141234,0.197396
0.05,-0.03,0.16,-0.185348,1.52301,1.6192,-0.14453,0.185348
0.05,-0.03,0.17,-0.174672,1.35939,1.44328,-0.132223,0.174672
0.05,-0.03,0.18,-0.165149,1.19104,1.24644,-0.103731,0.165149
0.05,-0.03,0.19,-0.156602,1.00911,1.01667,-0.0558905,0.156602
0.05,-0.03,0.2,-0.14889,0.793265,0.723177,0.0217557,0.14889
0.05,-0.03,0.21,-0.141897,0.404775,0.146885,0.209558,0.141897
0.05,-0.02,0.1,-0.197396,2.73286,2.47715,0.207377,0.197396
0.05,-0.02,0.11,-0.179853,2.48975,2.35783,0.0835882,0.179853
0.05,-0.02,0.12,-0.165149,2.27101,2.23117,-0.00849947,0.165149
0.05,-0.02,0.13,-0.152649,2.07216,2.09746,-0.0736309,0.152649
0.05,-0.02,0.14,-0.141897,1.88847,1.9562,-0.116061,0.141897
0.05,-0.02,0.15,-0.132552,1.71541,1.80619,-0.139111,0.132552
0.05,-0.02,0.16,-0.124355,1.54865,1.64537,-0.145052,0.124355
0.05,-0.02,0.17,-0.117109,1.38369,1.47039,-0.135025,0.117109
0.05,-0.02,0.18,-0.110657,1.21507,1.27549,-0.108752,0.110657
0.05,-0.02,0.19,-0.104877,1.03442,1.04964,-0.0635535,0.104877
0.05,-0.02,0.2,-0.0996687,0.823702,0.765836,0.00953382,0.0996687
0.05,-0.02,0.21,-0.0949517,0.494324,0.284532,0.16146,0.0949517
0.05,-0.01,0.1,-0.0996687,2.77193,2.49448,0.229119,0.0996687
0.05,-0.01,0.11,-0.0906599,2.52158,2.37466,0.0985924,0.0906599
0.05,-0.01,0.12,-0.0831412,2.2973,2.24748,0.00149511,0.0831412
0.05,-0.01,0.13,-0.0767719,2.09434,2.11333,-0.0673186,0.0767719
0.05,-0.01,0.14,-0.0713075,1.90764,1.97179,-0.112478,0.0713075
0.05,-0.01,0.15,-0.0665682,1.73242,1.82169,-0.1376,0.0665682
0.05,-0.01,0.16,-0.0624188,1.56418,1.66103,-0.145183,0.0624188
0.05,-0.01,0.17,-0.0587558,1.39834,1.48656,-0.136551,0.0587558
0.05,-0.01,0.18,-0.0554985,1.22947,1.29274,-0.11161,0.0554985
0.05,-0.01,0.19,-0.0525831,1.04945,1.06907,-0.0679559,0.0525831
0.05,-0.01,0.2,-0.0499584,0.841428,0.790494,0.00260162,0.0499584
0.05,-0.01,0.21,-0.0475831,0.532093,0.341781,0.14198,0.0475831
0.05,-1.04083e-17,0.1,-1.04083e-16,2.78522,2.50027,0.236627,1.04083e-16
0.05,-1.04083e-17,0.11,-9.46213e-17,2.53239,2.38028,0.103772,9.46213e-17
0.05,-1.04083e-17,0.12,-8.67362e-17,2.3062,2.25292,0.00494711,8.67362e-17
0.05,-1.04083e-17,0.13,-8.00642e-17,2.10183,2.11863,-0.0651327,8.00642e-17
0.05,-1.04083e-17,0.14,-7.43453e-17,1.91409,1.97699,-0.111227,7.43453e-17
0.05,-1.04083e-17,0.15,-6.93889e-17,1.73813,1.82685,-0.137055,6.93889e-17
0.05,-1.04083e-17,0.16,-6.50521e-17,1.56938,1.66625,-0.145195,6.50521e-17
0.05,-1.04083e-17,0.17,-6.12255e-17,1.40324,1.49194,-0.137034,6.12255e-17
0.05,-1.04083e-17,0.18,-5.78241e-17,1.23426,1.29847,-0.112538,5.78241e-17
0.05,-1.04083e-17,0.19,-5.47807e-17,1.05444,1.0755,-0.0693919,5.47807e-17
0.05,-1.04083e-17,0.2,-5.20417e-17,0.847256,0.798572,0.000352322,5.20417e-17
0.05,-1.04083e-17,0.21,-4.95635e-17,0.543446,0.358893,0.136221,4.95635e-17
0.05,0.01,0.1,0.0996687,2.77193,2.49448,0.229119,-0.0996687
0.05,0.01,0.11,0.0906599,2.52158,2.37466,0.0985924,-0.0906599
0.05,0.01,0.12,0.0831412,2.2973,2.24748,0.00149511,-0.0831412
0.05,0.01,0.13,0.0767719,2.09434,2.11333,-0.0673186,-0.0767719
0.05,0.01,0.14,0.0713075,1.90764,1.97179,-0.112478,-0.0713075
0.05,0.01,0.15,0.0665682,1.73242,1.82169,-0.1376,-0.0665682
0.05,0.01,0.16,0.0624188,1.56418,1.66103,-0.145183,-0.0624188
0.05,0.01,0.17,0.0587558,1.39834,1.48656,-0.136551,-0.0587558
0.05,0.01,0.18,0.0554985,1.22947,1.29274,-0.11161,-0.0554985
0.05,0.01,0.19,0.0525831,1.04945,1.06907,-0.0679559,-0.0525831
0.05,0.01,0.2,0.0499584,0.841428,0.790494,0.00260162,-0.0499584
0.05,0.01,0.21,0.0475831,0.532093,0.341781,0.14198,-0.0475831
0.05,0.02,0.1,0.197396,2.73286,2.47715,0.207377,-0.197396
0.05,0.02,0.11,0.179853,2.48975,2.35783,0.0835882,-0.179853
0.05,0.02,0.12,0.165149,2.27101,2.23117,-0.00849947,-0.165149
0.05,0.02,0.13,0.152649,2.07216,2.09746,-0.0736309,-0.152649
0.05,0.02,0.14,0.141897,1.88847,1.9562,-0.116061,-0.141897
0.05,0.02,0.15,0.132552,1.71541,1.80619,-0.139111,-0.132552
0.05,0.02,0.16,0.124355,1.54865,1.64537,-0.145052,-0.124355
0.05,0.02,0.17,0.117109,1.38369,1.47039,-0.135025,-0.117109
0.05,0.02,0.18,0.110657,1.21507,1.27549,-0.108752,-0.110657
0.05,0.02,0.19,0.104877,1.03442,1.04964,-0.0635535,-0.104877
0.05,0.02,0.2,0.0996687,0.823702,0.765836,0.00953382,-0.0996687
0.05,0.02,0.21,0.0949517,0.494324,0.284532,0.16146,-0.0949517
0.05,0.03,0.1,0.291457,2.67036,2.44842,0.173612,-0.291457
0.05,0.03,0.11,0.266252,2.43856,2.32995,0.0602765,-0.266252
0.05,0.03,0.12,0.244979,2.22846,2.20414,-0.0240096,-0.244979
0.05,0.03,0.13,0.226799,2.03607,2.0711,-0.0833684,-0.226799
0.05,0.03,0.14,0.211093,1.85711,1.93027,-0.121487,-0.211093
0.05,0.03,0.15,0.197396,1.68745,1.78035,-0.141234,-0.197396
0.05,0.03,0.16,0.185348,1.52301,1.6192,-0.14453,-0.185348
0.05,0.03,0.17,0.174672,1.35939,1.44328,-0.132223,-0.174672
0.05,0.03,0.18,0.165149,1.19104,1.24644,-0.103731,-0.165149
0.05,0.03,0.19,0.156602,1.00911,1.01667,-0.0558905,-0.156602
0.05,0.03,0.2,0.14889,0.793265,0.723177,0.0217557,-0.14889
0.05,0.03,0.21,0.141897,0.404775,0.146885,0.209558,-0.141897
0.05,0.04,0.1,0.380506,2.58795,2.40853,0.131087,-0.380506
0.05,0.04,0.11,0.348771,2.37049,2.29125,0.0309039,-0.348771
0.05,0.04,0.12,0.321751,2.17138,2.16655,-0.0434984,-0.321751
0.05,0.04,0.13,0.298499,1.98724,2.03437,-0.0954684,-0.298499
0.05,0.04,0.14,0.2783,1.81436,1.89403,-0.128001,-0.2783
0.05,0.04,0.15,0.260602,1.64906,1.74414,-0.143411,-0.260602
0.05,0.04,0.16,0.244979,1.48755,1.5824,-0.143177,-0.244979
0.05,0.04,0.17,0.231091,1.32554,1.40497,-0.127762,-0.231091
0.05,0.04,0.18,0.218669,1.15729,1.20512,-0.0961566,-0.218669
0.05,0.04,0.19,0.207496,0.973074,0.969178,-0.0444364,-0.207496
0.05,0.04,0.2,0.197396,0.748355,0.659515,0.0405076,-0.197396
0.05,0.05,0.1,0.463648,2.48975,2.35783,0.0835882,-0.463648
0.05,0.05,0.11,0.426627,2.28847,2.24203,-0.00189599,-0.426627
0.05,0.05,0.12,0.394791,2.10183,2.11863,-0.0651327,-0.394791
0.05,0.05,0.13,0.367174,1.92709,1.98739,-0.108637,-0.367174
0.05,0.05,0.14,0.343024,1.76118,1.84752,-0.134667,-0.343024
0.05,0.05,0.15,0.321751,1.60087,1.69747,-0.144932,-0.321751
0.05,0.05,0.16,0.302885,1.44264,1.53472,-0.140415,-0.302885
0.05,0.05,0.17,0.286051,1.28224,1.35502,-0.121117,-0.286051
0.05,0.05,0.18,0.270947,1.11359,1.15071,-0.0854522,-0.270947
0.05,0.05,0.19,0.257324,0.925429,0.905435,-0.0283381,-0.257324
0.05,0.05,0.2,0.244979,0.685201,0.56859,0.0682789,-0.244979
0.05,0.06,0.1,0.54042,2.37997,2.29676,0.0348813,-0.54042
0.05,0.06,0.11,0.499347,2.19551,2.18262,-0.0354491,-0.499347
0.05,0.06,0.12,0.463648,2.02192,2.06059,-0.0870021,-0.463648
0.05,0.06,0.13,0.432408,1.85711,1.93027,-0.121487,-0.432408
0.05,0.06,0.14,0.404892,1.69858,1.79069,-0.140443,-0.404892
0.05,0.06,0.15,0.380506,1.5435,1.64015,-0.144978,-0.380506
0.05,0.06,0.16,0.358771,1.38857,1.47579,-0.135547,-0.358771
0.05,0.06,0.17,0.339293,1.22947,1.29274,-0.11161,-0.339293
0.05,0.06,0.18,0.321751,1.05942,1.0819,-0.0708123,-0.321751
0.05,0.06,0.19,0.305879,0.864522,0.822411,-0.00622196,-0.305879
0.05,0.06,0.2,0.291457,0.594173,0.43479,0.111051,-0.291457
0.05,0.07,0.1,0.610726,2.26237,2.22575,-0.0117138,-0.610726
0.05,0.07,0.11,0.566729,2.09434,2.11333,-0.0673186,-0.566729
0.05,0.07,0.12,0.528074,1.93364,1.9926,-0.107298,-0.528074
0.05,0.07,0.13,0.493941,1.7787,1.86301,-0.132648,-0.493941
0.05,0.07,0.14,0.463648,1.62749,1.72342,-0.144259,-0.463648
0.05,0.07,0.15,0.436627,1.47751,1.57184,-0.142661,-0.436627
0.05,0.07,0.16,0.41241,1.32554,1.40497,-0.127762,-0.41241
0.05,0.07,0.17,0.390607,1.16695,1.21701,-0.0983867,-0.390607
0.05,0.07,0.18,0.370891,0.993762,0.996518,-0.0510889,-0.370891
0.05,0.07,0.19,0.35299,0.787027,0.714385,0.0243096,-0.35299
0.05,0.07,0.2,0.336675,0.427975,0.182796,0.196846,-0.336675
0.05,0.08,0.1,0.674741,2.13997,2.1452,-0.0535628,-0.674741
0.05,0.08,0.11,0.628796,1.98724,2.03437,-0.0954684,-0.628796
0.05,0.08,0.12,0.588003,1.83863,1.91473,-0.124428,-0.588003
0.05,0.08,0.13,0.551655,1.69301,1.78552,-0.140848,-0.551655
0.05,0.08,0.14,0.519146,1.54865,1.64537,-0.145052,-0.519146
0.05,0.08,0.15,0.489957,1.40324,1.49194,-0.137034,-0.489957
0.05,0.08,0.16,0.463648,1.25345,1.32124,-0.116121,-0.463648
0.05,0.08,0.17,0.439843,1.094,1.126,-0.0803329,-0.439843
0.05,0.08,0.18,0.418224,0.9146,0.890798,-0.0245304,-0.418224
0.05,0.08,0.19,0.398522,0.685201,0.56859,0.0682789,-0.398522
0.05,0.09,0.1,0.732815,2.01491,2.05534,-0.088765,-0.732815
0.05,0.09,0.11,0.68573,1.87584,1.94582,-0.118312,-0.68573
0.05,0.09,0.12,0.643501,1.73813,1.82685,-0.137055,-0.643501
0.05,0.09,0.13,0.605545,1.60087,1.69747,-0.144932,-0.605545
0.05,0.09,0.14,0.571337,1.46251,1.55596,-0.141781,-0.571337
0.05,0.09,0.15,0.54042,1.32072,1.39946,-0.127074,-0.54042
0.05,0.09,0.16,0.512389,1.17178,1.22293,-0.0994819,-0.512389
0.05,0.09,0.17,0.486899,1.00911,1.01667,-0.0558905,-0.486899
0.05,0.09,0.18,0.463648,0.817709,0.757468,0.0119088,-0.463648
0.05,0.09,0.19,0.442374,0.532093,0.341781,0.14198,-0.442374
0.05,0.1,0.1,0.785398,1.88847,1.9562,-0.116061,-0.785398
0.05,0.1,0.11,0.737815,1.76118,1.84752,-0.134667,-0.737815
0.05,0.1,0.12,0.694738,1.63286,1.7286,-0.144073,-0.694738
0.05,0.1,0.13,0.655696,1.50269,1.5982,-0.143844,-0.655696
0.05,0.1,0.14,0.620249,1.36909,1.45414,-0.133383,-0.620249
0.05,0.1,0.15,0.588003,1.22947,1.29274,-0.11161,-0.588003
0.05,0.1,0.16,0.558599,1.07923,1.10724,-0.0763418,-0.558599
0.05,0.1,0.17,0.531724,0.909148,0.883409,-0.0225928,-0.531724
0.05,0.1,0.18,0.507099,0.692601,0.579327,0.0649421,-0.507099
0.06,-0.1,0.1,-0.785398,1.89184,1.86218,-0.0186806,0.785398
0.06,-0.1,0.11,-0.737815,1.76761,1.75641,-0.0371294,0.737815
0.06,-0.1,0.12,-0.694738,1.64077,1.63935,-0.0469122,0.694738
0.06,-0.1,0.13,-0.655696,1.51056,1.5095,-0.0472796,0.655696
0.06,-0.1,0.14,-0.620249,1.37534,1.36429,-0.0372832,0.620249
0.06,-0.1,0.15,-0.588003,1.23213,1.19916,-0.0153661,0.588003
0.06,-0.1,0.16,-0.558599,1.07523,1.00536,0.0215318,0.558599
0.06,-0.1,0.17,-0.531724,0.89156,0.762411,0.0808161,0.531724
0.06,-0.1,0.18,-0.507099,0.629468,0.388485,0.19265,0.507099
0.06,-0.09,0.1,-0.732815,2.01348,1.95751,0.00763166,0.732815
0.06,-0.09,0.11,-0.68573,1.87959,1.85214,-0.0208832,0.68573
0.06,-0.09,0.12,-0.643501,1.74494,1.73617,-0.0395554,0.643501
0.06,-0.09,0.13,-0.605545,1.60891,1.60849,-0.0479108,0.605545
0.06,-0.09,0.14,-0.571337,1.47007,1.46712,-0.0453908,0.571337
0.06,-0.09,0.15,-0.54042,1.32596,1.30865,-0.0310255,0.54042
0.06,-0.09,0.16,-0.512389,1.17229,1.12681,-0.0028474,0.512389
0.06,-0.09,0.17,-0.486899,1.00054,0.908596,0.0436164,0.486899
0.06,-0.09,0.18,-0.463648,0.787557,0.617669,0.121556,0.463648
0.06,-0.08,0.1,-0.674741,2.1319,2.04281,0.0407605,0.674741
0.06,-0.08,0.11,-0.628796,1.98702,1.93745,0.00122928,0.628796
0.06,-0.08,0.12,-0.588003,1.8434,1.82197,-0.0269035,0.588003
0.06,-0.08,0.13,-0.551655,1.70042,1.69555,-0.0434644,0.551655
0.06,-0.08,0.14,-0.519146,1.55671,1.55665,-0.0482746,0.519146
0.06,-0.08,0.15,-0.489957,1.41006,1.40258,-0.040852,0.489957
0.06,-0.08,0.16,-0.463648,1.25688,1.22852,-0.0199719,0.463648
0.06,-0.08,0.17,-0.439843,1.09082,1.02521,0.0172818,0.439843
0.06,-0.08,0.18,-0.418224,0.897605,0.77067,0.0786026,0.418224
0.06,-0.08,0.19,-0.398522,0.618902,0.372794,0.197776,0.398522
0.06,-0.07,0.1,-0.610726,2.2458,2.1182,0.0792634,0.610726
0.06,-0.07,0.11,-0.566729,2.08893,2.01269,0.0279052,0.566729
0.06,-0.07,0.12,-0.528074,1.9355,1.89732,-0.0101587,0.528074
0.06,-0.07,0.13,-0.493941,1.7848,1.77157,-0.0350944,0.493941
0.06,-0.07,0.14,-0.463648,1.63543,1.63422,-0.0471207,0.463648
0.06,-0.07,0.15,-0.436627,1.4852,1.48307,-0.0462076,0.436627
0.06,-0.07,0.16,-0.41241,1.33089,1.31427,-0.0317124,0.41241
0.06,-0.07,0.17,-0.390607,1.16726,1.12064,-0.00170792,0.390607
0.06,-0.07,0.18,-0.370891,0.98403,0.886818,0.0488796,0.370891
0.06,-0.07,0.19,-0.35299,0.751134,0.565821,0.136981,0.35299
0.06,-0.06,0.1,-0.54042,2.35319,2.18365,0.121203,0.54042
0.06,-0.06,0.11,-0.499347,2.18384,2.07797,0.0575318,0.499347
0.06,-0.06,0.12,-0.463648,2.02017,1.96253,0.00930985,0.463648
0.06,-0.06,0.13,-0.432408,1.86139,1.83706,-0.0240016,0.432408
0.06,-0.06,0.14,-0.404892,1.70593,1.70064,-0.0430424,0.404892
0.06,-0.06,0.15,-0.380506,1.55155,1.55144,-0.0482247,0.380506
0.06,-0.06,0.16,-0.358771,1.39516,1.38623,-0.0394047,0.358771
0.06,-0.06,0.17,-0.339293,1.23213,1.19916,-0.0153661,0.339293
0.06,-0.06,0.18,-0.321751,1.05424,0.978454,0.0274517,0.321751
0.06,-0.06,0.19,-0.305879,0.841491,0.693351,0.0998081,0.305879
0.06,-0.06,0.2,-0.291457,0.435715,0.0937254,0.293658,0.291457
0.06,-0.05,0.1,-0.463648,2.45151,2.23904,0.164132,0.463648
0.06,-0.05,0.11,-0.426627,2.26981,2.1333,0.0881768,0.426627
0.06,-0.05,0.12,-0.394791,2.096,2.01771,0.0299553,0.394791
0.06,-0.05,0.13,-0.367174,1.92918,1.89231,-0.0114558,0.367174
0.06,-0.05,0.14,-0.343024,1.76761,1.75641,-0.0371294,0.343024
0.06,-0.05,0.15,-0.321751,1.60891,1.60849,-0.0479108,0.321751
0.06,-0.05,0.16,-0.302885,1.44998,1.44575,-0.0441022,0.302885
0.06,-0.05,0.17,-0.286051,1.28651,1.26321,-0.0250388,0.286051
0.06,-0.05,0.18,-0.270947,1.11143,1.05124,0.011858,0.270947
0.06,-0.05,0.19,-0.257324,0.909572,0.786968,0.0742719,0.257324
0.06,-0.05,0.2,-0.244979,0.618902,0.372794,0.197776,0.244979
0.06,-0.04,0.1,-0.380506,2.53781,2.28429,0.20519,0.380506
0.06,-0.04,0.11,-0.348771,2.3446,2.17861,0.117658,0.348771
0.06,-0.04,0.12,-0.321751,2.16133,2.0629,0.0501,0.321751
0.06,-0.04,0.13,-0.298499,1.98702,1.93745,0.00122928,0.298499
0.06,-0.04,0.14,-0.2783,1.81971,1.80183,-0.0304472,0.2783
0.06,-0.04,0.15,-0.260602,1.65687,1.65472,-0.046184,0.260602
0.06,-0.04,0.16,-0.244979,1.49532,1.49367,-0.0466801,0.244979
0.06,-0.04,0.17,-0.231091,1.33089,1.31427,-0.0317124,0.231091
0.06,-0.04,0.18,-0.218669,1.15719,1.10824,0.000616848,0.218669
0.06,-0.04,0.19,-0.207496,0.96166,0.857104,0.0562242,0.207496
0.06,-0.04,0.2,-0.197396,0.703512,0.497157,0.158023,0.197396
0.06,-0.03,0.1,-0.291457,2.60899,2.31934,0.241326,0.291457
0.06,-0.03,0.11,-0.266252,2.4059,2.21387,0.143696,0.266252
0.06,-0.03,0.12,-0.244979,2.21445,2.09808,0.0680388,0.244979
0.06,-0.03,0.13,-0.226799,2.03365,1.97256,0.012762,0.226799
0.06,-0.03,0.14,-0.211093,1.86139,1.83706,-0.0240016,0.211093
0.06,-0.03,0.15,-0.197396,1.69492,1.69046,-0.0438678,0.197396
0.06,-0.03,0.16,-0.185348,1.53098,1.53052,-0.0478723,0.185348
0.06,-0.03,0.17,-0.174672,1.36545,1.35326,-0.0361405,0.174672
0.06,-0.03,0.18,-0.165149,1.19232,1.15125,-0.00725492,0.165149
0.06,-0.03,0.19,-0.156602,1.00054,0.908596,0.0436164,0.156602
0.06,-0.03,0.2,-0.14889,0.758623,0.576529,0.133762,0.14889
0.06,-0.02,0.1,-0.197396,2.66221,2.34425,0.269628,0.197396
0.06,-0.02,0.11,-0.179853,2.45151,2.23904,0.164132,0.179853
0.06,-0.02,0.12,-0.165149,2.25375,2.12323,0.0821863,0.165149
0.06,-0.02,0.13,-0.152649,2.06794,1.99764,0.021969,0.152649
0.06,-0.02,0.14,-0.141897,1.89184,1.86218,-0.0186806,0.141897
0.06,-0.02,0.15,-0.132552,1.72255,1.71588,-0.0416635,0.132552
0.06,-0.02,0.16,-0.124355,1.55671,1.55665,-0.0482746,0.124355
0.06,-0.02,0.17,-0.117109,1.3902,1.38076,-0.0388949,0.117109
0.06,-0.02,0.18,-0.110657,1.21724,1.18134,-0.0124327,0.110657
0.06,-0.02,0.19,-0.104877,1.02763,0.944018,0.0352798,0.104877
0.06,-0.02,0.2,-0.0996687,0.794562,0.627572,0.118658,0.0996687
0.06,-0.01,0.1,-0.0996687,2.69513,2.35912,0.287679,0.0996687
0.06,-0.01,0.11,-0.0906599,2.47966,2.25414,0.177184,0.0906599
0.06,-0.01,0.12,-0.0831412,2.27791,2.13833,0.0912457,0.0831412
0.06,-0.01,0.13,-0.0767719,2.08893,2.01269,0.0279052,0.0767719
0.06,-0.01,0.14,-0.0713075,1.91039,1.87725,-0.015186,0.0713075
0.06,-0.01,0.15,-0.0665682,1.73932,1.7311,-0.0401118,0.0665682
0.06,-0.01,0.16,-0.0624188,1.57226,1.57226,-0.0483316,0.0624188
0.06,-0.01,0.17,-0.0587558,1.40509,1.39714,-0.0403833,0.0587558
0.06,-0.01,0.18,-0.0554985,1.23213,1.19916,-0.0153661,0.0554985
0.06,-0.01,0.19,-0.0525831,1.04365,0.964791,0.0305243,0.0525831
0.06,-0.01,0.2,-0.0499584,0.815097,0.656478,0.110287,0.0499584
0.06,-1.04083e-17,0.1,-1.04083e-16,2.70628,2.36406,0.293882,1.04083e-16
0.06,-1.04083e-17,0.11,-9.46213e-17,2.48917,2.25917,0.181672,9.46213e-17
0.06,-1.04083e-17,0.12,-8.67362e-17,2.28606,2.14336,0.0943647,8.67362e-17
0.06,-1.04083e-17,0.13,-8.00642e-17,2.096,2.01771,0.0299553,8.00642e-17
0.06,-1.04083e-17,0.14,-7.43453e-17,1.91663,1.88227,-0.0139691,7.43453e-17
0.06,-1.04083e-17,0.15,-6.93889e-17,1.74494,1.73617,-0.0395554,6.93889e-17
0.06,-1.04083e-17,0.16,-6.50521e-17,1.57746,1.57745,-0.0483193,6.50521e-17
0.06,-1.04083e-17,0.17,-6.12255e-17,1.41006,1.40258,-0.040852,6.12255e-17
0.06,-1.04083e-17,0.18,-5.78241e-17,1.23709,1.20507,-0.0163154,5.78241e-17
0.06,-1.04083e-17,0.19,-5.47807e-17,1.04895,0.97164,0.0289784,5.47807e-17
0.06,-1.04083e-17,0.2,-5.20417e-17,0.821794,0.665865,0.107598,5.20417e-17
0.06,0.01,0.1,0.0996687,2.69513,2.35912,0.287679,-0.0996687
0.06,0.01,0.11,0.0906599,2.47966,2.25414,0.177184,-0.0906599
0.06,0.01,0.12,0.0831412,2.27791,2.13833,0.0912457,-0.0831412
0.06,0.01,0.13,0.0767719,2.08893,2.01269,0.0279052,-0.0767719
0.06,0.01,0.14,0.0713075,1.91039,1.87725,-0.015186,-0.0713075
0.06,0.01,0.15,0.0665682,1.73932,1.7311,-0.0401118,-0.0665682
0.06,0.01,0.16,0.0624188,1.57226,1.57226,-0.0483316,-0.0624188
0.06,0.01,0.17,0.0587558,1.40509,1.39714,-0.0403833,-0.0587558
0.06,0.01,0.18,0.0554985,1.23213,1.19916,-0.0153661,-0.0554985
0.06,0.01,0.19,0.0525831,1.04365,0.964791,0.0305243,-0.0525831
0.06,0.01,0.2,0.0499584,0.815097,0.656478,0.110287,-0.0499584
0.06,0.02,0.1,0.197396,2.66221,2.34425,0.269628,-0.197396
0.06,0.02,0.11,0.179853,2.45151,2.23904,0.164132,-0.179853
0.06,0.02,0.12,0.165149,2.25375,2.12323,0.0821863,-0.165149
0.06,0.02,0.13,0.152649,2.06794,1.99764,0.021969,-0.152649
0.06,0.02,0.14,0.141897,1.89184,1.86218,-0.0186806,-0.141897
0.06,0.02,0.15,0.132552,1.72255,1.71588,-0.0416635,-0.132552
0.06,0.02,0.16,0.124355,1.55671,1.55665,-0.0482746,-0.124355
0.06,0.02,0.17,0.117109,1.3902,1.38076,-0.0388949,-0.117109
0.06,0.02,0.18,0.110657,1.21724,1.18134,-0.0124327,-0.110657
0.06,0.02,0.19,0.104877,1.02763,0.944018,0.0352798,-0.104877
0.06,0.02,0.2,0.0996687,0.794562,0.627572,0.118658,-0.0996687
0.06,0.03,0.1,0.291457,2.60899,2.31934,0.241326,-0.291457
0.06,0.03,0.11,0.266252,2.4059,2.21387,0.143696,-0.266252
0.06,0.03,0.12,0.244979,2.21445,2.09808,0.0680388,-0.244979
0.06,0.03,0.13,0.226799,2.03365,1.97256,0.012762,-0.226799
0.06,0.03,0.14,0.211093,1.86139,1.83706,-0.0240016,-0.211093
0.06,0.03,0.15,0.197396,1.69492,1.69046,-0.0438678,-0.197396
0.06,0.03,0.16,0.185348,1.53098,1.53052,-0.0478723,-0.185348
0.06,0.03,0.17,0.174672,1.36545,1.35326,-0.0361405,-0.174672
0.06,0.03,0.18,0.165149,1.19232,1.15125,-0.00725492,-0.165149
0.06,0.03,0.19,0.156602,1.00054,0.908596,0.0436164,-0.156602
0.06,0.03,0.2,0.14889,0.758623,0.576529,0.133762,-0.14889
0.06,0.04,0.1,0.380506,2.53781,2.28429,0.20519,-0.380506
0.06,0.04,0.11,0.348771,2.3446,2.17861,0.117658,-0.348771
0.06,0.04,0.12,0.321751,2.16133,2.0629,0.0501,-0.321751
0.06,0.04,0.13,0.298499,1.98702,1.93745,0.00122928,-0.298499
0.06,0.04,0.14,0.2783,1.81971,1.80183,-0.0304472,-0.2783
0.06,0.04,0.15,0.260602,1.65687,1.65472,-0.046184,-0.260602
0.06,0.04,0.16,0.244979,1.49532,1.49367,-0.0466801,-0.244979
0.06,0.04,0.17,0.231091,1.33089,1.31427,-0.0317124,-0.231091
0.06,0.04,0.18,0.218669,1.15719,1.10824,0.000616848,-0.218669
0.06,0.04,0.19,0.207496,0.96166,0.857104,0.0562242,-0.207496
0.06,0.04,0.2,0.197396,0.703512,0.497157,0.158023,-0.197396
0.06,0.05,0.1,0.463648,2.45151,2.23904,0.164132,-0.463648
0.06,0.05,0.11,0.426627,2.26981,2.1333,0.0881768,-0.426627
0.06,0.05,0.12,0.394791,2.096,2.01771,0.0299553,-0.394791
0.06,0.05,0.13,0.367174,1.92918,1.89231,-0.0114558,-0.367174
0.06,0.05,0.14,0.343024,1.76761,1.75641,-0.0371294,-0.343024
0.06,0.05,0.15,0.321751,1.60891,1.60849,-0.0479108,-0.321751
0.06,0.05,0.16,0.302885,1.44998,1.44575,-0.0441022,-0.302885
0.06,0.05,0.17,0.286051,1.28651,1.26321,-0.0250388,-0.286051
0.06,0.05,0.18,0.270947,1.11143,1.05124,0.011858,-0.270947
0.06,0.05,0.19,0.257324,0.909572,0.786968,0.0742719,-0.257324
0.06,0.05,0.2,0.244979,0.618902,0.372794,0.197776,-0.244979
0.06,0.06,0.1,0.54042,2.35319,2.18365,0.121203,-0.54042
0.06,0.06,0.11,0.499347,2.18384,2.07797,0.0575318,-0.499347
0.06,0.06,0.12,0.463648,2.02017,1.96253,0.00930985,-0.463648
0.06,0.06,0.13,0.432408,1.86139,1.83706,-0.0240016,-0.432408
0.06,0.06,0.14,0.404892,1.70593,1.70064,-0.0430424,-0.404892
0.06,0.06,0.15,0.380506,1.55155,1.55144,-0.0482247,-0.380506
0.06,0.06,0.16,0.358771,1.39516,1.38623,-0.0394047,-0.358771
0.06,0.06,0.17,0.339293,1.23213,1.19916,-0.0153661,-0.339293
0.06,0.06,0.18,0.321751,1.05424,0.978454,0.0274517,-0.321751
0.06,0.06,0.19,0.305879,0.841491,0.693351,0.0998081,-0.305879
0.06,0.06,0.2,0.291457,0.435715,0.0937254,0.293658,-0.291457
0.06,0.07,0.1,0.610726,2.2458,2.1182,0.0792634,-0.610726
0.06,0.07,0.11,0.566729,2.08893,2.01269,0.0279052,-0.566729
0.06,0.07,0.12,0.528074,1.9355,1.89732,-0.0101587,-0.528074
0.06,0.07,0.13,0.493941,1.7848,1.77157,-0.0350944,-0.493941
0.06,0.07,0.14,0.463648,1.63543,1.63422,-0.0471207,-0.463648
0.06,0.07,0.15,0.436627,1.4852,1.48307,-0.0462076,-0.436627
0.06,0.07,0.16,0.41241,1.33089,1.31427,-0.0317124,-0.41241
0.06,0.07,0.17,0.390607,1.16726,1.12064,-0.00170792,-0.390607
0.06,0.07,0.18,0.370891,0.98403,0.886818,0.0488796,-0.370891
0.06,0.07,0.19,0.35299,0.751134,0.565821,0.136981,-0.35299
0.06,0.08,0.1,0.674741,2.1319,2.04281,0.0407605,-0.674741
0.06,0.08,0.11,0.628796,1.98702,1.93745,0.00122928,-0.628796
0.06,0.08,0.12,0.588003,1.8434,1.82197,-0.0269035,-0.588003
0.06,0.08,0.13,0.551655,1.70042,1.69555,-0.0434644,-0.551655
0.06,0.08,0.14,0.519146,1.55671,1.55665,-0.0482746,-0.519146
0.06,0.08,0.15,0.489957,1.41006,1.40258,-0.040852,-0.489957
0.06,0.08,0.16,0.463648,1.25688,1.22852,-0.0199719,-0.463648
0.06,0.08,0.17,0.439843,1.09082,1.02521,0.0172818,-0.439843
0.06,0.08,0.18,0.418224,0.897605,0.77067,0.0786026,-0.418224
0.06,0.08,0.19,0.398522,0.618902,0.372794,0.197776,-0.398522
0.06,0.09,0.1,0.732815,2.01348,1.95751,0.00763166,-0.732815
0.06,0.09,0.11,0.68573,1.87959,1.85214,-0.0208832,-0.68573
0.06,0.09,0.12,0.643501,1.74494,1.73617,-0.0395554,-0.643501
0.06,0.09,0.13,0.605545,1.60891,1.60849,-0.0479108,-0.605545
0.06,0.09,0.14,0.571337,1.47007,1.46712,-0.0453908,-0.571337
0.06,0.09,0.15,0.54042,1.32596,1.30865,-0.0310255,-0.54042
0.06,0.09,0.16,0.512389,1.17229,1.12681,-0.0028474,-0.512389
0.06,0.09,0.17,0.486899,1.00054,0.908596,0.0436164,-0.486899
0.06,0.09,0.18,0.463648,0.787557,0.617669,0.121556,-0.463648
0.06,0.1,0.1,0.785398,1.89184,1.86218,-0.0186806,-0.785398
0.06,0.1,0.11,0.737815,1.76761,1.75641,-0.0371294,-0.737815
0.06,0.1,0.12,0.694738,1.64077,1.63935,-0.0469122,-0.694738
0.06,0.1,0.13,0.655696,1.51056,1.5095,-0.0472796,-0.655696
0.06,0.1,0.14,0.620249,1.37534,1.36429,-0.0372832,-0.620249
0.06,0.1,0.15,0.588003,1.23213,1.19916,-0.0153661,-0.588003
0.06,0.1,0.16,0.558599,1.07523,1.00536,0.0215318,-0.558599
0.06,0.1,0.17,0.531724,0.89156,0.762411,0.0808161,-0.531724
0.06,0.1,0.18,0.507099,0.629468,0.388485,0.19265,-0.507099
0.07,-0.1,0.1,-0.785398,1.87865,1.75434,0.07598,0.785398
0.07,-0.1,0.11,-0.737815,1.75768,1.65066,0.0586872,0.737815
0.07,-0.1,0.12,-0.694738,1.63249,1.53452,0.0496401,0.694738
0.07,-0.1,0.13,-0.655696,1.50223,1.404,0.049901,0.655696
0.07,-0.1,0.14,-0.620249,1.36498,1.2558,0.0608436,0.620249
0.07,-0.1,0.15,-0.588003,1.21693,1.08387,0.0847251,0.588003
0.07,-0.1,0.16,-0.558599,1.05008,0.87558,0.12617,0.558599
0.07,-0.1,0.17,-0.531724,0.84198,0.595365,0.198282,0.531724
0.07,-0.09,0.1,-0.732815,1.99546,1.84666,0.10047,0.732815
0.07,-0.09,0.11,-0.68573,1.86679,1.74454,0.0739187,0.68573
0.07,-0.09,0.12,-0.643501,1.73543,1.63068,0.0564169,0.643501
0.07,-0.09,0.13,-0.605545,1.60078,1.50366,0.0487931,0.605545
0.07,-0.09,0.14,-0.571337,1.46136,1.361,0.0520195,0.571337
0.07,-0.09,0.15,-0.54042,1.31428,1.19832,0.0676265,0.54042
0.07,-0.09,0.16,-0.512389,1.15401,1.0071,0.098582,0.512389
0.07,-0.09,0.17,-0.486899,0.967891,0.767535,0.152024,0.486899
0.07,-0.09,0.18,-0.463648,0.707322,0.402711,0.256279,0.463648
0.07,-0.08,0.1,-0.674741,2.10754,1.92827,0.130937,0.674741
0.07,-0.08,0.11,-0.628796,1.97019,1.82733,0.0945352,0.628796
0.07,-0.08,0.12,-0.588003,1.83167,1.71506,0.0682778,0.588003
0.07,-0.08,0.13,-0.551655,1.69157,1.59045,0.0527783,0.551655
0.07,-0.08,0.14,-0.519146,1.54861,1.4516,0.0486745,0.519146
0.07,-0.08,0.15,-0.489957,1.40043,1.29512,0.0569752,0.489957
0.07,-0.08,0.16,-0.463648,1.24275,1.11475,0.0796718,0.463648
0.07,-0.08,0.17,-0.439843,1.06697,0.897338,0.121296,0.439843
0.07,-0.08,0.18,-0.418224,0.849239,0.605505,0.195402,0.418224
0.07,-0.07,0.1,-0.610726,2.2137,1.99951,0.165862,0.610726
0.07,-0.07,0.11,-0.566729,2.06707,1.89957,0.119163,0.566729
0.07,-0.07,0.12,-0.528074,1.92077,1.7885,0.0839398,0.528074
0.07,-0.07,0.13,-0.493941,1.77452,1.66559,0.0605947,0.493941
0.07,-0.07,0.14,-0.463648,1.62718,1.52939,0.0494575,0.463648
0.07,-0.07,0.15,-0.436627,1.47665,1.37721,0.051113,0.436627
0.07,-0.07,0.16,-0.41241,1.31936,1.20414,0.066881,0.41241
0.07,-0.07,0.17,-0.390607,1.14869,1.00051,0.0998528,0.390607
0.07,-0.07,0.18,-0.370891,0.949356,0.742689,0.158335,0.370891
0.07,-0.07,0.19,-0.35299,0.651929,0.321001,0.282595,0.35299
0.07,-0.06,0.1,-0.54042,2.31228,2.06058,0.203368,0.54042
0.07,-0.06,0.11,-0.499347,2.15615,1.96161,0.146211,0.499347
0.07,-0.06,0.12,-0.463648,2.00184,1.85149,0.102024,0.463648
0.07,-0.06,0.13,-0.432408,1.84915,1.72982,0.070998,0.432408
0.07,-0.06,0.14,-0.404892,1.697,1.5955,0.053169,0.404892
0.07,-0.06,0.15,-0.380506,1.54343,1.44635,0.0487493,0.380506
0.07,-0.06,0.16,-0.358771,1.38523,1.27836,0.0585449,0.358771
0.07,-0.06,0.17,-0.339293,1.21693,1.08387,0.0847251,0.339293
0.07,-0.06,0.18,-0.321751,1.02722,0.845874,0.13301,0.321751
0.07,-0.06,0.19,-0.305879,0.779937,0.50767,0.223935,0.305879
0.07,-0.05,0.1,-0.463648,2.40119,2.11162,0.241237,0.463648
0.07,-0.05,0.11,-0.426627,2.23587,2.01366,0.173878,0.426627
0.07,-0.05,0.12,-0.394791,2.07374,1.90436,0.121044,0.394791
0.07,-0.05,0.13,-0.367174,1.91469,1.78363,0.0827299,0.367174
0.07,-0.05,0.14,-0.343024,1.75768,1.65066,0.0586872,0.343024
0.07,-0.05,0.15,-0.321751,1.60078,1.50366,0.0487931,0.321751
0.07,-0.05,0.16,-0.302885,1.44101,1.33924,0.0534357,0.302885
0.07,-0.05,0.17,-0.286051,1.27352,1.15105,0.0741371,0.286051
0.07,-0.05,0.18,-0.270947,1.08916,0.925714,0.115118,0.270947
0.07,-0.05,0.19,-0.257324,0.86349,0.625336,0.189823,0.257324
0.07,-0.04,0.1,-0.380506,2.47815,2.15281,0.277009,0.380506
0.07,-0.04,0.11,-0.348771,2.30446,2.05591,0.200218,0.348771
0.07,-0.04,0.12,-0.321751,2.13513,1.94734,0.139455,0.321751
0.07,-0.04,0.13,-0.298499,1.97019,1.82733,0.0945352,0.298499
0.07,-0.04,0.14,-0.2783,1.80862,1.69533,0.064954,0.2783
0.07,-0.04,0.15,-0.260602,1.64847,1.54985,0.050289,0.260602
0.07,-0.04,0.16,-0.244979,1.48687,1.38795,0.0505832,0.244979
0.07,-0.04,0.17,-0.231091,1.31936,1.20414,0.066881,0.231091
0.07,-0.04,0.18,-0.218669,1.13801,0.987227,0.102451,0.218669
0.07,-0.04,0.19,-0.207496,0.92399,0.708405,0.167253,0.207496
0.07,-0.04,0.2,-0.197396,0.558949,0.180728,0.329889,0.197396
0.07,-0.03,0.1,-0.291457,2.54087,2.18438,0.308163,0.291457
0.07,-0.03,0.11,-0.266252,2.36011,2.0885,0.223272,0.266252
0.07,-0.03,0.12,-0.244979,2.18465,1.98059,0.155731,0.244979
0.07,-0.03,0.13,-0.226799,2.01468,1.86113,0.105215,0.226799
0.07,-0.03,0.14,-0.211093,1.84915,1.72982,0.070998,0.211093
0.07,-0.03,0.15,-0.197396,1.68614,1.5854,0.0524055,0.197396
0.07,-0.03,0.16,-0.185348,1.52278,1.42525,0.0492029,0.185348
0.07,-0.03,0.17,-0.174672,1.35485,1.24443,0.0620813,0.174672
0.07,-0.03,0.18,-0.165149,1.17516,1.03314,0.0936819,0.165149
0.07,-0.03,0.19,-0.156602,0.967891,0.767535,0.152024,0.156602
0.07,-0.03,0.2,-0.14889,0.663962,0.33887,0.276759,0.14889
0.07,-0.02,0.1,-0.197396,2.58731,2.20662,0.332365,0.197396
0.07,-0.02,0.11,-0.179853,2.40119,2.11162,0.241237,0.179853
0.07,-0.02,0.12,-0.165149,2.22106,2.00423,0.168493,0.165149
0.07,-0.02,0.13,-0.152649,2.04722,1.88518,0.113705,0.152649
0.07,-0.02,0.14,-0.141897,1.87865,1.75434,0.07598,0.141897
0.07,-0.02,0.15,-0.132552,1.71339,1.61061,0.0544501,0.132552
0.07,-0.02,0.16,-0.124355,1.54861,1.4516,0.0486745,0.124355
0.07,-0.02,0.17,-0.117109,1.38017,1.27274,0.0590975,0.117109
0.07,-0.02,0.18,-0.110657,1.20134,1.06505,0.0879556,0.110657
0.07,-0.02,0.19,-0.104877,0.997982,0.807496,0.142153,0.104877
0.07,-0.02,0.2,-0.0996687,0.717247,0.417201,0.251713,0.0996687
0.07,-0.01,0.1,-0.0996687,2.61586,2.21981,0.347715,0.0996687
0.07,-0.01,0.11,-0.0906599,2.4264,2.12541,0.252654,0.0906599
0.07,-0.01,0.12,-0.0831412,2.24334,2.01837,0.176632,0.0831412
0.07,-0.01,0.13,-0.0767719,2.06707,1.89957,0.119163,0.0767719
0.07,-0.01,0.14,-0.0713075,1.89658,1.769,0.0792471,0.0713075
0.07,-0.01,0.15,-0.0665682,1.7299,1.62567,0.0558971,0.0665682
0.07,-0.01,0.16,-0.0624188,1.56418,1.4673,0.0485438,0.0624188
0.07,-0.01,0.17,-0.0587558,1.39536,1.28955,0.0574837,0.0587558
0.07,-0.01,0.18,-0.0554985,1.21693,1.08387,0.0847251,0.0554985
0.07,-0.01,0.19,-0.0525831,1.01562,0.830698,0.136585,0.0525831
0.07,-0.01,0.2,-0.0499584,0.745393,0.458047,0.239014,0.0499584
0.07,-1.04083e-17,0.1,-1.04083e-16,2.62549,2.22418,0.352976,1.04083e-16
0.07,-1.04083e-17,0.11,-9.46213e-17,2.4349,2.13,0.25657,9.46213e-17
0.07,-1.04083e-17,0.12,-8.67362e-17,2.25084,2.02308,0.179428,8.67362e-17
0.07,-1.04083e-17,0.13,-8.00642e-17,2.07374,1.90436,0.121044,8.00642e-17
0.07,-1.04083e-17,0.14,-7.43453e-17,1.90259,1.77388,0.0803838,7.43453e-17
0.07,-1.04083e-17,0.15,-6.93889e-17,1.73543,1.63068,0.0564169,6.93889e-17
0.07,-1.04083e-17,0.16,-6.50521e-17,1.56938,1.47252,0.0485316,6.50521e-17
0.07,-1.04083e-17,0.17,-6.12255e-17,1.40043,1.29512,0.0569752,6.12255e-17
0.07,-1.04083e-17,0.18,-5.78241e-17,1.22211,1.0901,0.0836817,5.78241e-17
0.07,-1.04083e-17,0.19,-5.47807e-17,1.02143,0.838315,0.134785,5.47807e-17
0.07,-1.04083e-17,0.2,-5.20417e-17,0.754312,0.470914,0.235066,5.20417e-17
0.07,0.01,0.1,0.0996687,2.61586,2.21981,0.347715,-0.0996687
0.07,0.01,0.11,0.0906599,2.4264,2.12541,0.252654,-0.0906599
0.07,0.01,0.12,0.0831412,2.24334,2.01837,0.176632,-0.0831412
0.07,0.01,0.13,0.0767719,2.06707,1.89957,0.119163,-0.0767719
0.07,0.01,0.14,0.0713075,1.89658,1.769,0.0792471,-0.0713075
0.07,0.01,0.15,0.0665682,1.7299,1.62567,0.0558971,-0.0665682
0.07,0.01,0.16,0.0624188,1.56418,1.4673,0.0485438,-0.0624188
0.07,0.01,0.17,0.0587558,1.39536,1.28955,0.0574837,-0.0587558
0.07,0.01,0.18,0.0554985,1.21693,1.08387,0.0847251,-0.0554985
0.07,0.01,0.19,0.0525831,1.01562,0.830698,0.136585,-0.0525831
0.07,0.01,0.2,0.0499584,0.745393,0.458047,0.239014,-0.0499584
0.07,0.02,0.1,0.197396,2.58731,2.20662,0.332365,-0.197396
0.07,0.02,0.11,0.179853,2.40119,2.11162,0.241237,-0.179853
0.07,0.02,0.12,0.165149,2.22106,2.00423,0.168493,-0.165149
0.07,0.02,0.13,0.152649,2.04722,1.88518,0.113705,-0.152649
0.07,0.02,0.14,0.141897,1.87865,1.75434,0.07598,-0.141897
0.07,0.02,0.15,0.132552,1.71339,1.61061,0.0544501,-0.132552
0.07,0.02,0.16,0.124355,1.54861,1.4516,0.0486745,-0.124355
0.07,0.02,0.17,0.117109,1.38017,1.27274,0.0590975,-0.117109
0.07,0.02,0.18,0.110657,1.20134,1.06505,0.0879556,-0.110657
0.07,0.02,0.19,0.104877,0.997982,0.807496,0.142153,-0.104877
0.07,0.02,0.2,0.0996687,0.717247,0.417201,0.251713,-0.0996687
0.07,0.03,0.1,0.291457,2.54087,2.18438,0.308163,-0.291457
0.07,0.03,0.11,0.266252,2.36011,2.0885,0.223272,-0.266252
0.07,0.03,0.12,0.244979,2.18465,1.98059,0.155731,-0.244979
0.07,0.03,0.13,0.226799,2.01468,1.86113,0.105215,-0.226799
0.07,0.03,0.14,0.211093,1.84915,1.72982,0.070998,-0.211093
0.07,0.03,0.15,0.197396,1.68614,1.5854,0.0524055,-0.197396
0.07,0.03,0.16,0.185348,1.52278,1.42525,0.0492029,-0.185348
0.07,0.03,0.17,0.174672,1.35485,1.24443,0.0620813,-0.174672
0.07,0.03,0.18,0.165149,1.17516,1.03314,0.0936819,-0.165149
0.07,0.03,0.19,0.156602,0.967891,0.767535,0.152024,-0.156602
0.07,0.03,0.2,0.14889,0.663962,0.33887,0.276759,-0.14889
0.07,0.04,0.1,0.380506,2.47815,2.15281,0.277009,-0.380506
0.07,0.04,0.11,0.348771,2.30446,2.05591,0.200218,-0.348771
0.07,0.04,0.12,0.321751,2.13513,1.94734,0.139455,-0.321751
0.07,0.04,0.13,0.298499,1.97019,1.82733,0.0945352,-0.298499
0.07,0.04,0.14,0.2783,1.80862,1.69533,0.064954,-0.2783
0.07,0.04,0.15,0.260602,1.64847,1.54985,0.050289,-0.260602
0.07,0.04,0.16,0.244979,1.48687,1.38795,0.0505832,-0.244979
0.07,0.04,0.17,0.231091,1.31936,1.20414,0.066881,-0.231091
0.07,0.04,0.18,0.218669,1.13801,0.987227,0.102451,-0.218669
0.07,0.04,0.19,0.207496,0.92399,0.708405,0.167253,-0.207496
0.07,0.04,0.2,0.197396,0.558949,0.180728,0.329889,-0.197396
0.07,0.05,0.1,0.463648,2.40119,2.11162,0.241237,-0.463648
0.07,0.05,0.11,0.426627,2.23587,2.01366,0.173878,-0.426627
0.07,0.05,0.12,0.394791,2.07374,1.90436,0.121044,-0.394791
0.07,0.05,0.13,0.367174,1.91469,1.78363,0.0827299,-0.367174
0.07,0.05,0.14,0.343024,1.75768,1.65066,0.0586872,-0.343024
0.07,0.05,0.15,0.321751,1.60078,1.50366,0.0487931,-0.321751
0.07,0.05,0.16,0.302885,1.44101,1.33924,0.0534357,-0.302885
0.07,0.05,0.17,0.286051,1.27352,1.15105,0.0741371,-0.286051
0.07,0.05,0.18,0.270947,1.08916,0.925714,0.115118,-0.270947
0.07,0.05,0.19,0.257324,0.86349,0.625336,0.189823,-0.257324
0.07,0.06,0.1,0.54042,2.31228,2.06058,0.203368,-0.54042
0.07,0.06,0.11,0.499347,2.15615,1.96161,0.146211,-0.499347
0.07,0.06,0.12,0.463648,2.00184,1.85149,0.102024,-0.463648
0.07,0.06,0.13,0.432408,1.84915,1.72982,0.070998,-0.432408
0.07,0.06,0.14,0.404892,1.697,1.5955,0.053169,-0.404892
0.07,0.06,0.15,0.380506,1.54343,1.44635,0.0487493,-0.380506
0.07,0.06,0.16,0.358771,1.38523,1.27836,0.0585449,-0.358771
0.07,0.06,0.17,0.339293,1.21693,1.08387,0.0847251,-0.339293
0.07,0.06,0.18,0.321751,1.02722,0.845874,0.13301,-0.321751
0.07,0.06,0.19,0.305879,0.779937,0.50767,0.223935,-0.305879
0.07,0.07,0.1,0.610726,2.2137,1.99951,0.165862,-0.610726
0.07,0.07,0.11,0.566729,2.06707,1.89957,0.119163,-0.566729
0.07,0.07,0.12,0.528074,1.92077,1.7885,0.0839398,-0.528074
0.07,0.07,0.13,0.493941,1.77452,1.66559,0.0605947,-0.493941
0.07,0.07,0.14,0.463648,1.62718,1.52939,0.0494575,-0.463648
0.07,0.07,0.15,0.436627,1.47665,1.37721,0.051113,-0.436627
0.07,0.07,0.16,0.41241,1.31936,1.20414,0.066881,-0.41241
0.07,0.07,0.17,0.390607,1.14869,1.00051,0.0998528,-0.390607
0.07,0.07,0.18,0.370891,0.949356,0.742689,0.158335,-0.370891
0.07,0.07,0.19,0.35299,0.651929,0.321001,0.282595,-0.35299
0.07,0.08,0.1,0.674741,2.10754,1.92827,0.130937,-0.674741
0.07,0.08,0.11,0.628796,1.97019,1.82733,0.0945352,-0.628796
0.07,0.08,0.12,0.588003,1.83167,1.71506,0.0682778,-0.588003
0.07,0.08,0.13,0.551655,1.69157,1.59045,0.0527783,-0.551655
0.07,0.08,0.14,0.519146,1.54861,1.4516,0.0486745,-0.519146
0.07,0.08,0.15,0.489957,1.40043,1.29512,0.0569752,-0.489957
0.07,0.08,0.16,0.463648,1.24275,1.11475,0.0796718,-0.463648
0.07,0.08,0.17,0.439843,1.06697,0.897338,0.121296,-0.439843
0.07,0.08,0.18,0.418224,0.849239,0.605505,0.195402,-0.418224
0.07,0.09,0.1,0.732815,1.99546,1.84666,0.10047,-0.732815
0.07,0.09,0.11,0.68573,1.86679,1.74454,0.0739187,-0.68573
0.07,0.09,0.12,0.643501,1.73543,1.63068,0.0564169,-0.643501
0.07,0.09,0.13,0.605545,1.60078,1.50366,0.0487931,-0.605545
0.07,0.09,0.14,0.571337,1.46136,1.361,0.0520195,-0.571337
0.07,0.09,0.15,0.54042,1.31428,1.19832,0.0676265,-0.54042
0.07,0.09,0.16,0.512389,1.15401,1.0071,0.098582,-0.512389
0.07,0.09,0.17,0.486899,0.967891,0.767535,0.152024,-0.486899
0.07,0.09,0.18,0.463648,0.707322,0.402711,0.256279,-0.463648
0.07,0.1,0.1,0.785398,1.87865,1.75434,0.07598,-0.785398
0.07,0.1,0.11,0.737815,1.75768,1.65066,0.0586872,-0.737815
0.07,0.1,0.12,0.694738,1.63249,1.53452,0.0496401,-0.694738
0.07,0.1,0.13,0.655696,1.50223,1.404,0.049901,-0.655696
0.07,0.1,0.14,0.620249,1.36498,1.2558,0.0608436,-0.620249
0.07,0.1,0.15,0.588003,1.21693,1.08387,0.0847251,-0.588003
0.07,0.1,0.16,0.558599,1.05008,0.87558,0.12617,-0.558599
0.07,0.1,0.17,0.531724,0.84198,0.595365,0.198282,-0.531724
0.08,-0.1,0.1,-0.785398,1.85008,1.63246,0.169288,0.785398
0.08,-0.1,0.11,-0.737815,1.732,1.52967,0.153992,0.737815
0.08,-0.1,0.12,-0.694738,1.60804,1.41298,0.146728,0.694738
0.08,-0.1,0.13,-0.655696,1.47704,1.27979,0.148917,0.655696
0.08,-0.1,0.14,-0.620249,1.33638,1.12553,0.162521,0.620249
0.08,-0.1,0.15,-0.588003,1.18055,0.941226,0.190996,0.588003
0.08,-0.1,0.16,-0.558599,0.99601,0.705263,0.242415,0.558599
0.08,-0.1,0.17,-0.531724,0.722085,0.321275,0.352477,0.531724
0.08,-0.09,0.1,-0.732815,1.96254,1.72287,0.191339,0.732815
0.08,-0.09,0.11,-0.68573,1.83858,1.6228,0.167443,0.68573
0.08,-0.09,0.12,-0.643501,1.7101,1.50971,0.152051,0.643501
0.08,-0.09,0.13,-0.605545,1.57635,1.38169,0.146327,0.605545
0.08,-0.09,0.14,-0.571337,1.43546,1.2354,0.151729,0.571337
0.08,-0.09,0.15,-0.54042,1.28358,1.06464,0.170606,0.54042
0.08,-0.09,0.16,-0.512389,1.11245,0.856338,0.207775,0.512389
0.08,-0.09,0.17,-0.486899,0.898117,0.572564,0.277221,0.486899
0.08,-0.08,0.1,-0.674741,2.06899,1.80187,0.21879,0.674741
0.08,-0.08,0.11,-0.628796,1.93834,1.70403,0.185985,0.628796
0.08,-0.08,0.12,-0.588003,1.80442,1.59368,0.162412,0.588003
0.08,-0.08,0.13,-0.551655,1.66676,1.46939,0.14904,0.551655
0.08,-0.08,0.14,-0.519146,1.52393,1.32863,0.146968,0.519146
0.08,-0.08,0.15,-0.489957,1.373,1.16681,0.157863,0.489957
0.08,-0.08,0.16,-0.463648,1.20813,0.974851,0.184946,0.463648
0.08,-0.08,0.17,-0.439843,1.01536,0.730887,0.236144,0.439843
0.08,-0.08,0.18,-0.418224,0.734109,0.338949,0.346828,0.418224
0.08,-0.07,0.1,-0.610726,2.16849,1.87006,0.250099,0.610726
0.08,-0.07,0.11,-0.566729,2.03071,1.77419,0.208192,0.566729
0.08,-0.07,0.12,-0.528074,1.89081,1.66604,0.176438,0.528074
0.08,-0.07,0.13,-0.493941,1.74853,1.54456,0.155644,0.493941
0.08,-0.07,0.14,-0.463648,1.60274,1.40779,0.14662,0.463648
0.08,-0.07,0.15,-0.436627,1.45105,1.25216,0.150556,0.436627
0.08,-0.07,0.16,-0.41241,1.2889,1.07084,0.169719,0.41241
0.08,-0.07,0.17,-0.390607,1.10662,0.848956,0.209331,0.390607
0.08,-0.07,0.18,-0.370891,0.874885,0.540324,0.286229,0.370891
0.08,-0.06,0.1,-0.54042,2.25969,1.92788,0.283477,0.54042
0.08,-0.06,0.11,-0.499347,2.11471,1.83387,0.232508,0.499347
0.08,-0.06,0.12,-0.463648,1.96864,1.72757,0.19274,0.463648
0.08,-0.06,0.13,-0.432408,1.82144,1.60827,0.164833,0.432408
0.08,-0.06,0.14,-0.404892,1.67215,1.47446,0.149354,0.404892
0.08,-0.06,0.15,-0.380506,1.51871,1.32326,0.14712,0.380506
0.08,-0.06,0.16,-0.358771,1.35733,1.14924,0.15976,0.358771
0.08,-0.06,0.17,-0.339293,1.18055,0.941226,0.190996,0.339293
0.08,-0.06,0.18,-0.321751,0.96945,0.669766,0.251351,0.321751
0.08,-0.06,0.19,-0.305879,0.577072,0.102323,0.426416,0.305879
0.08,-0.05,0.1,-0.463648,2.34097,1.97572,0.316918,0.463648
0.08,-0.05,0.11,-0.426627,2.1891,1.88351,0.257254,0.426627
0.08,-0.05,0.12,-0.394791,2.03704,1.77882,0.209887,0.394791
0.08,-0.05,0.13,-0.367174,1.88494,1.66126,0.17535,0.367174
0.08,-0.05,0.14,-0.343024,1.732,1.52967,0.153992,0.343024
0.08,-0.05,0.15,-0.321751,1.57635,1.38169,0.146327,0.321751
0.08,-0.05,0.16,-0.302885,1.41467,1.21282,0.153518,0.302885
0.08,-0.05,0.17,-0.286051,1.24074,1.01406,0.178348,0.286051
0.08,-0.05,0.18,-0.270947,1.04052,0.763886,0.228298,0.270947
0.08,-0.05,0.19,-0.257324,0.756629,0.371851,0.336446,0.257324
0.08,-0.04,0.1,-0.380506,2.41059,2.01398,0.34828,0.380506
0.08,-0.04,0.11,-0.348771,2.25249,1.92348,0.280683,0.348771
0.08,-0.04,0.12,-0.321751,2.09497,1.82019,0.226445,0.321751
0.08,-0.04,0.13,-0.298499,1.93834,1.70403,0.185985,0.298499
0.08,-0.04,0.14,-0.2783,1.78192,1.57412,0.159468,0.2783
0.08,-0.04,0.15,-0.260602,1.62397,1.42848,0.147154,0.260602
0.08,-0.04,0.16,-0.244979,1.46144,1.26326,0.149852,0.244979
0.08,-0.04,0.17,-0.231091,1.2889,1.07084,0.169719,0.231091
0.08,-0.04,0.18,-0.218669,1.09489,0.834031,0.212522,0.218669
0.08,-0.04,0.19,-0.207496,0.842083,0.494322,0.299429,0.207496
0.08,-0.03,0.1,-0.291457,2.46683,2.04307,0.375427,0.291457
0.08,-0.03,0.11,-0.266252,2.30353,1.95411,0.301085,0.266252
0.08,-0.03,0.12,-0.244979,2.14139,1.85202,0.241039,0.244979
0.08,-0.03,0.13,-0.226799,1.98089,1.73694,0.195618,0.226799
0.08,-0.03,0.14,-0.211093,1.82144,1.60827,0.164833,0.211093
0.08,-0.03,0.15,-0.197396,1.66139,1.46431,0.148744,0.197396
0.08,-0.03,0.16,-0.185348,1.49786,1.30163,0.147891,0.185348
0.08,-0.03,0.17,-0.174672,1.32587,1.11354,0.164001,0.174672
0.08,-0.03,0.18,-0.165149,1.1355,0.885361,0.201805,0.165149
0.08,-0.03,0.19,-0.156602,0.898117,0.572564,0.277221,0.156602
0.08,-0.02,0.1,-0.197396,2.50818,2.06343,0.396418,0.197396
0.08,-0.02,0.11,-0.179853,2.34097,1.97572,0.316918,0.179853
0.08,-0.02,0.12,-0.165149,2.17533,1.87455,0.252449,0.165149
0.08,-0.02,0.13,-0.152649,2.01187,1.76027,0.203274,0.152649
0.08,-0.02,0.14,-0.141897,1.85008,1.63246,0.169288,0.141897
0.08,-0.02,0.15,-0.132552,1.68836,1.48962,0.150402,0.132552
0.08,-0.02,0.16,-0.124355,1.52393,1.32863,0.146968,0.124355
0.08,-0.02,0.17,-0.117109,1.3521,1.14334,0.160426,0.117109
0.08,-0.02,0.18,-0.110657,1.16381,0.920593,0.194881,0.110657
0.08,-0.02,0.19,-0.104877,0.934796,0.622884,0.26358,0.104877
0.08,-0.01,0.1,-0.0996687,2.53348,2.07546,0.40969,0.0996687
0.08,-0.01,0.11,-0.0906599,2.36385,1.98857,0.326951,0.0906599
0.08,-0.01,0.12,-0.0831412,2.19602,1.88798,0.25971,0.0831412
0.08,-0.01,0.13,-0.0767719,2.03071,1.77419,0.208192,0.0767719
0.08,-0.01,0.14,-0.0713075,1.86744,1.64689,0.172219,0.0713075
0.08,-0.01,0.15,-0.0665682,1.70465,1.5047,0.151611,0.0665682
0.08,-0.01,0.16,-0.0624188,1.53961,1.34468,0.146606,0.0624188
0.08,-0.01,0.17,-0.0587558,1.36778,1.16097,0.158479,0.0587558
0.08,-0.01,0.18,-0.0554985,1.18055,0.941226,0.190996,0.0554985
0.08,-0.01,0.19,-0.0525831,0.9558,0.651377,0.256091,0.0525831
0.08,-1.04083e-17,0.1,-1.04083e-16,2.542,2.07944,0.414231,1.04083e-16
0.08,-1.04083e-17,0.11,-9.46213e-17,2.37155,1.99283,0.330387,9.46213e-17
0.08,-1.04083e-17,0.12,-8.67362e-17,2.20298,1.89245,0.262202,8.67362e-17
0.08,-1.04083e-17,0.13,-8.00642e-17,2.03704,1.77882,0.209887,8.00642e-17
0.08,-1.04083e-17,0.14,-7.43453e-17,1.87326,1.65168,0.17324,7.43453e-17
0.08,-1.04083e-17,0.15,-6.93889e-17,1.7101,1.50971,0.152051,6.93889e-17
0.08,-1.04083e-17,0.16,-6.50521e-17,1.54485,1.35,0.146517,6.50521e-17
0.08,-1.04083e-17,0.17,-6.12255e-17,1.373,1.16681,0.157863,6.12255e-17
0.08,-1.04083e-17,0.18,-5.78241e-17,1.1861,0.948025,0.189744,5.78241e-17
0.08,-1.04083e-17,0.19,-5.47807e-17,0.962658,0.660629,0.253697,5.47807e-17
0.08,0.01,0.1,0.0996687,2.53348,2.07546,0.40969,-0.0996687
0.08,0.01,0.11,0.0906599,2.36385,1.98857,0.326951,-0.0906599
0.08,0.01,0.12,0.0831412,2.19602,1.88798,0.25971,-0.0831412
0.08,0.01,0.13,0.0767719,2.03071,1.77419,0.208192,-0.0767719
0.08,0.01,0.14,0.0713075,1.86744,1.64689,0.172219,-0.0713075
0.08,0.01,0.15,0.0665682,1.70465,1.5047,0.151611,-0.0665682
0.08,0.01,0.16,0.0624188,1.53961,1.34468,0.146606,-0.0624188
0.08,0.01,0.17,0.0587558,1.36778,1.16097,0.158479,-0.0587558
0.08,0.01,0.18,0.0554985,1.18055,0.941226,0.190996,-0.0554985
0.08,0.01,0.19,0.0525831,0.9558,0.651377,0.256091,-0.0525831
0.08,0.02,0.1,0.197396,2.50818,2.06343,0.396418,-0.197396
0.08,0.02,0.11,0.179853,2.34097,1.97572,0.316918,-0.179853
0.08,0.02,0.12,0.165149,2.17533,1.87455,0.252449,-0.165149
0.08,0.02,0.13,0.152649,2.01187,1.76027,0.203274,-0.152649
0.08,0.02,0.14,0.141897,1.85008,1.63246,0.169288,-0.141897
0.08,0.02,0.15,0.132552,1.68836,1.48962,0.150402,-0.132552
0.08,0.02,0.16,0.124355,1.52393,1.32863,0.146968,-0.124355
0.08,0.02,0.17,0.117109,1.3521,1.14334,0.160426,-0.117109
0.08,0.02,0.18,0.110657,1.16381,0.920593,0.194881,-0.110657
0.08,0.02,0.19,0.104877,0.934796,0.622884,0.26358,-0.104877
0.08,0.03,0.1,0.291457,2.46683,2.04307,0.375427,-0.291457
0.08,0.03,0.11,0.266252,2.30353,1.95411,0.301085,-0.266252
0.08,0.03,0.12,0.244979,2.14139,1.85202,0.241039,-0.244979
0.08,0.03,0.13,0.226799,1.98089,1.73694,0.195618,-0.226799
0.08,0.03,0.14,0.211093,1.82144,1.60827,0.164833,-0.211093
0.08,0.03,0.15,0.197396,1.66139,1.46431,0.148744,-0.197396
0.08,0.03,0.16,0.185348,1.49786,1.30163,0.147891,-0.185348
0.08,0.03,0.17,0.174672,1.32587,1.11354,0.164001,-0.174672
0.08,0.03,0.18,0.165149,1.1355,0.885361,0.201805,-0.165149
0.08,0.03,0.19,0.156602,0.898117,0.572564,0.277221,-0.156602
0.08,0.04,0.1,0.380506,2.41059,2.01398,0.34828,-0.380506
0.08,0.04,0.11,0.348771,2.25249,1.92348,0.280683,-0.348771
0.08,0.04,0.12,0.321751,2.09497,1.82019,0.226445,-0.321751
0.08,0.04,0.13,0.298499,1.93834,1.70403,0.185985,-0.298499
0.08,0.04,0.14,0.2783,1.78192,1.57412,0.159468,-0.2783
0.08,0.04,0.15,0.260602,1.62397,1.42848,0.147154,-0.260602
0.08,0.04,0.16,0.244979,1.46144,1.26326,0.149852,-0.244979
0.08,0.04,0.17,0.231091,1.2889,1.07084,0.169719,-0.231091
0.08,0.04,0.18,0.218669,1.09489,0.834031,0.212522,-0.218669
0.08,0.04,0.19,0.207496,0.842083,0.494322,0.299429,-0.207496
0.08,0.05,0.1,0.463648,2.34097,1.97572,0.316918,-0.463648
0.08,0.05,0.11,0.426627,2.1891,1.88351,0.257254,-0.426627
0.08,0.05,0.12,0.394791,2.03704,1.77882,0.209887,-0.394791
0.08,0.05,0.13,0.367174,1.88494,1.66126,0.17535,-0.367174
0.08,0.05,0.14,0.343024,1.732,1.52967,0.153992,-0.343024
0.08,0.05,0.15,0.321751,1.57635,1.38169,0.146327,-0.321751
0.08,0.05,0.16,0.302885,1.41467,1.21282,0.153518,-0.302885
0.08,0.05,0.17,0.286051,1.24074,1.01406,0.178348,-0.286051
0.08,0.05,0.18,0.270947,1.04052,0.763886,0.228298,-0.270947
0.08,0.05,0.19,0.257324,0.756629,0.371851,0.336446,-0.257324
0.08,0.06,0.1,0.54042,2.25969,1.92788,0.283477,-0.54042
0.08,0.06,0.11,0.499347,2.11471,1.83387,0.232508,-0.499347
0.08,0.06,0.12,0.463648,1.96864,1.72757,0.19274,-0.463648
0.08,0.06,0.13,0.432408,1.82144,1.60827,0.164833,-0.432408
0.08,0.06,0.14,0.404892,1.67215,1.47446,0.149354,-0.404892
0.08,0.06,0.15,0.380506,1.51871,1.32326,0.14712,-0.380506
0.08,0.06,0.16,0.358771,1.35733,1.14924,0.15976,-0.358771
0.08,0.06,0.17,0.339293,1.18055,0.941226,0.190996,-0.339293
0.08,0.06,0.18,0.321751,0.96945,0.669766,0.251351,-0.321751
0.08,0.06,0.19,0.305879,0.577072,0.102323,0.426416,-0.305879
0.08,0.07,0.1,0.610726,2.16849,1.87006,0.250099,-0.610726
0.08,0.07,0.11,0.566729,2.03071,1.77419,0.208192,-0.566729
0.08,0.07,0.12,0.528074,1.89081,1.66604,0.176438,-0.528074
0.08,0.07,0.13,0.493941,1.74853,1.54456,0.155644,-0.493941
0.08,0.07,0.14,0.463648,1.60274,1.40779,0.14662,-0.463648
0.08,0.07,0.15,0.436627,1.45105,1.25216,0.150556,-0.436627
0.08,0.07,0.16,0.41241,1.2889,1.07084,0.169719,-0.41241
0.08,0.07,0.17,0.390607,1.10662,0.848956,0.209331,-0.390607
0.08,0.07,0.18,0.370891,0.874885,0.540324,0.286229,-0.370891
0.08,0.08,0.1,0.674741,2.06899,1.80187,0.21879,-0.674741
0.08,0.08,0.11,0.628796,1.93834,1.70403,0.185985,-0.628796
0.08,0.08,0.12,0.588003,1.80442,1.59368,0.162412,-0.588003
0.08,0.08,0.13,0.551655,1.66676,1.46939,0.14904,-0.551655
0.08,0.08,0.14,0.519146,1.52393,1.32863,0.146968,-0.519146
0.08,0.08,0.15,0.489957,1.373,1.16681,0.157863,-0.489957
0.08,0.08,0.16,0.463648,1.20813,0.974851,0.184946,-0.463648
0.08,0.08,0.17,0.439843,1.01536,0.730887,0.236144,-0.439843
0.08,0.08,0.18,0.418224,0.734109,0.338949,0.346828,-0.418224
0.08,0.09,0.1,0.732815,1.96254,1.72287,0.191339,-0.732815
0.08,0.09,0.11,0.68573,1.83858,1.6228,0.167443,-0.68573
0.08,0.09,0.12,0.643501,1.7101,1.50971,0.152051,-0.643501
0.08,0.09,0.13,0.605545,1.57635,1.38169,0.146327,-0.605545
0.08,0.09,0.14,0.571337,1.43546,1.2354,0.151729,-0.571337
0.08,0.09,0.15,0.54042,1.28358,1.06464,0.170606,-0.54042
0.08,0.09,0.16,0.512389,1.11245,0.856338,0.207775,-0.512389
0.08,0.09,0.17,0.486899,0.898117,0.572564,0.277221,-0.486899
0.08,0.1,0.1,0.785398,1.85008,1.63246,0.169288,-0.785398
0.08,0.1,0.11,0.737815,1.732,1.52967,0.153992,-0.737815
0.08,0.1,0.12,0.694738,1.60804,1.41298,0.146728,-0.694738
0.08,0.1,0.13,0.655696,1.47704,1.27979,0.148917,-0.655696
0.08,0.1,0.14,0.620249,1.33638,1.12553,0.162521,-0.620249
0.08,0.1,0.15,0.588003,1.18055,0.941226,0.190996,-0.588003
0.08,0.1,0.16,0.558599,0.99601,0.705263,0.242415,-0.558599
0.08,0.1,0.17,0.531724,0.722085,0.321275,0.352477,-0.531724
0.09,-0.1,0.1,-0.785398,1.80652,1.49534,0.262848,0.785398
0.09,-0.1,0.11,-0.737815,1.69042,1.39172,0.250373,0.737815
0.09,-0.1,0.12,-0.694738,1.56658,1.27221,0.246042,0.694738
0.09,-0.1,0.13,-0.655696,1.43313,1.13302,0.251778,0.655696
0.09,-0.1,0.14,-0.620249,1.28597,0.967076,0.27056,0.620249
0.09,-0.1,0.15,-0.588003,1.11539,0.758591,0.308466,0.588003
0.09,-0.1,0.16,-0.558599,0.888188,0.454571,0.385286,0.558599
0.09,-0.09,0.1,-0.732815,1.91552,1.58528,0.281912,0.732815
0.09,-0.09,0.11,-0.68573,1.79529,1.48567,0.261287,0.68573
0.09,-0.09,0.12,-0.643501,1.6687,1.37143,0.248941,0.643501
0.09,-0.09,0.13,-0.605545,1.53456,1.2398,0.246434,0.605545
0.09,-0.09,0.14,-0.571337,1.39011,1.08586,0.255922,0.571337
0.09,-0.09,0.15,-0.54042,1.2293,0.899728,0.281245,0.54042
0.09,-0.09,0.16,-0.512389,1.03647,0.656364,0.331773,0.512389
0.09,-0.09,0.17,-0.486899,0.721317,0.212424,0.46056,0.486899
0.09,-0.08,0.1,-0.674741,2.01735,1.66294,0.306076,0.674741
0.09,-0.08,0.11,-0.628796,1.89219,1.56662,0.277237,0.628796
0.09,-0.08,0.12,-0.588003,1.76184,1.45642,0.257086,0.588003
0.09,-0.08,0.13,-0.551655,1.62552,1.33024,0.246944,0.551655
0.09,-0.08,0.14,-0.519146,1.48124,1.18444,0.248467,0.519146
0.09,-0.08,0.15,-0.489957,1.32476,1.01208,0.264348,0.489957
0.09,-0.08,0.16,-0.463648,1.14641,0.797777,0.300298,0.463648
0.09,-0.08,0.17,-0.439843,0.914699,0.491573,0.374793,0.439843
0.09,-0.07,0.1,-0.610726,2.11137,1.72926,0.333771,0.610726
0.09,-0.07,0.11,-0.566729,1.98088,1.63583,0.296722,0.566729
0.09,-0.07,0.12,-0.528074,1.84617,1.52887,0.268962,0.528074
0.09,-0.07,0.13,-0.493941,1.70679,1.40682,0.251639,0.493941
0.09,-0.07,0.14,-0.463648,1.56124,1.26685,0.246064,0.463648
0.09,-0.07,0.15,-0.436627,1.40628,1.10372,0.254233,0.436627
0.09,-0.07,0.16,-0.41241,1.23505,0.906643,0.280074,0.41241
0.09,-0.07,0.17,-0.390607,1.02953,0.6472,0.333996,0.390607
0.09,-0.07,0.18,-0.370891,0.65026,0.104445,0.497482,0.370891
0.09,-0.06,0.1,-0.54042,2.19659,1.78496,0.36329,0.54042
0.09,-0.06,0.11,-0.499347,2.06069,1.69415,0.318205,0.499347
0.09,-0.06,0.12,-0.463648,1.92139,1.58992,0.283138,0.463648
0.09,-0.06,0.13,-0.432408,1.77852,1.47109,0.259097,0.432408
0.09,-0.06,0.14,-0.404892,1.6309,1.33543,0.247131,0.404892
0.09,-0.06,0.15,-0.380506,1.47591,1.17881,0.248765,0.380506
0.09,-0.06,0.16,-0.358771,1.30821,0.992989,0.266888,0.358771
0.09,-0.06,0.17,-0.339293,1.11539,0.758591,0.308466,0.339293
0.09,-0.06,0.18,-0.321751,0.849761,0.40022,0.401208,0.321751
0.09,-0.05,0.1,-0.463648,2.27178,1.83065,0.392795,0.463648
0.09,-0.05,0.11,-0.426627,2.13071,1.74227,0.340103,0.426627
0.09,-0.05,0.12,-0.394791,1.98692,1.64037,0.298216,0.394791
0.09,-0.05,0.13,-0.367174,1.84047,1.52411,0.268026,0.367174
0.09,-0.05,0.14,-0.343024,1.69042,1.39172,0.250373,0.343024
0.09,-0.05,0.15,-0.321751,1.53456,1.2398,0.246434,0.321751
0.09,-0.05,0.16,-0.302885,1.36846,1.0617,0.25843,0.302885
0.09,-0.05,0.17,-0.286051,1.18256,0.842734,0.291491,0.286051
0.09,-0.05,0.18,-0.270947,0.947767,0.537167,0.362268,0.270947
0.09,-0.04,0.1,-0.380506,2.33563,1.86691,0.420384,0.380506
0.09,-0.04,0.11,-0.348771,2.1899,1.78074,0.360821,0.348771
0.09,-0.04,0.12,-0.321751,2.042,1.68083,0.312842,0.321751
0.09,-0.04,0.13,-0.298499,1.89219,1.56662,0.277237,0.298499
0.09,-0.04,0.14,-0.2783,1.73972,1.43671,0.254678,0.2783
0.09,-0.04,0.15,-0.260602,1.58262,1.28821,0.246078,0.260602
0.09,-0.04,0.16,-0.244979,1.41704,1.11551,0.253198,0.244979
0.09,-0.04,0.17,-0.231091,1.23505,0.906643,0.280074,0.231091
0.09,-0.04,0.18,-0.218669,1.01544,0.628511,0.338594,0.218669
0.09,-0.03,0.1,-0.291457,2.38684,1.89431,0.444201,0.291457
0.09,-0.03,0.11,-0.266252,2.23723,1.81006,0.378836,0.266252
0.09,-0.03,0.12,-0.244979,2.08587,1.71178,0.325754,0.244979
0.09,-0.03,0.13,-0.226799,1.93317,1.59917,0.285662,0.226799
0.09,-0.03,0.14,-0.211093,1.77852,1.47109,0.259097,0.211093
0.09,-0.03,0.15,-0.197396,1.62014,1.32504,0.246774,0.197396
0.09,-0.03,0.16,-0.185348,1.45454,1.15608,0.250132,0.185348
0.09,-0.03,0.17,-0.174672,1.27476,0.953912,0.272521,0.174672
0.09,-0.03,0.18,-0.165149,1.06361,0.691926,0.32335,0.165149
0.09,-0.03,0.19,-0.156602,0.721317,0.212424,0.46056,0.156602
0.09,-0.02,0.1,-0.197396,2.42431,1.9134,0.462576,0.197396
0.09,-0.02,0.11,-0.179853,2.27178,1.83065,0.392795,0.179853
0.09,-0.02,0.12,-0.165149,2.11779,1.73361,0.335851,0.165149
0.09,-0.02,0.13,-0.152649,1.96287,1.62215,0.29239,0.152649
0.09,-0.02,0.14,-0.141897,1.80652,1.49534,0.262848,0.141897
0.09,-0.02,0.15,-0.132552,1.64707,1.35094,0.247799,0.132552
0.09,-0.02,0.16,-0.124355,1.48124,1.18444,0.248467,0.124355
0.09,-0.02,0.17,-0.117109,1.30267,0.98656,0.267775,0.117109
0.09,-0.02,0.18,-0.110657,1.09631,0.734215,0.313767,0.110657
0.09,-0.02,0.19,-0.104877,0.79416,0.320088,0.42574,0.104877
0.09,-0.01,0.1,-0.0996687,2.44715,1.92464,0.474177,0.0996687
0.09,-0.01,0.11,-0.0906599,2.29282,1.84286,0.401629,0.0906599
0.09,-0.01,0.12,-0.0831412,2.13719,1.74659,0.342276,0.0831412
0.09,-0.01,0.13,-0.0767719,1.98088,1.63583,0.296722,0.0767719
0.09,-0.01,0.14,-0.0713075,1.82344,1.50977,0.265343,0.0713075
0.09,-0.01,0.15,-0.0665682,1.66328,1.36632,0.248629,0.0665682
0.09,-0.01,0.16,-0.0624188,1.49724,1.20123,0.247676,0.0624188
0.09,-0.01,0.17,-0.0587558,1.31926,1.00575,0.265175,0.0587558
0.09,-0.01,0.18,-0.0554985,1.11539,0.758591,0.308466,0.0554985
0.09,-0.01,0.19,-0.0525831,0.828781,0.370191,0.410258,0.0525831
0.09,-1.04083e-17,0.1,-1.04083e-16,2.45482,1.92835,0.478144,1.04083e-16
0.09,-1.04083e-17,0.11,-9.46213e-17,2.29989,1.8469,0.404653,9.46213e-17
0.09,-1.04083e-17,0.12,-8.67362e-17,2.1437,1.75089,0.34448,8.67362e-17
0.09,-1.04083e-17,0.13,-8.00642e-17,1.98692,1.64037,0.298216,8.00642e-17
0.09,-1.04083e-17,0.14,-7.43453e-17,1.82911,1.51456,0.266216,7.43453e-17
0.09,-1.04083e-17,0.15,-6.93889e-17,1.6687,1.37143,0.248941,6.93889e-17
0.09,-1.04083e-17,0.16,-6.50521e-17,1.50257,1.2068,0.247447,6.50521e-17
0.09,-1.04083e-17,0.17,-6.12255e-17,1.32476,1.01208,0.264348,6.12255e-17
0.09,-1.04083e-17,0.18,-5.78241e-17,1.12167,0.766567,0.306767,5.78241e-17
0.09,-1.04083e-17,0.19,-5.47807e-17,0.839446,0.385488,0.405626,5.47807e-17
0.09,0.01,0.1,0.0996687,2.44715,1.92464,0.474177,-0.0996687
0.09,0.01,0.11,0.0906599,2.29282,1.84286,0.401629,-0.0906599
0.09,0.01,0.12,0.0831412,2.13719,1.74659,0.342276,-0.0831412
0.09,0.01,0.13,0.0767719,1.98088,1.63583,0.296722,-0.0767719
0.09,0.01,0.14,0.0713075,1.82344,1.50977,0.265343,-0.0713075
0.09,0.01,0.15,0.0665682,1.66328,1.36632,0.248629,-0.0665682
0.09,0.01,0.16,0.0624188,1.49724,1.20123,0.247676,-0.0624188
0.09,0.01,0.17,0.0587558,1.31926,1.00575,0.265175,-0.0587558
0.09,0.01,0.18,0.0554985,1.11539,0.758591,0.308466,-0.0554985
0.09,0.01,0.19,0.0525831,0.828781,0.370191,0.410258,-0.0525831
0.09,0.02,0.1,0.197396,2.42431,1.9134,0.462576,-0.197396
0.09,0.02,0.11,0.179853,2.27178,1.83065,0.392795,-0.179853
0.09,0.02,0.12,0.165149,2.11779,1.73361,0.335851,-0.165149
0.09,0.02,0.13,0.152649,1.96287,1.62215,0.29239,-0.152649
0.09,0.02,0.14,0.141897,1.80652,1.49534,0.262848,-0.141897
0.09,0.02,0.15,0.132552,1.64707,1.35094,0.247799,-0.132552
0.09,0.02,0.16,0.124355,1.48124,1.18444,0.248467,-0.124355
0.09,0.02,0.17,0.117109,1.30267,0.98656,0.267775,-0.117109
0.09,0.02,0.18,0.110657,1.09631,0.734215,0.313767,-0.110657
0.09,0.02,0.19,0.104877,0.79416,0.320088,0.42574,-0.104877
0.09,0.03,0.1,0.291457,2.38684,1.89431,0.444201,-0.291457
0.09,0.03,0.11,0.266252,2.23723,1.81006,0.378836,-0.266252
0.09,0.03,0.12,0.244979,2.08587,1.71178,0.325754,-0.244979
0.09,0.03,0.13,0.226799,1.93317,1.59917,0.285662,-0.226799
0.09,0.03,0.14,0.211093,1.77852,1.47109,0.259097,-0.211093
0.09,0.03,0.15,0.197396,1.62014,1.32504,0.246774,-0.197396
0.09,0.03,0.16,0.185348,1.45454,1.15608,0.250132,-0.185348
0.09,0.03,0.17,0.174672,1.27476,0.953912,0.272521,-0.174672
0.09,0.03,0.18,0.165149,1.06361,0.691926,0.32335,-0.165149
0.09,0.03,0.19,0.156602,0.721317,0.212424,0.46056,-0.156602
0.09,0.04,0.1,0.380506,2.33563,1.86691,0.420384,-0.380506
0.09,0.04,0.11,0.348771,2.1899,1.78074,0.360821,-0.348771
0.09,0.04,0.12,0.321751,2.042,1.68083,0.312842,-0.321751
0.09,0.04,0.13,0.298499,1.89219,1.56662,0.277237,-0.298499
0.09,0.04,0.14,0.2783,1.73972,1.43671,0.254678,-0.2783
0.09,0.04,0.15,0.260602,1.58262,1.28821,0.246078,-0.260602
0.09,0.04,0.16,0.244979,1.41704,1.11551,0.253198,-0.244979
0.09,0.04,0.17,0.231091,1.23505,0.906643,0.280074,-0.231091
0.09,0.04,0.18,0.218669,1.01544,0.628511,0.338594,-0.218669
0.09,0.05,0.1,0.463648,2.27178,1.83065,0.392795,-0.463648
0.09,0.05,0.11,0.426627,2.13071,1.74227,0.340103,-0.426627
0.09,0.05,0.12,0.394791,1.98692,1.64037,0.298216,-0.394791
0.09,0.05,0.13,0.367174,1.84047,1.52411,0.268026,-0.367174
0.09,0.05,0.14,0.343024,1.69042,1.39172,0.250373,-0.343024
0.09,0.05,0.15,0.321751,1.53456,1.2398,0.246434,-0.321751
0.09,0.05,0.16,0.302885,1.36846,1.0617,0.25843,-0.302885
0.09,0.05,0.17,0.286051,1.18256,0.842734,0.291491,-0.286051
0.09,0.05,0.18,0.270947,0.947767,0.537167,0.362268,-0.270947
0.09,0.06,0.1,0.54042,2.19659,1.78496,0.36329,-0.54042
0.09,0.06,0.11,0.499347,2.06069,1.69415,0.318205,-0.499347
0.09,0.06,0.12,0.463648,1.92139,1.58992,0.283138,-0.463648
0.09,0.06,0.13,0.432408,1.77852,1.47109,0.259097,-0.432408
0.09,0.06,0.14,0.404892,1.6309,1.33543,0.247131,-0.404892
0.09,0.06,0.15,0.380506,1.47591,1.17881,0.248765,-0.380506
0.09,0.06,0.16,0.358771,1.30821,0.992989,0.266888,-0.358771
0.09,0.06,0.17,0.339293,1.11539,0.758591,0.308466,-0.339293
0.09,0.06,0.18,0.321751,0.849761,0.40022,0.401208,-0.321751
0.09,0.07,0.1,0.610726,2.11137,1.72926,0.333771,-0.610726
0.09,0.07,0.11,0.566729,1.98088,1.63583,0.296722,-0.566729
0.09,0.07,0.12,0.528074,1.84617,1.52887,0.268962,-0.528074
0.09,0.07,0.13,0.493941,1.70679,1.40682,0.251639,-0.493941
0.09,0.07,0.14,0.463648,1.56124,1.26685,0.246064,-0.463648
0.09,0.07,0.15,0.436627,1.40628,1.10372,0.254233,-0.436627
0.09,0.07,0.16,0.41241,1.23505,0.906643,0.280074,-0.41241
0.09,0.07,0.17,0.390607,1.02953,0.6472,0.333996,-0.390607
0.09,0.07,0.18,0.370891,0.65026,0.104445,0.497482,-0.370891
0.09,0.08,0.1,0.674741,2.01735,1.66294,0.306076,-0.674741
0.09,0.08,0.11,0.628796,1.89219,1.56662,0.277237,-0.628796
0.09,0.08,0.12,0.588003,1.76184,1.45642,0.257086,-0.588003
0.09,0.08,0.13,0.551655,1.62552,1.33024,0.246944,-0.551655
0.09,0.08,0.14,0.519146,1.48124,1.18444,0.248467,-0.519146
0.09,0.08,0.15,0.489957,1.32476,1.01208,0.264348,-0.489957
0.09,0.08,0.16,0.463648,1.14641,0.797777,0.300298,-0.463648
0.09,0.08,0.17,0.439843,0.914699,0.491573,0.374793,-0.439843
0.09,0.09,0.1,0.732815,1.91552,1.58528,0.281912,-0.732815
0.09,0.09,0.11,0.68573,1.79529,1.48567,0.261287,-0.68573
0.09,0.09,0.12,0.643501,1.6687,1.37143,0.248941,-0.643501
0.09,0.09,0.13,0.605545,1.53456,1.2398,0.246434,-0.605545
0.09,0.09,0.14,0.571337,1.39011,1.08586,0.255922,-0.571337
0.09,0.09,0.15,0.54042,1.2293,0.899728,0.281245,-0.54042
0.09,0.09,0.16,0.512389,1.03647,0.656364,0.331773,-0.512389
0.09,0.09,0.17,0.486899,0.721317,0.212424,0.46056,-0.486899
0.09,0.1,0.1,0.785398,1.80652,1.49534,0.262848,-0.785398
0.09,0.1,0.11,0.737815,1.69042,1.39172,0.250373,-0.737815
0.09,0.1,0.12,0.694738,1.56658,1.27221,0.246042,-0.694738
0.09,0.1,0.13,0.655696,1.43313,1.13302,0.251778,-0.655696
0.09,0.1,0.14,0.620249,1.28597,0.967076,0.27056,-0.620249
0.09,0.1,0.15,0.588003,1.11539,0.758591,0.308466,-0.588003
0.09,0.1,0.16,0.558599,0.888188,0.454571,0.385286,-0.558599
0.1,-0.1,0.1,-0.785398,1.74725,1.34025,0.358669,0.785398
0.1,-0.1,0.11,-0.737815,1.63154,1.23317,0.350039,0.737815
0.1,-0.1,0.12,-0.694738,1.5056,1.10705,0.350215,0.694738
0.1,-0.1,0.13,-0.655696,1.36607,0.955683,0.362056,0.655696
0.1,-0.1,0.14,-0.620249,1.20501,0.765788,0.390891,0.620249
0.1,-0.1,0.15,-0.588003,0.997427,0.497176,0.451918,0.588003
0.1,-0.09,0.1,-0.732815,1.85414,1.4317,0.374105,0.732815
0.1,-0.09,0.11,-0.68573,1.73614,1.33033,0.357476,0.68573
0.1,-0.09,0.12,-0.643501,1.60965,1.21197,0.349353,0.643501
0.1,-0.09,0.13,-0.605545,1.47254,1.07229,0.351915,0.605545
0.1,-0.09,0.14,-0.571337,1.31995,0.902968,0.368655,0.571337
0.1,-0.09,0.15,-0.54042,1.13969,0.68416,0.407199,0.54042
0.1,-0.09,0.16,-0.512389,0.879205,0.33215,0.498723,0.512389
0.1,-0.08,0.1,-0.674741,1.95263,1.50964,0.39465,0.674741
0.1,-0.08,0.11,-0.628796,1.8314,1.41284,0.370222,0.628796
0.1,-0.08,0.12,-0.588003,1.70295,1.30025,0.354372,0.588003
0.1,-0.08,0.13,-0.551655,1.5659,1.16868,0.348885,0.551655
0.1,-0.08,0.14,-0.519146,1.41692,1.01227,0.356324,0.519146
0.1,-0.08,0.15,-0.489957,1.24847,0.818628,0.381513,0.489957
0.1,-0.08,0.16,-0.463648,1.03823,0.552097,0.437801,0.463648
0.1,-0.07,0.1,-0.610726,2.04247,1.57547,0.418666,0.610726
0.1,-0.07,0.11,-0.566729,1.9175,1.48254,0.386628,0.566729
0.1,-0.07,0.12,-0.528074,1.78631,1.3745,0.36348,0.528074
0.1,-0.07,0.13,-0.493941,1.64798,1.24889,0.350752,0.493941
0.1,-0.07,0.14,-0.463648,1.5001,1.10132,0.35045,0.463648
0.1,-0.07,0.15,-0.436627,1.33737,0.923029,0.366007,0.436627
0.1,-0.07,0.16,-0.41241,1.14643,0.692708,0.405393,0.41241
0.1,-0.07,0.17,-0.390607,0.867035,0.314658,0.504044,0.390607
0.1,-0.06,0.1,-0.54042,2.12306,1.63024,0.444485,0.54042
0.1,-0.06,0.11,-0.499347,1.99417,1.54071,0.40513,0.499347
0.1,-0.06,0.12,-0.463648,1.85985,1.43639,0.375131,0.463648
0.1,-0.06,0.13,-0.432408,1.71953,1.31536,0.355835,0.432408
0.1,-0.06,0.14,-0.404892,1.57137,1.17416,0.348878,0.404892
0.1,-0.06,0.15,-0.380506,1.41132,1.00611,0.356877,0.380506
0.1,-0.06,0.16,-0.358771,1.23004,0.796356,0.385347,0.358771
0.1,-0.06,0.17,-0.339293,0.997427,0.497176,0.451918,0.339293
0.1,-0.05,0.1,-0.463648,2.19352,1.6748,0.470386,0.463648
0.1,-0.05,0.11,-0.426627,2.06083,1.5883,0.424191,0.426627
0.1,-0.05,0.12,-0.394791,1.92333,1.48709,0.387905,0.394791
0.1,-0.05,0.13,-0.367174,1.78071,1.36965,0.362732,0.367174
0.1,-0.05,0.14,-0.343024,1.63154,1.23317,0.350039,0.343024
0.1,-0.05,0.15,-0.321751,1.47254,1.07229,0.351915,0.321751
0.1,-0.05,0.16,-0.302885,1.29648,0.875623,0.372525,0.302885
0.1,-0.05,0.17,-0.286051,1.08358,0.611911,0.423332,0.286051
0.1,-0.04,0.1,-0.380506,2.2529,1.70992,0.494639,0.380506
0.1,-0.04,0.11,-0.348771,2.11676,1.6261,0.442321,0.348771
0.1,-0.04,0.12,-0.321751,1.97629,1.52747,0.400487,0.321751
0.1,-0.04,0.13,-0.298499,1.8314,1.41284,0.370222,0.298499
0.1,-0.04,0.14,-0.2783,1.68092,1.2799,0.352693,0.2783
0.1,-0.04,0.15,-0.260602,1.52208,1.12412,0.349625,0.260602
0.1,-0.04,0.16,-0.244979,1.34889,0.936204,0.364358,0.244979
0.1,-0.04,0.17,-0.231091,1.14643,0.692708,0.405393,0.231091
0.1,-0.04,0.18,-0.218669,0.840675,0.276449,0.515894,0.218669
0.1,-0.03,0.1,-0.291457,2.30024,1.73632,0.515584,0.291457
0.1,-0.03,0.11,-0.266252,2.16121,1.65476,0.458125,0.266252
0.1,-0.03,0.12,-0.244979,2.01821,1.55819,0.411684,0.244979
0.1,-0.03,0.13,-0.226799,1.8713,1.44572,0.377249,0.226799
0.1,-0.03,0.14,-0.211093,1.71953,1.31536,0.355835,0.211093
0.1,-0.03,0.15,-0.197396,1.56043,1.16318,0.348912,0.197396
0.1,-0.03,0.16,-0.185348,1.38879,0.981159,0.359295,0.185348
0.1,-0.03,0.17,-0.174672,1.19229,0.750095,0.393859,0.174672
0.1,-0.03,0.18,-0.165149,0.923214,0.394612,0.480269,0.165149
0.1,-0.02,0.1,-0.197396,2.33472,1.75464,0.531744,0.197396
0.1,-0.02,0.11,-0.179853,2.19352,1.6748,0.470386,0.179853
0.1,-0.02,0.12,-0.165149,2.04858,1.57976,0.42048,0.165149
0.1,-0.02,0.13,-0.152649,1.90009,1.46882,0.382938,0.152649
0.1,-0.02,0.14,-0.141897,1.74725,1.34025,0.358669,0.141897
0.1,-0.02,0.15,-0.132552,1.58777,1.19047,0.348969,0.132552
0.1,-0.02,0.16,-0.124355,1.41692,1.01227,0.356324,0.124355
0.1,-0.02,0.17,-0.117109,1.22383,0.788811,0.386686,0.117109
0.1,-0.02,0.18,-0.110657,0.971167,0.46128,0.461555,0.110657
0.1,-0.01,0.1,-0.0996687,2.35568,1.7654,0.541946,0.0996687
0.1,-0.01,0.11,-0.0906599,2.21313,1.68665,0.47815,0.0906599
0.1,-0.01,0.12,-0.0831412,2.06698,1.59256,0.426089,0.0831412
0.1,-0.01,0.13,-0.0767719,1.9175,1.48254,0.386628,0.0767719
0.1,-0.01,0.14,-0.0713075,1.76395,1.35501,0.360609,0.0713075
0.1,-0.01,0.15,-0.0665682,1.60418,1.20662,0.349229,0.0665682
0.1,-0.01,0.16,-0.0624188,1.43369,1.03057,0.354791,0.0624188
0.1,-0.01,0.17,-0.0587558,1.24236,0.811263,0.382761,0.0587558
0.1,-0.01,0.18,-0.0554985,0.997427,0.497176,0.451918,0.0554985
0.1,-1.04083e-17,0.1,-1.04083e-16,2.36271,1.76894,0.545435,1.04083e-16
0.1,-1.04083e-17,0.11,-9.46213e-17,2.21971,1.69057,0.480808,9.46213e-17
0.1,-1.04083e-17,0.12,-8.67362e-17,2.07314,1.5968,0.428016,8.67362e-17
0.1,-1.04083e-17,0.13,-8.00642e-17,1.92333,1.48709,0.387905,8.00642e-17
0.1,-1.04083e-17,0.14,-7.43453e-17,1.76953,1.3599,0.361296,7.43453e-17
0.1,-1.04083e-17,0.15,-6.93889e-17,1.60965,1.21197,0.349353,6.93889e-17
0.1,-1.04083e-17,0.16,-6.50521e-17,1.43926,1.03661,0.35432,6.50521e-17
0.1,-1.04083e-17,0.17,-6.12255e-17,1.24847,0.818628,0.381513,6.12255e-17
0.1,-1.04083e-17,0.18,-5.78241e-17,1.00586,0.508607,0.448917,5.78241e-17
0.1,0.01,0.1,0.0996687,2.35568,1.7654,0.541946,-0.0996687
0.1,0.01,0.11,0.0906599,2.21313,1.68665,0.47815,-0.0906599
0.1,0.01,0.12,0.0831412,2.06698,1.59256,0.426089,-0.0831412
0.1,0.01,0.13,0.0767719,1.9175,1.48254,0.386628,-0.0767719
0.1,0.01,0.14,0.0713075,1.76395,1.35501,0.360609,-0.0713075
0.1,0.01,0.15,0.0665682,1.60418,1.20662,0.349229,-0.0665682
0.1,0.01,0.16,0.0624188,1.43369,1.03057,0.354791,-0.0624188
0.1,0.01,0.17,0.0587558,1.24236,0.811263,0.382761,-0.0587558
0.1,0.01,0.18,0.0554985,0.997427,0.497176,0.451918,-0.0554985
0.1,0.02,0.1,0.197396,2.33472,1.75464,0.531744,-0.197396
0.1,0.02,0.11,0.179853,2.19352,1.6748,0.470386,-0.179853
0.1,0.02,0.12,0.165149,2.04858,1.57976,0.42048,-0.165149
0.1,0.02,0.13,0.152649,1.90009,1.46882,0.382938,-0.152649
0.1,0.02,0.14,0.141897,1.74725,1.34025,0.358669,-0.141897
0.1,0.02,0.15,0.132552,1.58777,1.19047,0.348969,-0.132552
0.1,0.02,0.16,0.124355,1.41692,1.01227,0.356324,-0.124355
0.1,0.02,0.17,0.117109,1.22383,0.788811,0.386686,-0.117109
0.1,0.02,0.18,0.110657,0.971167,0.46128,0.461555,-0.110657
0.1,0.03,0.1,0.291457,2.30024,1.73632,0.515584,-0.291457
0.1,0.03,0.11,0.266252,2.16121,1.65476,0.458125,-0.266252
0.1,0.03,0.12,0.244979,2.01821,1.55819,0.411684,-0.244979
0.1,0.03,0.13,0.226799,1.8713,1.44572,0.377249,-0.226799
0.1,0.03,0.14,0.211093,1.71953,1.31536,0.355835,-0.211093
0.1,0.03,0.15,0.197396,1.56043,1.16318,0.348912,-0.197396
0.1,0.03,0.16,0.185348,1.38879,0.981159,0.359295,-0.185348
0.1,0.03,0.17,0.174672,1.19229,0.750095,0.393859,-0.174672
0.1,0.03,0.18,0.165149,0.923214,0.394612,0.480269,-0.165149
0.1,0.04,0.1,0.380506,2.2529,1.70992,0.494639,-0.380506
0.1,0.04,0.11,0.348771,2.11676,1.6261,0.442321,-0.348771
0.1,0.04,0.12,0.321751,1.97629,1.52747,0.400487,-0.321751
0.1,0.04,0.13,0.298499,1.8314,1.41284,0.370222,-0.298499
0.1,0.04,0.14,0.2783,1.68092,1.2799,0.352693,-0.2783
0.1,0.04,0.15,0.260602,1.52208,1.12412,0.349625,-0.260602
0.1,0.04,0.16,0.244979,1.34889,0.936204,0.364358,-0.244979
0.1,0.04,0.17,0.231091,1.14643,0.692708,0.405393,-0.231091
0.1,0.04,0.18,0.218669,0.840675,0.276449,0.515894,-0.218669
0.1,0.05,0.1,0.463648,2.19352,1.6748,0.470386,-0.463648
0.1,0.05,0.11,0.426627,2.06083,1.5883,0.424191,-0.426627
0.1,0.05,0.12,0.394791,1.92333,1.48709,0.387905,-0.394791
0.1,0.05,0.13,0.367174,1.78071,1.36965,0.362732,-0.367174
0.1,0.05,0.14,0.343024,1.63154,1.23317,0.350039,-0.343024
0.1,0.05,0.15,0.321751,1.47254,1.07229,0.351915,-0.321751
0.1,0.05,0.16,0.302885,1.29648,0.875623,0.372525,-0.302885
0.1,0.05,0.17,0.286051,1.08358,0.611911,0.423332,-0.286051
0.1,0.06,0.1,0.54042,2.12306,1.63024,0.444485,-0.54042
0.1,0.06,0.11,0.499347,1.99417,1.54071,0.40513,-0.499347
0.1,0.06,0.12,0.463648,1.85985,1.43639,0.375131,-0.463648
0.1,0.06,0.13,0.432408,1.71953,1.31536,0.355835,-0.432408
0.1,0.06,0.14,0.404892,1.57137,1.17416,0.348878,-0.404892
0.1,0.06,0.15,0.380506,1.41132,1.00611,0.356877,-0.380506
0.1,0.06,0.16,0.358771,1.23004,0.796356,0.385347,-0.358771
0.1,0.06,0.17,0.339293,0.997427,0.497176,0.451918,-0.339293
0.1,0.07,0.1,0.610726,2.04247,1.57547,0.418666,-0.610726
0.1,0.07,0.11,0.566729,1.9175,1.48254,0.386628,-0.566729
0.1,0.07,0.12,0.528074,1.78631,1.3745,0.36348,-0.528074
0.1,0.07,0.13,0.493941,1.64798,1.24889,0.350752,-0.493941
0.1,0.07,0.14,0.463648,1.5001,1.10132,0.35045,-0.463648
0.1,0.07,0.15,0.436627,1.33737,0.923029,0.366007,-0.436627
0.1,0.07,0.16,0.41241,1.14643,0.692708,0.405393,-0.41241
0.1,0.07,0.17,0.390607,0.867035,0.314658,0.504044,-0.390607
0.1,0.08,0.1,0.674741,1.95263,1.50964,0.39465,-0.674741
0.1,0.08,0.11,0.628796,1.8314,1.41284,0.370222,-0.628796
0.1,0.08,0.12,0.588003,1.70295,1.30025,0.354372,-0.588003
0.1,0.08,0.13,0.551655,1.5659,1.16868,0.348885,-0.551655
0.1,0.08,0.14,0.519146,1.41692,1.01227,0.356324,-0.519146
0.1,0.08,0.15,0.489957,1.24847,0.818628,0.381513,-0.489957
0.1,0.08,0.16,0.463648,1.03823,0.552097,0.437801,-0.463648
0.1,0.09,0.1,0.732815,1.85414,1.4317,0.374105,-0.732815
0.1,0.09,0.11,0.68573,1.73614,1.33033,0.357476,-0.68573
0.1,0.09,0.12,0.643501,1.60965,1.21197,0.349353,-0.643501
0.1,0.09,0.13,0.605545,1.47254,1.07229,0.351915,-0.605545
0.1,0.09,0.14,0.571337,1.31995,0.902968,0.368655,-0.571337
0.1,0.09,0.15,0.54042,1.13969,0.68416,0.407199,-0.54042
0.1,0.09,0.16,0.512389,0.879205,0.33215,0.498723,-0.512389
0.1,0.1,0.1,0.785398,1.74725,1.34025,0.358669,-0.785398
0.1,0.1,0.11,0.737815,1.63154,1.23317,0.350039,-0.737815
0.1,0.1,0.12,0.694738,1.5056,1.10705,0.350215,-0.694738
0.1,0.1,0.13,0.655696,1.36607,0.955683,0.362056,-0.655696
0.1,0.1,0.14,0.620249,1.20501,0.765788,0.390891,-0.620249
0.1,0.1,0.15,0.588003,0.997427,0.497176,0.451918,-0.588003
0.11,-0.1,0.1,-0.785398,1.66968,1.16172,0.459625,0.785398
0.11,-0.1,0.11,-0.737815,1.55147,1.04663,0.456508,0.737815
0.11,-0.1,0.12,-0.694738,1.41882,0.906452,0.464041,0.694738
0.11,-0.1,0.13,-0.655696,1.26422,0.728315,0.487569,0.655696
0.11,-0.1,0.14,-0.620249,1.06358,0.473271,0.541974,0.620249
0.11,-0.09,0.1,-0.732815,1.77658,1.25782,0.470426,0.732815
0.11,-0.09,0.11,-0.68573,1.65846,1.15119,0.458931,0.68573
0.11,-0.09,0.12,-0.643501,1.52875,1.02345,0.45697,0.643501
0.11,-0.09,0.13,-0.605545,1.38308,0.866679,0.468068,0.605545
0.11,-0.09,0.14,-0.571337,1.21025,0.662384,0.499535,0.571337
0.11,-0.09,0.15,-0.54042,0.963421,0.335651,0.579438,0.54042
0.11,-0.08,0.1,-0.674741,1.87346,1.33835,0.486776,0.674741
0.11,-0.08,0.11,-0.628796,1.754,1.23815,0.467512,0.628796
0.11,-0.08,0.12,-0.588003,1.62477,1.11909,0.45735,0.588003
0.11,-0.08,0.13,-0.551655,1.48294,0.97567,0.458942,0.551655
0.11,-0.08,0.14,-0.519146,1.32182,0.796539,0.476944,0.519146
0.11,-0.08,0.15,-0.489957,1.12181,0.550105,0.523377,0.489957
0.11,-0.07,0.1,-0.610726,1.96066,1.40548,0.506855,0.610726
0.11,-0.07,0.11,-0.566729,1.83907,1.31048,0.480256,0.566729
0.11,-0.07,0.12,-0.528074,1.70898,1.19793,0.462714,0.528074
0.11,-0.07,0.13,-0.493941,1.56844,1.06373,0.456386,0.493941
0.11,-0.07,0.14,-0.463648,1.41291,0.89993,0.464648,0.463648
0.11,-0.07,0.15,-0.436627,1.23085,0.687786,0.494736,0.436627
0.11,-0.07,0.16,-0.41241,0.974891,0.351768,0.574791,0.41241
0.11,-0.06,0.1,-0.54042,2.03802,1.46074,0.528954,0.54042
0.11,-0.06,0.11,-0.499347,1.91391,1.37012,0.495457,0.499347
0.11,-0.06,0.12,-0.463648,1.78223,1.26269,0.471209,0.463648
0.11,-0.06,0.13,-0.432408,1.64162,1.13524,0.458047,0.432408
0.11,-0.06,0.14,-0.404892,1.4887,0.981751,0.458618,0.404892
0.11,-0.06,0.15,-0.380506,1.31555,0.789221,0.477993,0.380506
0.11,-0.06,0.16,-0.358771,1.09765,0.518504,0.530813,0.358771
0.11,-0.05,0.1,-0.463648,2.10505,1.50532,0.551399,0.463648
0.11,-0.05,0.11,-0.426627,1.97835,1.41847,0.511552,0.426627
0.11,-0.05,0.12,-0.394791,1.84478,1.31517,0.481285,0.394791
0.11,-0.05,0.13,-0.367174,1.70336,1.19282,0.46221,0.367174
0.11,-0.05,0.14,-0.343024,1.55147,1.04663,0.456508,0.343024
0.11,-0.05,0.15,-0.321751,1.38308,0.866679,0.468068,0.321751
0.11,-0.05,0.16,-0.302885,1.18196,0.627046,0.506587,0.302885
0.11,-0.05,0.17,-0.286051,0.840114,0.156382,0.6354,0.286051
0.11,-0.04,0.1,-0.380506,2.16112,1.54023,0.572564,0.380506
0.11,-0.04,0.11,-0.348771,2.032,1.45658,0.527089,0.348771
0.11,-0.04,0.12,-0.321751,1.89653,1.3566,0.491592,0.321751
0.11,-0.04,0.13,-0.298499,1.754,1.23815,0.467512,0.298499
0.11,-0.04,0.14,-0.2783,1.60228,1.09723,0.456712,0.2783
0.11,-0.04,0.15,-0.260602,1.43647,0.925775,0.462365,0.260602
0.11,-0.04,0.16,-0.244979,1.24434,0.704253,0.491751,0.244979
0.11,-0.04,0.17,-0.231091,0.974891,0.351768,0.574791,0.231091
0.11,-0.03,0.1,-0.291457,2.20557,1.56632,0.590918,0.291457
0.11,-0.03,0.11,-0.266252,2.07439,1.48531,0.540749,0.266252
0.11,-0.03,0.12,-0.244979,1.93721,1.38793,0.500955,0.244979
0.11,-0.03,0.13,-0.226799,1.79356,1.27239,0.47284,0.226799
0.11,-0.03,0.14,-0.211093,1.64162,1.13524,0.458047,0.211093
0.11,-0.03,0.15,-0.197396,1.47718,0.969555,0.459289,0.197396
0.11,-0.03,0.16,-0.185348,1.29016,0.759319,0.48251,0.185348
0.11,-0.03,0.17,-0.174672,1.04556,0.449028,0.548199,0.174672
0.11,-0.02,0.1,-0.197396,2.23781,1.58436,0.605114,0.197396
0.11,-0.02,0.11,-0.179853,2.10505,1.50532,0.551399,0.179853
0.11,-0.02,0.12,-0.165149,1.96655,1.40982,0.508395,0.165149
0.11,-0.02,0.13,-0.152649,1.82196,1.29632,0.477307,0.152649
0.11,-0.02,0.14,-0.141897,1.66968,1.16172,0.459625,0.141897
0.11,-0.02,0.15,-0.132552,1.50592,0.999805,0.457779,0.132552
0.11,-0.02,0.16,-0.124355,1.32182,0.796539,0.476944,0.124355
0.11,-0.02,0.17,-0.117109,1.08935,0.507556,0.533459,0.117109
0.11,-0.01,0.1,-0.0996687,2.25735,1.59493,0.61409,0.0996687
0.11,-0.01,0.11,-0.0906599,2.12361,1.51712,0.558162,0.0906599
0.11,-0.01,0.12,-0.0831412,1.98427,1.42277,0.51317,0.0831412
0.11,-0.01,0.13,-0.0767719,1.83907,1.31048,0.480256,0.0767719
0.11,-0.01,0.14,-0.0713075,1.68652,1.17736,0.460823,0.0713075
0.11,-0.01,0.15,-0.0665682,1.52305,1.01758,0.45714,0.0665682
0.11,-0.01,0.16,-0.0624188,1.34045,0.818141,0.47398,0.0624188
0.11,-0.01,0.17,-0.0587558,1.11387,0.539766,0.525776,0.0587558
0.11,-1.04083e-17,0.1,-1.04083e-16,2.2639,1.59841,0.617161,1.04083e-16
0.11,-1.04083e-17,0.11,-9.46213e-17,2.12983,1.52101,0.56048,9.46213e-17
0.11,-1.04083e-17,0.12,-8.67362e-17,1.9902,1.42705,0.514815,8.67362e-17
0.11,-1.04083e-17,0.13,-8.00642e-17,1.84478,1.31517,0.481285,8.00642e-17
0.11,-1.04083e-17,0.14,-7.43453e-17,1.69213,1.18253,0.461264,7.43453e-17
0.11,-1.04083e-17,0.15,-6.93889e-17,1.52875,1.02345,0.45697,6.93889e-17
0.11,-1.04083e-17,0.16,-6.50521e-17,1.34661,0.82523,0.473051,6.50521e-17
0.11,-1.04083e-17,0.17,-6.12255e-17,1.12181,0.550105,0.523377,6.12255e-17
0.11,0.01,0.1,0.0996687,2.25735,1.59493,0.61409,-0.0996687
0.11,0.01,0.11,0.0906599,2.12361,1.51712,0.558162,-0.0906599
0.11,0.01,0.12,0.0831412,1.98427,1.42277,0.51317,-0.0831412
0.11,0.01,0.13,0.0767719,1.83907,1.31048,0.480256,-0.0767719
0.11,0.01,0.14,0.0713075,1.68652,1.17736,0.460823,-0.0713075
0.11,0.01,0.15,0.0665682,1.52305,1.01758,0.45714,-0.0665682
0.11,0.01,0.16,0.0624188,1.34045,0.818141,0.47398,-0.0624188
0.11,0.01,0.17,0.0587558,1.11387,0.539766,0.525776,-0.0587558
0.11,0.02,0.1,0.197396,2.23781,1.58436,0.605114,-0.197396
0.11,0.02,0.11,0.179853,2.10505,1.50532,0.551399,-0.179853
0.11,0.02,0.12,0.165149,1.96655,1.40982,0.508395,-0.165149
0.11,0.02,0.13,0.152649,1.82196,1.29632,0.477307,-0.152649
0.11,0.02,0.14,0.141897,1.66968,1.16172,0.459625,-0.141897
0.11,0.02,0.15,0.132552,1.50592,0.999805,0.457779,-0.132552
0.11,0.02,0.16,0.124355,1.32182,0.796539,0.476944,-0.124355
0.11,0.02,0.17,0.117109,1.08935,0.507556,0.533459,-0.117109
0.11,0.03,0.1,0.291457,2.20557,1.56632,0.590918,-0.291457
0.11,0.03,0.11,0.266252,2.07439,1.48531,0.540749,-0.266252
0.11,0.03,0.12,0.244979,1.93721,1.38793,0.500955,-0.244979
0.11,0.03,0.13,0.226799,1.79356,1.27239,0.47284,-0.226799
0.11,0.03,0.14,0.211093,1.64162,1.13524,0.458047,-0.211093
0.11,0.03,0.15,0.197396,1.47718,0.969555,0.459289,-0.197396
0.11,0.03,0.16,0.185348,1.29016,0.759319,0.48251,-0.185348
0.11,0.03,0.17,0.174672,1.04556,0.449028,0.548199,-0.174672
0.11,0.04,0.1,0.380506,2.16112,1.54023,0.572564,-0.380506
0.11,0.04,0.11,0.348771,2.032,1.45658,0.527089,-0.348771
0.11,0.04,0.12,0.321751,1.89653,1.3566,0.491592,-0.321751
0.11,0.04,0.13,0.298499,1.754,1.23815,0.467512,-0.298499
0.11,0.04,0.14,0.2783,1.60228,1.09723,0.456712,-0.2783
0.11,0.04,0.15,0.260602,1.43647,0.925775,0.462365,-0.260602
0.11,0.04,0.16,0.244979,1.24434,0.704253,0.491751,-0.244979
0.11,0.04,0.17,0.231091,0.974891,0.351768,0.574791,-0.231091
0.11,0.05,0.1,0.463648,2.10505,1.50532,0.551399,-0.463648
0.11,0.05,0.11,0.426627,1.97835,1.41847,0.511552,-0.426627
0.11,0.05,0.12,0.394791,1.84478,1.31517,0.481285,-0.394791
0.11,0.05,0.13,0.367174,1.70336,1.19282,0.46221,-0.367174
0.11,0.05,0.14,0.343024,1.55147,1.04663,0.456508,-0.343024
0.11,0.05,0.15,0.321751,1.38308,0.866679,0.468068,-0.321751
0.11,0.05,0.16,0.302885,1.18196,0.627046,0.506587,-0.302885
0.11,0.05,0.17,0.286051,0.840114,0.156382,0.6354,-0.286051
0.11,0.06,0.1,0.54042,2.03802,1.46074,0.528954,-0.54042
0.11,0.06,0.11,0.499347,1.91391,1.37012,0.495457,-0.499347
0.11,0.06,0.12,0.463648,1.78223,1.26269,0.471209,-0.463648
0.11,0.06,0.13,0.432408,1.64162,1.13524,0.458047,-0.432408
0.11,0.06,0.14,0.404892,1.4887,0.981751,0.458618,-0.404892
0.11,0.06,0.15,0.380506,1.31555,0.789221,0.477993,-0.380506
0.11,0.06,0.16,0.358771,1.09765,0.518504,0.530813,-0.358771
0.11,0.07,0.1,0.610726,1.96066,1.40548,0.506855,-0.610726
0.11,0.07,0.11,0.566729,1.83907,1.31048,0.480256,-0.566729
0.11,0.07,0.12,0.528074,1.70898,1.19793,0.462714,-0.528074
0.11,0.07,0.13,0.493941,1.56844,1.06373,0.456386,-0.493941
0.11,0.07,0.14,0.463648,1.41291,0.89993,0.464648,-0.463648
0.11,0.07,0.15,0.436627,1.23085,0.687786,0.494736,-0.436627
0.11,0.07,0.16,0.41241,0.974891,0.351768,0.574791,-0.41241
0.11,0.08,0.1,0.674741,1.87346,1.33835,0.486776,-0.674741
0.11,0.08,0.11,0.628796,1.754,1.23815,0.467512,-0.628796
0.11,0.08,0.12,0.588003,1.62477,1.11909,0.45735,-0.588003
0.11,0.08,0.13,0.551655,1.48294,0.97567,0.458942,-0.551655
0.11,0.08,0.14,0.519146,1.32182,0.796539,0.476944,-0.519146
0.11,0.08,0.15,0.489957,1.12181,0.550105,0.523377,-0.489957
0.11,0.09,0.1,0.732815,1.77658,1.25782,0.470426,-0.732815
0.11,0.09,0.11,0.68573,1.65846,1.15119,0.458931,-0.68573
0.11,0.09,0.12,0.643501,1.52875,1.02345,0.45697,-0.643501
0.11,0.09,0.13,0.605545,1.38308,0.866679,0.468068,-0.605545
0.11,0.09,0.14,0.571337,1.21025,0.662384,0.499535,-0.571337
0.11,0.09,0.15,0.54042,0.963421,0.335651,0.579438,-0.54042
0.11,0.1,0.1,0.785398,1.66968,1.16172,0.459625,-0.785398
0.11,0.1,0.11,0.737815,1.55147,1.04663,0.456508,-0.737815
0.11,0.1,0.12,0.694738,1.41882,0.906452,0.464041,-0.694738
0.11,0.1,0.13,0.655696,1.26422,0.728315,0.487569,-0.655696
0.11,0.1,0.14,0.620249,1.06358,0.473271,0.541974,-0.620249
0.12,-0.1,0.1,-0.785398,1.56729,0.948227,0.570733,0.785398
0.12,-0.1,0.11,-0.737815,1.44016,0.815015,0.576813,0.737815
0.12,-0.1,0.12,-0.694738,1.28798,0.640315,0.59933,0.694738
0.12,-0.1,0.13,-0.655696,1.07838,0.371838,0.658213,0.655696
0.12,-0.09,0.1,-0.732815,1.67814,1.05497,0.574836,0.732815
0.12,-0.09,0.11,-0.68573,1.55546,0.936312,0.570813,0.68573
0.12,-0.09,0.12,-0.643501,1.41498,0.787259,0.579388,0.643501
0.12,-0.09,0.13,-0.605545,1.24407,0.586784,0.608951,0.605545
0.12,-0.09,0.14,-0.571337,0.976462,0.229006,0.699124,0.571337
0.12,-0.08,0.1,-0.674741,1.77617,1.14206,0.585784,0.674741
0.12,-0.08,0.11,-0.628796,1.65498,1.03339,0.573254,0.628796
0.12,-0.08,0.12,-0.588003,1.51966,0.899672,0.57166,0.588003
0.12,-0.08,0.13,-0.551655,1.36323,0.728794,0.586107,0.551655
0.12,-0.08,0.14,-0.519146,1.16382,0.485269,0.630219,0.519146
0.12,-0.07,0.1,-0.610726,1.86287,1.2133,0.60124,0.610726
0.12,-0.07,0.11,-0.566729,1.7416,1.11213,0.581135,0.566729
0.12,-0.07,0.12,-0.528074,1.60842,0.988851,0.571233,0.528074
0.12,-0.07,0.13,-0.493941,1.4588,0.835264,0.5752,0.493941
0.12,-0.07,0.14,-0.463648,1.28083,0.631693,0.600801,0.463648
0.12,-0.07,0.15,-0.436627,1.01982,0.29079,0.680694,0.436627
0.12,-0.06,0.1,-0.54042,1.93874,1.27113,0.619274,0.54042
0.12,-0.06,0.11,-0.499347,1.81656,1.17592,0.592305,0.499347
0.12,-0.06,0.12,-0.463648,1.68392,1.06029,0.57529,0.463648
0.12,-0.06,0.13,-0.432408,1.53762,0.918164,0.571121,0.432408
0.12,-0.06,0.14,-0.404892,1.36982,0.73634,0.585145,0.404892
0.12,-0.06,0.15,-0.380506,1.15512,0.473971,0.632815,0.380506
0.12,-0.05,0.1,-0.463648,2.00378,1.3173,0.638148,0.463648
0.12,-0.05,0.11,-0.426627,1.8803,1.22696,0.605008,0.426627
0.12,-0.05,0.12,-0.394791,1.74736,1.11718,0.58185,0.394791
0.12,-0.05,0.13,-0.367174,1.60257,0.983147,0.571089,0.367174
0.12,-0.05,0.14,-0.343024,1.44016,0.815015,0.576813,0.343024
0.12,-0.05,0.15,-0.321751,1.24407,0.586784,0.608951,0.321751
0.12,-0.05,0.16,-0.302885,0.888497,0.098744,0.74142,0.302885
0.12,-0.04,0.1,-0.380506,2.05773,1.35315,0.65625,0.380506
0.12,-0.04,0.11,-0.348771,1.93287,1.26681,0.617727,0.348771
0.12,-0.04,0.12,-0.321751,1.79924,1.16154,0.589364,0.321751
0.12,-0.04,0.13,-0.298499,1.65498,1.03339,0.573254,0.298499
0.12,-0.04,0.14,-0.2783,1.49552,0.874443,0.572748,0.2783
0.12,-0.04,0.15,-0.260602,1.30908,0.665546,0.595206,0.260602
0.12,-0.04,0.16,-0.244979,1.04473,0.325598,0.670798,0.244979
0.12,-0.03,0.1,-0.291457,2.10024,1.3798,0.672111,0.291457
0.12,-0.03,0.11,-0.266252,1.9741,1.29663,0.629141,0.266252
0.12,-0.03,0.12,-0.244979,1.83969,1.19478,0.596572,0.244979
0.12,-0.03,0.13,-0.226799,1.69547,1.07087,0.57627,0.226799
0.12,-0.03,0.14,-0.211093,1.53762,0.918164,0.571121,0.211093
0.12,-0.03,0.15,-0.197396,1.35661,0.721174,0.587106,0.197396
0.12,-0.03,0.16,-0.185348,1.11857,0.425895,0.644346,0.185348
0.12,-0.02,0.1,-0.197396,2.13093,1.39814,0.684457,0.197396
0.12,-0.02,0.11,-0.179853,2.00378,1.3173,0.638148,0.179853
0.12,-0.02,0.12,-0.165149,1.86867,1.21787,0.60247,0.165149
0.12,-0.02,0.13,-0.152649,1.72431,1.09684,0.579133,0.152649
0.12,-0.02,0.14,-0.141897,1.56729,0.948227,0.570733,0.141897
0.12,-0.02,0.15,-0.132552,1.38936,0.758555,0.582473,0.132552
0.12,-0.02,0.16,-0.124355,1.16382,0.485269,0.630219,0.124355
0.12,-0.01,0.1,-0.0996687,2.14948,1.40886,0.692292,0.0996687
0.12,-0.01,0.11,-0.0906599,2.02168,1.32944,0.643906,0.0906599
0.12,-0.01,0.12,-0.0831412,1.88612,1.23147,0.606316,0.0831412
0.12,-0.01,0.13,-0.0767719,1.7416,1.11213,0.581135,0.0767719
0.12,-0.01,0.14,-0.0713075,1.58497,0.965838,0.570801,0.0713075
0.12,-0.01,0.15,-0.0665682,1.40862,0.780176,0.58011,0.0665682
0.12,-0.01,0.16,-0.0624188,1.18907,0.517733,0.623008,0.0624188
0.12,-1.04083e-17,0.1,-1.04083e-16,2.15569,1.41238,0.694977,1.04083e-16
0.12,-1.04083e-17,0.11,-9.46213e-17,2.02767,1.33345,0.645886,9.46213e-17
0.12,-1.04083e-17,0.12,-8.67362e-17,1.89194,1.23596,0.60765,8.67362e-17
0.12,-1.04083e-17,0.13,-8.00642e-17,1.74736,1.11718,0.58185,8.00642e-17
0.12,-1.04083e-17,0.14,-7.43453e-17,1.59084,0.97164,0.570872,7.43453e-17
0.12,-1.04083e-17,0.15,-6.93889e-17,1.41498,0.787259,0.579388,6.93889e-17
0.12,-1.04083e-17,0.16,-6.50521e-17,1.19724,0.528127,0.620779,6.50521e-17
0.12,0.01,0.1,0.0996687,2.14948,1.40886,0.692292,-0.0996687
0.12,0.01,0.11,0.0906599,2.02168,1.32944,0.643906,-0.0906599
0.12,0.01,0.12,0.0831412,1.88612,1.23147,0.606316,-0.0831412
0.12,0.01,0.13,0.0767719,1.7416,1.11213,0.581135,-0.0767719
0.12,0.01,0.14,0.0713075,1.58497,0.965838,0.570801,-0.0713075
0.12,0.01,0.15,0.0665682,1.40862,0.780176,0.58011,-0.0665682
0.12,0.01,0.16,0.0624188,1.18907,0.517733,0.623008,-0.0624188
0.12,0.02,0.1,0.197396,2.13093,1.39814,0.684457,-0.197396
0.12,0.02,0.11,0.179853,2.00378,1.3173,0.638148,-0.179853
0.12,0.02,0.12,0.165149,1.86867,1.21787,0.60247,-0.165149
0.12,0.02,0.13,0.152649,1.72431,1.09684,0.579133,-0.152649
0.12,0.02,0.14,0.141897,1.56729,0.948227,0.570733,-0.141897
0.12,0.02,0.15,0.132552,1.38936,0.758555,0.582473,-0.132552
0.12,0.02,0.16,0.124355,1.16382,0.485269,0.630219,-0.124355
0.12,0.03,0.1,0.291457,2.10024,1.3798,0.672111,-0.291457
0.12,0.03,0.11,0.266252,1.9741,1.29663,0.629141,-0.266252
0.12,0.03,0.12,0.244979,1.83969,1.19478,0.596572,-0.244979
0.12,0.03,0.13,0.226799,1.69547,1.07087,0.57627,-0.226799
0.12,0.03,0.14,0.211093,1.53762,0.918164,0.571121,-0.211093
0.12,0.03,0.15,0.197396,1.35661,0.721174,0.587106,-0.197396
0.12,0.03,0.16,0.185348,1.11857,0.425895,0.644346,-0.185348
0.12,0.04,0.1,0.380506,2.05773,1.35315,0.65625,-0.380506
0.12,0.04,0.11,0.348771,1.93287,1.26681,0.617727,-0.348771
0.12,0.04,0.12,0.321751,1.79924,1.16154,0.589364,-0.321751
0.12,0.04,0.13,0.298499,1.65498,1.03339,0.573254,-0.298499
0.12,0.04,0.14,0.2783,1.49552,0.874443,0.572748,-0.2783
0.12,0.04,0.15,0.260602,1.30908,0.665546,0.595206,-0.260602
0.12,0.04,0.16,0.244979,1.04473,0.325598,0.670798,-0.244979
0.12,0.05,0.1,0.463648,2.00378,1.3173,0.638148,-0.463648
0.12,0.05,0.11,0.426627,1.8803,1.22696,0.605008,-0.426627
0.12,0.05,0.12,0.394791,1.74736,1.11718,0.58185,-0.394791
0.12,0.05,0.13,0.367174,1.60257,0.983147,0.571089,-0.367174
0.12,0.05,0.14,0.343024,1.44016,0.815015,0.576813,-0.343024
0.12,0.05,0.15,0.321751,1.24407,0.586784,0.608951,-0.321751
0.12,0.05,0.16,0.302885,0.888497,0.098744,0.74142,-0.302885
0.12,0.06,0.1,0.54042,1.93874,1.27113,0.619274,-0.54042
0.12,0.06,0.11,0.499347,1.81656,1.17592,0.592305,-0.499347
0.12,0.06,0.12,0.463648,1.68392,1.06029,0.57529,-0.463648
0.12,0.06,0.13,0.432408,1.53762,0.918164,0.571121,-0.432408
0.12,0.06,0.14,0.404892,1.36982,0.73634,0.585145,-0.404892
0.12,0.06,0.15,0.380506,1.15512,0.473971,0.632815,-0.380506
0.12,0.07,0.1,0.610726,1.86287,1.2133,0.60124,-0.610726
0.12,0.07,0.11,0.566729,1.7416,1.11213,0.581135,-0.566729
0.12,0.07,0.12,0.528074,1.60842,0.988851,0.571233,-0.528074
0.12,0.07,0.13,0.493941,1.4588,0.835264,0.5752,-0.493941
0.12,0.07,0.14,0.463648,1.28083,0.631693,0.600801,-0.463648
0.12,0.07,0.15,0.436627,1.01982,0.29079,0.680694,-0.436627
0.12,0.08,0.1,0.674741,1.77617,1.14206,0.585784,-0.674741
0.12,0.08,0.11,0.628796,1.65498,1.03339,0.573254,-0.628796
0.12,0.08,0.12,0.588003,1.51966,0.899672,0.57166,-0.588003
0.12,0.08,0.13,0.551655,1.36323,0.728794,0.586107,-0.551655
0.12,0.08,0.14,0.519146,1.16382,0.485269,0.630219,-0.519146
0.12,0.09,0.1,0.732815,1.67814,1.05497,0.574836,-0.732815
0.12,0.09,0.11,0.68573,1.55546,0.936312,0.570813,-0.68573
0.12,0.09,0.12,0.643501,1.41498,0.787259,0.579388,-0.643501
0.12,0.09,0.13,0.605545,1.24407,0.586784,0.608951,-0.605545
0.12,0.09,0.14,0.571337,0.976462,0.229006,0.699124,-0.571337
0.12,0.1,0.1,0.785398,1.56729,0.948227,0.570733,-0.785398
0.12,0.1,0.11,0.737815,1.44016,0.815015,0.576813,-0.737815
0.12,0.1,0.12,0.694738,1.28798,0.640315,0.59933,-0.694738
0.12,0.1,0.13,0.655696,1.07838,0.371838,0.658213,-0.655696
0.13,-0.1,0.1,-0.785398,1.42123,0.668734,0.704161,0.785398
0.13,-0.1,0.11,-0.737815,1.2611,0.479251,0.733512,0.737815
0.13,-0.09,0.1,-0.732815,1.54663,0.802741,0.695553,0.732815
0.13,-0.09,0.11,-0.68573,1.40726,0.653032,0.705894,0.68573
0.13,-0.09,0.12,-0.643501,1.22534,0.434043,0.742963,0.643501
0.13,-0.08,0.1,-0.674741,1.65185,0.905607,0.697915,0.674741
0.13,-0.08,0.11,-0.628796,1.5211,0.77647,0.696297,0.628796
0.13,-0.08,0.12,-0.588003,1.36408,0.603508,0.71224,0.588003
0.13,-0.08,0.13,-0.551655,1.14289,0.325594,0.768967,0.551655
0.13,-0.07,0.1,-0.610726,1.74198,0.986736,0.706908,0.610726
0.13,-0.07,0.11,-0.566729,1.61521,0.870775,0.696101,0.566729
0.13,-0.07,0.12,-0.528074,1.46878,0.72102,0.69943,0.528074
0.13,-0.07,0.13,-0.493941,1.28638,0.510573,0.727477,0.493941
0.13,-0.06,0.1,-0.54042,1.81914,1.05102,0.719789,0.54042
0.13,-0.06,0.11,-0.499347,1.69412,0.944465,0.701328,0.499347
0.13,-0.06,0.12,-0.463648,1.55295,0.809172,0.695448,0.463648
0.13,-0.06,0.13,-0.432408,1.38593,0.628752,0.708842,0.432408
0.13,-0.06,0.14,-0.404892,1.15435,0.341019,0.764996,0.404892
0.13,-0.05,0.1,-0.463648,1.88427,1.10148,0.734458,0.463648
0.13,-0.05,0.11,-0.426627,1.75983,1.00204,0.70946,0.426627
0.13,-0.05,0.12,-0.394791,1.62135,0.876684,0.696331,0.394791
0.13,-0.05,0.13,-0.367174,1.4621,0.713785,0.699986,0.367174
0.13,-0.05,0.14,-0.343024,1.2611,0.479251,0.733512,0.343024
0.13,-0.04,0.1,-0.380506,1.93768,1.1402,0.749151,0.380506
0.13,-0.04,0.11,-0.348771,1.81322,1.04626,0.718629,0.348771
0.13,-0.04,0.12,-0.321751,1.67606,0.928035,0.699696,0.321751
0.13,-0.04,0.13,-0.298499,1.5211,0.77647,0.696297,0.298499
0.13,-0.04,0.14,-0.2783,1.33402,0.568133,0.71755,0.2783
0.13,-0.04,0.15,-0.260602,1.02157,0.154669,0.818566,0.260602
0.13,-0.03,0.1,-0.291457,1.97941,1.16873,0.762346,0.291457
0.13,-0.03,0.11,-0.266252,1.85466,1.07898,0.727352,0.266252
0.13,-0.03,0.12,-0.244979,1.7181,0.965873,0.703895,0.244979
0.13,-0.03,0.13,-0.226799,1.56554,0.821879,0.695334,0.226799
0.13,-0.03,0.14,-0.211093,1.38593,0.628752,0.708842,0.211093
0.13,-0.03,0.15,-0.197396,1.13097,0.309408,0.773229,0.197396
0.13,-0.02,0.1,-0.197396,2.00935,1.18825,0.772769,0.197396
0.13,-0.02,0.11,-0.179853,1.88427,1.10148,0.734458,0.179853
0.13,-0.02,0.12,-0.165149,1.74793,0.991869,0.707731,0.165149
0.13,-0.02,0.13,-0.152649,1.5967,0.852785,0.695588,0.152649
0.13,-0.02,0.14,-0.141897,1.42123,0.668734,0.704161,0.141897
0.13,-0.02,0.15,-0.132552,1.18645,0.383625,0.754488,0.132552
0.13,-0.01,0.1,-0.0996687,2.02739,1.19962,0.779438,0.0996687
0.13,-0.01,0.11,-0.0906599,1.90205,1.11464,0.73908,0.0906599
0.13,-0.01,0.12,-0.0831412,1.76577,1.00708,0.710367,0.0831412
0.13,-0.01,0.13,-0.0767719,1.61521,0.870775,0.696101,0.0767719
0.13,-0.01,0.14,-0.0713075,1.44185,0.691624,0.701889,0.0713075
0.13,-0.01,0.15,-0.0665682,1.21595,0.421997,0.745625,0.0665682
0.13,-1.04083e-17,0.1,-1.04083e-16,2.03341,1.20334,0.781732,1.04083e-16
0.13,-1.04083e-17,0.11,-9.46213e-17,1.90798,1.11897,0.740681,9.46213e-17
0.13,-1.04083e-17,0.12,-8.67362e-17,1.77171,1.01208,0.711301,8.67362e-17
0.13,-1.04083e-17,0.13,-8.00642e-17,1.62135,0.876684,0.696331,8.00642e-17
0.13,-1.04083e-17,0.14,-7.43453e-17,1.44864,0.699089,0.701214,7.43453e-17
0.13,-1.04083e-17,0.15,-6.93889e-17,1.22534,0.434043,0.742963,6.93889e-17
0.13,0.01,0.1,0.0996687,2.02739,1.19962,0.779438,-0.0996687
0.13,0.01,0.11,0.0906599,1.90205,1.11464,0.73908,-0.0906599
0.13,0.01,0.12,0.0831412,1.76577,1.00708,0.710367,-0.0831412
0.13,0.01,0.13,0.0767719,1.61521,0.870775,0.696101,-0.0767719
0.13,0.01,0.14,0.0713075,1.44185,0.691624,0.701889,-0.0713075
0.13,0.01,0.15,0.0665682,1.21595,0.421997,0.745625,-0.0665682
0.13,0.02,0.1,0.197396,2.00935,1.18825,0.772769,-0.197396
0.13,0.02,0.11,0.179853,1.88427,1.10148,0.734458,-0.179853
0.13,0.02,0.12,0.165149,1.74793,0.991869,0.707731,-0.165149
0.13,0.02,0.13,0.152649,1.5967,0.852785,0.695588,-0.152649
0.13,0.02,0.14,0.141897,1.42123,0.668734,0.704161,-0.141897
0.13,0.02,0.15,0.132552,1.18645,0.383625,0.754488,-0.132552
0.13,0.03,0.1,0.291457,1.97941,1.16873,0.762346,-0.291457
0.13,0.03,0.11,0.266252,1.85466,1.07898,0.727352,-0.266252
0.13,0.03,0.12,0.244979,1.7181,0.965873,0.703895,-0.244979
0.13,0.03,0.13,0.226799,1.56554,0.821879,0.695334,-0.226799
0.13,0.03,0.14,0.211093,1.38593,0.628752,0.708842,-0.211093
0.13,0.03,0.15,0.197396,1.13097,0.309408,0.773229,-0.197396
0.13,0.04,0.1,0.380506,1.93768,1.1402,0.749151,-0.380506
0.13,0.04,0.11,0.348771,1.81322,1.04626,0.718629,-0.348771
0.13,0.04,0.12,0.321751,1.67606,0.928035,0.699696,-0.321751
0.13,0.04,0.13,0.298499,1.5211,0.77647,0.696297,-0.298499
0.13,0.04,0.14,0.2783,1.33402,0.568133,0.71755,-0.2783
0.13,0.04,0.15,0.260602,1.02157,0.154669,0.818566,-0.260602
0.13,0.05,0.1,0.463648,1.88427,1.10148,0.734458,-0.463648
0.13,0.05,0.11,0.426627,1.75983,1.00204,0.70946,-0.426627
0.13,0.05,0.12,0.394791,1.62135,0.876684,0.696331,-0.394791
0.13,0.05,0.13,0.367174,1.4621,0.713785,0.699986,-0.367174
0.13,0.05,0.14,0.343024,1.2611,0.479251,0.733512,-0.343024
0.13,0.06,0.1,0.54042,1.81914,1.05102,0.719789,-0.54042
0.13,0.06,0.11,0.499347,1.69412,0.944465,0.701328,-0.499347
0.13,0.06,0.12,0.463648,1.55295,0.809172,0.695448,-0.463648
0.13,0.06,0.13,0.432408,1.38593,0.628752,0.708842,-0.432408
0.13,0.06,0.14,0.404892,1.15435,0.341019,0.764996,-0.404892
0.13,0.07,0.1,0.610726,1.74198,0.986736,0.706908,-0.610726
0.13,0.07,0.11,0.566729,1.61521,0.870775,0.696101,-0.566729
0.13,0.07,0.12,0.528074,1.46878,0.72102,0.69943,-0.528074
0.13,0.07,0.13,0.493941,1.28638,0.510573,0.727477,-0.493941
0.13,0.08,0.1,0.674741,1.65185,0.905607,0.697915,-0.674741
0.13,0.08,0.11,0.628796,1.5211,0.77647,0.696297,-0.628796
0.13,0.08,0.12,0.588003,1.36408,0.603508,0.71224,-0.588003
0.13,0.08,0.13,0.551655,1.14289,0.325594,0.768967,-0.551655
0.13,0.09,0.1,0.732815,1.54663,0.802741,0.695553,-0.732815
0.13,0.09,0.11,0.68573,1.40726,0.653032,0.705894,-0.68573
0.13,0.09,0.12,0.643501,1.22534,0.434043,0.742963,-0.643501
0.13,0.1,0.1,0.785398,1.42123,0.668734,0.704161,-0.785398
0.13,0.1,0.11,0.737815,1.2611,0.479251,0.733512,-0.737815
0.14,-0.09,0.1,-0.732815,1.33274,0.421834,0.862573,0.732815
0.14,-0.08,0.1,-0.674741,1.47213,0.58301,0.840786,0.674741
0.14,-0.08,0.11,-0.628796,1.29398,0.373672,0.871972,0.628796
0.14,-0.07,0.1,-0.610726,1.57817,0.693494,0.836344,0.610726
0.14,-0.07,0.11,-0.566729,1.42619,0.531918,0.845936,0.566729
0.14,-0.07,0.12,-0.528074,1.20017,0.250719,0.901117,0.528074
0.14,-0.06,0.1,-0.54042,1.66381,0.775192,0.840288,0.54042
0.14,-0.06,0.11,-0.499347,1.52288,0.637177,0.837371,0.499347
0.14,-0.06,0.12,-0.463648,1.34192,0.433028,0.860565,0.463648
0.14,-0.05,0.1,-0.463648,1.73361,0.836751,0.848523,0.463648
0.14,-0.05,0.11,-0.426627,1.59833,0.71333,0.836667,0.426627
0.14,-0.05,0.12,-0.394791,1.43403,0.540785,0.844917,0.394791
0.14,-0.05,0.13,-0.367174,1.1856,0.230768,0.906496,0.367174
0.14,-0.04,0.1,-0.380506,1.78955,0.882769,0.858447,0.380506
0.14,-0.04,0.11,-0.348771,1.65737,0.769277,0.839757,0.348771
0.14,-0.04,0.12,-0.321751,1.50145,0.614591,0.838524,0.321751
0.14,-0.04,0.13,-0.298499,1.29398,0.373672,0.871972,0.298499
0.14,-0.03,0.1,-0.291457,1.83258,0.916097,0.868147,0.291457
0.14,-0.03,0.11,-0.266252,1.70211,0.809539,0.844244,0.266252
0.14,-0.03,0.12,-0.244979,1.55083,0.665998,0.836502,0.244979
0.14,-0.03,0.13,-0.226799,1.3598,0.454574,0.856892,0.226799
0.14,-0.02,0.1,-0.197396,1.86313,0.938643,0.876157,0.197396
0.14,-0.02,0.11,-0.179853,1.73361,0.836751,0.848523,0.179853
0.14,-0.02,0.12,-0.165149,1.58492,0.700178,0.836411,0.165149
0.14,-0.02,0.13,-0.152649,1.40211,0.504347,0.849426,0.152649
0.14,-0.01,0.1,-0.0996687,1.88142,0.951678,0.881406,0.0996687
0.14,-0.01,0.11,-0.0906599,1.75235,0.852501,0.851514,0.0906599
0.14,-0.01,0.12,-0.0831412,1.60499,0.719802,0.836855,0.0831412
0.14,-0.01,0.13,-0.0767719,1.42619,0.531918,0.845936,0.0767719
0.14,-0.01,0.14,-0.0713075,1.1327,0.156284,0.928083,0.0713075
0.14,-1.04083e-17,0.1,-1.04083e-16,1.8875,0.955941,0.883231,1.04083e-16
0.14,-1.04083e-17,0.11,-9.46213e-17,1.75857,0.857658,0.852581,9.46213e-17
0.14,-1.04083e-17,0.12,-8.67362e-17,1.61162,0.726207,0.837083,8.67362e-17
0.14,-1.04083e-17,0.13,-8.00642e-17,1.43403,0.540785,0.844917,8.00642e-17
0.14,-1.04083e-17,0.14,-7.43453e-17,1.15245,0.184488,0.919635,7.43453e-17
0.14,0.01,0.1,0.0996687,1.88142,0.951678,0.881406,-0.0996687
0.14,0.01,0.11,0.0906599,1.75235,0.852501,0.851514,-0.0906599
0.14,0.01,0.12,0.0831412,1.60499,0.719802,0.836855,-0.0831412
0.14,0.01,0.13,0.0767719,1.42619,0.531918,0.845936,-0.0767719
0.14,0.01,0.14,0.0713075,1.1327,0.156284,0.928083,-0.0713075
0.14,0.02,0.1,0.197396,1.86313,0.938643,0.876157,-0.197396
0.14,0.02,0.11,0.179853,1.73361,0.836751,0.848523,-0.179853
0.14,0.02,0.12,0.165149,1.58492,0.700178,0.836411,-0.165149
0.14,0.02,0.13,0.152649,1.40211,0.504347,0.849426,-0.152649
0.14,0.03,0.1,0.291457,1.83258,0.916097,0.868147,-0.291457
0.14,0.03,0.11,0.266252,1.70211,0.809539,0.844244,-0.266252
0.14,0.03,0.12,0.244979,1.55083,0.665998,0.836502,-0.244979
0.14,0.03,0.13,0.226799,1.3598,0.454574,0.856892,-0.226799
0.14,0.04,0.1,0.380506,1.78955,0.882769,0.858447,-0.380506
0.14,0.04,0.11,0.348771,1.65737,0.769277,0.839757,-0.348771
0.14,0.04,0.12,0.321751,1.50145,0.614591,0.838524,-0.321751
0.14,0.04,0.13,0.298499,1.29398,0.373672,0.871972,-0.298499
0.14,0.05,0.1,0.463648,1.73361,0.836751,0.848523,-0.463648
0.14,0.05,0.11,0.426627,1.59833,0.71333,0.836667,-0.426627
0.14,0.05,0.12,0.394791,1.43403,0.540785,0.844917,-0.394791
0.14,0.05,0.13,0.367174,1.1856,0.230768,0.906496,-0.367174
0.14,0.06,0.1,0.54042,1.66381,0.775192,0.840288,-0.54042
0.14,0.06,0.11,0.499347,1.52288,0.637177,0.837371,-0.499347
0.14,0.06,0.12,0.463648,1.34192,0.433028,0.860565,-0.463648
0.14,0.07,0.1,0.610726,1.57817,0.693494,0.836344,-0.610726
0.14,0.07,0.11,0.566729,1.42619,0.531918,0.845936,-0.566729
0.14,0.07,0.12,0.528074,1.20017,0.250719,0.901117,-0.528074
0.14,0.08,0.1,0.674741,1.47213,0.58301,0.840786,-0.674741
0.14,0.08,0.11,0.628796,1.29398,0.373672,0.871972,-0.628796
0.14,0.09,0.1,0.732815,1.33274,0.421834,0.862573,-0.732815
0.15,-0.06,0.1,-0.54042,1.39779,0.323883,1.02557,0.54042
0.15,-0.05,0.1,-0.463648,1.50156,0.442699,1.01053,0.463648
0.15,-0.05,0.11,-0.426627,1.25848,0.142196,1.06795,0.426627
0.15,-0.04,0.1,-0.380506,1.57419,0.518154,1.0077,0.380506
0.15,-0.04,0.11,-0.348771,1.38691,0.310653,1.02793,0.348771
0.15,-0.03,0.1,-0.291457,1.62648,0.568627,1.00952,0.291457
0.15,-0.03,0.11,-0.266252,1.45722,0.393553,1.01534,0.266252
0.15,-0.02,0.1,-0.197396,1.66227,0.601296,1.01264,0.197396
0.15,-0.02,0.11,-0.179853,1.50156,0.442699,1.01053,0.179853
0.15,-0.02,0.12,-0.165149,1.19909,0.0557227,1.09503,0.165149
0.15,-0.01,0.1,-0.0996687,1.68325,0.619726,1.01519,0.0996687
0.15,-0.01,0.11,-0.0906599,1.52662,0.469439,1.00885,0.0906599
0.15,-0.01,0.12,-0.0831412,1.27817,0.169577,1.06026,0.0831412
0.15,-1.04083e-17,0.1,-1.04083e-16,1.69016,0.625687,1.01614,1.04083e-16
0.15,-1.04083e-17,0.11,-9.46213e-17,1.53476,0.47797,1.00846,9.46213e-17
0.15,-1.04083e-17,0.12,-8.67362e-17,1.29542,0.193077,1.05401,8.67362e-17
0.15,0.01,0.1,0.0996687,1.68325,0.619726,1.01519,-0.0996687
0.15,0.01,0.11,0.0906599,1.52662,0.469439,1.00885,-0.0906599
0.15,0.01,0.12,0.0831412,1.27817,0.169577,1.06026,-0.0831412
0.15,0.02,0.1,0.197396,1.66227,0.601296,1.01264,-0.197396
0.15,0.02,0.11,0.179853,1.50156,0.442699,1.01053,-0.179853
0.15,0.02,0.12,0.165149,1.19909,0.0557227,1.09503,-0.165149
0.15,0.03,0.1,0.291457,1.62648,0.568627,1.00952,-0.291457
0.15,0.03,0.11,0.266252,1.45722,0.393553,1.01534,-0.266252
0.15,0.04,0.1,0.380506,1.57419,0.518154,1.0077,-0.380506
0.15,0.04,0.11,0.348771,1.38691,0.310653,1.02793,-0.348771
0.15,0.05,0.1,0.463648,1.50156,0.442699,1.01053,-0.463648
0.15,0.05,0.11,0.426627,1.25848,0.142196,1.06795,-0.426627
0.15,0.06,0.1,0.54042,1.39779,0.323883,1.02557,-0.54042
