Episode,Reward,Steps,Reason
0,-0.01,5,FALL
1,1.69,6,FALL
2,-0.02,5,FALL
3,-0.20,5,FALL
4,2.10,6,FALL
5,1.82,6,FALL
6,1.76,6,FALL
7,2.38,6,FALL
8,1.73,6,FALL
9,-0.17,5,FALL
10,-0.05,5,FALL
11,1.81,6,FALL
12,1.49,6,FALL
0,-0.41,5,FALL
1,2.30,6,FALL
2,-0.51,5,FALL
3,-0.59,5,FALL
4,0.27,5,FALL
5,-0.45,5,FALL
6,-0.50,5,FALL
7,1.77,6,FALL
8,0.26,5,FALL
9,1.57,6,FALL
10,-0.60,5,FALL
11,-0.86,5,FALL
12,0.08,5,FALL
13,1.23,6,FALL
14,-0.44,5,FALL
15,1.68,6,FALL
16,-0.79,5,FALL
17,-1.01,5,FALL
18,0.09,5,FALL
19,0.18,5,FALL
20,1.51,6,FALL
21,1.21,6,FALL
22,-0.10,5,FALL
23,-0.60,5,FALL
24,-0.28,5,FALL
25,-1.06,5,FALL
26,1.43,6,FALL
27,-0.39,5,FALL
28,-0.34,5,FALL
0,-2.70,4,FALL
1,-2.92,4,FALL
2,1.70,6,FALL
3,-0.38,5,FALL
4,-0.09,5,FALL
5,-0.48,5,FALL
6,-0.07,5,FALL
0,-0.51,5,FALL
1,1.87,6,FALL
2,1.64,6,FALL
3,-2.80,4,FALL
4,-0.16,5,FALL
5,1.87,6,FALL
6,-0.24,5,FALL
7,-0.65,5,FALL
8,-0.02,5,FALL
9,-0.54,5,FALL
10,-0.40,5,FALL
11,-0.98,5,FALL
12,-0.68,5,FALL
13,-0.24,5,FALL
14,-0.33,5,FALL
15,-0.64,5,FALL
16,-2.80,4,FALL
17,-1.10,5,FALL
18,-0.55,5,FALL
19,-2.79,4,FALL
20,-3.05,4,FALL
21,-0.94,5,FALL
22,-0.35,5,FALL
23,2.65,6,FALL
24,-0.02,5,FALL
25,-0.99,5,FALL
26,-0.68,5,FALL
0,-5.86,3,FALL
1,-4.26,4,FALL
2,-5.90,3,FALL
3,-4.13,4,FALL
4,-5.82,3,FALL
5,-4.20,4,FALL
6,-4.26,4,FALL
7,-4.05,4,FALL
8,-3.91,4,FALL
9,-4.27,4,FALL
10,-4.03,4,FALL
11,-4.02,4,FALL
12,-4.24,4,FALL
13,-4.02,4,FALL
14,-2.31,5,FALL
15,-4.15,4,FALL
16,-4.06,4,FALL
17,-4.29,4,FALL
18,-4.09,4,FALL
19,-5.86,3,FALL
20,-4.31,4,FALL
21,-4.06,4,FALL
22,-5.91,3,FALL
23,-4.26,4,FALL
24,-4.22,4,FALL
25,-4.00,4,FALL
26,-4.07,4,FALL
27,-5.82,3,FALL
28,-5.70,3,FALL
29,-4.07,4,FALL
30,-4.33,4,FALL
31,-4.08,4,FALL
32,-5.79,3,FALL
33,-4.20,4,FALL
34,-3.99,4,FALL
0,-3.68,5,FALL
1,-3.65,5,FALL
2,-5.48,4,FALL
3,-3.76,5,FALL
4,-5.31,4,FALL
5,-3.52,5,FALL
6,-3.91,5,FALL
7,-3.55,5,FALL
8,-3.85,5,FALL
9,-3.92,5,FALL
10,-3.70,5,FALL
11,-5.34,4,FALL
12,-5.41,4,FALL
13,-3.48,5,FALL
14,-3.82,5,FALL
15,-3.78,5,FALL
16,-5.24,4,FALL
17,-3.58,5,FALL
18,-5.43,4,FALL
0,0.16,6,FALL
1,2.13,7,FALL
2,2.44,7,FALL
3,1.82,7,FALL
4,2.32,7,FALL
5,2.26,7,FALL
6,0.24,6,FALL
7,-0.20,6,FALL
8,2.37,7,FALL
9,0.30,6,FALL
10,-0.28,6,FALL
11,2.32,7,FALL
0,14.65,10,FALL
1,13.81,10,FALL
2,14.63,10,FALL
3,-1.02,5,FALL
4,10.62,9,FALL
5,38.36,19,FALL
6,15.32,10,FALL
7,15.57,10,FALL
8,17.37,12,FALL
9,17.21,11,FALL
10,94.36,36,FALL
11,128.90,51,FALL
12,20.61,12,FALL
13,34.30,18,FALL
14,23.10,14,FALL
15,55.42,26,FALL
16,77.84,32,FALL
17,13.90,10,FALL
18,8.09,8,FALL
19,61.68,29,FALL
20,11.97,10,FALL
21,15.58,10,FALL
22,17.00,11,FALL
23,98.47,39,FALL
24,142.11,54,FALL
25,29.05,16,FALL
26,12.31,9,FALL
27,68.10,28,FALL
28,51.10,24,FALL
29,10.79,9,FALL
30,93.10,37,FALL
31,144.50,57,FALL
32,41.10,20,FALL
33,47.54,22,FALL
34,22.18,13,FALL
35,25.79,15,FALL
36,136.79,49,FALL
37,14.53,10,FALL
38,105.51,40,FALL
39,12.81,10,FALL
40,16.18,10,FALL
41,32.39,17,FALL
42,10.63,9,FALL
43,15.37,11,FALL
44,103.69,39,FALL
45,16.71,11,FALL
46,48.53,22,FALL
47,101.05,37,FALL
48,14.57,11,FALL
49,14.11,11,FALL
50,17.03,11,FALL
51,20.60,12,FALL
52,36.98,19,FALL
53,26.94,16,FALL
54,297.47,101,FALL
55,13.63,10,FALL
56,12.01,10,FALL
57,12.07,10,FALL
58,8.75,8,FALL
59,19.23,11,FALL
60,115.81,41,FALL
61,24.31,15,FALL
62,13.71,10,FALL
63,12.61,10,FALL
64,108.00,42,FALL
65,41.17,20,FALL
66,53.36,23,FALL
67,17.92,12,FALL
68,12.45,10,FALL
69,32.23,16,FALL
70,10.67,9,FALL
71,13.06,10,FALL
72,82.13,36,FALL
73,18.58,12,FALL
74,39.09,22,FALL
75,23.67,13,FALL
76,76.75,32,FALL
77,115.18,41,FALL
78,17.95,12,FALL
79,92.02,38,FALL
80,18.56,12,FALL
81,50.43,23,FALL
82,107.52,44,FALL
0,14.41,11,FALL
1,40.74,19,FALL
2,41.07,19,FALL
3,35.06,19,FALL
4,18.97,13,FALL
5,110.26,42,FALL
6,23.43,15,FALL
7,22.40,14,FALL
8,17.18,12,FALL
9,102.54,39,FALL
10,10.93,9,FALL
11,25.34,15,FALL
12,17.92,12,FALL
13,4.85,7,FALL
14,29.26,16,FALL
15,20.93,13,FALL
16,50.20,24,FALL
17,26.45,15,FALL
18,11.45,9,FALL
19,12.49,10,FALL
20,33.17,18,FALL
21,69.64,31,FALL
22,97.58,38,FALL
23,25.22,15,FALL
24,87.73,37,FALL
25,21.35,12,FALL
26,233.46,85,FALL
27,161.52,60,FALL
28,20.08,13,FALL
29,11.74,9,FALL
30,80.80,36,FALL
31,66.41,27,FALL
32,15.79,11,FALL
33,16.34,11,FALL
34,25.33,15,FALL
35,39.65,20,FALL
36,65.44,27,FALL
37,6.98,8,FALL
38,53.74,24,FALL
39,18.24,12,FALL
40,24.32,16,FALL
41,20.75,13,FALL
42,21.94,14,FALL
43,17.28,12,FALL
44,53.49,25,FALL
45,12.87,10,FALL
46,10.66,9,FALL
47,20.61,12,FALL
48,15.98,11,FALL
49,24.28,15,FALL
50,25.97,16,FALL
51,47.51,22,FALL
52,18.43,12,FALL
53,24.93,16,FALL
54,18.42,12,FALL
55,13.71,10,FALL
56,17.16,12,FALL
57,87.86,34,FALL
58,8.25,8,FALL
59,66.22,30,FALL
60,-0.79,5,FALL
61,199.84,68,FALL
62,46.75,21,FALL
63,11.26,9,FALL
64,18.74,12,FALL
65,17.14,11,FALL
66,15.31,11,FALL
67,48.49,22,FALL
68,25.72,15,FALL
69,18.71,12,FALL
70,12.27,10,FALL
71,14.14,10,FALL
72,34.35,18,FALL
73,74.70,30,FALL
74,17.77,12,FALL
75,55.50,27,FALL
76,59.73,26,FALL
77,24.35,14,FALL
78,14.27,11,FALL
79,110.97,44,FALL
80,18.26,12,FALL
81,65.70,30,FALL
82,16.07,11,FALL
83,-3.05,4,FALL
84,18.67,11,FALL
85,23.78,14,FALL
86,11.61,10,FALL
87,12.75,9,FALL
88,101.02,38,FALL
89,73.62,31,FALL
90,19.75,12,FALL
91,14.99,11,FALL
92,78.20,30,FALL
93,24.91,14,FALL
94,65.71,28,FALL
95,7.34,8,FALL
96,22.78,13,FALL
97,17.70,12,FALL
98,12.01,9,FALL
99,22.51,14,FALL
100,98.35,39,FALL
0,122.35,46,FALL
1,47.85,23,FALL
2,10.65,8,FALL
3,18.88,11,FALL
4,16.77,11,FALL
5,14.18,10,FALL
6,17.58,11,FALL
7,156.58,55,FALL
8,16.34,11,FALL
9,19.18,13,FALL
10,29.31,16,FALL
11,54.52,25,FALL
12,17.43,12,FALL
13,45.40,23,FALL
14,13.30,10,FALL
15,97.64,37,FALL
16,7.44,8,FALL
17,19.60,12,FALL
18,26.79,17,FALL
19,24.05,15,FALL
20,32.21,18,FALL
21,15.28,10,FALL
22,16.23,11,FALL
23,18.56,12,FALL
24,12.58,9,FALL
25,252.37,86,FALL
26,52.30,24,FALL
27,30.19,16,FALL
28,32.37,18,FALL
29,22.31,13,FALL
30,15.53,10,FALL
31,34.35,18,FALL
32,217.35,75,FALL
33,47.12,23,FALL
34,47.17,23,FALL
35,56.27,26,FALL
36,49.95,22,FALL
37,19.81,12,FALL
38,10.75,8,FALL
39,18.63,13,FALL
40,10.30,9,FALL
41,21.36,13,FALL
42,12.30,9,FALL
43,53.21,25,FALL
44,5.36,7,FALL
45,32.07,17,FALL
46,33.52,18,FALL
47,95.16,37,FALL
48,14.37,11,FALL
49,4.91,7,FALL
50,18.29,12,FALL
51,99.83,39,FALL
52,48.03,22,FALL
53,42.42,20,FALL
54,142.59,52,FALL
55,9.87,8,FALL
56,21.41,13,FALL
57,18.16,12,FALL
58,14.27,10,FALL
59,12.59,10,FALL
60,55.73,26,FALL
61,16.84,12,FALL
62,21.27,13,FALL
63,35.68,19,FALL
64,15.28,10,FALL
65,138.24,52,FALL
66,22.47,14,FALL
67,15.21,11,FALL
68,25.81,15,FALL
69,68.27,28,FALL
70,18.67,13,FALL
71,13.18,10,FALL
72,-0.86,5,FALL
73,79.66,31,FALL
74,96.37,39,FALL
75,86.38,32,FALL
76,24.33,15,FALL
77,23.73,14,FALL
78,9.96,9,FALL
79,90.92,37,FALL
80,58.78,26,FALL
81,11.99,9,FALL
82,271.60,96,FALL
83,14.79,11,FALL
84,17.56,11,FALL
85,28.83,18,FALL
86,-3.00,4,FALL
87,15.36,10,FALL
88,55.59,25,FALL
89,22.53,14,FALL
90,57.82,26,FALL
91,9.38,8,FALL
92,13.72,10,FALL
93,16.02,10,FALL
94,18.04,13,FALL
95,21.48,14,FALL
96,9.98,9,FALL
97,14.95,10,FALL
98,14.48,10,FALL
99,13.45,11,FALL
100,-0.54,5,FALL
0,20.42,13,FALL
1,97.53,38,FALL
2,60.03,25,FALL
3,15.20,10,FALL
4,12.77,9,FALL
5,15.24,11,FALL
6,15.64,11,FALL
7,40.82,19,FALL
8,32.93,17,FALL
9,105.57,40,FALL
10,12.93,10,FALL
11,11.31,9,FALL
12,31.00,16,FALL
13,9.58,8,FALL
14,58.03,26,FALL
15,15.61,11,FALL
16,15.20,10,FALL
17,21.29,12,FALL
18,16.40,11,FALL
0,-15.00,0,FALL
1,-15.00,0,FALL
2,-15.00,0,FALL
3,-15.00,0,FALL
4,-15.00,0,FALL
5,-15.00,0,FALL
6,-15.00,0,FALL
7,-15.00,0,FALL
8,-15.00,0,FALL
9,-15.00,0,FALL
10,-15.00,0,FALL
11,-15.00,0,FALL
12,-15.00,0,FALL
13,-15.00,0,FALL
14,-15.00,0,FALL
15,-15.00,0,FALL
16,-15.00,0,FALL
17,-15.00,0,FALL
18,-15.00,0,FALL
19,-15.00,0,FALL
20,-15.00,0,FALL
21,-15.00,0,FALL
22,-15.00,0,FALL
23,-15.00,0,FALL
24,-15.00,0,FALL
25,-15.00,0,FALL
26,-15.00,0,FALL
27,-15.00,0,FALL
28,-15.00,0,FALL
29,-15.00,0,FALL
30,-15.00,0,FALL
31,-15.00,0,FALL
32,-15.00,0,FALL
33,-15.00,0,FALL
34,-15.00,0,FALL
35,-15.00,0,FALL
36,-15.00,0,FALL
37,-15.00,0,FALL
38,-15.00,0,FALL
39,-15.00,0,FALL
40,-15.00,0,FALL
41,-15.00,0,FALL
42,-15.00,0,FALL
43,-15.00,0,FALL
44,-15.00,0,FALL
45,-15.00,0,FALL
46,-15.00,0,FALL
47,-15.00,0,FALL
48,-15.00,0,FALL
49,-15.00,0,FALL
50,-15.00,0,FALL
51,-15.00,0,FALL
52,-15.00,0,FALL
53,-15.00,0,FALL
54,-15.00,0,FALL
55,-15.00,0,FALL
56,-15.00,0,FALL
57,-15.00,0,FALL
58,-15.00,0,FALL
59,-15.00,0,FALL
60,-15.00,0,FALL
61,-15.00,0,FALL
62,-15.00,0,FALL
63,-15.00,0,FALL
64,-15.00,0,FALL
65,-15.00,0,FALL
66,-15.00,0,FALL
67,-15.00,0,FALL
68,-15.00,0,FALL
69,-15.00,0,FALL
70,-15.00,0,FALL
71,-15.00,0,FALL
72,-15.00,0,FALL
73,-15.00,0,FALL
74,-15.00,0,FALL
75,-15.00,0,FALL
76,-15.00,0,FALL
77,-15.00,0,FALL
78,-15.00,0,FALL
79,-15.00,0,FALL
80,-15.00,0,FALL
81,-15.00,0,FALL
82,-15.00,0,FALL
83,-15.00,0,FALL
84,-15.00,0,FALL
85,-15.00,0,FALL
86,-15.00,0,FALL
87,-15.00,0,FALL
88,-15.00,0,FALL
89,-15.00,0,FALL
90,-15.00,0,FALL
91,-15.00,0,FALL
92,-15.00,0,FALL
93,-15.00,0,FALL
94,-15.00,0,FALL
95,-15.00,0,FALL
96,-15.00,0,FALL
97,-15.00,0,FALL
98,-15.00,0,FALL
99,-15.00,0,FALL
100,-15.00,0,FALL
0,10.82,10,FALL
1,-2.74,4,FALL
2,91.75,37,FALL
3,-4.56,3,FALL
4,-1.98,4,FALL
5,25.77,15,FALL
6,-0.15,5,FALL
7,3.46,6,FALL
8,19.25,11,FALL
9,5.78,7,FALL
10,2.52,6,FALL
0,11.39,9,FALL
1,5.18,8,FALL
2,7.04,8,FALL
3,28.41,15,FALL
4,8.93,8,FALL
5,69.73,30,FALL
6,9.82,9,FALL
7,-3.18,4,FALL
8,45.28,20,FALL
9,2.81,6,FALL
10,14.11,11,FALL
11,5.73,7,FALL
12,7.50,8,FALL
13,4.37,7,FALL
14,9.25,9,FALL
15,-3.45,4,FALL
16,20.54,13,FALL
17,1.13,5,FALL
18,2.19,6,FALL
19,26.15,16,FALL
20,26.09,14,FALL
21,1.61,6,FALL
22,23.99,14,FALL
23,-0.49,5,FALL
24,-2.62,4,FALL
25,15.54,11,FALL
26,-3.22,4,FALL
27,75.03,31,FALL
28,4.42,7,FALL
29,59.15,27,FALL
30,0.81,5,FALL
31,-2.30,4,FALL
32,7.83,8,FALL
33,15.75,12,FALL
34,5.62,7,FALL
35,22.17,13,FALL
36,13.95,10,FALL
37,5.02,7,FALL
38,2.30,6,FALL
39,-1.01,5,FALL
40,9.08,8,FALL
41,2.72,6,FALL
42,3.49,6,FALL
43,7.98,8,FALL
44,-0.97,5,FALL
45,9.58,10,FALL
46,20.63,14,FALL
47,25.54,14,FALL
48,6.57,8,FALL
49,23.99,14,FALL
50,2.15,6,FALL
51,3.48,6,FALL
52,19.77,14,FALL
53,0.55,5,FALL
54,1.60,5,FALL
55,2.17,6,FALL
56,24.84,14,FALL
57,16.88,12,FALL
58,28.88,16,FALL
59,6.09,7,FALL
60,1.86,6,FALL
61,11.33,8,FALL
62,-0.15,5,FALL
63,-1.60,5,FALL
64,1.20,6,FALL
65,7.41,8,FALL
66,19.46,12,FALL
67,6.06,7,FALL
68,9.54,8,FALL
69,0.20,5,FALL
70,39.63,19,FALL
71,32.00,16,FALL
72,4.38,7,FALL
73,1.26,5,FALL
74,-2.57,4,FALL
75,10.99,10,FALL
76,0.42,5,FALL
77,1.00,5,FALL
78,0.38,5,FALL
79,3.28,6,FALL
80,6.77,7,FALL
81,11.21,9,FALL
82,6.16,7,FALL
83,7.85,8,FALL
84,10.33,9,FALL
85,6.69,8,FALL
86,11.72,10,FALL
87,4.00,6,FALL
88,8.51,7,FALL
89,30.61,16,FALL
90,12.90,11,FALL
91,6.69,8,FALL
92,30.86,16,FALL
93,7.20,8,FALL
94,6.62,7,FALL
95,2.96,6,FALL
96,9.61,9,FALL
97,39.16,18,FALL
98,25.71,15,FALL
99,83.56,32,FALL
100,11.44,9,FALL
101,8.96,8,FALL
102,25.72,16,FALL
103,2.01,6,FALL
104,1.15,6,FALL
105,6.63,7,FALL
106,2.14,6,FALL
107,3.04,7,FALL
108,6.78,8,FALL
109,10.99,11,FALL
110,19.96,11,FALL
111,77.04,33,FALL
112,4.58,6,FALL
113,12.28,9,FALL
114,3.02,5,FALL
115,10.09,9,FALL
116,1.37,6,FALL
117,-1.16,5,FALL
118,20.13,13,FALL
119,-0.27,5,FALL
120,44.64,20,FALL
121,3.11,6,FALL
122,32.25,15,FALL
123,18.92,11,FALL
124,6.36,7,FALL
125,21.41,12,FALL
126,6.52,8,FALL
127,1.95,6,FALL
128,2.45,6,FALL
129,0.58,5,FALL
130,-0.04,5,FALL
131,7.24,9,FALL
132,26.68,14,FALL
133,15.95,11,FALL
134,8.92,8,FALL
135,6.65,7,FALL
136,0.36,5,FALL
137,15.72,11,FALL
138,15.25,11,FALL
139,29.03,16,FALL
140,10.88,9,FALL
141,0.55,6,FALL
142,9.63,9,FALL
143,4.38,7,FALL
144,13.47,10,FALL
145,9.62,8,FALL
146,11.17,10,FALL
147,31.86,16,FALL
148,1.15,5,FALL
149,5.90,7,FALL
150,6.68,8,FALL
151,2.87,6,FALL
152,10.23,9,FALL
153,5.98,8,FALL
154,12.70,10,FALL
155,9.50,9,FALL
156,12.33,10,FALL
157,-3.85,4,FALL
158,6.32,7,FALL
159,7.26,7,FALL
160,2.77,6,FALL
161,44.21,20,FALL
162,47.36,22,FALL
163,20.52,13,FALL
164,40.01,18,FALL
165,9.61,10,FALL
166,65.86,28,FALL
167,9.64,9,FALL
168,50.36,21,FALL
169,13.03,10,FALL
170,12.13,9,FALL
171,10.20,9,FALL
172,32.24,17,FALL
173,2.38,6,FALL
174,1.86,6,FALL
175,0.27,5,FALL
176,1.71,6,FALL
177,9.07,9,FALL
178,3.62,6,FALL
179,36.28,18,FALL
180,-3.30,4,FALL
181,-3.52,4,FALL
182,4.17,6,FALL
183,7.35,8,FALL
184,14.81,10,FALL
185,0.29,5,FALL
186,0.36,6,FALL
187,40.70,19,FALL
188,17.97,11,FALL
189,10.21,9,FALL
190,1.78,6,FALL
191,17.09,12,FALL
192,52.06,23,FALL
193,9.78,9,FALL
194,17.58,11,FALL
195,18.34,12,FALL
196,27.46,15,FALL
197,-5.91,4,FALL
198,13.41,10,FALL
199,13.50,10,FALL
200,5.32,7,FALL
201,0.25,6,FALL
202,17.53,12,FALL
203,5.28,8,FALL
204,87.01,36,FALL
205,4.11,6,FALL
206,12.00,10,FALL
207,34.26,17,FALL
208,7.55,8,FALL
209,22.20,13,FALL
210,67.50,28,FALL
211,6.93,8,FALL
212,4.50,6,FALL
213,16.20,11,FALL
214,4.80,7,FALL
215,1.83,6,FALL
216,10.05,9,FALL
217,5.06,7,FALL
218,50.34,23,FALL
219,6.89,8,FALL
220,14.91,10,FALL
221,7.01,8,FALL
222,-0.28,5,FALL
223,9.93,9,FALL
224,3.48,6,FALL
225,37.85,18,FALL
226,-1.49,5,FALL
227,14.48,12,FALL
228,65.09,27,FALL
229,0.90,5,FALL
230,9.33,8,FALL
231,8.18,9,FALL
232,5.07,7,FALL
233,3.40,6,FALL
234,7.86,8,FALL
235,12.96,10,FALL
236,14.51,10,FALL
237,21.68,13,FALL
238,21.77,12,FALL
239,5.32,7,FALL
240,1.19,5,FALL
241,-1.52,5,FALL
242,25.74,15,FALL
243,5.07,7,FALL
244,4.59,6,FALL
245,5.10,7,FALL
246,3.99,6,FALL
247,5.91,7,FALL
248,-3.03,4,FALL
249,3.87,6,FALL
250,-4.11,4,FALL
251,2.03,6,FALL
252,2.51,6,FALL
253,-1.41,5,FALL
254,1.22,6,FALL
255,8.90,8,FALL
256,6.06,7,FALL
257,12.67,10,FALL
258,-0.36,5,FALL
259,6.21,7,FALL
260,7.90,8,FALL
261,9.78,10,FALL
262,3.25,6,FALL
263,4.79,7,FALL
264,10.62,8,FALL
265,6.65,8,FALL
266,2.68,6,FALL
267,2.49,6,FALL
268,25.93,14,FALL
269,-0.14,5,FALL
270,1.51,6,FALL
271,4.27,6,FALL
272,-0.20,5,FALL
273,2.86,6,FALL
274,3.43,6,FALL
275,7.16,8,FALL
276,57.60,24,FALL
277,15.90,10,FALL
278,-0.90,5,FALL
279,25.60,15,FALL
280,18.26,12,FALL
281,0.18,5,FALL
282,8.43,9,FALL
283,7.91,8,FALL
284,0.44,5,FALL
285,3.86,6,FALL
286,2.43,6,FALL
287,2.50,6,FALL
288,17.00,12,FALL
289,61.75,26,FALL
290,7.22,8,FALL
291,5.48,7,FALL
292,2.59,6,FALL
293,38.46,18,FALL
294,12.20,10,FALL
295,8.85,7,FALL
296,26.45,15,FALL
297,7.52,8,FALL
298,-1.95,5,FALL
299,22.54,12,FALL
300,2.87,6,FALL
301,29.22,15,FALL
302,6.31,8,FALL
303,49.42,23,FALL
304,14.73,11,FALL
305,0.80,5,FALL
306,6.92,8,FALL
307,4.63,6,FALL
308,31.09,16,FALL
309,5.11,7,FALL
310,5.50,7,FALL
311,12.76,11,FALL
312,-1.70,5,FALL
313,-3.25,4,FALL
314,34.75,18,FALL
315,8.15,8,FALL
316,20.57,13,FALL
317,1.91,5,FALL
318,17.34,12,FALL
319,0.27,5,FALL
320,-6.11,3,FALL
321,1.64,6,FALL
322,5.51,7,FALL
323,-3.34,4,FALL
324,31.89,16,FALL
325,-0.00,5,FALL
326,3.81,6,FALL
327,1.95,6,FALL
328,25.01,14,FALL
329,12.48,10,FALL
330,-3.47,4,FALL
331,0.29,5,FALL
332,1.67,5,FALL
333,-2.71,4,FALL
334,19.00,13,FALL
335,1.85,5,FALL
336,4.60,7,FALL
337,3.08,6,FALL
338,4.24,7,FALL
339,-2.04,4,FALL
340,7.54,7,FALL
341,13.04,10,FALL
342,17.02,10,FALL
343,1.12,5,FALL
344,3.37,6,FALL
345,-0.43,5,FALL
346,0.42,5,FALL
347,-3.45,4,FALL
348,9.96,10,FALL
349,30.88,16,FALL
350,30.01,16,FALL
351,28.44,16,FALL
352,16.12,10,FALL
353,17.85,13,FALL
354,33.55,17,FALL
355,5.82,8,FALL
356,6.73,7,FALL
357,2.25,6,FALL
358,14.80,10,FALL
359,6.36,7,FALL
360,0.11,5,FALL
361,5.43,7,FALL
362,11.47,10,FALL
363,-0.47,5,FALL
364,6.14,7,FALL
365,2.52,6,FALL
366,2.66,6,FALL
367,17.54,11,FALL
368,16.29,12,FALL
369,24.65,15,FALL
370,11.30,8,FALL
371,2.41,6,FALL
372,-3.46,4,FALL
373,9.01,9,FALL
374,15.26,11,FALL
375,6.86,8,FALL
376,2.99,6,FALL
377,1.62,5,FALL
378,17.16,12,FALL
379,70.29,31,FALL
380,7.52,8,FALL
381,34.24,17,FALL
382,23.50,14,FALL
383,23.15,14,FALL
384,0.46,5,FALL
385,72.09,31,FALL
386,-2.37,5,FALL
387,46.97,20,FALL
388,15.17,11,FALL
389,16.55,11,FALL
390,10.72,10,FALL
391,18.25,13,FALL
392,17.59,12,FALL
393,16.43,12,FALL
394,10.33,9,FALL
395,-1.61,4,FALL
396,-1.05,5,FALL
397,-2.72,5,FALL
398,-1.76,4,FALL
399,37.30,17,FALL
400,9.15,8,FALL
401,4.96,7,FALL
402,4.69,6,FALL
403,12.46,9,FALL
404,5.14,7,FALL
405,0.90,5,FALL
406,5.25,8,FALL
407,31.63,16,FALL
408,14.82,10,FALL
409,4.45,7,FALL
410,22.68,14,FALL
411,3.42,7,FALL
412,7.64,8,FALL
413,8.91,8,FALL
414,-3.70,4,FALL
415,-6.13,3,FALL
416,5.44,7,FALL
417,4.06,7,FALL
418,19.54,12,FALL
419,3.56,6,FALL
420,4.59,8,FALL
421,7.60,8,FALL
422,-3.10,4,FALL
423,7.74,8,FALL
424,9.94,8,FALL
425,-0.12,5,FALL
426,17.98,12,FALL
427,7.69,8,FALL
428,7.77,8,FALL
429,-0.99,5,FALL
430,23.17,14,FALL
431,5.64,7,FALL
432,-1.21,6,FALL
433,9.32,8,FALL
434,3.05,6,FALL
435,16.08,11,FALL
436,2.97,6,FALL
437,-3.34,4,FALL
438,12.28,10,FALL
439,26.37,14,FALL
440,16.52,12,FALL
441,21.67,13,FALL
442,-1.22,5,FALL
443,0.02,5,FALL
444,3.89,7,FALL
445,-3.66,4,FALL
446,28.38,16,FALL
447,23.77,15,FALL
448,-6.57,3,FALL
449,10.46,10,FALL
450,0.18,5,FALL
451,7.51,8,FALL
452,2.57,6,FALL
453,28.29,15,FALL
454,1.36,6,FALL
455,3.45,6,FALL
456,65.52,28,FALL
457,0.84,5,FALL
458,0.49,6,FALL
459,4.15,6,FALL
460,21.27,13,FALL
461,4.32,7,FALL
462,-0.80,5,FALL
463,19.67,12,FALL
464,27.01,15,FALL
465,16.09,11,FALL
466,4.21,7,FALL
467,12.65,10,FALL
468,3.32,7,FALL
469,12.10,10,FALL
470,0.39,6,FALL
471,-0.08,5,FALL
472,1.63,6,FALL
473,19.15,14,FALL
474,3.67,7,FALL
475,4.73,7,FALL
476,3.72,6,FALL
477,34.97,18,FALL
478,8.05,8,FALL
479,13.17,10,FALL
480,-0.38,5,FALL
481,3.53,6,FALL
482,7.13,8,FALL
483,1.55,6,FALL
484,8.38,9,FALL
485,21.20,13,FALL
486,29.57,16,FALL
487,10.95,9,FALL
488,1.71,6,FALL
489,29.97,17,FALL
490,13.41,10,FALL
491,4.66,7,FALL
492,0.42,6,FALL
493,64.05,26,FALL
494,7.18,8,FALL
495,-1.23,5,FALL
496,6.46,7,FALL
497,5.57,8,FALL
498,9.35,8,FALL
499,-2.27,5,FALL
500,23.43,14,FALL
501,2.23,6,FALL
502,8.79,9,FALL
503,-0.42,5,FALL
504,12.01,10,FALL
505,71.42,29,FALL
506,2.80,6,FALL
507,-0.77,5,FALL
508,9.55,9,FALL
509,11.91,10,FALL
510,16.36,11,FALL
511,2.04,6,FALL
512,7.91,8,FALL
513,6.94,7,FALL
514,11.72,8,FALL
515,22.36,14,FALL
516,5.71,7,FALL
517,15.82,10,FALL
518,27.73,16,FALL
519,8.82,9,FALL
520,1.88,6,FALL
521,1.04,5,FALL
522,-3.20,4,FALL
523,28.31,16,FALL
524,0.26,5,FALL
525,-3.69,4,FALL
526,1.99,6,FALL
527,0.88,6,FALL
528,-2.34,4,FALL
529,7.50,8,FALL
530,18.87,11,FALL
531,75.91,33,FALL
532,20.51,13,FALL
533,1.22,6,FALL
534,29.30,16,FALL
535,1.36,6,FALL
536,4.36,7,FALL
537,4.31,7,FALL
538,9.62,7,FALL
539,8.84,8,FALL
540,20.43,13,FALL
541,-0.74,5,FALL
542,49.74,21,FALL
543,0.75,6,FALL
544,27.57,15,FALL
545,36.68,17,FALL
546,4.28,6,FALL
547,0.76,5,FALL
548,5.62,7,FALL
549,2.47,6,FALL
550,-1.77,5,FALL
551,53.70,22,FALL
552,0.85,6,FALL
553,15.03,10,FALL
554,2.69,6,FALL
555,25.78,15,FALL
556,-1.85,5,FALL
557,5.29,7,FALL
558,3.00,6,FALL
559,19.45,11,FALL
560,18.01,12,FALL
561,19.44,13,FALL
562,15.50,11,FALL
563,44.52,19,FALL
564,5.89,7,FALL
565,5.84,7,FALL
566,-2.36,4,FALL
567,-0.09,5,FALL
568,11.01,10,FALL
569,24.32,14,FALL
570,6.86,7,FALL
571,16.04,11,FALL
572,7.28,7,FALL
573,41.88,19,FALL
574,4.17,6,FALL
575,8.56,8,FALL
576,46.33,22,FALL
577,34.28,17,FALL
578,7.23,8,FALL
579,0.28,5,FALL
580,41.93,20,FALL
581,2.38,6,FALL
582,20.70,13,FALL
583,4.27,7,FALL
584,0.70,5,FALL
585,0.35,5,FALL
586,35.06,17,FALL
587,16.80,12,FALL
588,-1.12,5,FALL
589,34.21,20,FALL
590,35.61,18,FALL
591,22.10,12,FALL
592,1.24,5,FALL
593,9.93,9,FALL
594,5.92,7,FALL
595,4.84,6,FALL
596,14.95,12,FALL
597,4.74,7,FALL
598,2.00,6,FALL
599,20.89,13,FALL
600,-0.99,5,FALL
601,8.06,8,FALL
602,-1.41,5,FALL
603,8.50,8,FALL
604,1.48,6,FALL
605,7.61,8,FALL
606,8.73,8,FALL
607,51.65,22,FALL
608,-0.12,5,FALL
609,1.53,6,FALL
610,11.02,9,FALL
611,22.73,13,FALL
612,-1.34,5,FALL
613,24.30,15,FALL
614,7.27,7,FALL
615,112.06,43,FALL
616,-0.02,5,FALL
617,14.91,11,FALL
618,21.57,13,FALL
619,10.21,9,FALL
620,9.93,9,FALL
621,12.13,9,FALL
622,8.12,9,FALL
623,4.40,7,FALL
624,24.70,15,FALL
625,1.76,6,FALL
626,30.21,16,FALL
627,12.64,11,FALL
628,6.50,7,FALL
629,10.03,8,FALL
630,10.86,9,FALL
631,4.64,7,FALL
632,-1.08,5,FALL
633,13.29,11,FALL
634,46.76,21,FALL
635,9.94,9,FALL
636,14.86,11,FALL
637,9.21,8,FALL
638,4.30,7,FALL
639,30.37,16,FALL
640,8.24,8,FALL
641,12.32,10,FALL
642,85.57,35,FALL
643,3.67,6,FALL
644,6.52,8,FALL
645,20.40,12,FALL
646,15.33,11,FALL
647,8.69,9,FALL
648,35.00,17,FALL
649,16.02,11,FALL
650,2.90,6,FALL
651,38.43,17,FALL
652,7.90,8,FALL
653,1.19,6,FALL
654,3.95,7,FALL
655,3.06,6,FALL
656,1.66,6,FALL
657,34.67,17,FALL
658,29.05,16,FALL
659,2.23,6,FALL
660,-3.39,4,FALL
661,12.15,10,FALL
662,-1.99,4,FALL
663,3.44,7,FALL
664,7.82,8,FALL
665,0.42,5,FALL
666,10.96,9,FALL
667,45.25,21,FALL
668,54.32,24,FALL
669,0.40,5,FALL
670,22.06,13,FALL
671,9.77,9,FALL
672,60.58,25,FALL
673,3.79,6,FALL
674,0.12,5,FALL
675,6.68,7,FALL
676,22.14,13,FALL
677,18.24,10,FALL
678,13.95,10,FALL
679,5.40,7,FALL
680,10.03,8,FALL
681,4.21,6,FALL
682,35.51,17,FALL
683,10.89,9,FALL
684,31.64,16,FALL
685,-3.02,4,FALL
686,-0.00,6,FALL
687,14.84,11,FALL
688,21.40,13,FALL
689,20.04,14,FALL
690,18.93,12,FALL
691,11.73,10,FALL
692,45.48,21,FALL
693,-6.51,3,FALL
694,7.70,8,FALL
695,2.00,6,FALL
696,-2.40,5,FALL
697,17.16,11,FALL
698,16.28,11,FALL
699,6.11,7,FALL
700,12.26,10,FALL
701,4.16,7,FALL
702,-3.25,4,FALL
703,9.39,8,FALL
704,1.36,6,FALL
705,41.98,19,FALL
706,7.79,8,FALL
707,12.59,10,FALL
708,5.43,7,FALL
709,-3.02,4,FALL
710,22.06,13,FALL
711,3.57,7,FALL
712,14.80,11,FALL
713,30.31,16,FALL
714,2.15,6,FALL
715,4.55,7,FALL
716,2.19,6,FALL
717,3.67,6,FALL
718,9.64,9,FALL
719,32.06,16,FALL
720,6.00,8,FALL
721,2.01,6,FALL
722,7.32,7,FALL
723,19.29,11,FALL
724,1.96,6,FALL
725,6.24,8,FALL
726,-3.55,4,FALL
727,15.41,11,FALL
728,31.84,16,FALL
729,13.10,10,FALL
730,16.33,12,FALL
731,3.38,7,FALL
732,53.80,22,FALL
733,5.18,7,FALL
734,25.65,14,FALL
735,4.66,6,FALL
736,43.24,19,FALL
737,1.74,6,FALL
738,12.25,10,FALL
739,4.32,6,FALL
740,2.19,6,FALL
741,-0.47,5,FALL
742,4.31,7,FALL
743,1.95,6,FALL
744,2.73,6,FALL
745,20.44,13,FALL
746,-3.83,4,FALL
747,4.84,6,FALL
748,14.43,10,FALL
749,11.52,9,FALL
750,19.79,13,FALL
751,0.36,5,FALL
752,10.37,10,FALL
753,10.04,8,FALL
754,4.51,6,FALL
755,4.48,6,FALL
756,0.81,5,FALL
757,0.48,5,FALL
758,20.17,13,FALL
759,26.09,14,FALL
760,1.44,5,FALL
761,3.88,6,FALL
762,1.92,6,FALL
763,-3.06,4,FALL
764,86.28,35,FALL
765,14.75,11,FALL
766,13.12,10,FALL
767,11.99,9,FALL
768,16.91,12,FALL
769,-5.55,3,FALL
770,4.70,7,FALL
771,-4.26,4,FALL
772,10.98,9,FALL
773,21.62,13,FALL
774,13.78,11,FALL
775,31.80,16,FALL
776,2.86,7,FALL
777,-0.88,4,FALL
778,49.08,22,FALL
779,19.03,12,FALL
780,30.24,16,FALL
781,7.06,8,FALL
782,-6.20,3,FALL
783,15.61,13,FALL
784,74.97,27,FALL
785,3.12,6,FALL
786,45.78,20,FALL
787,8.07,8,FALL
788,4.11,7,FALL
789,10.28,9,FALL
790,0.20,5,FALL
791,26.57,15,FALL
792,16.64,12,FALL
793,11.12,9,FALL
794,6.79,8,FALL
795,7.09,8,FALL
796,9.31,8,FALL
797,16.89,11,FALL
798,21.67,13,FALL
799,4.33,8,FALL
800,7.42,8,FALL
801,4.93,7,FALL
802,5.41,7,FALL
803,6.93,7,FALL
804,23.22,15,FALL
805,26.73,14,FALL
806,8.41,8,FALL
807,-3.26,4,FALL
808,20.45,12,FALL
809,5.89,7,FALL
810,29.57,16,FALL
811,39.23,18,FALL
812,2.19,6,FALL
813,5.12,7,FALL
814,15.06,11,FALL
815,36.30,17,FALL
816,9.64,9,FALL
817,27.14,16,FALL
818,35.93,17,FALL
819,35.89,18,FALL
820,-4.20,4,FALL
821,30.58,16,FALL
822,0.42,5,FALL
823,11.04,9,FALL
824,1.28,6,FALL
825,10.08,9,FALL
826,6.46,7,FALL
827,4.40,7,FALL
828,22.40,14,FALL
829,9.15,9,FALL
830,7.24,8,FALL
831,2.20,6,FALL
832,-3.30,4,FALL
833,26.11,15,FALL
834,3.24,7,FALL
835,2.20,6,FALL
836,2.40,6,FALL
837,-2.73,4,FALL
838,5.27,7,FALL
839,11.22,10,FALL
840,30.72,16,FALL
841,2.86,6,FALL
842,0.65,5,FALL
843,45.73,20,FALL
844,12.71,10,FALL
845,76.78,30,FALL
846,12.98,10,FALL
847,-0.17,5,FALL
848,0.09,5,FALL
849,6.55,7,FALL
850,51.22,21,FALL
851,4.03,7,FALL
852,89.32,35,FALL
853,-1.20,5,FALL
854,2.10,6,FALL
855,17.02,9,FALL
856,21.63,12,FALL
857,5.94,7,FALL
858,-2.88,4,FALL
859,3.19,6,FALL
860,10.37,9,FALL
861,15.35,11,FALL
862,67.42,29,FALL
863,-3.02,4,FALL
864,10.18,9,FALL
865,7.91,8,FALL
866,15.46,10,FALL
867,3.77,7,FALL
868,27.19,15,FALL
869,0.00,6,FALL
870,9.29,8,FALL
871,5.94,7,FALL
872,1.87,6,FALL
873,13.76,10,FALL
874,35.44,18,FALL
875,-3.00,4,FALL
876,9.32,8,FALL
877,43.08,21,FALL
878,18.59,13,FALL
879,2.74,6,FALL
880,15.20,11,FALL
881,46.72,22,FALL
882,3.52,6,FALL
883,3.04,6,FALL
884,5.71,8,FALL
885,14.77,10,FALL
886,52.60,22,FALL
887,34.07,17,FALL
888,26.26,16,FALL
889,-1.40,5,FALL
890,10.52,9,FALL
891,20.56,12,FALL
892,24.61,13,FALL
893,2.34,6,FALL
894,4.01,7,FALL
895,15.43,11,FALL
896,24.01,14,FALL
897,7.86,9,FALL
898,27.70,15,FALL
899,12.09,9,FALL
900,33.82,17,FALL
901,2.47,6,FALL
902,4.61,7,FALL
903,31.85,17,FALL
904,6.14,8,FALL
905,3.20,6,FALL
906,12.56,10,FALL
907,5.86,7,FALL
908,36.62,18,FALL
909,17.06,12,FALL
910,31.97,16,FALL
911,4.05,7,FALL
912,29.40,16,FALL
913,5.76,8,FALL
914,5.23,7,FALL
915,5.38,7,FALL
916,82.77,33,FALL
917,36.99,17,FALL
918,-2.20,4,FALL
919,9.26,9,FALL
920,16.59,12,FALL
921,14.85,10,FALL
922,2.61,6,FALL
923,37.65,19,FALL
924,0.40,5,FALL
925,15.50,11,FALL
926,15.72,11,FALL
927,7.13,8,FALL
928,2.49,6,FALL
929,7.70,8,FALL
930,26.09,14,FALL
931,4.56,7,FALL
932,-0.86,5,FALL
933,28.63,16,FALL
934,24.90,15,FALL
935,4.80,7,FALL
936,86.71,34,FALL
937,23.98,14,FALL
938,-1.10,5,FALL
939,-6.22,3,FALL
940,1.74,5,FALL
941,-3.13,4,FALL
942,6.77,7,FALL
943,1.93,6,FALL
944,4.79,6,FALL
945,70.69,29,FALL
946,88.22,34,FALL
947,4.50,7,FALL
948,2.07,6,FALL
949,-0.17,5,FALL
950,1.95,6,FALL
951,-0.27,5,FALL
952,26.15,15,FALL
953,2.90,6,FALL
954,-0.27,5,FALL
955,0.57,5,FALL
956,54.36,25,FALL
957,0.60,6,FALL
958,2.22,6,FALL
959,30.87,16,FALL
960,9.70,8,FALL
961,-2.02,5,FALL
962,32.93,16,FALL
963,7.20,7,FALL
964,80.14,34,FALL
965,21.35,14,FALL
966,9.01,8,FALL
967,0.36,5,FALL
968,5.47,8,FALL
969,14.50,10,FALL
970,15.86,11,FALL
971,5.46,7,FALL
972,20.58,13,FALL
973,5.06,7,FALL
974,8.76,9,FALL
975,2.79,6,FALL
976,16.46,11,FALL
977,30.47,15,FALL
978,-1.11,5,FALL
979,-3.29,4,FALL
980,18.90,12,FALL
981,8.93,8,FALL
982,7.75,8,FALL
983,1.10,5,FALL
984,4.70,7,FALL
985,-2.87,4,FALL
986,1.71,6,FALL
987,41.04,18,FALL
988,-2.53,4,FALL
989,17.73,12,FALL
990,28.25,15,FALL
991,48.18,21,FALL
992,114.07,41,FALL
993,24.87,13,FALL
994,35.53,17,FALL
995,6.88,8,FALL
996,5.15,7,FALL
997,4.60,7,FALL
998,27.56,15,FALL
999,13.70,10,FALL
1000,3.65,7,FALL
1001,26.42,15,FALL
1002,3.53,6,FALL
1003,10.95,9,FALL
1004,-1.11,5,FALL
1005,14.40,11,FALL
1006,22.49,15,FALL
1007,1.06,5,FALL
1008,-0.42,5,FALL
1009,22.13,13,FALL
1010,-3.55,4,FALL
1011,9.23,8,FALL
1012,8.80,9,FALL
1013,2.38,6,FALL
1014,62.63,27,FALL
1015,3.58,7,FALL
1016,35.30,17,FALL
1017,15.36,11,FALL
1018,1.67,6,FALL
1019,17.81,11,FALL
1020,6.89,8,FALL
1021,6.16,7,FALL
1022,5.33,7,FALL
1023,5.14,7,FALL
1024,17.40,12,FALL
1025,8.15,8,FALL
1026,15.18,11,FALL
1027,11.11,9,FALL
1028,23.96,14,FALL
1029,-0.88,5,FALL
1030,21.43,13,FALL
1031,98.69,38,FALL
1032,15.22,11,FALL
1033,35.76,17,FALL
1034,9.46,8,FALL
1035,14.21,10,FALL
1036,16.63,11,FALL
1037,112.48,43,FALL
1038,21.50,13,FALL
1039,8.88,8,FALL
1040,4.56,7,FALL
1041,22.44,13,FALL
1042,20.24,13,FALL
1043,2.42,6,FALL
1044,2.63,6,FALL
1045,29.96,16,FALL
1046,9.14,8,FALL
1047,2.16,6,FALL
1048,15.46,11,FALL
1049,28.29,15,FALL
1050,28.42,15,FALL
1051,-2.20,4,FALL
1052,10.09,9,FALL
1053,27.23,15,FALL
1054,2.06,6,FALL
1055,8.96,8,FALL
1056,-0.57,5,FALL
1057,9.61,10,FALL
1058,45.67,21,FALL
1059,21.14,13,FALL
1060,-2.92,4,FALL
1061,8.36,8,FALL
1062,69.01,28,FALL
1063,26.88,15,FALL
1064,11.09,9,FALL
1065,9.30,9,FALL
1066,25.35,15,FALL
1067,10.28,9,FALL
1068,14.60,11,FALL
1069,5.16,7,FALL
1070,8.27,8,FALL
1071,18.39,12,FALL
1072,18.92,13,FALL
1073,14.65,10,FALL
1074,48.36,21,FALL
1075,2.91,6,FALL
1076,21.61,14,FALL
1077,-0.56,4,FALL
1078,-5.64,3,FALL
1079,22.21,13,FALL
1080,10.92,9,FALL
1081,-2.07,4,FALL
1082,4.10,7,FALL
1083,27.98,15,FALL
1084,9.70,9,FALL
1085,2.36,6,FALL
1086,7.20,8,FALL
1087,25.33,14,FALL
1088,-2.92,5,FALL
1089,56.33,25,FALL
1090,12.28,9,FALL
1091,32.75,16,FALL
1092,28.86,15,FALL
1093,52.81,22,FALL
1094,3.36,7,FALL
1095,5.16,7,FALL
1096,9.62,9,FALL
1097,13.59,10,FALL
1098,17.35,12,FALL
1099,2.58,6,FALL
1100,24.35,15,FALL
1101,18.21,12,FALL
1102,41.15,20,FALL
1103,8.52,8,FALL
1104,17.33,11,FALL
1105,21.51,12,FALL
1106,0.92,5,FALL
1107,7.63,8,FALL
1108,16.21,11,FALL
1109,41.32,19,FALL
1110,4.01,6,FALL
1111,2.60,7,FALL
1112,-3.22,4,FALL
1113,6.78,7,FALL
1114,19.69,14,FALL
1115,16.15,11,FALL
1116,12.65,9,FALL
1117,14.31,10,FALL
1118,4.48,6,FALL
1119,-0.75,4,FALL
1120,16.87,12,FALL
1121,10.80,10,FALL
1122,19.89,13,FALL
1123,9.73,9,FALL
1124,14.20,10,FALL
1125,-3.13,4,FALL
1126,5.06,7,FALL
1127,15.07,11,FALL
1128,19.68,12,FALL
1129,26.77,15,FALL
1130,6.04,8,FALL
1131,35.09,17,FALL
1132,22.01,14,FALL
1133,70.05,28,FALL
1134,10.08,10,FALL
1135,-4.04,4,FALL
1136,27.22,14,FALL
1137,27.69,15,FALL
1138,18.05,12,FALL
1139,3.86,7,FALL
1140,0.40,5,FALL
1141,12.15,9,FALL
1142,14.82,11,FALL
1143,19.26,13,FALL
1144,-2.35,4,FALL
1145,21.14,12,FALL
1146,20.20,14,FALL
1147,30.21,16,FALL
1148,-3.83,4,FALL
1149,20.26,11,FALL
1150,30.70,15,FALL
1151,2.01,6,FALL
1152,24.05,13,FALL
1153,3.94,7,FALL
1154,-3.87,4,FALL
1155,7.94,8,FALL
1156,2.80,6,FALL
1157,34.46,17,FALL
1158,24.95,15,FALL
1159,1.19,6,FALL
1160,14.24,10,FALL
1161,24.41,15,FALL
1162,10.51,9,FALL
1163,17.43,12,FALL
1164,27.80,15,FALL
1165,4.21,8,FALL
1166,25.35,15,FALL
1167,2.62,6,FALL
1168,7.33,8,FALL
1169,41.88,20,FALL
1170,15.89,11,FALL
1171,28.87,16,FALL
1172,0.05,5,FALL
1173,15.48,10,FALL
1174,31.32,16,FALL
1175,10.98,9,FALL
1176,14.71,10,FALL
1177,17.98,11,FALL
1178,3.65,7,FALL
1179,23.25,14,FALL
1180,26.83,15,FALL
1181,18.02,11,FALL
1182,0.08,5,FALL
1183,21.39,13,FALL
1184,11.91,9,FALL
1185,4.18,6,FALL
1186,26.03,15,FALL
1187,29.89,14,FALL
1188,35.14,17,FALL
1189,2.14,6,FALL
1190,19.21,12,FALL
1191,17.11,11,FALL
1192,8.32,8,FALL
1193,55.97,25,FALL
1194,0.44,5,FALL
1195,20.50,11,FALL
1196,1.34,6,FALL
1197,4.20,7,FALL
1198,-1.07,5,FALL
1199,33.42,16,FALL
1200,63.94,27,FALL
1201,19.36,12,FALL
1202,28.07,15,FALL
1203,-5.07,3,FALL
1204,31.72,16,FALL
1205,1.39,6,FALL
1206,11.85,9,FALL
1207,23.94,14,FALL
1208,-0.01,5,FALL
1209,2.94,6,FALL
1210,31.30,16,FALL
1211,26.03,15,FALL
1212,23.42,14,FALL
1213,16.09,11,FALL
1214,28.55,15,FALL
1215,41.17,19,FALL
1216,0.89,5,FALL
1217,0.31,5,FALL
1218,44.69,20,FALL
1219,141.82,50,FALL
1220,-0.24,5,FALL
1221,21.46,14,FALL
1222,23.09,15,FALL
1223,20.18,13,FALL
1224,0.49,5,FALL
1225,42.01,20,FALL
1226,32.37,16,FALL
1227,12.25,10,FALL
1228,15.85,11,FALL
1229,25.42,14,FALL
1230,31.77,16,FALL
1231,38.21,19,FALL
1232,-0.54,5,FALL
1233,9.23,9,FALL
1234,0.61,6,FALL
1235,19.50,13,FALL
1236,33.07,16,FALL
1237,14.46,11,FALL
1238,-2.92,4,FALL
1239,17.46,12,FALL
1240,4.94,6,FALL
1241,20.23,13,FALL
1242,31.40,17,FALL
1243,20.45,13,FALL
1244,29.33,17,FALL
1245,8.54,9,FALL
1246,1.79,6,FALL
1247,38.32,18,FALL
1248,-0.87,5,FALL
1249,13.94,10,FALL
1250,16.42,12,FALL
1251,0.10,5,FALL
1252,2.14,6,FALL
1253,2.59,6,FALL
1254,42.68,20,FALL
1255,28.38,16,FALL
1256,10.11,9,FALL
1257,30.15,16,FALL
1258,16.30,11,FALL
1259,11.06,9,FALL
1260,-0.25,5,FALL
1261,-1.16,5,FALL
1262,-1.87,4,FALL
1263,-3.32,4,FALL
1264,27.94,15,FALL
1265,29.81,17,FALL
1266,37.60,17,FALL
1267,4.36,7,FALL
1268,-1.57,5,FALL
1269,-0.98,5,FALL
1270,6.99,8,FALL
1271,42.18,20,FALL
1272,-0.29,5,FALL
1273,13.70,10,FALL
1274,27.65,15,FALL
1275,36.51,18,FALL
1276,12.93,10,FALL
1277,-3.00,4,FALL
1278,40.01,18,FALL
1279,26.01,15,FALL
1280,12.47,9,FALL
1281,11.37,10,FALL
1282,26.45,15,FALL
1283,20.41,13,FALL
1284,3.84,6,FALL
1285,8.60,8,FALL
1286,9.11,9,FALL
1287,17.38,11,FALL
1288,4.17,6,FALL
1289,-3.08,4,FALL
1290,12.24,9,FALL
1291,12.97,10,FALL
1292,14.20,10,FALL
1293,-1.16,5,FALL
1294,-3.66,4,FALL
1295,27.84,16,FALL
1296,0.35,5,FALL
1297,4.68,7,FALL
1298,24.87,14,FALL
1299,2.01,6,FALL
1300,0.91,6,FALL
1301,-3.55,4,FALL
1302,3.41,6,FALL
1303,8.27,9,FALL
1304,3.22,6,FALL
1305,-3.45,4,FALL
1306,-0.47,5,FALL
1307,7.69,8,FALL
1308,18.63,12,FALL
1309,2.34,6,FALL
1310,3.29,6,FALL
1311,14.86,11,FALL
1312,1.88,6,FALL
1313,34.28,16,FALL
1314,22.33,13,FALL
1315,3.06,6,FALL
1316,1.12,5,FALL
1317,4.69,7,FALL
1318,-2.36,4,FALL
1319,5.98,7,FALL
1320,29.64,16,FALL
1321,12.68,10,FALL
1322,1.46,6,FALL
1323,60.08,27,FALL
1324,15.76,11,FALL
1325,-5.17,3,FALL
1326,-0.40,5,FALL
1327,117.36,45,FALL
1328,0.34,6,FALL
1329,2.37,6,FALL
1330,32.95,16,FALL
1331,36.34,18,FALL
1332,0.34,5,FALL
1333,-2.63,4,FALL
1334,13.17,11,FALL
1335,8.41,8,FALL
1336,3.73,7,FALL
1337,4.30,7,FALL
1338,8.58,8,FALL
1339,10.17,8,FALL
1340,15.21,11,FALL
1341,11.36,9,FALL
1342,-0.33,5,FALL
1343,5.17,7,FALL
1344,24.29,13,FALL
1345,4.95,7,FALL
1346,25.34,14,FALL
1347,11.52,9,FALL
1348,1.88,5,FALL
1349,7.93,8,FALL
1350,32.66,18,FALL
1351,1.92,6,FALL
1352,10.23,9,FALL
1353,-4.13,4,FALL
1354,10.46,9,FALL
1355,38.52,20,FALL
1356,6.14,8,FALL
1357,12.01,10,FALL
1358,27.86,16,FALL
1359,2.63,6,FALL
1360,10.17,9,FALL
1361,30.35,16,FALL
1362,1.92,6,FALL
1363,4.28,8,FALL
1364,1.11,6,FALL
1365,1.16,6,FALL
1366,14.04,11,FALL
1367,-5.85,3,FALL
1368,6.48,8,FALL
1369,8.02,8,FALL
1370,3.72,7,FALL
1371,-2.99,4,FALL
1372,30.50,16,FALL
1373,13.27,10,FALL
1374,3.45,6,FALL
1375,-2.63,4,FALL
1376,9.66,9,FALL
1377,28.19,15,FALL
1378,16.62,11,FALL
1379,5.22,7,FALL
1380,-0.63,5,FALL
1381,1.17,6,FALL
1382,132.47,50,FALL
1383,8.36,8,FALL
1384,2.21,6,FALL
1385,43.16,20,FALL
1386,-1.21,5,FALL
1387,4.77,8,FALL
1388,23.48,14,FALL
1389,17.15,11,FALL
1390,0.11,5,FALL
1391,-1.00,5,FALL
1392,-2.54,4,FALL
1393,1.50,6,FALL
1394,17.17,11,FALL
1395,5.63,7,FALL
1396,0.64,6,FALL
1397,15.08,12,FALL
1398,29.54,16,FALL
1399,53.86,23,FALL
1400,11.95,10,FALL
1401,32.85,16,FALL
1402,-5.39,3,FALL
1403,10.28,9,FALL
1404,27.24,15,FALL
1405,12.48,10,FALL
1406,1.41,6,FALL
1407,24.07,14,FALL
1408,2.73,6,FALL
1409,8.19,8,FALL
1410,16.45,11,FALL
1411,79.20,33,FALL
1412,10.88,9,FALL
1413,40.72,20,FALL
1414,29.58,16,FALL
1415,17.90,12,FALL
1416,4.10,6,FALL
1417,40.39,19,FALL
1418,2.28,6,FALL
1419,115.97,43,FALL
1420,8.75,8,FALL
1421,32.73,17,FALL
1422,27.72,15,FALL
1423,59.57,25,FALL
1424,5.62,7,FALL
1425,37.71,18,FALL
1426,9.92,9,FALL
1427,1.51,6,FALL
1428,31.45,16,FALL
1429,36.64,18,FALL
1430,2.34,6,FALL
1431,7.42,8,FALL
1432,43.99,20,FALL
1433,-0.59,5,FALL
1434,-1.60,5,FALL
1435,35.44,17,FALL
1436,10.26,10,FALL
1437,18.28,12,FALL
1438,54.68,24,FALL
1439,32.28,17,FALL
1440,12.73,9,FALL
1441,4.85,7,FALL
1442,54.98,25,FALL
1443,2.04,6,FALL
1444,27.40,15,FALL
1445,20.01,12,FALL
1446,61.76,26,FALL
1447,0.56,5,FALL
1448,11.83,11,FALL
1449,-3.40,4,FALL
1450,51.41,22,FALL
1451,32.56,16,FALL
1452,11.38,10,FALL
1453,10.44,9,FALL
1454,-2.19,4,FALL
1455,40.34,19,FALL
1456,23.25,14,FALL
1457,3.79,6,FALL
1458,21.24,12,FALL
1459,20.94,13,FALL
1460,22.55,14,FALL
1461,26.29,14,FALL
1462,21.67,12,FALL
1463,17.02,12,FALL
1464,30.01,16,FALL
1465,48.46,21,FALL
1466,93.66,36,FALL
1467,5.48,7,FALL
1468,32.06,16,FALL
1469,17.75,12,FALL
1470,4.44,7,FALL
1471,4.43,7,FALL
1472,30.91,16,FALL
1473,23.70,14,FALL
1474,0.96,5,FALL
1475,5.87,8,FALL
1476,9.62,8,FALL
1477,4.33,7,FALL
1478,90.05,36,FALL
1479,10.51,10,FALL
1480,-1.53,5,FALL
1481,37.27,17,FALL
1482,-3.91,4,FALL
1483,94.72,35,FALL
1484,-5.45,3,FALL
1485,16.60,11,FALL
1486,-1.09,5,FALL
1487,5.68,7,FALL
1488,2.45,6,FALL
1489,34.78,17,FALL
1490,28.82,16,FALL
1491,23.21,15,FALL
1492,29.89,16,FALL
1493,15.16,10,FALL
1494,108.77,42,FALL
1495,-3.17,4,FALL
1496,25.88,16,FALL
1497,106.11,43,FALL
1498,3.80,7,FALL
1499,5.57,7,FALL
1500,5.32,8,FALL
1501,0.70,6,FALL
1502,7.65,9,FALL
1503,-2.66,4,FALL
1504,22.73,14,FALL
1505,24.07,14,FALL
1506,28.37,16,FALL
1507,0.23,5,FALL
1508,-3.04,4,FALL
1509,2.82,6,FALL
1510,-0.59,5,FALL
1511,31.24,16,FALL
1512,27.65,15,FALL
1513,2.33,6,FALL
1514,1.07,5,FALL
1515,27.81,16,FALL
1516,27.23,15,FALL
1517,4.76,7,FALL
1518,29.19,17,FALL
1519,5.39,8,FALL
1520,100.25,38,FALL
1521,13.22,9,FALL
1522,12.24,10,FALL
1523,8.14,8,FALL
1524,8.68,8,FALL
1525,16.22,11,FALL
1526,46.93,21,FALL
1527,14.53,11,FALL
1528,2.93,6,FALL
1529,8.86,8,FALL
1530,-1.17,5,FALL
1531,27.51,15,FALL
1532,14.61,10,FALL
1533,23.42,14,FALL
1534,12.37,9,FALL
1535,26.93,15,FALL
1536,29.13,16,FALL
1537,-1.21,4,FALL
1538,16.14,12,FALL
1539,0.33,6,FALL
1540,5.62,8,FALL
1541,24.68,14,FALL
1542,22.47,14,FALL
1543,5.97,8,FALL
1544,32.42,17,FALL
1545,88.11,34,FALL
1546,29.33,15,FALL
1547,12.73,10,FALL
1548,-1.35,5,FALL
1549,30.70,16,FALL
1550,5.31,7,FALL
1551,1.89,6,FALL
1552,14.38,9,FALL
1553,1.11,5,FALL
1554,7.79,8,FALL
1555,4.03,6,FALL
1556,5.53,7,FALL
1557,14.89,10,FALL
1558,114.08,42,FALL
1559,31.18,16,FALL
1560,11.59,9,FALL
1561,27.98,16,FALL
1562,6.35,8,FALL
1563,12.84,10,FALL
1564,-0.38,5,FALL
1565,27.88,16,FALL
1566,28.30,16,FALL
1567,18.52,12,FALL
1568,15.63,11,FALL
1569,92.51,38,FALL
1570,29.99,16,FALL
1571,26.70,15,FALL
1572,-1.85,5,FALL
1573,27.94,15,FALL
1574,13.14,11,FALL
1575,8.02,8,FALL
1576,5.79,7,FALL
1577,21.82,13,FALL
1578,13.69,10,FALL
1579,-1.56,5,FALL
1580,39.96,19,FALL
1581,-2.59,4,FALL
1582,32.53,16,FALL
1583,30.42,16,FALL
1584,11.60,9,FALL
1585,18.93,13,FALL
1586,11.75,9,FALL
1587,-0.24,5,FALL
1588,30.67,16,FALL
1589,3.58,7,FALL
1590,28.24,16,FALL
1591,20.12,13,FALL
1592,29.80,16,FALL
1593,17.42,11,FALL
1594,-3.56,4,FALL
1595,28.67,15,FALL
1596,51.21,22,FALL
1597,27.76,15,FALL
1598,3.34,6,FALL
1599,6.79,8,FALL
1600,-0.09,6,FALL
1601,13.09,10,FALL
1602,5.21,7,FALL
1603,35.94,17,FALL
1604,9.66,9,FALL
1605,6.11,7,FALL
1606,30.47,16,FALL
1607,1.32,6,FALL
1608,59.33,25,FALL
1609,0.39,6,FALL
1610,10.20,8,FALL
1611,10.98,9,FALL
1612,2.41,6,FALL
1613,20.33,12,FALL
1614,-1.09,4,FALL
1615,11.22,9,FALL
1616,7.29,8,FALL
1617,6.43,8,FALL
1618,6.48,7,FALL
1619,-1.58,5,FALL
1620,-0.20,5,FALL
1621,30.50,16,FALL
1622,33.36,17,FALL
1623,28.60,15,FALL
1624,-6.09,3,FALL
1625,34.42,18,FALL
1626,7.32,8,FALL
1627,51.13,21,FALL
1628,30.56,16,FALL
1629,2.87,6,FALL
1630,21.50,14,FALL
1631,32.48,17,FALL
1632,-3.98,4,FALL
1633,18.01,12,FALL
1634,39.99,20,FALL
1635,5.29,7,FALL
1636,28.40,15,FALL
1637,17.34,11,FALL
1638,11.57,10,FALL
1639,26.08,14,FALL
1640,31.07,16,FALL
1641,1.70,6,FALL
1642,29.51,16,FALL
1643,5.06,7,FALL
1644,0.60,6,FALL
1645,31.17,16,FALL
1646,12.16,9,FALL
1647,25.42,15,FALL
1648,32.99,17,FALL
1649,36.31,18,FALL
1650,11.55,8,FALL
1651,10.98,9,FALL
1652,15.43,12,FALL
1653,6.42,8,FALL
1654,19.29,12,FALL
1655,-1.94,4,FALL
1656,6.10,8,FALL
1657,21.94,13,FALL
1658,33.80,16,FALL
1659,26.15,15,FALL
1660,0.93,5,FALL
1661,25.80,14,FALL
1662,18.83,12,FALL
1663,7.29,8,FALL
1664,36.05,18,FALL
1665,19.37,13,FALL
1666,26.95,15,FALL
1667,4.04,7,FALL
1668,2.87,6,FALL
1669,11.99,10,FALL
1670,80.60,33,FALL
1671,13.42,10,FALL
1672,15.09,11,FALL
1673,10.57,9,FALL
1674,24.58,15,FALL
1675,7.35,8,FALL
1676,45.06,20,FALL
1677,31.24,16,FALL
1678,10.23,11,FALL
1679,41.33,19,FALL
1680,6.39,8,FALL
1681,-2.00,4,FALL
1682,-1.24,5,FALL
1683,13.33,11,FALL
1684,2.14,6,FALL
1685,78.97,32,FALL
1686,34.12,17,FALL
1687,78.84,31,FALL
1688,29.39,16,FALL
1689,13.41,9,FALL
1690,54.28,23,FALL
1691,25.06,14,FALL
1692,10.16,8,FALL
1693,12.86,10,FALL
1694,18.59,11,FALL
1695,0.44,6,FALL
1696,86.47,35,FALL
1697,12.36,11,FALL
1698,28.59,15,FALL
1699,-3.67,4,FALL
1700,-6.08,3,FALL
1701,15.62,12,FALL
1702,30.09,16,FALL
1703,28.74,15,FALL
1704,-0.93,5,FALL
1705,15.88,12,FALL
1706,13.80,11,FALL
1707,4.29,7,FALL
1708,12.35,9,FALL
1709,40.37,19,FALL
1710,14.95,10,FALL
1711,0.74,5,FALL
1712,16.79,12,FALL
1713,34.04,19,FALL
1714,12.20,9,FALL
1715,14.99,12,FALL
1716,10.71,10,FALL
1717,24.24,14,FALL
1718,17.05,12,FALL
1719,57.13,24,FALL
1720,59.55,25,FALL
1721,1.90,6,FALL
1722,20.16,13,FALL
1723,13.50,10,FALL
1724,1.42,6,FALL
1725,42.43,19,FALL
1726,25.12,15,FALL
1727,11.94,9,FALL
1728,10.13,9,FALL
1729,13.55,10,FALL
1730,80.73,33,FALL
1731,10.20,10,FALL
1732,28.27,16,FALL
1733,32.61,16,FALL
1734,26.65,14,FALL
1735,1.81,6,FALL
1736,124.08,49,FALL
1737,9.91,9,FALL
1738,7.51,8,FALL
1739,9.20,8,FALL
1740,3.65,6,FALL
1741,0.87,6,FALL
1742,12.97,10,FALL
1743,0.05,5,FALL
1744,16.58,11,FALL
1745,22.92,14,FALL
1746,29.73,16,FALL
1747,36.72,19,FALL
1748,27.84,15,FALL
1749,7.77,8,FALL
1750,11.11,9,FALL
1751,31.71,16,FALL
1752,15.12,12,FALL
1753,-1.37,5,FALL
1754,17.15,12,FALL
1755,36.92,18,FALL
1756,7.48,8,FALL
1757,6.50,7,FALL
1758,11.96,8,FALL
1759,4.04,7,FALL
1760,28.43,15,FALL
1761,4.53,7,FALL
1762,-4.30,4,FALL
1763,19.13,11,FALL
1764,30.43,16,FALL
1765,9.27,9,FALL
1766,-0.40,5,FALL
1767,-1.23,5,FALL
1768,10.83,11,FALL
1769,51.24,24,FALL
1770,29.61,15,FALL
1771,9.92,8,FALL
1772,-3.15,4,FALL
1773,8.52,8,FALL
1774,10.47,8,FALL
1775,22.01,14,FALL
1776,12.43,10,FALL
1777,15.36,11,FALL
1778,8.89,9,FALL
1779,9.08,9,FALL
1780,37.41,17,FALL
1781,14.74,10,FALL
1782,1.42,6,FALL
1783,10.46,9,FALL
1784,4.99,7,FALL
1785,9.33,9,FALL
1786,-1.12,5,FALL
1787,0.37,5,FALL
1788,-3.49,4,FALL
1789,2.40,6,FALL
1790,30.57,15,FALL
1791,13.91,10,FALL
1792,22.01,14,FALL
1793,39.77,19,FALL
1794,8.37,10,FALL
1795,4.81,6,FALL
1796,7.48,8,FALL
1797,3.72,7,FALL
1798,26.60,15,FALL
1799,46.48,20,FALL
1800,8.86,8,FALL
1801,16.13,11,FALL
1802,25.10,13,FALL
1803,32.58,17,FALL
1804,16.01,11,FALL
1805,6.17,7,FALL
1806,-2.31,4,FALL
1807,17.51,12,FALL
1808,5.55,7,FALL
1809,9.85,9,FALL
1810,7.72,8,FALL
1811,1.30,5,FALL
1812,10.23,9,FALL
1813,7.78,8,FALL
1814,20.29,12,FALL
1815,45.97,20,FALL
1816,15.48,11,FALL
1817,46.79,21,FALL
1818,-7.06,3,FALL
1819,4.11,6,FALL
1820,26.21,15,FALL
1821,5.53,8,FALL
1822,77.89,31,FALL
1823,16.46,10,FALL
1824,-2.32,4,FALL
1825,48.00,20,FALL
1826,11.51,9,FALL
1827,41.71,19,FALL
1828,32.23,16,FALL
1829,13.03,10,FALL
1830,19.40,14,FALL
1831,-3.73,4,FALL
1832,23.97,14,FALL
1833,25.68,15,FALL
1834,24.81,14,FALL
1835,58.09,26,FALL
1836,16.70,12,FALL
1837,19.29,12,FALL
1838,2.09,6,FALL
1839,7.38,9,FALL
1840,2.82,6,FALL
1841,30.67,17,FALL
1842,14.37,11,FALL
1843,8.76,8,FALL
1844,15.40,11,FALL
1845,33.53,17,FALL
1846,16.32,11,FALL
1847,20.95,13,FALL
1848,-0.26,5,FALL
1849,2.51,6,FALL
1850,7.78,8,FALL
1851,4.57,7,FALL
1852,40.56,20,FALL
1853,21.17,14,FALL
1854,29.84,16,FALL
1855,13.42,10,FALL
1856,28.30,16,FALL
1857,30.00,16,FALL
1858,35.14,16,FALL
1859,1.13,6,FALL
1860,1.67,6,FALL
1861,16.07,12,FALL
1862,25.57,14,FALL
1863,8.84,8,FALL
1864,-0.54,5,FALL
1865,13.93,10,FALL
1866,33.42,18,FALL
1867,5.70,7,FALL
1868,23.81,13,FALL
1869,4.84,7,FALL
1870,7.29,8,FALL
1871,25.73,14,FALL
1872,11.24,9,FALL
1873,5.22,7,FALL
1874,9.96,9,FALL
1875,10.01,9,FALL
1876,7.03,8,FALL
1877,24.93,15,FALL
1878,4.84,7,FALL
1879,5.78,7,FALL
1880,36.59,19,FALL
1881,1.52,5,FALL
1882,1.56,6,FALL
1883,17.40,11,FALL
1884,29.70,15,FALL
1885,17.30,12,FALL
1886,0.17,5,FALL
1887,0.61,5,FALL
1888,47.17,22,FALL
1889,1.54,6,FALL
1890,22.24,13,FALL
1891,7.98,8,FALL
1892,23.07,14,FALL
1893,6.23,8,FALL
1894,15.39,11,FALL
1895,9.60,9,FALL
1896,-6.56,3,FALL
1897,40.16,19,FALL
1898,29.31,15,FALL
1899,7.44,8,FALL
1900,4.86,7,FALL
1901,1.17,6,FALL
1902,31.40,17,FALL
1903,32.44,16,FALL
1904,81.86,33,FALL
1905,-0.13,5,FALL
1906,7.68,8,FALL
1907,25.72,14,FALL
1908,4.32,7,FALL
1909,8.68,8,FALL
1910,30.71,16,FALL
1911,28.87,16,FALL
1912,18.03,12,FALL
1913,34.84,18,FALL
1914,1.93,6,FALL
1915,57.64,23,FALL
1916,-0.67,5,FALL
1917,17.82,11,FALL
1918,65.17,27,FALL
1919,18.72,12,FALL
1920,47.83,21,FALL
1921,43.79,21,FALL
1922,4.37,7,FALL
1923,27.15,15,FALL
1924,-3.19,4,FALL
1925,26.05,15,FALL
1926,29.08,16,FALL
1927,12.85,11,FALL
1928,19.16,13,FALL
1929,26.36,15,FALL
1930,42.54,20,FALL
1931,-1.02,5,FALL
1932,-0.70,5,FALL
1933,31.14,16,FALL
1934,43.28,20,FALL
1935,-2.90,4,FALL
1936,5.53,7,FALL
1937,8.18,8,FALL
1938,12.43,10,FALL
1939,12.42,9,FALL
1940,27.77,15,FALL
1941,21.85,13,FALL
1942,19.34,13,FALL
1943,11.87,10,FALL
1944,5.89,6,FALL
1945,8.55,9,FALL
1946,103.09,40,FALL
1947,1.05,6,FALL
1948,4.41,7,FALL
1949,-0.14,5,FALL
1950,51.14,23,FALL
1951,51.28,23,FALL
1952,13.11,10,FALL
1953,15.65,11,FALL
1954,-5.71,3,FALL
1955,18.90,13,FALL
1956,-0.09,5,FALL
1957,4.94,7,FALL
1958,11.93,10,FALL
1959,6.32,7,FALL
1960,20.92,12,FALL
1961,16.60,12,FALL
1962,19.27,13,FALL
1963,4.83,7,FALL
1964,-2.15,4,FALL
1965,26.76,15,FALL
1966,46.77,20,FALL
1967,9.56,9,FALL
1968,26.30,15,FALL
1969,-3.52,4,FALL
1970,22.89,14,FALL
1971,34.25,18,FALL
1972,9.35,10,FALL
1973,28.75,15,FALL
1974,33.15,16,FALL
1975,13.13,9,FALL
1976,28.74,16,FALL
1977,44.76,20,FALL
1978,52.30,24,FALL
1979,52.03,23,FALL
1980,5.25,7,FALL
1981,5.79,7,FALL
1982,9.20,8,FALL
1983,31.13,16,FALL
1984,24.58,15,FALL
1985,22.19,13,FALL
1986,20.26,13,FALL
1987,19.39,13,FALL
1988,24.63,16,FALL
1989,9.66,9,FALL
1990,5.10,7,FALL
1991,2.86,6,FALL
1992,27.24,15,FALL
1993,44.40,20,FALL
1994,8.32,8,FALL
1995,26.63,15,FALL
1996,11.21,10,FALL
1997,5.55,7,FALL
1998,12.16,10,FALL
1999,32.59,16,FALL
2000,3.44,8,FALL
2001,22.66,14,FALL
2002,16.66,11,FALL
2003,2.43,7,FALL
2004,43.73,19,FALL
2005,28.60,15,FALL
2006,-3.83,4,FALL
2007,2.66,6,FALL
2008,7.26,8,FALL
2009,33.08,16,FALL
2010,20.05,12,FALL
2011,9.48,8,FALL
2012,9.88,9,FALL
2013,-1.27,5,FALL
2014,16.15,11,FALL
2015,48.92,22,FALL
2016,8.60,9,FALL
2017,13.00,10,FALL
2018,3.99,6,FALL
2019,30.23,16,FALL
2020,8.67,9,FALL
2021,2.01,5,FALL
2022,-3.03,4,FALL
2023,17.95,12,FALL
2024,3.87,6,FALL
2025,9.62,8,FALL
2026,21.66,14,FALL
2027,4.40,7,FALL
2028,30.19,16,FALL
2029,28.50,15,FALL
2030,14.54,11,FALL
2031,11.87,10,FALL
2032,44.88,20,FALL
2033,3.84,7,FALL
2034,42.21,20,FALL
2035,6.64,7,FALL
2036,-3.82,4,FALL
2037,53.07,23,FALL
2038,17.30,11,FALL
2039,12.18,10,FALL
2040,28.35,15,FALL
2041,7.00,8,FALL
2042,23.39,15,FALL
2043,1.04,6,FALL
2044,29.92,16,FALL
2045,30.45,16,FALL
2046,9.93,9,FALL
2047,33.18,16,FALL
2048,-2.12,4,FALL
2049,10.43,9,FALL
2050,-1.25,5,FALL
2051,25.89,15,FALL
2052,10.49,9,FALL
2053,9.14,9,FALL
2054,6.79,7,FALL
2055,17.02,11,FALL
2056,28.08,15,FALL
2057,3.06,6,FALL
2058,-1.65,5,FALL
2059,17.14,12,FALL
2060,25.87,15,FALL
2061,25.65,15,FALL
2062,8.28,9,FALL
2063,4.82,7,FALL
2064,8.14,8,FALL
2065,133.54,47,FALL
2066,2.30,6,FALL
2067,36.98,17,FALL
2068,-0.07,5,FALL
2069,3.22,6,FALL
2070,48.71,22,FALL
2071,7.11,8,FALL
2072,14.45,10,FALL
2073,12.50,10,FALL
2074,30.71,16,FALL
2075,5.88,7,FALL
2076,44.18,21,FALL
2077,1.51,6,FALL
2078,-1.96,4,FALL
2079,30.48,15,FALL
2080,7.70,8,FALL
2081,45.86,21,FALL
2082,9.18,9,FALL
2083,13.66,11,FALL
2084,25.55,15,FALL
2085,23.52,14,FALL
2086,-1.18,5,FALL
2087,34.26,17,FALL
2088,50.09,22,FALL
2089,14.58,10,FALL
2090,86.65,33,FALL
2091,12.31,10,FALL
2092,27.49,15,FALL
2093,12.34,10,FALL
2094,-3.67,4,FALL
2095,0.75,6,FALL
2096,40.80,18,FALL
2097,12.13,9,FALL
2098,0.70,5,FALL
2099,24.98,15,FALL
2100,28.81,15,FALL
2101,-3.35,4,FALL
2102,2.49,6,FALL
2103,26.21,15,FALL
2104,-3.22,4,FALL
2105,2.19,7,FALL
2106,30.62,15,FALL
2107,12.65,9,FALL
2108,38.07,18,FALL
2109,12.10,9,FALL
2110,7.99,9,FALL
2111,17.80,12,FALL
2112,3.00,6,FALL
2113,1.85,6,FALL
2114,5.58,7,FALL
2115,29.03,16,FALL
2116,0.29,5,FALL
2117,34.79,16,FALL
2118,12.78,10,FALL
2119,19.13,12,FALL
2120,6.03,7,FALL
2121,0.87,5,FALL
2122,0.42,5,FALL
2123,51.04,22,FALL
2124,1.48,6,FALL
2125,13.71,10,FALL
2126,17.98,12,FALL
2127,15.88,11,FALL
2128,0.43,5,FALL
2129,53.18,22,FALL
2130,32.73,16,FALL
2131,27.43,15,FALL
2132,11.87,9,FALL
2133,26.34,14,FALL
2134,2.45,6,FALL
2135,7.78,8,FALL
2136,2.36,6,FALL
2137,2.96,7,FALL
2138,22.91,13,FALL
2139,30.12,16,FALL
2140,35.06,17,FALL
2141,6.93,7,FALL
2142,-0.64,5,FALL
2143,-3.58,4,FALL
2144,17.70,11,FALL
2145,28.24,15,FALL
2146,-1.32,5,FALL
2147,3.21,6,FALL
2148,0.03,5,FALL
2149,28.47,16,FALL
2150,26.49,15,FALL
2151,33.15,16,FALL
2152,38.02,18,FALL
2153,28.94,16,FALL
2154,27.24,15,FALL
2155,29.29,15,FALL
2156,46.61,20,FALL
2157,23.99,15,FALL
2158,1.97,6,FALL
2159,35.31,18,FALL
2160,31.22,17,FALL
2161,7.33,8,FALL
2162,9.33,9,FALL
2163,42.69,19,FALL
2164,4.50,6,FALL
2165,51.66,23,FALL
2166,5.69,7,FALL
2167,43.73,19,FALL
2168,2.31,6,FALL
2169,6.93,7,FALL
2170,22.45,14,FALL
2171,22.33,14,FALL
2172,9.15,8,FALL
2173,25.26,15,FALL
2174,6.14,8,FALL
2175,28.32,15,FALL
2176,29.52,15,FALL
2177,16.19,11,FALL
2178,11.56,9,FALL
2179,-1.39,5,FALL
2180,12.14,10,FALL
2181,38.19,18,FALL
2182,42.99,19,FALL
2183,5.45,7,FALL
2184,49.24,22,FALL
2185,29.75,16,FALL
2186,39.09,19,FALL
2187,1.40,5,FALL
2188,2.39,6,FALL
2189,-6.57,3,FALL
2190,31.69,16,FALL
2191,10.23,9,FALL
2192,66.31,27,FALL
2193,80.29,33,FALL
2194,21.09,14,FALL
2195,27.66,15,FALL
2196,54.96,25,FALL
2197,9.87,8,FALL
2198,48.22,20,FALL
2199,22.64,13,FALL
2200,4.27,7,FALL
2201,22.22,12,FALL
2202,23.10,13,FALL
2203,2.41,6,FALL
2204,39.35,18,FALL
2205,30.32,15,FALL
2206,50.27,21,FALL
2207,-1.67,5,FALL
2208,45.80,20,FALL
2209,50.17,21,FALL
2210,20.44,12,FALL
2211,11.94,9,FALL
2212,31.80,16,FALL
2213,5.44,7,FALL
2214,26.96,16,FALL
2215,30.43,16,FALL
2216,0.95,5,FALL
2217,31.58,16,FALL
2218,4.31,7,FALL
2219,18.83,13,FALL
2220,25.98,15,FALL
2221,30.33,16,FALL
2222,46.24,21,FALL
2223,5.86,7,FALL
2224,2.08,6,FALL
2225,9.73,9,FALL
2226,10.04,8,FALL
2227,21.90,14,FALL
2228,4.96,7,FALL
2229,3.08,6,FALL
2230,29.74,16,FALL
2231,4.58,7,FALL
2232,49.67,22,FALL
2233,81.64,33,FALL
2234,3.56,7,FALL
2235,27.74,15,FALL
2236,26.71,16,FALL
2237,8.63,8,FALL
2238,67.52,29,FALL
2239,10.56,9,FALL
2240,37.35,17,FALL
2241,-1.41,4,FALL
2242,10.23,8,FALL
2243,10.02,9,FALL
2244,22.16,12,FALL
2245,-1.03,5,FALL
2246,30.02,16,FALL
2247,28.33,16,FALL
2248,18.36,12,FALL
2249,28.35,16,FALL
2250,6.97,7,FALL
2251,6.88,7,FALL
2252,97.18,36,FALL
2253,37.08,18,FALL
2254,77.14,31,FALL
2255,96.51,39,FALL
2256,1.19,6,FALL
2257,2.79,6,FALL
2258,75.83,31,FALL
2259,20.19,12,FALL
2260,33.50,16,FALL
2261,113.76,43,FALL
2262,4.35,7,FALL
2263,65.71,26,FALL
2264,29.86,16,FALL
2265,81.92,33,FALL
2266,35.01,17,FALL
2267,6.64,7,FALL
2268,0.47,5,FALL
2269,44.15,20,FALL
2270,9.22,8,FALL
2271,2.04,6,FALL
2272,34.15,18,FALL
2273,4.85,7,FALL
2274,-3.82,4,FALL
2275,22.28,13,FALL
2276,25.17,15,FALL
2277,1.31,6,FALL
2278,28.22,15,FALL
2279,8.37,8,FALL
2280,31.12,16,FALL
2281,35.28,17,FALL
2282,33.20,16,FALL
2283,29.54,15,FALL
2284,31.74,16,FALL
2285,96.49,38,FALL
2286,26.79,15,FALL
2287,15.23,11,FALL
2288,26.06,15,FALL
2289,27.43,15,FALL
2290,41.58,19,FALL
2291,3.76,7,FALL
2292,8.39,8,FALL
2293,19.29,12,FALL
2294,10.07,9,FALL
2295,29.59,15,FALL
2296,34.09,16,FALL
2297,17.66,13,FALL
2298,10.16,9,FALL
2299,2.59,6,FALL
2300,4.47,6,FALL
2301,20.58,14,FALL
2302,2.79,6,FALL
2303,100.52,39,FALL
2304,-4.16,4,FALL
2305,6.66,7,FALL
2306,46.34,20,FALL
2307,91.68,36,FALL
2308,19.23,12,FALL
2309,9.95,9,FALL
2310,27.60,15,FALL
2311,29.55,16,FALL
2312,32.48,16,FALL
2313,2.97,6,FALL
2314,33.58,17,FALL
2315,7.14,8,FALL
2316,28.68,16,FALL
2317,32.01,16,FALL
2318,30.79,17,FALL
2319,75.56,30,FALL
2320,32.61,16,FALL
2321,42.15,18,FALL
2322,88.18,35,FALL
2323,0.29,6,FALL
2324,-2.12,5,FALL
2325,26.89,16,FALL
2326,6.54,9,FALL
2327,9.52,8,FALL
2328,5.40,7,FALL
2329,27.54,16,FALL
2330,22.10,14,FALL
2331,2.19,6,FALL
2332,3.20,6,FALL
2333,28.48,15,FALL
2334,31.31,16,FALL
2335,8.89,9,FALL
2336,7.16,8,FALL
2337,60.15,25,FALL
2338,122.26,46,FALL
2339,29.61,17,FALL
2340,26.85,15,FALL
2341,29.50,16,FALL
2342,13.81,10,FALL
2343,27.75,15,FALL
2344,0.13,5,FALL
2345,0.41,5,FALL
2346,30.04,16,FALL
2347,1.16,6,FALL
2348,-3.72,5,FALL
2349,11.56,9,FALL
2350,29.70,15,FALL
2351,26.18,14,FALL
2352,2.54,6,FALL
2353,23.91,14,FALL
2354,29.07,16,FALL
2355,-3.27,4,FALL
2356,13.04,10,FALL
2357,29.35,16,FALL
2358,17.75,11,FALL
2359,2.71,6,FALL
2360,0.08,5,FALL
2361,47.80,23,FALL
2362,-1.25,5,FALL
2363,7.33,8,FALL
2364,0.60,6,FALL
2365,16.17,13,FALL
2366,0.06,6,FALL
2367,29.97,16,FALL
2368,29.14,15,FALL
2369,5.05,7,FALL
2370,31.16,16,FALL
2371,2.94,6,FALL
2372,2.05,6,FALL
2373,1.90,6,FALL
2374,2.98,7,FALL
2375,23.60,14,FALL
2376,8.20,8,FALL
2377,2.59,6,FALL
2378,13.07,10,FALL
2379,-1.25,5,FALL
2380,1.22,5,FALL
2381,8.98,9,FALL
2382,2.72,6,FALL
2383,20.13,11,FALL
2384,8.24,8,FALL
2385,49.17,22,FALL
2386,16.53,12,FALL
2387,-2.10,5,FALL
2388,27.32,16,FALL
2389,6.29,8,FALL
2390,23.78,15,FALL
2391,-3.32,4,FALL
2392,4.41,7,FALL
2393,35.48,19,FALL
2394,23.63,15,FALL
2395,11.02,10,FALL
2396,3.17,6,FALL
2397,45.60,20,FALL
2398,46.22,19,FALL
2399,4.12,7,FALL
2400,20.25,12,FALL
2401,6.33,8,FALL
2402,15.88,11,FALL
2403,9.52,8,FALL
2404,47.26,20,FALL
2405,23.96,13,FALL
2406,55.60,24,FALL
2407,5.59,8,FALL
2408,4.79,7,FALL
2409,35.34,17,FALL
2410,16.78,11,FALL
2411,9.86,9,FALL
2412,34.88,17,FALL
2413,0.37,5,FALL
2414,48.85,21,FALL
2415,24.19,14,FALL
2416,-0.37,5,FALL
2417,11.52,9,FALL
2418,-1.13,5,FALL
2419,33.32,16,FALL
2420,7.22,7,FALL
2421,28.30,16,FALL
2422,9.27,8,FALL
2423,36.20,18,FALL
2424,16.12,10,FALL
2425,56.37,24,FALL
2426,18.34,12,FALL
2427,34.17,18,FALL
2428,1.67,5,FALL
2429,24.08,12,FALL
2430,23.38,14,FALL
2431,17.80,13,FALL
2432,7.88,7,FALL
2433,20.44,12,FALL
2434,14.02,11,FALL
2435,5.66,7,FALL
2436,11.33,11,FALL
2437,15.81,10,FALL
2438,31.20,16,FALL
2439,33.40,16,FALL
2440,83.34,31,FALL
2441,8.22,8,FALL
2442,32.69,17,FALL
2443,4.90,7,FALL
2444,2.53,6,FALL
2445,35.71,17,FALL
2446,31.18,16,FALL
2447,46.81,21,FALL
2448,3.22,7,FALL
2449,3.97,7,FALL
2450,-2.99,4,FALL
2451,3.16,6,FALL
2452,1.67,6,FALL
2453,-3.04,4,FALL
2454,16.44,12,FALL
2455,26.79,15,FALL
2456,30.26,16,FALL
2457,5.23,7,FALL
2458,-1.63,4,FALL
2459,35.56,17,FALL
2460,13.68,10,FALL
2461,48.65,21,FALL
2462,27.23,15,FALL
2463,78.63,32,FALL
2464,3.95,6,FALL
2465,17.89,12,FALL
2466,17.30,11,FALL
2467,19.67,13,FALL
2468,31.56,16,FALL
2469,2.34,6,FALL
2470,-1.91,4,FALL
2471,63.78,28,FALL
2472,27.44,15,FALL
2473,-0.25,6,FALL
2474,-3.12,4,FALL
2475,2.30,7,FALL
2476,2.22,6,FALL
2477,-3.48,4,FALL
2478,40.57,19,FALL
2479,5.93,7,FALL
2480,23.57,14,FALL
2481,-4.27,4,FALL
2482,-0.44,5,FALL
2483,25.02,15,FALL
2484,43.28,20,FALL
2485,24.84,14,FALL
2486,55.30,24,FALL
2487,2.84,6,FALL
2488,27.83,15,FALL
2489,31.61,16,FALL
2490,0.60,5,FALL
2491,46.64,22,FALL
2492,18.04,11,FALL
2493,42.06,19,FALL
2494,32.96,17,FALL
2495,117.09,46,FALL
2496,-1.24,5,FALL
2497,30.54,16,FALL
2498,2.67,6,FALL
2499,39.92,19,FALL
2500,78.88,30,FALL
2501,26.70,15,FALL
2502,21.92,13,FALL
2503,23.81,15,FALL
2504,0.92,5,FALL
2505,4.17,7,FALL
2506,19.76,11,FALL
2507,-3.72,4,FALL
2508,-0.22,5,FALL
2509,-0.53,5,FALL
2510,22.34,13,FALL
2511,12.78,10,FALL
2512,32.01,17,FALL
2513,37.00,18,FALL
2514,4.58,7,FALL
2515,-3.19,4,FALL
2516,27.45,15,FALL
2517,18.76,10,FALL
2518,3.86,6,FALL
2519,9.78,8,FALL
2520,6.65,7,FALL
2521,32.29,16,FALL
2522,-1.69,5,FALL
2523,17.87,11,FALL
2524,54.02,24,FALL
2525,22.69,13,FALL
2526,27.07,13,FALL
2527,13.79,10,FALL
2528,11.76,9,FALL
2529,8.48,8,FALL
2530,-1.33,5,FALL
2531,2.98,6,FALL
2532,25.47,14,FALL
2533,102.73,41,FALL
2534,11.19,10,FALL
2535,34.78,17,FALL
2536,31.60,16,FALL
2537,2.88,6,FALL
2538,23.38,13,FALL
2539,34.00,16,FALL
2540,14.60,11,FALL
2541,0.67,5,FALL
2542,11.35,10,FALL
2543,12.99,9,FALL
2544,23.90,13,FALL
2545,29.98,16,FALL
2546,19.19,12,FALL
2547,10.70,9,FALL
2548,-3.44,4,FALL
2549,-1.31,5,FALL
2550,1.27,6,FALL
2551,11.75,9,FALL
2552,9.69,9,FALL
2553,2.04,6,FALL
2554,35.83,18,FALL
2555,-6.04,3,FALL
2556,-1.22,5,FALL
2557,20.89,13,FALL
2558,10.85,9,FALL
2559,26.81,14,FALL
2560,-1.85,4,FALL
2561,26.91,16,FALL
2562,50.23,22,FALL
2563,0.89,6,FALL
2564,41.81,19,FALL
2565,77.07,30,FALL
2566,18.84,12,FALL
2567,27.71,15,FALL
2568,26.03,15,FALL
2569,-3.72,4,FALL
2570,13.75,9,FALL
2571,6.01,8,FALL
2572,32.82,16,FALL
2573,24.35,14,FALL
2574,-2.86,4,FALL
2575,24.68,14,FALL
2576,18.86,11,FALL
2577,-3.41,4,FALL
2578,34.59,17,FALL
2579,24.64,15,FALL
2580,-2.28,5,FALL
2581,-1.27,5,FALL
2582,13.95,10,FALL
2583,-1.74,5,FALL
2584,19.24,12,FALL
2585,37.06,18,FALL
2586,35.35,17,FALL
2587,22.74,13,FALL
2588,4.32,6,FALL
2589,0.28,5,FALL
2590,8.55,8,FALL
2591,30.44,15,FALL
2592,3.69,7,FALL
2593,33.96,16,FALL
2594,9.91,9,FALL
2595,-2.84,4,FALL
2596,-1.51,5,FALL
2597,18.69,11,FALL
2598,55.50,23,FALL
2599,25.54,15,FALL
2600,-1.57,5,FALL
2601,13.88,10,FALL
2602,30.43,16,FALL
2603,9.92,8,FALL
2604,44.98,20,FALL
2605,32.63,16,FALL
2606,32.76,16,FALL
2607,-2.29,4,FALL
2608,10.12,9,FALL
2609,2.43,6,FALL
2610,29.70,16,FALL
2611,91.10,35,FALL
2612,-1.33,5,FALL
2613,7.44,8,FALL
2614,1.44,6,FALL
2615,22.39,13,FALL
2616,21.87,12,FALL
2617,6.53,7,FALL
2618,37.66,17,FALL
2619,55.38,24,FALL
2620,27.94,16,FALL
2621,32.64,16,FALL
2622,16.39,11,FALL
2623,126.45,48,FALL
2624,27.84,15,FALL
2625,6.98,8,FALL
2626,20.23,13,FALL
2627,10.85,9,FALL
2628,5.15,7,FALL
2629,3.90,6,FALL
2630,15.51,11,FALL
2631,11.40,10,FALL
2632,24.14,14,FALL
2633,2.41,6,FALL
2634,13.53,10,FALL
2635,22.42,13,FALL
2636,29.82,16,FALL
2637,9.05,9,FALL
2638,-5.23,3,FALL
2639,28.63,17,FALL
2640,31.12,15,FALL
2641,36.48,17,FALL
2642,19.66,12,FALL
2643,-1.63,5,FALL
2644,8.67,8,FALL
2645,30.05,16,FALL
2646,16.71,11,FALL
2647,31.54,16,FALL
2648,4.10,6,FALL
2649,29.66,16,FALL
2650,37.28,18,FALL
2651,22.51,14,FALL
2652,5.06,7,FALL
2653,29.06,15,FALL
2654,18.41,11,FALL
2655,8.39,8,FALL
2656,4.20,6,FALL
2657,5.05,7,FALL
2658,-2.96,4,FALL
2659,6.81,8,FALL
2660,92.90,36,FALL
2661,-6.32,3,FALL
2662,32.17,17,FALL
2663,2.67,6,FALL
2664,17.21,12,FALL
2665,7.34,8,FALL
2666,-3.19,4,FALL
2667,73.86,29,FALL
2668,29.34,16,FALL
2669,5.88,8,FALL
2670,5.22,7,FALL
2671,15.46,11,FALL
2672,25.10,15,FALL
2673,6.26,7,FALL
2674,47.50,20,FALL
2675,35.21,17,FALL
2676,30.28,16,FALL
2677,63.39,27,FALL
2678,8.60,8,FALL
2679,26.89,15,FALL
2680,29.48,16,FALL
2681,29.60,16,FALL
2682,8.54,8,FALL
2683,5.66,7,FALL
2684,25.75,14,FALL
2685,43.66,20,FALL
2686,29.08,15,FALL
2687,45.81,20,FALL
2688,19.29,11,FALL
2689,17.69,11,FALL
2690,26.59,14,FALL
2691,12.71,10,FALL
2692,9.54,9,FALL
2693,32.74,17,FALL
2694,39.43,19,FALL
2695,21.34,13,FALL
2696,25.19,14,FALL
2697,10.69,9,FALL
2698,25.14,16,FALL
2699,22.17,14,FALL
2700,18.53,12,FALL
2701,30.45,16,FALL
2702,15.30,10,FALL
2703,22.94,14,FALL
2704,28.19,15,FALL
2705,34.71,17,FALL
2706,11.64,10,FALL
2707,72.17,29,FALL
2708,5.12,7,FALL
2709,71.51,30,FALL
2710,3.16,5,FALL
2711,24.85,14,FALL
2712,23.58,13,FALL
2713,15.83,11,FALL
2714,13.06,10,FALL
2715,30.73,16,FALL
2716,33.22,17,FALL
2717,-0.47,5,FALL
2718,5.27,7,FALL
2719,31.80,16,FALL
2720,49.38,20,FALL
2721,15.11,12,FALL
2722,17.18,12,FALL
2723,5.08,7,FALL
2724,2.06,6,FALL
2725,25.68,14,FALL
2726,-2.57,4,FALL
2727,33.33,17,FALL
2728,28.36,15,FALL
2729,138.49,52,FALL
2730,16.85,11,FALL
2731,14.30,11,FALL
2732,44.55,20,FALL
2733,35.06,18,FALL
2734,21.81,12,FALL
2735,-1.26,5,FALL
2736,42.79,18,FALL
2737,22.79,14,FALL
2738,10.96,9,FALL
2739,-2.64,4,FALL
2740,-2.07,4,FALL
2741,0.94,6,FALL
2742,30.93,16,FALL
2743,-0.70,5,FALL
2744,11.33,8,FALL
2745,13.28,10,FALL
2746,20.91,12,FALL
2747,4.20,7,FALL
2748,-6.01,3,FALL
2749,29.28,15,FALL
2750,21.15,13,FALL
2751,9.87,9,FALL
2752,23.98,14,FALL
2753,-6.29,3,FALL
2754,-2.94,4,FALL
2755,31.60,17,FALL
2756,-3.56,4,FALL
2757,30.80,16,FALL
2758,5.93,8,FALL
2759,26.55,15,FALL
2760,5.45,6,FALL
2761,20.03,13,FALL
2762,-1.11,5,FALL
2763,41.34,19,FALL
2764,13.61,10,FALL
2765,33.72,17,FALL
2766,68.59,28,FALL
2767,18.30,11,FALL
2768,93.07,35,FALL
2769,-1.04,5,FALL
2770,10.65,9,FALL
2771,29.46,15,FALL
2772,38.41,18,FALL
2773,29.31,16,FALL
2774,14.39,9,FALL
2775,0.25,5,FALL
2776,9.02,9,FALL
2777,21.89,13,FALL
2778,11.94,9,FALL
2779,28.89,15,FALL
2780,26.04,15,FALL
2781,33.70,17,FALL
2782,31.92,17,FALL
2783,9.13,9,FALL
2784,15.76,11,FALL
2785,25.44,13,FALL
2786,43.81,20,FALL
2787,12.33,11,FALL
2788,8.04,8,FALL
2789,33.82,17,FALL
2790,26.72,14,FALL
2791,21.41,13,FALL
2792,20.29,12,FALL
2793,18.78,12,FALL
2794,41.02,19,FALL
2795,-0.59,5,FALL
2796,53.23,25,FALL
2797,7.92,8,FALL
2798,13.10,10,FALL
2799,30.00,15,FALL
2800,10.89,9,FALL
2801,29.39,15,FALL
2802,33.47,18,FALL
2803,3.54,6,FALL
2804,18.72,12,FALL
2805,17.83,12,FALL
2806,27.09,15,FALL
2807,26.03,15,FALL
2808,-3.66,4,FALL
2809,10.53,9,FALL
2810,35.64,17,FALL
2811,16.70,12,FALL
2812,119.54,45,FALL
2813,4.22,7,FALL
2814,32.23,16,FALL
2815,-3.74,4,FALL
2816,9.75,9,FALL
2817,24.76,14,FALL
2818,0.17,5,FALL
2819,5.15,7,FALL
2820,32.97,17,FALL
2821,55.78,24,FALL
2822,28.18,15,FALL
2823,14.71,11,FALL
2824,32.03,16,FALL
2825,29.00,15,FALL
2826,13.90,9,FALL
2827,29.11,16,FALL
2828,34.24,16,FALL
2829,33.98,17,FALL
2830,25.33,14,FALL
2831,42.88,21,FALL
2832,8.66,8,FALL
2833,-5.56,3,FALL
2834,31.64,16,FALL
2835,30.50,15,FALL
2836,7.27,7,FALL
2837,36.89,18,FALL
2838,5.96,7,FALL
2839,30.72,16,FALL
2840,31.27,17,FALL
2841,46.04,19,FALL
2842,36.76,18,FALL
2843,8.96,9,FALL
2844,6.29,7,FALL
2845,1.49,6,FALL
2846,69.97,28,FALL
2847,57.05,23,FALL
2848,12.14,10,FALL
2849,75.25,30,FALL
2850,47.55,22,FALL
2851,10.21,9,FALL
2852,17.16,11,FALL
2853,81.58,33,FALL
2854,12.91,9,FALL
2855,36.19,18,FALL
2856,22.42,13,FALL
2857,17.65,12,FALL
2858,2.87,6,FALL
2859,24.08,14,FALL
2860,13.63,10,FALL
2861,12.96,10,FALL
2862,9.82,8,FALL
2863,32.17,17,FALL
2864,47.35,21,FALL
2865,96.08,39,FALL
2866,13.43,9,FALL
2867,29.22,15,FALL
2868,32.34,18,FALL
2869,26.25,15,FALL
2870,7.66,8,FALL
2871,-0.02,5,FALL
2872,7.99,8,FALL
2873,32.97,17,FALL
2874,27.04,15,FALL
2875,6.38,7,FALL
2876,9.87,9,FALL
2877,25.69,14,FALL
2878,40.71,18,FALL
2879,20.25,12,FALL
2880,11.42,9,FALL
2881,2.23,6,FALL
2882,10.92,9,FALL
2883,23.28,13,FALL
2884,9.70,8,FALL
2885,9.57,8,FALL
2886,28.06,15,FALL
2887,2.28,6,FALL
2888,27.55,14,FALL
2889,81.03,32,FALL
2890,-1.64,5,FALL
2891,1.90,5,FALL
2892,5.38,7,FALL
2893,26.23,15,FALL
2894,-1.12,5,FALL
2895,15.58,11,FALL
2896,15.80,11,FALL
2897,100.22,36,FALL
2898,20.48,12,FALL
2899,13.62,11,FALL
2900,50.30,22,FALL
2901,71.07,30,FALL
2902,28.97,16,FALL
2903,-1.52,4,FALL
2904,0.42,5,FALL
2905,31.63,16,FALL
2906,-2.39,4,FALL
2907,38.77,19,FALL
2908,42.12,18,FALL
2909,0.65,6,FALL
2910,22.80,14,FALL
2911,-2.56,4,FALL
2912,27.77,14,FALL
2913,-1.96,5,FALL
2914,-0.51,5,FALL
2915,22.25,13,FALL
2916,37.01,18,FALL
2917,35.45,18,FALL
2918,7.19,7,FALL
2919,25.37,14,FALL
2920,-1.45,5,FALL
2921,36.01,17,FALL
2922,93.88,37,FALL
2923,7.80,8,FALL
2924,8.04,8,FALL
2925,26.70,15,FALL
2926,18.42,12,FALL
2927,32.73,17,FALL
2928,49.78,22,FALL
2929,37.69,18,FALL
2930,8.20,8,FALL
2931,0.54,5,FALL
2932,34.66,17,FALL
2933,24.63,14,FALL
2934,9.50,9,FALL
2935,1.37,5,FALL
2936,27.13,15,FALL
2937,11.45,10,FALL
2938,27.85,16,FALL
2939,20.43,12,FALL
2940,39.87,19,FALL
2941,18.96,12,FALL
2942,-6.13,3,FALL
2943,0.78,6,FALL
2944,35.60,17,FALL
2945,6.65,8,FALL
2946,27.27,15,FALL
2947,6.55,6,FALL
2948,2.65,6,FALL
2949,-2.39,4,FALL
2950,-1.05,5,FALL
2951,12.85,10,FALL
2952,36.42,17,FALL
2953,8.23,8,FALL
2954,23.85,14,FALL
2955,20.96,13,FALL
2956,-2.55,4,FALL
2957,30.88,16,FALL
2958,29.31,14,FALL
2959,28.47,15,FALL
2960,1.03,5,FALL
2961,21.82,13,FALL
2962,16.06,11,FALL
2963,30.54,16,FALL
2964,24.66,14,FALL
2965,34.75,17,FALL
2966,37.24,18,FALL
2967,-1.36,5,FALL
2968,13.06,10,FALL
2969,25.09,15,FALL
2970,64.00,27,FALL
2971,18.63,11,FALL
2972,-3.82,5,FALL
2973,18.01,12,FALL
2974,69.21,29,FALL
2975,34.57,17,FALL
2976,43.67,20,FALL
2977,4.74,7,FALL
2978,48.22,20,FALL
2979,48.85,21,FALL
2980,16.69,11,FALL
2981,37.80,19,FALL
2982,4.05,5,FALL
2983,38.62,18,FALL
2984,5.16,7,FALL
2985,8.72,9,FALL
2986,29.71,15,FALL
2987,29.73,16,FALL
2988,44.39,19,FALL
2989,2.30,6,FALL
2990,31.88,16,FALL
2991,1.34,5,FALL
2992,27.19,15,FALL
2993,31.17,16,FALL
2994,11.27,9,FALL
2995,82.38,35,FALL
2996,10.11,9,FALL
2997,29.76,16,FALL
2998,26.75,15,FALL
2999,4.56,7,FALL
3000,32.27,16,FALL
3001,32.57,16,FALL
3002,43.38,20,FALL
3003,16.16,12,FALL
3004,23.11,14,FALL
3005,27.62,16,FALL
3006,25.18,15,FALL
3007,30.85,16,FALL
3008,10.05,9,FALL
3009,0.04,5,FALL
3010,6.30,7,FALL
3011,52.40,23,FALL
3012,30.76,16,FALL
3013,66.86,27,FALL
3014,38.90,19,FALL
3015,32.34,17,FALL
3016,13.70,10,FALL
3017,39.20,18,FALL
3018,-0.38,5,FALL
3019,17.06,10,FALL
3020,-3.67,4,FALL
3021,8.75,8,FALL
3022,8.27,9,FALL
3023,-0.06,4,FALL
3024,16.24,11,FALL
3025,105.24,40,FALL
3026,47.64,21,FALL
3027,17.91,12,FALL
3028,28.50,16,FALL
3029,22.19,13,FALL
3030,1.66,6,FALL
3031,3.27,6,FALL
3032,30.97,16,FALL
3033,18.06,11,FALL
3034,22.93,13,FALL
3035,37.98,18,FALL
3036,71.80,28,FALL
3037,22.25,12,FALL
3038,13.13,10,FALL
3039,-0.50,5,FALL
3040,12.68,9,FALL
3041,15.33,11,FALL
3042,16.31,11,FALL
3043,18.84,12,FALL
3044,21.15,12,FALL
3045,34.04,16,FALL
3046,35.87,17,FALL
3047,15.31,11,FALL
3048,46.99,21,FALL
3049,12.25,10,FALL
3050,4.01,6,FALL
3051,2.01,6,FALL
3052,29.78,16,FALL
3053,-3.22,4,FALL
3054,-1.59,5,FALL
3055,7.89,9,FALL
3056,2.30,6,FALL
3057,184.25,64,FALL
3058,13.84,10,FALL
3059,-1.69,5,FALL
3060,25.99,14,FALL
3061,0.56,6,FALL
3062,18.18,12,FALL
3063,17.12,10,FALL
3064,122.11,46,FALL
3065,-3.28,4,FALL
3066,-0.69,5,FALL
3067,25.17,14,FALL
3068,1.27,5,FALL
3069,31.18,16,FALL
3070,10.33,9,FALL
3071,32.14,16,FALL
3072,26.85,15,FALL
3073,108.73,40,FALL
3074,32.96,17,FALL
3075,32.91,16,FALL
3076,6.90,8,FALL
3077,10.17,9,FALL
3078,26.64,15,FALL
3079,30.96,16,FALL
3080,-6.32,3,FALL
3081,-0.99,5,FALL
3082,-3.00,4,FALL
3083,28.85,15,FALL
3084,28.53,15,FALL
3085,27.94,15,FALL
3086,8.22,8,FALL
3087,10.15,9,FALL
3088,14.65,11,FALL
3089,36.96,18,FALL
3090,-2.55,4,FALL
3091,49.00,21,FALL
3092,31.79,16,FALL
3093,23.86,14,FALL
3094,61.95,29,FALL
3095,17.66,11,FALL
3096,26.88,15,FALL
3097,33.26,16,FALL
3098,-0.90,5,FALL
3099,2.46,6,FALL
3100,15.09,10,FALL
3101,12.69,10,FALL
3102,40.18,19,FALL
3103,61.37,26,FALL
3104,85.59,33,FALL
3105,23.00,13,FALL
3106,25.89,14,FALL
3107,-0.79,5,FALL
3108,-0.55,5,FALL
3109,4.06,7,FALL
3110,13.05,10,FALL
3111,38.22,18,FALL
3112,1.57,6,FALL
3113,27.96,15,FALL
3114,7.83,8,FALL
3115,1.67,6,FALL
3116,12.45,10,FALL
3117,35.38,17,FALL
3118,-4.04,4,FALL
3119,-4.18,3,FALL
3120,30.58,16,FALL
3121,33.87,17,FALL
3122,2.85,6,FALL
3123,22.87,13,FALL
3124,-3.50,4,FALL
3125,11.48,10,FALL
3126,24.52,14,FALL
3127,-1.10,5,FALL
3128,11.02,9,FALL
3129,47.16,22,FALL
3130,115.56,46,FALL
3131,11.15,9,FALL
3132,-0.36,5,FALL
3133,19.50,11,FALL
3134,8.82,9,FALL
3135,34.15,17,FALL
3136,59.23,26,FALL
3137,12.84,10,FALL
3138,-2.02,5,FALL
3139,70.18,29,FALL
3140,114.64,46,FALL
3141,0.92,6,FALL
3142,-2.82,4,FALL
3143,26.80,15,FALL
3144,29.49,15,FALL
3145,30.00,15,FALL
3146,5.35,8,FALL
3147,28.63,15,FALL
3148,24.14,13,FALL
3149,38.31,18,FALL
3150,12.68,10,FALL
3151,65.35,25,FALL
3152,69.75,30,FALL
3153,12.62,11,FALL
3154,-2.60,5,FALL
3155,0.79,6,FALL
3156,11.95,10,FALL
3157,67.00,28,FALL
3158,-1.33,5,FALL
3159,69.52,29,FALL
3160,22.17,13,FALL
3161,9.12,8,FALL
3162,10.73,10,FALL
3163,65.80,26,FALL
3164,10.90,10,FALL
3165,9.96,8,FALL
3166,38.87,19,FALL
3167,0.66,6,FALL
3168,45.32,20,FALL
3169,7.21,7,FALL
3170,15.99,11,FALL
3171,26.28,15,FALL
3172,89.20,35,FALL
3173,43.09,19,FALL
3174,-0.67,5,FALL
3175,6.58,9,FALL
3176,33.30,17,FALL
3177,15.40,11,FALL
3178,12.98,10,FALL
3179,2.24,6,FALL
3180,45.79,20,FALL
3181,48.46,21,FALL
3182,31.37,17,FALL
3183,46.37,21,FALL
3184,35.66,17,FALL
3185,17.46,11,FALL
3186,4.82,6,FALL
3187,53.94,25,FALL
3188,15.01,10,FALL
3189,20.50,11,FALL
3190,18.75,12,FALL
3191,11.94,9,FALL
3192,30.82,16,FALL
3193,0.80,6,FALL
3194,26.87,14,FALL
3195,24.73,15,FALL
3196,20.40,15,FALL
3197,41.80,19,FALL
3198,15.26,12,FALL
3199,-1.24,5,FALL
3200,40.58,18,FALL
3201,4.60,7,FALL
3202,32.37,16,FALL
3203,26.14,15,FALL
3204,47.50,21,FALL
3205,32.21,16,FALL
3206,24.71,15,FALL
3207,32.35,16,FALL
3208,5.81,7,FALL
3209,15.20,11,FALL
3210,26.77,15,FALL
3211,11.78,9,FALL
3212,0.92,6,FALL
3213,5.09,7,FALL
3214,19.32,12,FALL
3215,26.89,14,FALL
3216,1.78,6,FALL
3217,6.83,7,FALL
3218,8.13,9,FALL
3219,-3.47,4,FALL
3220,3.50,6,FALL
3221,14.69,10,FALL
3222,33.20,17,FALL
3223,-0.09,5,FALL
3224,37.05,18,FALL
3225,46.84,20,FALL
3226,12.31,10,FALL
3227,84.36,34,FALL
3228,12.65,9,FALL
3229,3.50,7,FALL
3230,35.21,17,FALL
3231,6.05,7,FALL
3232,-0.06,6,FALL
3233,16.45,11,FALL
3234,30.72,16,FALL
3235,10.51,9,FALL
3236,9.39,9,FALL
3237,-1.22,5,FALL
3238,8.17,7,FALL
3239,23.93,14,FALL
3240,25.53,14,FALL
3241,43.65,20,FALL
3242,41.70,19,FALL
3243,8.36,7,FALL
3244,36.79,17,FALL
3245,34.73,17,FALL
3246,2.76,7,FALL
3247,28.61,15,FALL
3248,37.68,18,FALL
3249,21.08,14,FALL
3250,2.89,6,FALL
3251,49.83,22,FALL
3252,27.26,15,FALL
3253,26.81,15,FALL
3254,-1.65,5,FALL
3255,5.37,7,FALL
3256,42.21,18,FALL
3257,28.09,15,FALL
3258,25.44,15,FALL
3259,18.61,12,FALL
3260,33.41,17,FALL
3261,11.45,10,FALL
3262,-4.17,4,FALL
3263,37.40,18,FALL
3264,25.37,14,FALL
3265,53.51,23,FALL
3266,-0.00,5,FALL
3267,45.15,20,FALL
3268,2.91,6,FALL
3269,-0.58,5,FALL
3270,24.05,14,FALL
3271,4.94,7,FALL
3272,31.19,16,FALL
3273,21.14,13,FALL
3274,28.51,15,FALL
3275,5.81,6,FALL
3276,47.21,19,FALL
3277,28.99,16,FALL
3278,4.54,7,FALL
3279,29.30,15,FALL
3280,33.92,16,FALL
3281,5.02,7,FALL
3282,36.21,17,FALL
3283,8.02,8,FALL
3284,46.15,20,FALL
3285,23.35,14,FALL
3286,44.94,21,FALL
3287,29.60,15,FALL
3288,34.55,17,FALL
3289,16.61,10,FALL
3290,30.22,16,FALL
3291,-0.83,5,FALL
3292,25.09,15,FALL
3293,5.02,6,FALL
3294,10.87,9,FALL
3295,24.87,14,FALL
3296,20.85,12,FALL
3297,33.60,16,FALL
3298,-2.57,4,FALL
3299,24.90,15,FALL
3300,2.47,6,FALL
3301,32.09,16,FALL
3302,21.60,13,FALL
3303,43.88,19,FALL
3304,15.92,10,FALL
3305,7.50,7,FALL
3306,6.59,8,FALL
3307,28.09,15,FALL
3308,35.72,17,FALL
3309,32.80,16,FALL
3310,2.00,6,FALL
3311,34.15,16,FALL
3312,3.20,7,FALL
3313,14.58,11,FALL
3314,21.61,13,FALL
3315,13.89,10,FALL
3316,29.99,15,FALL
3317,46.12,20,FALL
3318,0.28,6,FALL
3319,72.08,31,FALL
3320,16.44,11,FALL
3321,30.21,16,FALL
3322,85.06,33,FALL
3323,31.12,15,FALL
3324,25.48,15,FALL
3325,33.62,16,FALL
3326,31.75,16,FALL
3327,23.13,13,FALL
3328,4.94,7,FALL
3329,27.97,15,FALL
3330,19.25,13,FALL
3331,6.31,7,FALL
3332,25.71,14,FALL
3333,87.64,33,FALL
3334,40.49,18,FALL
3335,6.25,8,FALL
3336,16.30,11,FALL
3337,42.14,19,FALL
3338,6.62,7,FALL
3339,24.29,14,FALL
3340,27.16,15,FALL
3341,94.53,39,FALL
3342,25.97,15,FALL
3343,6.32,7,FALL
3344,10.74,9,FALL
3345,62.59,27,FALL
3346,3.70,6,FALL
3347,16.31,11,FALL
3348,30.57,15,FALL
3349,28.96,16,FALL
3350,37.14,18,FALL
3351,30.96,16,FALL
3352,19.03,12,FALL
3353,29.32,16,FALL
3354,41.12,19,FALL
3355,1.25,5,FALL
3356,30.97,16,FALL
3357,49.51,21,FALL
3358,21.47,13,FALL
3359,24.66,13,FALL
3360,18.59,14,FALL
3361,18.56,11,FALL
3362,37.85,18,FALL
3363,21.80,13,FALL
3364,23.19,14,FALL
3365,1.45,5,FALL
3366,31.91,17,FALL
3367,-4.19,4,FALL
3368,2.49,6,FALL
3369,25.90,15,FALL
3370,44.78,19,FALL
3371,29.18,15,FALL
3372,17.27,11,FALL
3373,48.98,21,FALL
3374,29.65,16,FALL
3375,-0.33,5,FALL
3376,72.88,30,FALL
3377,32.20,15,FALL
3378,17.01,12,FALL
3379,28.39,15,FALL
3380,23.53,13,FALL
3381,0.96,5,FALL
3382,5.98,7,FALL
3383,27.50,15,FALL
3384,29.59,16,FALL
3385,29.35,15,FALL
3386,47.15,21,FALL
3387,24.64,14,FALL
3388,-4.21,4,FALL
3389,3.33,7,FALL
3390,32.47,16,FALL
3391,20.53,13,FALL
3392,11.70,9,FALL
3393,65.44,27,FALL
3394,20.02,13,FALL
3395,27.26,14,FALL
3396,30.27,16,FALL
3397,127.92,48,FALL
3398,30.59,15,FALL
3399,1.53,5,FALL
3400,23.90,14,FALL
3401,30.59,16,FALL
3402,34.33,17,FALL
3403,12.79,9,FALL
3404,13.05,10,FALL
3405,70.89,29,FALL
3406,12.05,10,FALL
3407,50.43,22,FALL
3408,30.28,16,FALL
3409,-3.92,4,FALL
3410,14.14,10,FALL
3411,-6.11,3,FALL
3412,0.04,5,FALL
3413,29.87,16,FALL
3414,22.60,14,FALL
3415,82.79,33,FALL
3416,8.25,8,FALL
3417,31.33,16,FALL
3418,10.35,9,FALL
3419,38.84,19,FALL
3420,8.78,9,FALL
3421,23.41,14,FALL
3422,29.50,15,FALL
3423,17.46,12,FALL
3424,8.60,8,FALL
3425,28.35,15,FALL
3426,29.61,16,FALL
3427,85.10,33,FALL
3428,43.77,19,FALL
3429,30.57,16,FALL
3430,25.81,14,FALL
3431,55.36,22,FALL
3432,28.53,15,FALL
3433,10.68,9,FALL
3434,32.36,15,FALL
3435,30.93,17,FALL
3436,74.36,30,FALL
3437,17.28,12,FALL
3438,31.84,16,FALL
3439,14.05,11,FALL
3440,40.55,19,FALL
3441,66.06,27,FALL
3442,106.50,42,FALL
3443,7.99,8,FALL
3444,33.30,17,FALL
3445,24.12,14,FALL
3446,13.87,10,FALL
3447,67.72,29,FALL
3448,33.37,16,FALL
3449,18.37,12,FALL
3450,30.84,16,FALL
3451,162.34,58,FALL
3452,6.82,8,FALL
3453,-0.77,5,FALL
3454,23.36,13,FALL
3455,27.35,15,FALL
3456,-1.49,5,FALL
3457,-4.98,3,FALL
3458,35.92,17,FALL
3459,14.00,10,FALL
3460,3.58,7,FALL
3461,15.34,10,FALL
3462,17.36,12,FALL
3463,28.69,15,FALL
3464,95.31,37,FALL
3465,38.85,18,FALL
3466,26.45,15,FALL
3467,32.14,16,FALL
3468,32.90,17,FALL
3469,79.96,33,FALL
3470,7.49,8,FALL
3471,29.48,16,FALL
3472,24.85,14,FALL
3473,3.79,6,FALL
3474,26.92,15,FALL
3475,4.05,6,FALL
3476,19.82,13,FALL
3477,76.21,30,FALL
3478,60.68,25,FALL
3479,39.76,19,FALL
3480,30.28,17,FALL
3481,40.65,19,FALL
3482,23.85,13,FALL
3483,27.10,15,FALL
3484,27.74,15,FALL
3485,82.73,32,FALL
3486,13.04,10,FALL
3487,12.92,10,FALL
3488,38.53,18,FALL
3489,16.15,10,FALL
3490,37.58,18,FALL
3491,14.48,10,FALL
3492,35.63,17,FALL
3493,38.52,18,FALL
3494,41.94,20,FALL
3495,6.47,8,FALL
3496,11.77,9,FALL
3497,31.76,16,FALL
3498,32.55,16,FALL
3499,37.59,18,FALL
3500,0.48,5,FALL
3501,9.68,10,FALL
3502,14.79,10,FALL
3503,24.99,14,FALL
3504,18.18,13,FALL
3505,-1.20,5,FALL
3506,2.15,5,FALL
3507,34.33,17,FALL
3508,26.07,14,FALL
3509,3.02,6,FALL
3510,32.98,16,FALL
3511,44.64,19,FALL
3512,18.70,12,FALL
3513,30.88,17,FALL
3514,-1.22,5,FALL
3515,22.25,12,FALL
3516,27.99,15,FALL
3517,12.40,10,FALL
3518,97.73,38,FALL
3519,32.48,16,FALL
3520,42.95,20,FALL
3521,34.89,17,FALL
3522,2.13,6,FALL
3523,32.55,17,FALL
3524,18.99,11,FALL
3525,70.81,31,FALL
3526,18.68,12,FALL
3527,-0.08,5,FALL
3528,36.64,18,FALL
3529,22.47,14,FALL
3530,23.90,13,FALL
3531,67.97,29,FALL
3532,32.26,17,FALL
3533,43.32,20,FALL
3534,34.80,18,FALL
3535,43.50,19,FALL
3536,52.14,23,FALL
3537,27.29,15,FALL
3538,-0.55,5,FALL
3539,82.41,32,FALL
3540,66.52,28,FALL
3541,11.27,9,FALL
3542,67.11,26,FALL
3543,121.15,46,FALL
3544,16.77,12,FALL
3545,30.85,16,FALL
3546,10.47,9,FALL
3547,32.45,16,FALL
3548,6.43,7,FALL
3549,21.39,13,FALL
3550,-0.66,5,FALL
3551,28.50,15,FALL
3552,11.88,10,FALL
3553,16.86,12,FALL
3554,16.20,11,FALL
3555,21.63,12,FALL
3556,26.14,14,FALL
3557,-1.45,5,FALL
3558,8.25,8,FALL
3559,26.86,14,FALL
3560,20.27,13,FALL
3561,42.75,19,FALL
3562,39.93,19,FALL
3563,4.20,7,FALL
3564,6.34,7,FALL
3565,99.79,38,FALL
3566,11.80,10,FALL
3567,0.63,5,FALL
3568,37.09,17,FALL
3569,20.45,13,FALL
3570,20.50,13,FALL
3571,1.01,6,FALL
3572,5.17,7,FALL
3573,52.84,26,FALL
3574,-1.55,5,FALL
3575,1.87,6,FALL
3576,29.86,15,FALL
3577,29.55,15,FALL
3578,-0.23,5,FALL
3579,21.68,12,FALL
3580,34.80,17,FALL
3581,48.69,21,FALL
3582,27.86,15,FALL
3583,-3.64,4,FALL
3584,8.84,9,FALL
3585,51.95,21,FALL
3586,116.15,44,FALL
3587,27.21,15,FALL
3588,69.81,30,FALL
3589,33.80,17,FALL
3590,111.43,44,FALL
3591,20.17,12,FALL
3592,6.39,7,FALL
3593,62.44,25,FALL
3594,24.23,13,FALL
3595,40.72,19,FALL
3596,19.76,12,FALL
3597,6.45,8,FALL
3598,7.67,8,FALL
3599,29.93,15,FALL
3600,32.77,17,FALL
3601,-3.77,4,FALL
3602,-3.75,4,FALL
3603,18.53,11,FALL
3604,5.59,7,FALL
3605,3.76,7,FALL
3606,14.59,10,FALL
3607,27.40,15,FALL
3608,-3.81,4,FALL
3609,7.56,8,FALL
3610,29.68,16,FALL
3611,39.42,19,FALL
3612,0.30,5,FALL
3613,0.80,6,FALL
3614,4.09,5,FALL
3615,73.72,29,FALL
3616,35.58,17,FALL
3617,26.37,15,FALL
3618,32.30,16,FALL
3619,-2.74,4,FALL
3620,32.17,17,FALL
3621,3.11,6,FALL
3622,28.99,15,FALL
3623,1.58,5,FALL
3624,9.04,9,FALL
3625,-0.45,5,FALL
3626,14.53,10,FALL
3627,30.52,17,FALL
3628,129.85,47,FALL
3629,15.92,11,FALL
3630,91.80,35,FALL
3631,27.30,15,FALL
3632,2.90,6,FALL
3633,-1.87,5,FALL
3634,16.99,11,FALL
3635,29.20,15,FALL
3636,46.42,20,FALL
3637,15.53,11,FALL
3638,23.95,13,FALL
3639,8.88,9,FALL
3640,27.96,15,FALL
3641,15.23,10,FALL
3642,35.98,17,FALL
3643,124.59,46,FALL
3644,4.88,6,FALL
3645,36.71,17,FALL
3646,30.62,15,FALL
3647,17.40,11,FALL
3648,25.46,14,FALL
3649,-3.38,4,FALL
3650,7.97,8,FALL
3651,18.56,13,FALL
3652,25.20,14,FALL
3653,9.09,9,FALL
3654,18.30,11,FALL
3655,8.18,8,FALL
3656,33.08,18,FALL
3657,35.11,17,FALL
3658,14.36,10,FALL
3659,26.98,14,FALL
3660,27.97,15,FALL
3661,6.24,7,FALL
3662,8.33,8,FALL
3663,57.71,24,FALL
3664,13.78,10,FALL
3665,24.08,15,FALL
3666,6.55,7,FALL
3667,60.58,25,FALL
3668,37.80,17,FALL
3669,31.39,16,FALL
3670,2.55,6,FALL
3671,29.62,15,FALL
3672,39.72,19,FALL
3673,3.89,7,FALL
3674,39.85,19,FALL
3675,17.28,11,FALL
3676,65.04,27,FALL
3677,38.89,18,FALL
3678,28.35,15,FALL
3679,25.13,15,FALL
3680,13.81,10,FALL
3681,-2.96,4,FALL
3682,32.68,16,FALL
3683,27.36,14,FALL
3684,57.97,23,FALL
3685,36.90,18,FALL
3686,8.40,8,FALL
3687,52.36,23,FALL
3688,-0.04,5,FALL
3689,32.42,17,FALL
3690,88.60,34,FALL
3691,33.74,16,FALL
3692,28.39,15,FALL
3693,32.14,16,FALL
3694,34.12,17,FALL
3695,27.51,15,FALL
3696,27.81,15,FALL
3697,36.26,17,FALL
3698,50.39,21,FALL
3699,2.69,7,FALL
3700,-0.45,5,FALL
3701,-2.92,4,FALL
3702,29.13,16,FALL
3703,19.67,12,FALL
3704,33.99,17,FALL
3705,99.70,37,FALL
3706,39.72,19,FALL
3707,29.07,16,FALL
3708,2.83,6,FALL
3709,33.05,16,FALL
3710,14.65,9,FALL
3711,25.43,14,FALL
3712,37.06,18,FALL
3713,3.51,6,FALL
3714,51.97,21,FALL
3715,-2.58,4,FALL
3716,23.12,13,FALL
3717,32.47,17,FALL
3718,19.61,12,FALL
3719,25.54,15,FALL
3720,35.49,18,FALL
3721,14.49,10,FALL
3722,8.67,9,FALL
3723,12.69,10,FALL
3724,39.94,19,FALL
3725,13.12,11,FALL
3726,30.22,16,FALL
3727,34.38,16,FALL
3728,32.34,16,FALL
3729,5.34,8,FALL
3730,31.57,16,FALL
3731,1.40,6,FALL
3732,2.26,5,FALL
3733,5.63,8,FALL
3734,-3.48,4,FALL
3735,-0.33,5,FALL
3736,11.85,9,FALL
3737,33.24,16,FALL
3738,31.73,16,FALL
3739,9.07,8,FALL
3740,6.16,7,FALL
3741,6.55,7,FALL
3742,35.18,18,FALL
3743,0.04,5,FALL
3744,23.92,14,FALL
3745,31.03,15,FALL
3746,40.37,18,FALL
3747,42.76,20,FALL
3748,25.10,15,FALL
3749,30.03,15,FALL
3750,30.37,15,FALL
3751,8.46,9,FALL
3752,20.86,12,FALL
3753,26.87,14,FALL
3754,-3.54,4,FALL
3755,16.14,10,FALL
3756,58.43,25,FALL
3757,29.86,16,FALL
3758,91.88,34,FALL
3759,8.69,8,FALL
3760,-3.60,4,FALL
3761,26.96,15,FALL
3762,20.18,13,FALL
3763,2.54,6,FALL
3764,44.48,18,FALL
3765,19.32,12,FALL
3766,4.17,7,FALL
3767,25.47,15,FALL
3768,10.01,9,FALL
3769,-0.14,5,FALL
3770,28.20,15,FALL
3771,3.19,6,FALL
3772,24.43,15,FALL
3773,70.49,27,FALL
3774,23.17,13,FALL
3775,38.96,18,FALL
3776,26.35,14,FALL
3777,7.87,8,FALL
3778,33.27,17,FALL
3779,87.48,34,FALL
3780,30.97,16,FALL
3781,9.65,9,FALL
3782,-1.90,4,FALL
3783,26.88,14,FALL
3784,28.31,15,FALL
3785,14.65,11,FALL
3786,5.17,7,FALL
3787,31.00,16,FALL
3788,36.78,17,FALL
3789,47.79,20,FALL
3790,28.28,16,FALL
3791,68.25,28,FALL
3792,25.05,15,FALL
3793,45.85,19,FALL
3794,8.30,8,FALL
3795,30.26,16,FALL
3796,62.96,26,FALL
3797,45.77,20,FALL
3798,-6.52,3,FALL
3799,1.27,5,FALL
3800,34.07,16,FALL
3801,32.09,16,FALL
3802,24.45,14,FALL
3803,5.97,7,FALL
3804,30.82,16,FALL
3805,21.78,13,FALL
3806,42.24,19,FALL
3807,22.82,13,FALL
3808,37.63,19,FALL
3809,27.99,15,FALL
3810,36.78,17,FALL
3811,27.45,15,FALL
3812,18.85,11,FALL
3813,38.37,17,FALL
3814,34.29,17,FALL
3815,53.02,22,FALL
3816,-2.79,4,FALL
3817,31.89,17,FALL
3818,40.28,18,FALL
3819,45.82,20,FALL
3820,2.39,6,FALL
3821,29.65,16,FALL
3822,-3.10,4,FALL
3823,1.66,6,FALL
3824,91.85,36,FALL
3825,3.87,7,FALL
3826,4.84,7,FALL
3827,12.99,9,FALL
3828,12.65,9,FALL
3829,-1.50,5,FALL
3830,34.08,17,FALL
3831,9.49,9,FALL
3832,21.69,14,FALL
3833,4.73,7,FALL
3834,28.88,15,FALL
3835,32.86,16,FALL
3836,20.32,12,FALL
3837,14.68,11,FALL
3838,29.84,15,FALL
3839,-0.60,5,FALL
3840,75.20,30,FALL
3841,20.39,13,FALL
3842,9.57,8,FALL
3843,34.85,17,FALL
3844,68.36,26,FALL
3845,31.75,16,FALL
3846,30.13,16,FALL
3847,6.75,8,FALL
3848,12.63,10,FALL
3849,17.60,12,FALL
3850,10.49,9,FALL
3851,23.62,13,FALL
3852,14.73,11,FALL
3853,2.64,6,FALL
3854,28.30,15,FALL
3855,-3.72,4,FALL
3856,46.87,21,FALL
3857,61.96,26,FALL
3858,35.90,17,FALL
3859,31.30,16,FALL
3860,8.59,8,FALL
3861,6.88,7,FALL
3862,8.71,8,FALL
3863,27.80,15,FALL
3864,36.33,17,FALL
3865,66.70,27,FALL
3866,23.78,13,FALL
3867,16.67,11,FALL
3868,49.17,22,FALL
3869,0.09,5,FALL
3870,28.72,15,FALL
3871,30.42,16,FALL
3872,6.38,7,FALL
3873,23.17,14,FALL
3874,6.52,7,FALL
3875,15.29,10,FALL
3876,12.27,10,FALL
3877,24.75,14,FALL
3878,27.09,15,FALL
3879,34.43,17,FALL
3880,31.44,16,FALL
3881,-0.22,5,FALL
3882,11.44,9,FALL
3883,2.55,6,FALL
3884,10.87,9,FALL
3885,29.06,15,FALL
3886,-2.27,4,FALL
3887,-2.48,5,FALL
3888,72.75,28,FALL
3889,26.01,15,FALL
3890,27.79,14,FALL
3891,2.11,6,FALL
3892,20.79,12,FALL
3893,28.78,16,FALL
3894,44.71,19,FALL
3895,14.90,11,FALL
3896,28.40,15,FALL
3897,32.95,17,FALL
3898,74.82,31,FALL
3899,1.54,5,FALL
3900,34.93,17,FALL
3901,6.77,8,FALL
3902,7.48,8,FALL
3903,32.22,17,FALL
3904,29.49,16,FALL
3905,23.49,13,FALL
3906,-1.77,5,FALL
3907,32.54,16,FALL
3908,36.73,18,FALL
3909,31.05,16,FALL
3910,2.24,6,FALL
3911,29.70,16,FALL
3912,-0.85,5,FALL
3913,25.80,15,FALL
3914,12.04,9,FALL
3915,28.34,14,FALL
3916,27.92,15,FALL
3917,84.47,34,FALL
3918,4.62,7,FALL
3919,31.16,16,FALL
3920,34.31,17,FALL
3921,32.47,17,FALL
3922,-0.45,5,FALL
3923,34.31,16,FALL
3924,21.98,13,FALL
3925,21.15,13,FALL
3926,107.63,40,FALL
3927,7.06,8,FALL
3928,66.76,29,FALL
3929,-1.30,5,FALL
3930,0.33,5,FALL
3931,21.16,12,FALL
3932,16.76,11,FALL
3933,28.75,16,FALL
3934,-0.18,5,FALL
3935,-6.81,3,FALL
3936,37.02,17,FALL
3937,34.75,17,FALL
3938,-1.62,5,FALL
3939,-0.77,5,FALL
3940,0.05,5,FALL
3941,9.51,8,FALL
3942,18.01,12,FALL
3943,5.42,7,FALL
3944,91.78,35,FALL
3945,18.79,12,FALL
3946,70.54,31,FALL
3947,1.03,6,FALL
3948,29.26,15,FALL
3949,27.33,15,FALL
3950,30.52,16,FALL
3951,33.37,17,FALL
3952,-3.00,4,FALL
3953,27.46,15,FALL
3954,-0.54,5,FALL
3955,60.13,25,FALL
3956,27.29,14,FALL
3957,5.22,7,FALL
3958,9.81,8,FALL
3959,11.19,9,FALL
3960,-1.85,5,FALL
3961,19.45,12,FALL
3962,1.40,6,FALL
3963,33.33,16,FALL
3964,27.68,15,FALL
3965,-0.37,5,FALL
3966,24.83,14,FALL
3967,7.72,8,FALL
3968,-0.47,5,FALL
3969,13.26,10,FALL
3970,34.36,17,FALL
3971,34.65,17,FALL
3972,6.55,8,FALL
3973,21.71,13,FALL
3974,28.74,15,FALL
3975,4.44,7,FALL
3976,32.93,16,FALL
3977,16.89,11,FALL
3978,13.44,9,FALL
3979,-3.32,4,FALL
3980,30.96,17,FALL
3981,74.45,30,FALL
3982,23.28,13,FALL
3983,3.67,7,FALL
3984,10.70,9,FALL
3985,31.09,16,FALL
3986,22.23,13,FALL
3987,7.38,8,FALL
3988,120.72,46,FALL
3989,5.76,8,FALL
3990,17.76,12,FALL
3991,40.75,18,FALL
3992,5.35,7,FALL
3993,46.56,21,FALL
3994,49.15,21,FALL
3995,32.56,16,FALL
3996,27.48,15,FALL
3997,14.86,11,FALL
3998,107.78,39,FALL
3999,12.37,10,FALL
4000,29.33,16,FALL
4001,12.75,10,FALL
4002,-2.26,4,FALL
4003,29.46,15,FALL
4004,21.34,13,FALL
4005,35.37,17,FALL
4006,31.93,15,FALL
4007,34.92,17,FALL
4008,-1.02,5,FALL
4009,92.54,37,FALL
4010,35.37,17,FALL
4011,8.29,8,FALL
4012,37.33,18,FALL
4013,62.48,26,FALL
4014,51.33,20,FALL
4015,24.71,14,FALL
4016,109.87,45,FALL
4017,36.91,17,FALL
4018,77.68,31,FALL
4019,26.28,15,FALL
4020,0.94,6,FALL
4021,35.19,17,FALL
4022,29.96,17,FALL
4023,10.05,9,FALL
4024,32.77,17,FALL
4025,30.31,16,FALL
4026,-0.21,5,FALL
4027,67.23,27,FALL
4028,6.46,8,FALL
4029,79.79,32,FALL
4030,28.43,15,FALL
4031,9.34,8,FALL
4032,102.73,37,FALL
4033,-1.08,5,FALL
4034,49.61,21,FALL
4035,38.28,18,FALL
4036,26.98,14,FALL
4037,23.06,13,FALL
4038,-3.07,4,FALL
4039,38.10,18,FALL
4040,9.86,9,FALL
4041,20.40,12,FALL
4042,22.91,15,FALL
4043,1.52,6,FALL
4044,0.04,5,FALL
4045,12.95,9,FALL
4046,5.82,7,FALL
4047,41.84,18,FALL
4048,36.36,18,FALL
4049,44.12,20,FALL
4050,-2.47,4,FALL
4051,27.45,15,FALL
4052,79.42,32,FALL
4053,31.70,16,FALL
4054,2.47,6,FALL
4055,1.53,6,FALL
4056,130.22,49,FALL
4057,52.90,23,FALL
4058,27.94,15,FALL
4059,21.94,13,FALL
4060,25.28,14,FALL
4061,19.52,12,FALL
4062,31.13,16,FALL
4063,125.73,47,FALL
4064,73.23,29,FALL
4065,32.92,16,FALL
4066,24.43,14,FALL
4067,45.41,20,FALL
4068,29.50,15,FALL
4069,69.17,29,FALL
4070,12.37,10,FALL
4071,16.28,12,FALL
4072,32.42,16,FALL
4073,30.92,16,FALL
4074,0.27,5,FALL
4075,30.83,16,FALL
4076,33.65,16,FALL
4077,27.04,16,FALL
4078,25.55,15,FALL
4079,15.55,11,FALL
4080,51.56,22,FALL
4081,70.00,28,FALL
4082,2.54,6,FALL
4083,22.45,15,FALL
4084,23.94,13,FALL
4085,19.71,12,FALL
4086,74.78,30,FALL
4087,45.21,21,FALL
4088,29.36,16,FALL
4089,3.75,6,FALL
4090,52.00,22,FALL
4091,7.29,8,FALL
4092,10.30,9,FALL
4093,17.61,11,FALL
4094,28.68,14,FALL
4095,1.14,5,FALL
4096,37.20,18,FALL
4097,6.77,7,FALL
4098,21.81,13,FALL
4099,23.60,13,FALL
4100,22.68,13,FALL
4101,2.80,6,FALL
4102,-1.74,5,FALL
4103,39.85,18,FALL
4104,7.14,7,FALL
4105,30.91,16,FALL
4106,34.20,17,FALL
4107,-3.40,4,FALL
4108,91.98,34,FALL
4109,28.01,15,FALL
4110,14.86,10,FALL
4111,7.85,8,FALL
4112,-0.86,5,FALL
4113,1.39,6,FALL
4114,5.54,7,FALL
4115,19.13,11,FALL
4116,32.55,16,FALL
4117,44.94,20,FALL
4118,14.88,11,FALL
4119,71.11,29,FALL
4120,38.08,18,FALL
4121,36.28,18,FALL
4122,76.71,32,FALL
4123,7.99,8,FALL
4124,73.44,30,FALL
4125,58.13,24,FALL
4126,15.58,11,FALL
4127,41.25,19,FALL
4128,33.33,16,FALL
4129,-1.11,5,FALL
4130,12.10,10,FALL
4131,3.30,6,FALL
4132,-2.51,4,FALL
4133,6.97,7,FALL
4134,29.04,15,FALL
4135,9.99,8,FALL
4136,43.38,21,FALL
4137,31.96,16,FALL
4138,29.71,16,FALL
4139,-0.95,5,FALL
4140,8.11,9,FALL
4141,25.10,13,FALL
4142,26.08,15,FALL
4143,27.18,14,FALL
4144,4.74,7,FALL
4145,24.49,16,FALL
4146,153.05,55,FALL
4147,1.04,6,FALL
4148,26.31,15,FALL
4149,5.53,8,FALL
4150,27.30,15,FALL
4151,33.42,17,FALL
4152,24.98,14,FALL
4153,43.27,19,FALL
4154,5.69,7,FALL
4155,48.23,21,FALL
4156,32.80,16,FALL
4157,32.00,16,FALL
4158,1.90,6,FALL
4159,6.05,7,FALL
4160,6.05,8,FALL
4161,34.99,17,FALL
4162,7.76,8,FALL
4163,18.38,11,FALL
4164,7.74,8,FALL
4165,-0.49,5,FALL
4166,17.32,12,FALL
4167,19.40,13,FALL
4168,14.92,10,FALL
4169,-3.26,4,FALL
4170,5.50,8,FALL
4171,24.44,14,FALL
4172,36.37,18,FALL
4173,-0.41,5,FALL
4174,12.04,9,FALL
4175,25.56,14,FALL
4176,12.16,10,FALL
4177,27.54,15,FALL
4178,29.05,15,FALL
4179,27.42,15,FALL
4180,2.92,6,FALL
4181,16.54,12,FALL
4182,29.27,16,FALL
4183,27.20,14,FALL
4184,-2.82,4,FALL
4185,10.32,9,FALL
4186,24.20,14,FALL
4187,44.67,20,FALL
4188,51.40,22,FALL
4189,67.90,28,FALL
4190,16.88,11,FALL
4191,120.43,44,FALL
4192,47.97,20,FALL
4193,9.78,8,FALL
4194,8.96,9,FALL
4195,24.74,14,FALL
4196,25.16,14,FALL
4197,35.68,18,FALL
4198,28.54,15,FALL
4199,32.60,16,FALL
4200,29.08,15,FALL
4201,2.93,5,FALL
4202,24.53,14,FALL
4203,34.22,16,FALL
4204,5.40,7,FALL
4205,29.89,15,FALL
4206,-0.58,5,FALL
4207,71.39,28,FALL
4208,36.42,17,FALL
4209,14.11,11,FALL
4210,31.28,16,FALL
4211,-1.51,5,FALL
4212,45.61,20,FALL
4213,37.26,17,FALL
4214,27.62,16,FALL
4215,121.01,45,FALL
4216,14.48,11,FALL
4217,7.68,8,FALL
4218,42.21,20,FALL
4219,1.77,6,FALL
4220,27.13,16,FALL
4221,35.62,17,FALL
4222,43.10,20,FALL
4223,20.92,13,FALL
4224,36.34,17,FALL
4225,16.50,11,FALL
4226,69.74,29,FALL
4227,21.51,13,FALL
4228,22.84,13,FALL
4229,37.70,17,FALL
4230,32.92,16,FALL
4231,2.19,6,FALL
4232,23.48,15,FALL
4233,-1.12,4,FALL
4234,32.34,16,FALL
4235,35.75,17,FALL
4236,27.90,15,FALL
4237,0.86,5,FALL
4238,17.36,11,FALL
4239,14.97,11,FALL
4240,16.90,12,FALL
4241,30.24,15,FALL
4242,13.47,10,FALL
4243,88.13,35,FALL
4244,32.34,16,FALL
4245,-0.81,5,FALL
4246,9.71,9,FALL
4247,12.73,10,FALL
4248,32.21,16,FALL
4249,10.45,9,FALL
4250,23.77,14,FALL
4251,28.48,15,FALL
4252,11.29,10,FALL
4253,37.35,18,FALL
4254,9.09,8,FALL
4255,27.05,15,FALL
4256,32.75,16,FALL
4257,-2.81,4,FALL
4258,-0.41,6,FALL
4259,28.39,15,FALL
4260,29.48,16,FALL
4261,26.22,15,FALL
4262,31.39,16,FALL
4263,32.20,16,FALL
4264,9.78,8,FALL
4265,70.24,28,FALL
4266,12.23,10,FALL
4267,29.35,15,FALL
4268,10.59,8,FALL
4269,4.50,8,FALL
4270,33.01,17,FALL
4271,19.60,13,FALL
4272,8.21,9,FALL
4273,34.79,17,FALL
4274,42.80,20,FALL
4275,31.32,16,FALL
4276,4.98,7,FALL
4277,10.28,8,FALL
4278,23.02,13,FALL
4279,1.76,6,FALL
4280,33.90,16,FALL
4281,34.54,17,FALL
4282,12.82,9,FALL
4283,47.62,20,FALL
4284,26.05,14,FALL
4285,11.80,9,FALL
4286,-1.42,5,FALL
4287,35.03,19,FALL
4288,-2.46,4,FALL
4289,25.14,14,FALL
4290,30.60,15,FALL
4291,-3.10,4,FALL
4292,31.48,15,FALL
4293,10.82,9,FALL
4294,28.54,16,FALL
4295,35.60,17,FALL
4296,25.17,15,FALL
4297,0.01,5,FALL
4298,-3.65,4,FALL
4299,24.34,15,FALL
4300,28.49,15,FALL
4301,11.14,9,FALL
4302,18.12,12,FALL
4303,19.05,12,FALL
4304,29.96,15,FALL
4305,24.22,14,FALL
4306,8.35,8,FALL
4307,-0.49,5,FALL
4308,34.01,17,FALL
4309,29.54,15,FALL
4310,-0.20,5,FALL
4311,32.11,16,FALL
4312,24.70,14,FALL
4313,26.95,15,FALL
4314,57.12,24,FALL
4315,29.39,16,FALL
4316,33.93,16,FALL
4317,33.70,17,FALL
4318,29.11,15,FALL
4319,28.56,16,FALL
4320,128.79,47,FALL
4321,13.69,10,FALL
4322,5.86,8,FALL
4323,31.42,15,FALL
4324,4.65,6,FALL
4325,13.25,10,FALL
4326,29.06,15,FALL
4327,70.61,28,FALL
4328,24.80,15,FALL
4329,33.69,16,FALL
4330,33.77,17,FALL
4331,31.29,15,FALL
4332,29.84,16,FALL
4333,35.73,17,FALL
4334,1.93,6,FALL
4335,33.66,17,FALL
4336,41.71,18,FALL
4337,22.52,13,FALL
4338,31.06,16,FALL
4339,30.94,16,FALL
4340,31.35,16,FALL
4341,5.74,7,FALL
4342,10.02,8,FALL
4343,20.17,13,FALL
4344,23.89,14,FALL
4345,1.13,6,FALL
4346,27.17,15,FALL
4347,93.42,35,FALL
4348,7.98,9,FALL
4349,1.76,6,FALL
4350,31.98,17,FALL
4351,6.53,7,FALL
4352,5.69,8,FALL
4353,30.68,15,FALL
4354,-3.03,4,FALL
4355,12.58,9,FALL
4356,18.71,12,FALL
4357,64.52,27,FALL
4358,39.37,18,FALL
4359,7.17,8,FALL
4360,29.49,15,FALL
4361,49.53,20,FALL
4362,11.08,10,FALL
4363,26.57,14,FALL
4364,16.80,12,FALL
4365,29.32,15,FALL
4366,-0.47,5,FALL
4367,25.25,14,FALL
4368,36.74,17,FALL
4369,38.54,18,FALL
4370,65.27,27,FALL
4371,9.65,8,FALL
4372,1.66,6,FALL
4373,104.21,40,FALL
4374,-0.84,5,FALL
4375,29.63,16,FALL
4376,6.21,8,FALL
4377,3.22,6,FALL
4378,30.23,16,FALL
4379,27.59,15,FALL
4380,33.67,17,FALL
4381,31.75,16,FALL
4382,12.26,9,FALL
4383,26.49,15,FALL
4384,35.66,18,FALL
4385,-2.02,4,FALL
4386,-5.98,3,FALL
4387,67.95,28,FALL
4388,6.10,9,FALL
4389,-1.76,5,FALL
4390,14.13,10,FALL
4391,1.32,6,FALL
4392,49.07,20,FALL
4393,35.44,17,FALL
4394,33.17,18,FALL
4395,13.95,11,FALL
4396,2.50,6,FALL
4397,33.39,16,FALL
4398,-0.78,5,FALL
4399,2.96,6,FALL
4400,29.48,15,FALL
4401,36.47,18,FALL
4402,34.73,17,FALL
4403,12.53,10,FALL
4404,3.01,6,FALL
4405,5.96,7,FALL
4406,-2.49,4,FALL
4407,-0.86,5,FALL
4408,32.27,16,FALL
4409,91.36,37,FALL
4410,25.75,15,FALL
4411,-0.99,5,FALL
4412,33.49,16,FALL
4413,40.47,20,FALL
4414,31.88,16,FALL
4415,30.84,16,FALL
4416,9.09,8,FALL
4417,5.18,7,FALL
4418,16.25,11,FALL
4419,8.86,8,FALL
4420,-2.57,4,FALL
4421,11.14,10,FALL
4422,16.02,10,FALL
4423,6.20,8,FALL
4424,-1.76,4,FALL
4425,4.73,7,FALL
4426,73.85,32,FALL
4427,23.29,14,FALL
4428,35.89,17,FALL
4429,43.51,19,FALL
4430,9.84,8,FALL
4431,28.61,15,FALL
4432,10.23,8,FALL
4433,30.74,16,FALL
4434,18.98,13,FALL
4435,45.56,19,FALL
4436,32.25,16,FALL
4437,-6.31,3,FALL
4438,26.98,15,FALL
4439,31.67,16,FALL
4440,34.74,19,FALL
4441,33.47,17,FALL
4442,-1.72,4,FALL
4443,46.76,20,FALL
4444,33.48,16,FALL
4445,14.10,10,FALL
4446,11.53,9,FALL
4447,1.53,6,FALL
4448,10.74,9,FALL
4449,46.86,20,FALL
4450,31.55,16,FALL
4451,32.59,16,FALL
4452,7.90,8,FALL
4453,32.70,16,FALL
4454,-0.76,5,FALL
4455,29.86,15,FALL
4456,32.07,16,FALL
4457,23.39,14,FALL
4458,23.65,14,FALL
4459,66.61,28,FALL
4460,7.02,8,FALL
4461,8.92,8,FALL
4462,-1.42,5,FALL
4463,1.21,6,FALL
4464,21.68,12,FALL
4465,3.55,6,FALL
4466,120.97,46,FALL
4467,36.33,17,FALL
4468,-2.27,4,FALL
4469,28.97,16,FALL
4470,34.94,17,FALL
4471,43.89,19,FALL
4472,66.88,28,FALL
4473,-2.82,4,FALL
4474,61.52,25,FALL
4475,11.95,10,FALL
4476,28.14,16,FALL
4477,87.52,32,FALL
4478,1.69,6,FALL
4479,28.86,15,FALL
4480,-1.42,4,FALL
4481,-3.21,4,FALL
4482,12.88,9,FALL
4483,34.19,17,FALL
4484,8.57,8,FALL
4485,34.86,17,FALL
4486,67.13,27,FALL
4487,30.17,16,FALL
4488,20.20,12,FALL
4489,5.08,7,FALL
4490,65.38,25,FALL
4491,12.13,9,FALL
4492,36.75,17,FALL
4493,31.66,16,FALL
4494,30.68,15,FALL
4495,3.24,6,FALL
4496,29.64,15,FALL
4497,32.59,16,FALL
4498,29.00,15,FALL
4499,-0.84,5,FALL
4500,-1.76,5,FALL
4501,0.28,5,FALL
4502,126.10,46,FALL
4503,56.27,24,FALL
4504,10.75,9,FALL
4505,26.22,14,FALL
4506,5.45,7,FALL
4507,30.90,15,FALL
4508,-3.38,4,FALL
4509,7.03,7,FALL
4510,40.32,19,FALL
4511,22.02,13,FALL
4512,5.24,7,FALL
4513,17.55,11,FALL
4514,32.38,17,FALL
4515,32.59,16,FALL
4516,26.12,15,FALL
4517,9.48,9,FALL
4518,-0.86,5,FALL
4519,28.70,15,FALL
4520,29.52,15,FALL
4521,2.17,6,FALL
4522,8.52,8,FALL
4523,-2.48,4,FALL
4524,32.30,16,FALL
4525,22.51,13,FALL
4526,22.77,13,FALL
4527,15.39,11,FALL
4528,0.49,6,FALL
4529,59.69,24,FALL
4530,17.33,10,FALL
4531,45.28,19,FALL
4532,32.08,16,FALL
4533,17.63,12,FALL
4534,34.24,16,FALL
4535,25.43,15,FALL
4536,7.23,8,FALL
4537,28.85,15,FALL
4538,35.86,16,FALL
4539,-1.69,5,FALL
4540,45.61,19,FALL
4541,0.31,5,FALL
4542,54.93,23,FALL
4543,2.36,7,FALL
4544,27.64,16,FALL
4545,69.06,28,FALL
4546,27.50,15,FALL
4547,24.37,14,FALL
4548,31.63,17,FALL
4549,28.12,15,FALL
4550,25.65,15,FALL
4551,0.62,5,FALL
4552,55.03,24,FALL
4553,33.52,16,FALL
4554,29.44,16,FALL
4555,11.96,10,FALL
4556,-0.30,5,FALL
4557,-1.99,5,FALL
4558,31.33,16,FALL
4559,26.95,15,FALL
4560,25.40,15,FALL
4561,2.63,6,FALL
4562,31.51,16,FALL
4563,2.56,6,FALL
4564,28.00,15,FALL
4565,24.05,14,FALL
4566,15.05,10,FALL
4567,11.73,9,FALL
4568,28.05,16,FALL
4569,26.98,15,FALL
4570,28.70,16,FALL
4571,42.19,20,FALL
4572,62.98,25,FALL
4573,-0.10,5,FALL
4574,26.02,15,FALL
4575,-3.48,4,FALL
4576,3.44,7,FALL
4577,34.15,17,FALL
4578,44.98,19,FALL
4579,3.42,6,FALL
4580,30.39,16,FALL
4581,-0.71,5,FALL
4582,4.31,7,FALL
4583,27.10,15,FALL
4584,33.32,17,FALL
4585,29.95,16,FALL
4586,32.44,16,FALL
4587,11.00,9,FALL
4588,49.61,23,FALL
4589,31.21,16,FALL
4590,2.42,6,FALL
4591,27.46,15,FALL
4592,12.29,10,FALL
4593,104.66,39,FALL
4594,28.57,16,FALL
4595,-2.61,4,FALL
4596,25.01,13,FALL
4597,17.40,12,FALL
4598,53.36,24,FALL
4599,26.94,14,FALL
4600,6.81,8,FALL
4601,31.00,16,FALL
4602,2.83,6,FALL
4603,1.52,5,FALL
4604,10.35,9,FALL
4605,25.14,14,FALL
4606,27.66,15,FALL
4607,33.73,17,FALL
4608,101.26,38,FALL
4609,7.80,8,FALL
4610,22.23,13,FALL
4611,36.60,18,FALL
4612,12.27,9,FALL
4613,30.78,16,FALL
4614,28.70,15,FALL
4615,20.96,12,FALL
4616,-0.73,5,FALL
4617,-4.59,4,FALL
4618,129.10,49,FALL
4619,33.70,17,FALL
4620,8.23,8,FALL
4621,46.18,21,FALL
4622,17.39,11,FALL
4623,11.13,9,FALL
4624,32.32,16,FALL
4625,29.75,15,FALL
4626,18.48,10,FALL
4627,29.10,16,FALL
4628,7.95,9,FALL
4629,35.54,17,FALL
4630,95.76,38,FALL
4631,19.96,11,FALL
4632,38.20,18,FALL
4633,10.10,9,FALL
4634,-0.86,5,FALL
4635,13.69,11,FALL
4636,1.19,6,FALL
4637,28.65,16,FALL
4638,29.34,15,FALL
4639,-4.49,4,FALL
4640,73.89,30,FALL
4641,9.76,9,FALL
4642,51.81,23,FALL
4643,40.78,19,FALL
4644,-0.83,5,FALL
4645,7.07,8,FALL
4646,68.24,27,FALL
4647,27.30,15,FALL
4648,81.73,32,FALL
4649,26.01,14,FALL
4650,27.16,14,FALL
4651,2.94,6,FALL
4652,4.46,7,FALL
4653,27.33,15,FALL
4654,21.52,12,FALL
4655,22.27,14,FALL
4656,55.74,23,FALL
4657,17.94,11,FALL
4658,30.44,15,FALL
4659,14.47,10,FALL
4660,37.39,18,FALL
4661,27.65,15,FALL
4662,32.96,16,FALL
4663,19.72,13,FALL
4664,14.11,10,FALL
4665,-3.78,4,FALL
4666,30.54,15,FALL
4667,5.65,7,FALL
4668,21.41,13,FALL
4669,48.27,21,FALL
4670,82.99,31,FALL
4671,20.22,12,FALL
4672,45.60,20,FALL
4673,17.93,11,FALL
4674,28.69,15,FALL
4675,21.79,13,FALL
4676,16.82,11,FALL
4677,21.17,13,FALL
4678,26.70,14,FALL
4679,68.01,28,FALL
4680,11.95,9,FALL
4681,30.87,16,FALL
4682,15.82,10,FALL
4683,33.75,17,FALL
4684,75.97,30,FALL
4685,38.48,20,FALL
4686,14.13,10,FALL
4687,34.84,18,FALL
4688,53.88,25,FALL
4689,30.53,15,FALL
4690,9.49,9,FALL
4691,25.04,14,FALL
4692,81.82,33,FALL
4693,40.61,20,FALL
4694,28.67,15,FALL
4695,8.30,8,FALL
4696,31.51,16,FALL
4697,13.19,12,FALL
4698,35.41,17,FALL
4699,13.04,10,FALL
4700,36.07,16,FALL
4701,16.89,10,FALL
4702,26.96,15,FALL
4703,5.69,7,FALL
4704,19.69,12,FALL
4705,31.10,16,FALL
4706,5.20,6,FALL
4707,54.29,23,FALL
4708,89.75,33,FALL
4709,11.05,10,FALL
4710,71.81,31,FALL
4711,28.71,15,FALL
4712,17.49,11,FALL
4713,21.00,13,FALL
4714,26.56,15,FALL
4715,24.63,15,FALL
4716,29.39,15,FALL
4717,-0.73,5,FALL
4718,-2.25,5,FALL
4719,29.15,15,FALL
4720,30.40,16,FALL
4721,13.36,11,FALL
4722,87.04,33,FALL
4723,77.39,32,FALL
4724,31.03,16,FALL
4725,29.77,16,FALL
4726,27.15,14,FALL
4727,19.05,11,FALL
4728,41.26,19,FALL
4729,21.74,11,FALL
4730,29.53,15,FALL
4731,15.63,10,FALL
4732,26.76,15,FALL
4733,28.05,15,FALL
4734,-2.85,4,FALL
4735,19.55,12,FALL
4736,24.84,13,FALL
4737,4.48,7,FALL
4738,3.45,6,FALL
4739,34.05,17,FALL
4740,31.35,16,FALL
4741,32.84,16,FALL
4742,28.64,15,FALL
4743,18.83,13,FALL
4744,30.35,15,FALL
4745,44.07,19,FALL
4746,46.84,21,FALL
4747,4.78,7,FALL
4748,8.44,8,FALL
4749,17.63,11,FALL
4750,29.06,15,FALL
4751,37.06,17,FALL
4752,23.83,13,FALL
4753,21.46,12,FALL
4754,28.47,15,FALL
4755,74.13,30,FALL
4756,-1.37,5,FALL
4757,-6.04,3,FALL
4758,14.72,11,FALL
4759,34.07,17,FALL
4760,32.64,16,FALL
4761,67.17,27,FALL
4762,11.20,9,FALL
4763,9.33,9,FALL
4764,39.94,19,FALL
4765,3.97,7,FALL
4766,47.62,20,FALL
4767,37.41,19,FALL
4768,11.15,9,FALL
4769,16.42,11,FALL
4770,3.04,6,FALL
4771,21.38,13,FALL
4772,31.40,16,FALL
4773,32.50,16,FALL
4774,95.68,35,FALL
4775,26.56,15,FALL
4776,7.98,8,FALL
4777,42.71,19,FALL
4778,12.09,9,FALL
4779,3.83,7,FALL
4780,20.64,13,FALL
4781,29.97,16,FALL
4782,43.07,18,FALL
4783,11.52,9,FALL
4784,63.85,25,FALL
4785,3.90,6,FALL
4786,57.24,24,FALL
4787,28.63,14,FALL
4788,48.31,23,FALL
4789,18.84,12,FALL
4790,0.33,5,FALL
4791,38.94,18,FALL
4792,27.17,15,FALL
4793,59.30,24,FALL
4794,84.12,34,FALL
4795,0.34,5,FALL
4796,88.21,33,FALL
4797,38.37,18,FALL
4798,14.34,9,FALL
4799,25.85,15,FALL
4800,-1.76,5,FALL
4801,46.19,21,FALL
4802,26.65,15,FALL
4803,-5.03,3,FALL
4804,17.91,12,FALL
4805,16.15,11,FALL
4806,29.49,15,FALL
4807,21.76,13,FALL
4808,32.56,17,FALL
4809,48.01,21,FALL
4810,19.34,12,FALL
4811,17.26,11,FALL
4812,35.43,17,FALL
4813,22.55,13,FALL
4814,46.50,20,FALL
4815,3.83,7,FALL
4816,34.57,17,FALL
4817,51.06,22,FALL
4818,23.54,14,FALL
4819,39.77,18,FALL
4820,33.46,16,FALL
4821,28.39,15,FALL
4822,30.99,16,FALL
4823,32.59,16,FALL
4824,32.15,16,FALL
4825,31.83,16,FALL
4826,-0.62,5,FALL
4827,25.46,15,FALL
4828,31.82,16,FALL
4829,25.40,14,FALL
4830,22.56,14,FALL
4831,44.50,20,FALL
4832,-1.38,5,FALL
4833,8.49,8,FALL
4834,48.01,20,FALL
4835,37.49,18,FALL
4836,72.14,28,FALL
4837,28.90,15,FALL
4838,32.05,16,FALL
4839,29.27,15,FALL
4840,-1.90,5,FALL
4841,88.61,35,FALL
4842,114.59,42,FALL
4843,26.31,15,FALL
4844,71.64,28,FALL
4845,2.45,6,FALL
4846,35.49,16,FALL
4847,26.97,15,FALL
4848,33.40,17,FALL
4849,29.49,15,FALL
4850,37.91,18,FALL
4851,5.42,7,FALL
4852,41.73,19,FALL
4853,-3.14,4,FALL
4854,59.28,27,FALL
4855,33.67,17,FALL
4856,15.92,10,FALL
4857,72.18,31,FALL
4858,23.81,14,FALL
4859,7.97,8,FALL
4860,32.63,16,FALL
4861,12.90,10,FALL
4862,65.59,27,FALL
4863,34.09,17,FALL
4864,0.55,6,FALL
4865,6.15,7,FALL
4866,42.08,18,FALL
4867,16.87,11,FALL
4868,12.41,10,FALL
4869,29.20,15,FALL
4870,10.10,9,FALL
4871,40.14,18,FALL
4872,26.59,14,FALL
4873,90.07,34,FALL
4874,28.68,15,FALL
4875,16.38,11,FALL
4876,25.83,15,FALL
4877,11.12,9,FALL
4878,22.53,12,FALL
4879,24.44,13,FALL
4880,24.62,13,FALL
4881,29.01,15,FALL
4882,23.94,14,FALL
4883,20.26,13,FALL
4884,0.38,5,FALL
4885,10.25,9,FALL
4886,-3.51,4,FALL
4887,36.01,17,FALL
4888,69.25,30,FALL
4889,11.81,9,FALL
4890,33.86,17,FALL
4891,27.25,15,FALL
4892,9.18,8,FALL
4893,32.56,17,FALL
4894,26.25,15,FALL
4895,-1.04,5,FALL
4896,27.16,14,FALL
4897,21.81,13,FALL
4898,11.10,9,FALL
4899,25.09,15,FALL
4900,27.00,15,FALL
4901,0.32,5,FALL
4902,34.13,17,FALL
4903,16.21,9,FALL
4904,2.35,6,FALL
4905,29.65,16,FALL
4906,5.81,7,FALL
4907,26.22,15,FALL
4908,41.17,19,FALL
4909,31.48,17,FALL
4910,33.74,17,FALL
4911,3.44,7,FALL
4912,9.60,8,FALL
4913,38.67,18,FALL
4914,21.11,13,FALL
4915,30.85,16,FALL
4916,32.55,17,FALL
4917,5.25,8,FALL
4918,12.64,9,FALL
4919,30.36,15,FALL
4920,32.83,16,FALL
4921,32.42,16,FALL
4922,29.12,15,FALL
4923,6.53,7,FALL
4924,21.49,13,FALL
4925,34.52,17,FALL
4926,13.97,10,FALL
4927,-3.58,4,FALL
4928,27.80,15,FALL
4929,36.07,18,FALL
4930,14.75,11,FALL
4931,18.81,13,FALL
4932,1.89,7,FALL
4933,31.59,16,FALL
4934,-4.54,4,FALL
4935,120.17,46,FALL
4936,5.50,6,FALL
4937,51.78,24,FALL
4938,45.39,20,FALL
4939,22.37,13,FALL
4940,1.25,6,FALL
4941,17.89,11,FALL
4942,27.63,15,FALL
4943,-4.59,4,FALL
4944,45.68,20,FALL
4945,14.33,10,FALL
4946,25.49,14,FALL
4947,13.70,11,FALL
4948,117.53,46,FALL
4949,9.23,9,FALL
4950,4.19,7,FALL
4951,6.09,7,FALL
4952,31.38,16,FALL
4953,0.91,6,FALL
4954,46.24,21,FALL
4955,19.30,11,FALL
4956,-0.25,5,FALL
4957,28.90,16,FALL
4958,22.28,12,FALL
4959,31.01,16,FALL
4960,47.88,22,FALL
4961,44.84,19,FALL
4962,38.34,18,FALL
4963,119.42,46,FALL
4964,63.78,26,FALL
4965,3.03,7,FALL
4966,-1.83,4,FALL
4967,19.71,13,FALL
4968,25.34,14,FALL
4969,29.62,15,FALL
4970,28.00,15,FALL
4971,11.56,9,FALL
4972,46.31,20,FALL
4973,24.70,14,FALL
4974,1.56,6,FALL
4975,95.42,36,FALL
4976,50.06,21,FALL
4977,22.83,14,FALL
4978,31.94,16,FALL
4979,28.46,15,FALL
4980,0.60,5,FALL
4981,19.02,12,FALL
4982,-5.15,3,FALL
4983,-2.54,4,FALL
4984,8.90,8,FALL
4985,31.60,16,FALL
4986,-4.46,4,FALL
4987,21.55,12,FALL
4988,13.28,9,FALL
4989,-1.81,5,FALL
4990,-3.33,4,FALL
4991,45.27,21,FALL
4992,8.07,8,FALL
4993,47.12,20,FALL
4994,28.91,15,FALL
4995,48.31,21,FALL
4996,24.29,14,FALL
4997,-3.63,4,FALL
4998,32.62,16,FALL
4999,31.16,17,FALL
5000,37.77,18,FALL
5001,35.86,18,FALL
5002,18.72,12,FALL
5003,29.69,15,FALL
5004,31.85,16,FALL
5005,3.39,6,FALL
5006,29.93,16,FALL
5007,56.02,23,FALL
5008,-0.59,5,FALL
5009,28.37,15,FALL
5010,25.92,14,FALL
5011,30.97,16,FALL
5012,32.04,16,FALL
5013,32.43,17,FALL
5014,6.46,6,FALL
5015,22.43,13,FALL
5016,12.05,10,FALL
5017,31.35,16,FALL
5018,-2.96,4,FALL
5019,32.98,16,FALL
5020,26.14,16,FALL
5021,29.96,15,FALL
5022,31.81,16,FALL
5023,28.12,15,FALL
5024,-0.36,5,FALL
5025,68.32,27,FALL
5026,-3.77,4,FALL
5027,8.28,7,FALL
5028,116.15,45,FALL
5029,30.21,16,FALL
5030,118.62,45,FALL
5031,14.87,10,FALL
5032,14.49,10,FALL
5033,32.69,17,FALL
5034,28.71,15,FALL
5035,10.92,9,FALL
5036,12.78,10,FALL
5037,31.64,16,FALL
5038,2.57,6,FALL
5039,30.92,16,FALL
5040,31.72,16,FALL
5041,30.27,16,FALL
5042,27.14,15,FALL
5043,95.18,37,FALL
5044,27.62,15,FALL
5045,80.32,32,FALL
5046,81.30,32,FALL
5047,63.22,25,FALL
5048,6.96,7,FALL
5049,37.69,17,FALL
5050,27.64,16,FALL
5051,36.12,16,FALL
5052,0.97,6,FALL
5053,36.81,17,FALL
5054,78.90,32,FALL
5055,28.73,15,FALL
5056,35.46,17,FALL
5057,2.77,6,FALL
5058,11.72,10,FALL
5059,27.39,15,FALL
5060,30.14,16,FALL
5061,15.27,9,FALL
5062,26.96,15,FALL
5063,29.43,16,FALL
5064,23.09,13,FALL
5065,-1.17,5,FALL
5066,4.54,7,FALL
5067,41.79,19,FALL
5068,-6.05,3,FALL
5069,46.22,20,FALL
5070,30.58,16,FALL
5071,12.73,9,FALL
5072,10.06,8,FALL
5073,20.36,12,FALL
5074,25.11,13,FALL
5075,29.44,15,FALL
5076,57.19,24,FALL
5077,31.60,16,FALL
5078,24.95,13,FALL
5079,26.63,15,FALL
5080,2.39,6,FALL
5081,33.82,17,FALL
5082,-3.56,4,FALL
5083,-2.33,4,FALL
5084,28.51,15,FALL
5085,3.97,6,FALL
5086,64.38,27,FALL
5087,31.61,16,FALL
5088,-5.96,3,FALL
5089,19.15,12,FALL
5090,19.11,12,FALL
5091,8.90,9,FALL
5092,32.28,17,FALL
5093,37.15,17,FALL
5094,68.97,27,FALL
5095,23.49,13,FALL
5096,27.86,15,FALL
5097,33.46,16,FALL
5098,44.78,20,FALL
5099,92.52,35,FALL
5100,39.16,18,FALL
5101,25.38,14,FALL
5102,11.17,9,FALL
5103,33.03,17,FALL
5104,26.14,15,FALL
5105,27.79,15,FALL
5106,25.01,15,FALL
5107,4.31,7,FALL
5108,24.35,15,FALL
5109,-3.60,4,FALL
5110,31.90,17,FALL
5111,3.20,7,FALL
5112,22.13,13,FALL
5113,31.73,16,FALL
5114,1.18,6,FALL
5115,26.74,14,FALL
5116,33.75,16,FALL
5117,29.95,16,FALL
5118,27.24,15,FALL
5119,27.13,15,FALL
5120,43.01,19,FALL
5121,32.38,16,FALL
5122,26.51,14,FALL
5123,52.47,22,FALL
5124,27.30,16,FALL
5125,53.67,23,FALL
5126,4.69,6,FALL
5127,32.61,16,FALL
5128,33.13,16,FALL
5129,12.46,9,FALL
5130,30.90,16,FALL
5131,12.67,9,FALL
5132,37.82,18,FALL
5133,22.58,13,FALL
5134,28.47,15,FALL
5135,30.99,16,FALL
5136,18.74,11,FALL
5137,29.36,15,FALL
5138,8.45,8,FALL
5139,3.30,6,FALL
5140,33.14,16,FALL
5141,58.44,24,FALL
5142,-3.21,4,FALL
5143,7.82,8,FALL
5144,23.14,14,FALL
5145,21.26,13,FALL
5146,18.64,12,FALL
5147,1.17,6,FALL
5148,29.69,15,FALL
5149,38.03,18,FALL
5150,28.08,15,FALL
5151,20.59,12,FALL
5152,25.55,14,FALL
5153,19.57,12,FALL
5154,28.04,15,FALL
5155,29.22,15,FALL
5156,75.99,30,FALL
5157,53.40,24,FALL
5158,19.32,12,FALL
5159,42.72,19,FALL
5160,25.75,15,FALL
5161,3.00,6,FALL
5162,31.09,15,FALL
5163,15.45,11,FALL
5164,-0.10,5,FALL
5165,14.61,10,FALL
5166,-1.36,5,FALL
5167,21.98,14,FALL
5168,-2.91,4,FALL
5169,8.10,8,FALL
5170,61.89,26,FALL
5171,25.98,14,FALL
5172,91.51,34,FALL
5173,-5.33,3,FALL
5174,25.13,15,FALL
5175,27.92,14,FALL
5176,15.16,11,FALL
5177,17.58,11,FALL
5178,30.01,15,FALL
5179,50.84,22,FALL
5180,36.04,18,FALL
5181,31.22,15,FALL
5182,8.28,8,FALL
5183,29.58,16,FALL
5184,48.08,21,FALL
5185,18.31,12,FALL
5186,106.06,40,FALL
5187,0.72,5,FALL
5188,27.74,15,FALL
5189,26.08,16,FALL
5190,37.32,18,FALL
5191,51.74,22,FALL
5192,33.76,17,FALL
5193,66.24,28,FALL
5194,19.89,12,FALL
5195,29.67,16,FALL
5196,37.47,18,FALL
5197,31.99,16,FALL
5198,32.32,16,FALL
5199,1.65,6,FALL
5200,11.01,9,FALL
5201,26.67,15,FALL
5202,30.19,16,FALL
5203,74.11,30,FALL
5204,30.62,16,FALL
5205,23.84,13,FALL
5206,25.46,14,FALL
5207,30.78,16,FALL
5208,33.86,16,FALL
5209,27.61,15,FALL
5210,-0.60,5,FALL
5211,35.74,17,FALL
5212,35.64,17,FALL
5213,-1.21,5,FALL
5214,39.94,18,FALL
5215,30.40,15,FALL
5216,33.45,15,FALL
5217,-3.94,4,FALL
5218,44.40,20,FALL
5219,19.68,12,FALL
5220,13.34,9,FALL
5221,-0.58,5,FALL
5222,74.29,30,FALL
5223,4.03,7,FALL
5224,21.83,12,FALL
5225,28.29,16,FALL
5226,34.04,17,FALL
5227,23.65,14,FALL
5228,32.45,16,FALL
5229,31.71,16,FALL
5230,-2.54,4,FALL
5231,13.88,11,FALL
5232,5.75,8,FALL
5233,30.51,16,FALL
5234,21.31,13,FALL
5235,26.06,14,FALL
5236,15.50,11,FALL
5237,90.46,37,FALL
5238,31.40,16,FALL
5239,31.91,16,FALL
5240,12.90,10,FALL
5241,38.92,18,FALL
5242,38.92,19,FALL
5243,30.85,16,FALL
5244,25.22,14,FALL
5245,37.83,18,FALL
5246,27.43,15,FALL
5247,9.43,9,FALL
5248,29.11,15,FALL
5249,25.09,13,FALL
5250,31.09,16,FALL
5251,38.84,18,FALL
5252,9.62,8,FALL
5253,17.27,11,FALL
5254,-3.52,4,FALL
5255,51.69,23,FALL
5256,12.91,10,FALL
5257,34.49,17,FALL
5258,31.22,16,FALL
5259,2.24,6,FALL
5260,0.69,6,FALL
5261,14.41,10,FALL
5262,-3.88,4,FALL
5263,-2.50,4,FALL
5264,0.87,5,FALL
5265,29.95,16,FALL
5266,15.89,11,FALL
5267,28.87,15,FALL
5268,68.96,28,FALL
5269,35.52,16,FALL
5270,61.41,26,FALL
5271,16.43,11,FALL
5272,27.43,16,FALL
5273,38.74,19,FALL
5274,10.81,9,FALL
5275,14.81,10,FALL
5276,32.24,16,FALL
5277,41.47,19,FALL
5278,35.69,17,FALL
5279,-3.86,4,FALL
5280,31.18,16,FALL
5281,17.65,12,FALL
5282,27.03,16,FALL
5283,29.97,17,FALL
5284,9.01,8,FALL
5285,61.04,26,FALL
5286,33.48,17,FALL
5287,12.31,9,FALL
5288,45.16,19,FALL
5289,28.11,15,FALL
5290,34.30,17,FALL
5291,25.27,14,FALL
5292,30.63,15,FALL
5293,30.31,15,FALL
5294,17.16,11,FALL
5295,40.98,20,FALL
5296,33.50,16,FALL
5297,13.31,11,FALL
5298,40.22,18,FALL
5299,37.65,18,FALL
5300,6.83,8,FALL
5301,11.13,10,FALL
5302,-1.00,5,FALL
5303,27.13,16,FALL
5304,33.59,17,FALL
5305,34.48,17,FALL
5306,10.71,9,FALL
5307,120.76,43,FALL
5308,-0.41,5,FALL
5309,35.10,17,FALL
5310,16.40,11,FALL
5311,14.30,10,FALL
5312,88.99,35,FALL
5313,23.95,14,FALL
5314,38.10,19,FALL
5315,29.17,15,FALL
5316,28.92,15,FALL
5317,22.19,13,FALL
5318,26.13,14,FALL
5319,0.21,6,FALL
5320,20.03,12,FALL
5321,30.46,16,FALL
5322,1.04,6,FALL
5323,3.70,6,FALL
5324,109.65,43,FALL
5325,-0.82,5,FALL
5326,1.86,6,FALL
5327,36.47,17,FALL
5328,12.93,10,FALL
5329,28.62,15,FALL
5330,3.82,7,FALL
5331,30.93,15,FALL
5332,5.64,8,FALL
5333,32.76,16,FALL
5334,27.15,16,FALL
5335,27.88,15,FALL
5336,23.69,14,FALL
5337,28.26,15,FALL
5338,27.35,15,FALL
5339,23.53,13,FALL
5340,26.98,15,FALL
5341,30.02,15,FALL
5342,6.68,8,FALL
5343,27.31,15,FALL
5344,-0.87,5,FALL
5345,35.72,18,FALL
5346,46.95,21,FALL
5347,13.13,9,FALL
5348,31.99,16,FALL
5349,33.94,16,FALL
5350,50.89,22,FALL
5351,20.68,13,FALL
5352,10.02,9,FALL
5353,33.01,16,FALL
5354,25.90,15,FALL
5355,66.20,29,FALL
5356,16.61,11,FALL
5357,32.10,16,FALL
5358,59.65,25,FALL
5359,30.73,16,FALL
5360,31.72,16,FALL
5361,38.24,18,FALL
5362,157.37,58,FALL
5363,25.64,15,FALL
5364,8.14,8,FALL
5365,35.53,17,FALL
5366,8.37,9,FALL
5367,69.84,30,FALL
5368,33.42,16,FALL
5369,29.55,16,FALL
5370,10.04,9,FALL
5371,3.11,6,FALL
5372,7.46,8,FALL
5373,4.16,7,FALL
5374,-3.24,4,FALL
5375,28.65,14,FALL
5376,21.20,13,FALL
5377,17.94,12,FALL
5378,41.60,19,FALL
5379,26.90,15,FALL
5380,16.50,11,FALL
5381,30.79,16,FALL
5382,20.95,13,FALL
5383,35.02,17,FALL
5384,28.32,16,FALL
5385,30.02,15,FALL
5386,38.45,18,FALL
5387,25.51,15,FALL
5388,32.93,16,FALL
5389,5.19,7,FALL
5390,18.92,12,FALL
5391,10.98,9,FALL
5392,29.77,15,FALL
5393,31.67,16,FALL
5394,34.43,17,FALL
5395,24.84,14,FALL
5396,-1.07,5,FALL
5397,96.97,36,FALL
5398,-0.79,5,FALL
5399,83.88,34,FALL
5400,-0.70,5,FALL
5401,29.11,15,FALL
5402,-1.82,5,FALL
5403,39.19,19,FALL
5404,29.27,15,FALL
5405,8.65,7,FALL
5406,43.74,19,FALL
5407,28.15,15,FALL
5408,-3.26,4,FALL
5409,37.09,17,FALL
5410,70.82,29,FALL
5411,3.88,7,FALL
5412,1.76,5,FALL
5413,29.63,15,FALL
5414,12.92,10,FALL
5415,121.06,46,FALL
5416,23.97,14,FALL
5417,31.98,16,FALL
5418,-2.95,4,FALL
5419,49.14,21,FALL
5420,3.10,6,FALL
5421,28.40,15,FALL
5422,9.32,8,FALL
5423,38.92,18,FALL
5424,28.90,15,FALL
5425,29.56,15,FALL
5426,29.12,16,FALL
5427,12.73,9,FALL
5428,11.35,9,FALL
5429,0.34,5,FALL
5430,2.68,6,FALL
5431,19.06,12,FALL
5432,-1.07,5,FALL
5433,28.73,15,FALL
5434,30.97,16,FALL
5435,9.17,8,FALL
5436,214.22,77,FALL
5437,31.12,16,FALL
5438,31.02,16,FALL
5439,40.69,19,FALL
5440,-0.58,5,FALL
5441,29.28,15,FALL
5442,0.91,6,FALL
5443,29.51,15,FALL
5444,21.16,14,FALL
5445,5.73,8,FALL
5446,29.91,16,FALL
5447,6.89,8,FALL
5448,7.19,8,FALL
5449,41.13,19,FALL
5450,0.42,6,FALL
5451,38.34,18,FALL
5452,53.14,23,FALL
5453,36.54,17,FALL
5454,26.26,14,FALL
5455,21.45,13,FALL
5456,27.88,17,FALL
5457,32.07,16,FALL
5458,7.66,8,FALL
5459,34.92,17,FALL
5460,55.18,23,FALL
5461,32.66,16,FALL
5462,23.84,15,FALL
5463,43.34,19,FALL
5464,25.14,14,FALL
5465,46.11,21,FALL
5466,31.74,16,FALL
5467,33.53,16,FALL
5468,30.69,16,FALL
5469,32.00,16,FALL
5470,15.36,12,FALL
5471,27.56,15,FALL
5472,-2.21,5,FALL
5473,17.16,12,FALL
5474,2.59,7,FALL
5475,31.92,16,FALL
5476,14.94,10,FALL
5477,-1.15,4,FALL
5478,30.79,16,FALL
5479,-6.15,3,FALL
5480,6.25,7,FALL
5481,1.28,6,FALL
5482,10.14,9,FALL
5483,34.11,18,FALL
5484,29.07,15,FALL
5485,13.53,11,FALL
5486,40.22,19,FALL
5487,-2.45,4,FALL
5488,32.50,16,FALL
5489,14.88,11,FALL
5490,4.95,7,FALL
5491,18.18,11,FALL
5492,14.94,10,FALL
5493,31.51,17,FALL
5494,12.86,9,FALL
5495,0.18,5,FALL
5496,41.83,19,FALL
5497,13.74,11,FALL
5498,32.84,16,FALL
5499,20.62,13,FALL
5500,26.83,15,FALL
5501,12.14,9,FALL
5502,83.19,33,FALL
5503,7.49,8,FALL
5504,30.95,15,FALL
5505,24.32,14,FALL
5506,12.87,9,FALL
5507,32.42,16,FALL
5508,29.22,15,FALL
5509,27.80,15,FALL
5510,24.13,14,FALL
5511,14.33,10,FALL
5512,28.58,16,FALL
5513,6.62,8,FALL
5514,45.02,20,FALL
5515,47.31,21,FALL
5516,27.58,15,FALL
5517,15.70,12,FALL
5518,23.36,14,FALL
5519,-2.56,4,FALL
5520,16.87,11,FALL
5521,-2.57,4,FALL
5522,24.88,14,FALL
5523,-2.83,4,FALL
5524,1.15,5,FALL
5525,22.82,13,FALL
5526,9.30,9,FALL
5527,30.75,16,FALL
5528,30.92,16,FALL
5529,31.61,16,FALL
5530,33.28,17,FALL
5531,30.61,16,FALL
5532,-0.87,5,FALL
5533,29.43,15,FALL
5534,29.58,16,FALL
5535,19.46,12,FALL
5536,31.12,15,FALL
5537,31.31,15,FALL
5538,32.21,16,FALL
5539,30.66,16,FALL
5540,39.45,18,FALL
5541,21.67,14,FALL
5542,36.36,17,FALL
5543,29.28,15,FALL
5544,34.60,17,FALL
5545,16.99,11,FALL
5546,-3.30,4,FALL
5547,26.80,14,FALL
5548,34.29,18,FALL
5549,18.17,12,FALL
5550,33.18,18,FALL
5551,25.54,14,FALL
5552,32.58,17,FALL
5553,32.07,16,FALL
5554,25.49,15,FALL
5555,10.18,10,FALL
5556,16.01,11,FALL
5557,29.95,16,FALL
5558,39.12,18,FALL
5559,1.38,6,FALL
5560,27.70,15,FALL
5561,34.45,17,FALL
5562,28.60,15,FALL
5563,31.34,16,FALL
5564,-2.55,4,FALL
5565,24.29,14,FALL
5566,22.21,14,FALL
5567,16.02,11,FALL
5568,-3.88,4,FALL
5569,36.32,17,FALL
5570,24.05,14,FALL
5571,30.76,15,FALL
5572,40.93,19,FALL
5573,34.53,16,FALL
5574,29.04,15,FALL
5575,-3.74,4,FALL
5576,123.55,45,FALL
5577,42.31,18,FALL
5578,13.62,10,FALL
5579,30.51,17,FALL
5580,28.92,16,FALL
5581,7.75,8,FALL
5582,41.06,18,FALL
5583,31.32,16,FALL
5584,12.18,9,FALL
5585,27.66,15,FALL
5586,-1.27,5,FALL
5587,5.80,9,FALL
5588,60.78,25,FALL
5589,30.23,15,FALL
5590,33.85,17,FALL
5591,5.76,7,FALL
5592,8.01,7,FALL
5593,29.96,15,FALL
5594,89.89,36,FALL
5595,18.21,11,FALL
5596,-6.84,3,FALL
5597,27.80,14,FALL
5598,31.86,16,FALL
5599,52.34,22,FALL
5600,64.32,25,FALL
5601,0.00,5,FALL
5602,27.12,15,FALL
5603,14.17,10,FALL
5604,90.25,37,FALL
5605,30.46,16,FALL
5606,10.38,9,FALL
5607,13.86,11,FALL
5608,12.86,10,FALL
5609,31.91,16,FALL
5610,83.63,33,FALL
5611,22.31,13,FALL
5612,45.56,19,FALL
5613,30.20,16,FALL
5614,4.99,7,FALL
5615,30.74,16,FALL
5616,5.52,7,FALL
5617,-3.62,4,FALL
5618,28.59,15,FALL
5619,44.53,20,FALL
5620,0.97,6,FALL
5621,28.09,15,FALL
5622,-3.31,4,FALL
5623,1.03,6,FALL
5624,89.29,37,FALL
5625,29.76,16,FALL
5626,33.26,16,FALL
5627,28.25,16,FALL
5628,42.80,19,FALL
5629,-5.16,3,FALL
5630,29.15,15,FALL
5631,22.67,14,FALL
5632,5.13,7,FALL
5633,24.32,13,FALL
5634,22.60,14,FALL
5635,15.36,11,FALL
5636,20.67,12,FALL
5637,30.71,16,FALL
5638,36.63,17,FALL
5639,49.97,21,FALL
5640,-0.63,5,FALL
5641,10.04,9,FALL
5642,18.60,11,FALL
5643,30.31,16,FALL
5644,20.08,12,FALL
5645,34.17,17,FALL
5646,20.30,14,FALL
5647,19.29,12,FALL
5648,33.47,17,FALL
5649,34.96,17,FALL
5650,-1.20,5,FALL
5651,-3.10,4,FALL
5652,21.18,13,FALL
5653,2.28,6,FALL
5654,66.33,28,FALL
5655,25.77,14,FALL
5656,20.91,13,FALL
5657,20.63,13,FALL
5658,22.69,14,FALL
5659,4.78,7,FALL
5660,34.18,18,FALL
5661,0.80,6,FALL
5662,26.74,15,FALL
5663,19.16,11,FALL
5664,16.36,11,FALL
5665,14.72,11,FALL
5666,31.09,16,FALL
5667,44.45,21,FALL
5668,102.67,38,FALL
5669,1.88,6,FALL
5670,31.19,16,FALL
5671,2.76,7,FALL
5672,33.03,16,FALL
5673,34.32,17,FALL
5674,-1.37,5,FALL
5675,29.17,15,FALL
5676,24.92,14,FALL
5677,0.07,6,FALL
5678,57.46,24,FALL
5679,33.68,16,FALL
5680,0.45,5,FALL
5681,15.83,11,FALL
5682,-3.51,4,FALL
5683,-2.85,5,FALL
5684,-3.87,4,FALL
5685,24.62,15,FALL
5686,32.49,17,FALL
5687,29.61,15,FALL
5688,31.91,16,FALL
5689,14.04,10,FALL
5690,34.90,18,FALL
5691,-3.98,4,FALL
5692,6.23,7,FALL
5693,33.66,17,FALL
5694,23.02,13,FALL
5695,12.60,9,FALL
5696,-1.80,5,FALL
5697,28.50,15,FALL
5698,12.86,10,FALL
5699,0.98,6,FALL
5700,26.70,14,FALL
5701,30.10,16,FALL
5702,17.32,13,FALL
5703,39.78,19,FALL
5704,35.08,17,FALL
5705,133.69,48,FALL
5706,137.11,49,FALL
5707,28.64,16,FALL
5708,38.63,18,FALL
5709,-3.96,4,FALL
5710,-0.67,5,FALL
5711,8.01,8,FALL
5712,87.77,33,FALL
5713,-2.69,4,FALL
5714,90.03,35,FALL
5715,31.60,15,FALL
5716,-0.67,5,FALL
5717,25.85,15,FALL
5718,28.41,15,FALL
5719,30.07,15,FALL
5720,0.29,6,FALL
5721,39.60,19,FALL
5722,14.35,10,FALL
5723,30.32,16,FALL
5724,1.04,6,FALL
5725,25.44,14,FALL
5726,16.70,11,FALL
5727,24.61,14,FALL
5728,52.96,23,FALL
5729,26.20,15,FALL
5730,46.17,21,FALL
5731,30.10,16,FALL
5732,16.93,12,FALL
5733,-2.37,5,FALL
5734,30.61,16,FALL
5735,20.74,12,FALL
5736,31.57,16,FALL
5737,3.03,6,FALL
5738,14.61,10,FALL
5739,69.35,29,FALL
5740,4.76,6,FALL
5741,8.64,8,FALL
5742,45.17,20,FALL
5743,11.53,9,FALL
5744,57.94,25,FALL
5745,25.70,15,FALL
5746,3.83,7,FALL
5747,29.22,15,FALL
5748,0.16,5,FALL
5749,55.76,24,FALL
5750,59.28,24,FALL
5751,3.47,7,FALL
5752,11.54,10,FALL
5753,5.05,7,FALL
5754,-0.15,5,FALL
5755,-0.82,5,FALL
5756,17.13,11,FALL
5757,29.22,15,FALL
5758,17.54,12,FALL
5759,-2.80,4,FALL
5760,19.33,12,FALL
5761,8.09,7,FALL
5762,30.71,15,FALL
5763,14.04,9,FALL
5764,32.60,16,FALL
5765,29.08,15,FALL
5766,29.59,16,FALL
5767,24.36,13,FALL
5768,31.67,16,FALL
5769,77.37,30,FALL
5770,2.65,6,FALL
5771,5.47,7,FALL
5772,27.21,15,FALL
5773,10.46,8,FALL
5774,32.21,16,FALL
5775,6.40,8,FALL
5776,121.02,46,FALL
5777,38.46,17,FALL
5778,17.39,11,FALL
5779,10.11,8,FALL
5780,27.65,15,FALL
5781,29.06,16,FALL
5782,3.20,7,FALL
5783,17.99,12,FALL
5784,6.76,8,FALL
5785,26.13,15,FALL
5786,83.85,32,FALL
5787,4.53,6,FALL
5788,7.99,8,FALL
5789,-4.13,4,FALL
5790,138.66,50,FALL
5791,32.97,16,FALL
5792,26.46,14,FALL
5793,35.35,18,FALL
5794,-1.16,5,FALL
5795,23.33,15,FALL
5796,14.19,10,FALL
5797,27.04,16,FALL
5798,-2.85,4,FALL
5799,23.81,14,FALL
5800,28.83,15,FALL
5801,41.51,19,FALL
5802,32.09,16,FALL
5803,33.89,17,FALL
5804,30.39,15,FALL
5805,18.15,11,FALL
5806,84.24,34,FALL
5807,26.95,15,FALL
5808,-3.46,4,FALL
5809,14.10,10,FALL
5810,29.04,15,FALL
5811,11.83,9,FALL
5812,46.34,21,FALL
5813,33.22,16,FALL
5814,29.43,15,FALL
5815,32.37,16,FALL
5816,38.74,18,FALL
5817,37.72,17,FALL
5818,11.10,9,FALL
5819,29.57,15,FALL
5820,29.08,15,FALL
5821,4.98,6,FALL
5822,31.57,16,FALL
5823,20.00,12,FALL
5824,28.91,16,FALL
5825,31.85,16,FALL
5826,32.96,16,FALL
5827,43.52,20,FALL
5828,13.14,10,FALL
5829,17.90,12,FALL
5830,27.44,14,FALL
5831,15.97,11,FALL
5832,7.97,8,FALL
5833,13.64,10,FALL
5834,26.53,14,FALL
5835,30.87,15,FALL
5836,33.42,17,FALL
5837,32.18,17,FALL
5838,30.93,16,FALL
5839,22.64,13,FALL
5840,0.65,6,FALL
5841,25.15,15,FALL
5842,9.02,8,FALL
5843,-3.11,4,FALL
5844,8.86,7,FALL
5845,46.06,21,FALL
5846,28.05,15,FALL
5847,25.40,14,FALL
5848,59.68,24,FALL
5849,8.18,8,FALL
5850,28.16,16,FALL
5851,27.49,16,FALL
5852,27.59,15,FALL
5853,20.59,13,FALL
5854,64.19,25,FALL
5855,19.38,12,FALL
5856,78.05,34,FALL
5857,24.99,14,FALL
5858,24.61,13,FALL
5859,1.27,6,FALL
5860,11.17,9,FALL
5861,14.14,10,FALL
5862,41.80,19,FALL
5863,21.97,13,FALL
5864,0.31,5,FALL
5865,33.97,17,FALL
5866,-2.98,4,FALL
5867,1.31,6,FALL
5868,35.15,17,FALL
5869,17.08,11,FALL
5870,30.19,16,FALL
5871,64.71,26,FALL
5872,7.72,8,FALL
5873,29.84,16,FALL
5874,27.51,15,FALL
5875,14.91,10,FALL
5876,0.34,6,FALL
5877,20.34,12,FALL
5878,32.73,16,FALL
5879,38.41,17,FALL
5880,31.34,16,FALL
5881,1.82,5,FALL
5882,48.60,21,FALL
5883,28.85,15,FALL
5884,35.33,17,FALL
5885,32.93,16,FALL
5886,6.26,7,FALL
5887,42.50,18,FALL
5888,31.07,16,FALL
5889,12.27,10,FALL
5890,10.02,9,FALL
5891,46.19,20,FALL
5892,36.61,18,FALL
5893,9.58,9,FALL
5894,57.48,24,FALL
5895,66.21,27,FALL
5896,13.46,10,FALL
5897,4.73,7,FALL
5898,33.82,16,FALL
5899,20.94,13,FALL
5900,28.67,15,FALL
5901,81.28,31,FALL
5902,28.88,15,FALL
5903,47.07,20,FALL
5904,30.38,16,FALL
5905,6.88,8,FALL
5906,31.51,16,FALL
5907,43.27,20,FALL
5908,48.23,22,FALL
5909,2.68,7,FALL
5910,77.52,31,FALL
5911,31.66,16,FALL
5912,5.58,6,FALL
5913,16.85,10,FALL
5914,45.30,20,FALL
5915,31.09,16,FALL
5916,37.91,18,FALL
5917,19.93,12,FALL
5918,107.15,43,FALL
5919,28.97,15,FALL
5920,3.04,7,FALL
5921,112.47,45,FALL
5922,-3.40,4,FALL
5923,23.52,14,FALL
5924,18.02,11,FALL
5925,48.21,21,FALL
5926,12.00,10,FALL
5927,36.70,17,FALL
5928,45.02,20,FALL
5929,5.12,7,FALL
5930,-3.22,4,FALL
5931,33.39,16,FALL
5932,22.32,13,FALL
5933,18.91,12,FALL
5934,34.22,17,FALL
5935,42.64,19,FALL
5936,21.79,13,FALL
5937,20.19,12,FALL
5938,40.78,19,FALL
5939,34.52,16,FALL
5940,11.96,9,FALL
5941,17.71,11,FALL
5942,4.51,7,FALL
5943,7.46,8,FALL
5944,3.44,6,FALL
5945,9.50,8,FALL
5946,28.65,15,FALL
5947,-3.49,4,FALL
5948,8.80,8,FALL
5949,3.20,6,FALL
5950,24.10,14,FALL
5951,33.62,17,FALL
5952,71.38,30,FALL
5953,22.89,13,FALL
5954,44.53,19,FALL
5955,-3.07,4,FALL
5956,2.31,6,FALL
5957,34.84,17,FALL
5958,30.10,16,FALL
5959,0.92,6,FALL
5960,46.05,22,FALL
5961,33.04,17,FALL
5962,32.61,16,FALL
5963,27.98,15,FALL
5964,23.44,14,FALL
5965,49.47,24,FALL
5966,33.75,17,FALL
5967,0.80,6,FALL
5968,-3.32,4,FALL
5969,56.17,24,FALL
5970,9.68,8,FALL
5971,-1.32,5,FALL
5972,16.44,11,FALL
5973,93.06,36,FALL
5974,9.60,8,FALL
5975,5.25,6,FALL
5976,34.13,16,FALL
5977,24.31,13,FALL
5978,-3.85,4,FALL
5979,-3.37,4,FALL
5980,5.43,8,FALL
5981,90.54,37,FALL
5982,13.53,10,FALL
5983,33.86,17,FALL
5984,79.08,31,FALL
5985,2.28,6,FALL
5986,7.83,7,FALL
5987,-0.78,5,FALL
5988,78.04,31,FALL
5989,22.62,14,FALL
5990,31.49,16,FALL
5991,30.35,16,FALL
5992,2.01,5,FALL
5993,-5.14,3,FALL
5994,6.71,8,FALL
5995,15.76,10,FALL
5996,-3.62,4,FALL
5997,21.83,13,FALL
5998,114.16,42,FALL
5999,30.52,16,FALL
6000,-3.67,4,FALL
6001,26.80,14,FALL
6002,9.25,8,FALL
6003,22.76,13,FALL
6004,32.77,16,FALL
6005,120.63,46,FALL
6006,23.54,13,FALL
6007,22.21,12,FALL
6008,-2.76,4,FALL
6009,25.04,14,FALL
6010,87.30,33,FALL
6011,11.36,9,FALL
6012,34.84,18,FALL
6013,72.85,30,FALL
6014,21.10,12,FALL
6015,1.10,5,FALL
6016,22.79,13,FALL
6017,-2.74,4,FALL
6018,14.03,9,FALL
6019,70.20,28,FALL
6020,34.66,17,FALL
6021,14.70,10,FALL
6022,16.08,11,FALL
6023,34.39,17,FALL
6024,27.24,16,FALL
6025,18.00,11,FALL
6026,-3.48,4,FALL
6027,10.53,9,FALL
6028,3.55,6,FALL
6029,35.39,17,FALL
6030,51.36,20,FALL
6031,4.07,6,FALL
6032,37.95,18,FALL
6033,33.42,17,FALL
6034,8.91,8,FALL
6035,26.60,14,FALL
6036,47.82,20,FALL
6037,11.34,9,FALL
6038,28.92,15,FALL
6039,11.65,9,FALL
6040,-1.51,5,FALL
6041,30.33,16,FALL
6042,3.30,6,FALL
6043,40.24,20,FALL
6044,30.00,16,FALL
6045,58.18,25,FALL
6046,27.74,15,FALL
6047,33.26,17,FALL
6048,29.41,15,FALL
6049,-1.41,5,FALL
6050,21.41,13,FALL
6051,10.95,9,FALL
6052,29.07,16,FALL
6053,-2.09,4,FALL
6054,45.27,20,FALL
6055,42.31,20,FALL
6056,7.09,8,FALL
6057,9.08,9,FALL
6058,11.30,12,FALL
6059,6.52,7,FALL
6060,28.57,15,FALL
6061,4.55,7,FALL
6062,11.22,10,FALL
6063,31.28,15,FALL
6064,51.70,21,FALL
6065,22.90,15,FALL
6066,5.79,8,FALL
6067,3.09,7,FALL
6068,61.54,25,FALL
6069,27.24,15,FALL
6070,38.34,18,FALL
6071,-3.18,4,FALL
6072,26.50,14,FALL
6073,27.41,15,FALL
6074,29.44,15,FALL
6075,24.93,14,FALL
6076,78.58,31,FALL
6077,7.04,7,FALL
6078,4.02,7,FALL
6079,27.68,15,FALL
6080,46.77,20,FALL
6081,61.28,25,FALL
6082,37.51,18,FALL
6083,27.06,14,FALL
6084,30.74,16,FALL
6085,82.14,32,FALL
6086,7.95,7,FALL
6087,27.77,15,FALL
6088,29.39,15,FALL
6089,27.36,15,FALL
6090,-2.27,4,FALL
6091,19.27,12,FALL
6092,37.24,18,FALL
6093,34.40,17,FALL
6094,16.51,11,FALL
6095,34.04,17,FALL
6096,29.10,15,FALL
6097,44.60,20,FALL
6098,40.22,19,FALL
6099,93.58,36,FALL
6100,5.98,7,FALL
6101,2.88,6,FALL
6102,6.85,8,FALL
6103,31.79,15,FALL
6104,9.11,9,FALL
6105,29.49,16,FALL
6106,12.02,10,FALL
6107,8.59,9,FALL
6108,23.76,13,FALL
6109,8.56,8,FALL
6110,30.15,15,FALL
6111,-1.37,5,FALL
6112,-3.17,4,FALL
6113,14.90,11,FALL
6114,91.62,36,FALL
6115,34.57,16,FALL
6116,36.48,17,FALL
6117,31.49,16,FALL
6118,18.22,12,FALL
6119,2.50,6,FALL
6120,26.13,14,FALL
6121,26.57,15,FALL
6122,32.50,16,FALL
6123,13.96,10,FALL
6124,5.43,7,FALL
6125,1.05,6,FALL
6126,11.95,9,FALL
6127,1.90,6,FALL
6128,26.40,15,FALL
6129,5.33,7,FALL
6130,19.74,11,FALL
6131,11.65,9,FALL
6132,51.68,22,FALL
6133,2.97,6,FALL
6134,27.02,15,FALL
6135,49.19,20,FALL
6136,33.30,17,FALL
6137,-1.67,5,FALL
6138,34.36,17,FALL
6139,28.04,16,FALL
6140,9.57,9,FALL
6141,44.90,20,FALL
6142,31.64,16,FALL
6143,27.29,15,FALL
6144,29.68,15,FALL
6145,30.77,16,FALL
6146,12.26,9,FALL
6147,9.01,9,FALL
6148,25.76,14,FALL
6149,16.01,10,FALL
6150,5.71,7,FALL
6151,30.20,15,FALL
6152,2.76,6,FALL
6153,23.78,13,FALL
6154,63.61,27,FALL
6155,0.69,6,FALL
6156,0.44,6,FALL
6157,48.94,20,FALL
6158,28.20,16,FALL
6159,6.59,7,FALL
6160,15.86,11,FALL
6161,12.69,9,FALL
6162,-1.62,5,FALL
6163,6.48,7,FALL
6164,2.88,7,FALL
6165,15.70,10,FALL
6166,31.33,16,FALL
6167,9.52,9,FALL
6168,25.02,14,FALL
6169,45.63,21,FALL
6170,26.90,14,FALL
6171,28.56,15,FALL
6172,23.13,13,FALL
6173,43.15,21,FALL
6174,-3.00,4,FALL
6175,27.24,14,FALL
6176,15.41,11,FALL
6177,86.82,34,FALL
6178,13.88,10,FALL
6179,48.37,22,FALL
6180,2.80,6,FALL
6181,16.90,11,FALL
6182,30.21,16,FALL
6183,31.91,15,FALL
6184,-2.23,4,FALL
6185,20.87,13,FALL
6186,24.30,14,FALL
6187,-1.24,5,FALL
6188,11.20,9,FALL
6189,20.58,12,FALL
6190,-2.41,4,FALL
6191,24.56,15,FALL
6192,20.35,13,FALL
6193,28.78,15,FALL
6194,28.96,15,FALL
6195,36.04,17,FALL
6196,12.07,10,FALL
6197,28.37,15,FALL
6198,-1.29,5,FALL
6199,13.56,10,FALL
6200,29.10,15,FALL
6201,13.57,10,FALL
6202,35.04,17,FALL
6203,35.31,17,FALL
6204,53.03,22,FALL
6205,32.42,16,FALL
6206,15.20,10,FALL
6207,24.82,14,FALL
6208,24.07,13,FALL
6209,1.25,5,FALL
6210,11.95,9,FALL
6211,-0.58,5,FALL
6212,36.22,17,FALL
6213,1.09,6,FALL
6214,-4.44,3,FALL
6215,9.05,9,FALL
6216,37.35,19,FALL
6217,24.56,14,FALL
6218,19.86,12,FALL
6219,30.53,15,FALL
6220,19.39,12,FALL
6221,10.01,10,FALL
6222,28.80,15,FALL
6223,84.05,33,FALL
6224,-3.87,4,FALL
6225,-2.42,4,FALL
6226,27.27,15,FALL
6227,11.48,10,FALL
6228,-1.10,5,FALL
6229,34.26,16,FALL
6230,45.14,19,FALL
6231,8.03,8,FALL
6232,15.22,11,FALL
6233,35.60,17,FALL
6234,14.25,11,FALL
6235,4.49,7,FALL
6236,6.07,8,FALL
6237,54.66,23,FALL
6238,33.54,16,FALL
6239,8.25,8,FALL
6240,36.76,17,FALL
6241,29.37,16,FALL
6242,28.99,15,FALL
6243,28.41,16,FALL
6244,34.45,17,FALL
6245,33.92,17,FALL
6246,31.18,16,FALL
6247,0.69,5,FALL
6248,38.03,17,FALL
6249,13.39,11,FALL
6250,38.23,18,FALL
6251,28.40,15,FALL
6252,-2.90,4,FALL
6253,28.25,15,FALL
6254,31.39,16,FALL
6255,54.35,23,FALL
6256,30.18,16,FALL
6257,14.64,10,FALL
6258,16.00,11,FALL
6259,9.42,9,FALL
6260,-2.58,4,FALL
6261,11.86,9,FALL
6262,-0.88,5,FALL
6263,48.78,21,FALL
6264,4.74,7,FALL
6265,11.25,9,FALL
6266,56.53,23,FALL
6267,11.97,9,FALL
6268,18.54,11,FALL
6269,29.51,16,FALL
6270,-5.02,3,FALL
6271,-0.82,5,FALL
6272,9.55,9,FALL
6273,6.81,8,FALL
6274,38.84,19,FALL
6275,0.27,6,FALL
6276,11.17,9,FALL
6277,-1.31,5,FALL
6278,10.16,9,FALL
6279,-2.58,4,FALL
6280,15.39,11,FALL
6281,35.42,18,FALL
6282,13.70,10,FALL
6283,-1.02,5,FALL
6284,38.84,17,FALL
6285,28.82,15,FALL
6286,22.19,13,FALL
6287,12.14,10,FALL
6288,54.33,24,FALL
6289,35.39,17,FALL
6290,45.26,20,FALL
6291,30.61,15,FALL
6292,28.47,16,FALL
6293,29.42,16,FALL
6294,12.50,9,FALL
6295,-3.20,4,FALL
6296,-1.43,5,FALL
6297,15.87,12,FALL
6298,4.69,7,FALL
6299,13.00,9,FALL
6300,17.90,12,FALL
6301,31.84,16,FALL
6302,2.39,6,FALL
6303,32.06,16,FALL
6304,61.55,26,FALL
6305,30.12,16,FALL
6306,38.96,18,FALL
6307,35.65,17,FALL
6308,23.94,14,FALL
6309,5.16,6,FALL
6310,27.44,15,FALL
6311,9.34,8,FALL
6312,0.59,6,FALL
6313,82.20,34,FALL
6314,-1.71,5,FALL
6315,29.96,16,FALL
6316,27.95,15,FALL
6317,2.95,6,FALL
6318,27.19,15,FALL
6319,79.91,32,FALL
6320,8.93,8,FALL
6321,54.89,23,FALL
6322,30.17,16,FALL
6323,9.97,9,FALL
6324,19.28,12,FALL
6325,-3.73,4,FALL
6326,13.32,10,FALL
6327,23.31,13,FALL
6328,71.61,30,FALL
6329,7.21,7,FALL
6330,41.00,19,FALL
6331,31.54,16,FALL
6332,27.15,15,FALL
6333,5.66,7,FALL
6334,25.29,14,FALL
6335,35.54,17,FALL
6336,24.59,13,FALL
6337,4.86,7,FALL
6338,16.94,11,FALL
6339,30.55,16,FALL
6340,35.14,17,FALL
6341,-3.55,4,FALL
6342,23.68,13,FALL
6343,3.86,7,FALL
6344,30.24,15,FALL
6345,-1.86,6,FALL
6346,4.64,6,FALL
6347,41.09,19,FALL
6348,26.78,15,FALL
6349,8.03,8,FALL
6350,0.14,5,FALL
6351,26.81,15,FALL
6352,23.26,14,FALL
6353,12.22,10,FALL
6354,22.39,12,FALL
6355,-6.41,3,FALL
6356,33.71,17,FALL
6357,-6.38,3,FALL
6358,28.14,15,FALL
6359,30.16,15,FALL
6360,28.52,16,FALL
6361,56.81,24,FALL
6362,28.80,15,FALL
6363,19.63,12,FALL
6364,42.86,20,FALL
6365,23.06,13,FALL
6366,-1.57,5,FALL
6367,25.85,15,FALL
6368,16.77,11,FALL
6369,-2.80,4,FALL
6370,31.48,16,FALL
6371,34.05,17,FALL
6372,58.33,26,FALL
6373,51.44,22,FALL
6374,47.24,21,FALL
6375,-0.04,5,FALL
6376,36.87,19,FALL
6377,5.25,7,FALL
6378,40.38,18,FALL
6379,10.99,10,FALL
6380,28.79,16,FALL
6381,73.63,29,FALL
6382,28.51,15,FALL
6383,34.39,17,FALL
6384,0.24,5,FALL
6385,24.15,14,FALL
6386,0.87,6,FALL
6387,13.87,10,FALL
6388,31.63,16,FALL
6389,-0.12,5,FALL
6390,16.53,10,FALL
6391,51.48,22,FALL
6392,1.83,6,FALL
6393,12.80,10,FALL
6394,35.75,17,FALL
6395,14.30,11,FALL
6396,34.82,17,FALL
6397,5.45,8,FALL
6398,13.62,11,FALL
6399,13.42,10,FALL
6400,16.99,11,FALL
6401,47.53,21,FALL
6402,23.36,14,FALL
6403,32.94,16,FALL
6404,12.93,9,FALL
6405,24.93,13,FALL
6406,19.74,12,FALL
6407,74.67,30,FALL
6408,17.27,11,FALL
6409,31.44,15,FALL
6410,-0.67,5,FALL
6411,34.22,17,FALL
6412,21.62,12,FALL
6413,13.52,10,FALL
6414,28.20,15,FALL
6415,75.98,31,FALL
6416,31.52,15,FALL
6417,32.15,17,FALL
6418,13.51,10,FALL
6419,2.89,6,FALL
6420,30.21,16,FALL
6421,37.16,18,FALL
6422,42.80,20,FALL
6423,10.73,9,FALL
6424,17.44,12,FALL
6425,32.38,17,FALL
6426,31.66,16,FALL
6427,19.83,12,FALL
6428,0.82,5,FALL
6429,15.09,11,FALL
6430,1.34,6,FALL
6431,3.72,7,FALL
6432,11.45,9,FALL
6433,32.13,16,FALL
6434,7.87,8,FALL
6435,47.08,22,FALL
6436,29.33,15,FALL
6437,23.51,13,FALL
6438,19.52,12,FALL
6439,21.66,13,FALL
6440,19.71,12,FALL
6441,28.90,15,FALL
6442,1.96,6,FALL
6443,17.73,11,FALL
6444,28.94,16,FALL
6445,24.34,14,FALL
6446,28.49,15,FALL
6447,20.10,11,FALL
6448,2.57,6,FALL
6449,51.28,21,FALL
6450,11.66,9,FALL
6451,33.75,17,FALL
6452,18.76,12,FALL
6453,30.78,16,FALL
6454,56.84,24,FALL
6455,28.79,16,FALL
6456,-0.93,5,FALL
6457,34.24,17,FALL
6458,29.64,16,FALL
6459,28.80,15,FALL
6460,65.49,27,FALL
6461,19.11,12,FALL
6462,38.21,18,FALL
6463,31.70,16,FALL
6464,17.41,11,FALL
6465,1.26,6,FALL
6466,45.26,21,FALL
6467,56.45,25,FALL
6468,19.50,12,FALL
6469,24.40,14,FALL
6470,-3.06,4,FALL
6471,1.16,6,FALL
6472,28.53,15,FALL
6473,11.93,10,FALL
6474,34.43,17,FALL
6475,17.10,11,FALL
6476,10.72,9,FALL
6477,25.60,14,FALL
6478,11.59,8,FALL
6479,11.63,9,FALL
6480,13.86,10,FALL
6481,6.93,7,FALL
6482,21.61,12,FALL
6483,1.08,6,FALL
6484,33.99,17,FALL
6485,16.06,10,FALL
6486,18.40,12,FALL
6487,51.73,22,FALL
6488,28.04,15,FALL
6489,17.75,10,FALL
6490,30.73,16,FALL
6491,34.46,17,FALL
6492,29.41,15,FALL
6493,33.32,17,FALL
6494,30.69,16,FALL
6495,6.35,8,FALL
6496,21.24,13,FALL
6497,36.83,18,FALL
6498,-5.95,3,FALL
6499,35.64,17,FALL
6500,28.48,15,FALL
6501,29.55,15,FALL
6502,10.18,8,FALL
6503,-1.31,5,FALL
6504,23.08,13,FALL
6505,109.41,42,FALL
6506,37.17,17,FALL
6507,9.27,8,FALL
6508,2.98,7,FALL
6509,-0.12,6,FALL
6510,37.36,18,FALL
6511,-0.10,5,FALL
6512,24.13,14,FALL
6513,19.74,12,FALL
6514,29.94,15,FALL
6515,7.77,8,FALL
6516,31.93,16,FALL
6517,46.74,21,FALL
6518,5.03,7,FALL
6519,33.35,17,FALL
6520,37.28,18,FALL
6521,-0.96,5,FALL
6522,31.54,16,FALL
6523,17.64,11,FALL
6524,89.32,36,FALL
6525,82.35,32,FALL
6526,-0.81,5,FALL
6527,-2.21,4,FALL
6528,159.07,59,FALL
6529,37.92,18,FALL
6530,51.10,23,FALL
6531,28.14,15,FALL
6532,-0.98,5,FALL
6533,3.34,6,FALL
6534,29.40,17,FALL
6535,23.47,13,FALL
6536,28.31,15,FALL
6537,29.25,16,FALL
6538,77.28,31,FALL
6539,82.54,33,FALL
6540,30.81,16,FALL
6541,-2.09,5,FALL
6542,26.21,15,FALL
6543,85.25,34,FALL
6544,-1.35,5,FALL
6545,35.60,17,FALL
6546,28.12,15,FALL
6547,37.46,17,FALL
6548,10.66,9,FALL
6549,-1.10,5,FALL
6550,31.67,16,FALL
6551,5.16,7,FALL
6552,-3.50,4,FALL
6553,4.94,7,FALL
6554,30.12,16,FALL
6555,9.30,9,FALL
6556,42.01,18,FALL
6557,40.74,18,FALL
6558,7.77,8,FALL
6559,41.23,19,FALL
6560,24.76,14,FALL
6561,29.72,16,FALL
6562,48.00,21,FALL
6563,29.91,16,FALL
6564,31.68,16,FALL
6565,21.65,13,FALL
6566,85.26,33,FALL
6567,40.78,18,FALL
6568,45.50,20,FALL
6569,73.87,29,FALL
6570,22.90,13,FALL
6571,45.33,21,FALL
6572,21.04,12,FALL
6573,29.40,15,FALL
6574,13.63,10,FALL
6575,-0.07,6,FALL
6576,27.43,15,FALL
6577,32.79,16,FALL
6578,9.92,8,FALL
6579,9.70,8,FALL
6580,13.27,9,FALL
6581,45.02,20,FALL
6582,-6.19,3,FALL
6583,7.87,8,FALL
6584,82.11,33,FALL
6585,89.82,35,FALL
6586,66.14,27,FALL
6587,61.58,26,FALL
6588,-0.93,5,FALL
6589,66.74,26,FALL
6590,-2.33,4,FALL
6591,30.72,15,FALL
6592,-3.71,4,FALL
6593,25.25,15,FALL
6594,24.47,14,FALL
6595,28.34,15,FALL
6596,2.97,6,FALL
6597,10.86,9,FALL
6598,23.11,14,FALL
6599,19.66,13,FALL
6600,31.18,16,FALL
6601,33.20,16,FALL
6602,25.19,13,FALL
6603,20.23,12,FALL
6604,46.12,20,FALL
6605,21.81,13,FALL
6606,69.56,28,FALL
6607,83.85,31,FALL
6608,12.77,10,FALL
6609,38.58,18,FALL
6610,23.55,14,FALL
6611,26.47,15,FALL
6612,59.18,26,FALL
6613,46.94,21,FALL
6614,17.45,11,FALL
6615,10.74,9,FALL
6616,13.75,10,FALL
6617,28.97,15,FALL
6618,14.90,10,FALL
6619,29.95,15,FALL
6620,22.78,13,FALL
6621,18.96,12,FALL
6622,-3.50,4,FALL
6623,-3.68,4,FALL
6624,30.85,16,FALL
6625,29.08,16,FALL
6626,25.72,14,FALL
6627,1.07,6,FALL
6628,32.10,16,FALL
6629,15.97,12,FALL
6630,32.07,16,FALL
6631,33.87,17,FALL
6632,28.65,17,FALL
6633,-0.63,5,FALL
6634,25.16,14,FALL
6635,19.30,12,FALL
6636,3.23,6,FALL
6637,10.72,9,FALL
6638,46.63,20,FALL
6639,29.69,16,FALL
6640,27.74,15,FALL
6641,6.20,7,FALL
6642,-1.23,5,FALL
6643,23.66,14,FALL
6644,28.92,16,FALL
6645,-1.59,5,FALL
6646,9.40,8,FALL
6647,64.06,27,FALL
6648,-1.42,5,FALL
6649,30.72,16,FALL
6650,6.66,7,FALL
6651,37.62,17,FALL
6652,32.67,16,FALL
6653,2.46,6,FALL
6654,3.48,6,FALL
6655,33.84,16,FALL
6656,53.96,23,FALL
6657,22.73,13,FALL
6658,28.34,15,FALL
6659,1.58,6,FALL
6660,28.48,15,FALL
6661,31.16,16,FALL
6662,13.10,10,FALL
6663,1.34,5,FALL
6664,-1.47,5,FALL
6665,26.91,15,FALL
6666,-0.91,5,FALL
6667,27.84,16,FALL
6668,33.17,17,FALL
6669,12.92,9,FALL
6670,77.97,31,FALL
6671,32.81,16,FALL
6672,31.87,16,FALL
6673,16.79,12,FALL
6674,-1.45,5,FALL
6675,88.58,34,FALL
6676,16.18,11,FALL
6677,84.58,35,FALL
6678,39.33,18,FALL
6679,-2.00,5,FALL
6680,-0.46,5,FALL
6681,35.33,17,FALL
6682,29.15,15,FALL
6683,8.50,8,FALL
6684,26.93,15,FALL
6685,22.09,13,FALL
6686,51.56,22,FALL
6687,21.35,12,FALL
6688,-0.84,5,FALL
6689,34.41,18,FALL
6690,29.28,15,FALL
6691,32.60,16,FALL
6692,-1.67,5,FALL
6693,-3.39,4,FALL
6694,27.06,14,FALL
6695,4.56,6,FALL
6696,21.93,12,FALL
6697,6.18,7,FALL
6698,18.28,11,FALL
6699,35.63,17,FALL
6700,4.56,6,FALL
6701,29.19,15,FALL
6702,7.99,8,FALL
6703,27.57,15,FALL
6704,29.47,15,FALL
6705,62.26,26,FALL
6706,17.43,11,FALL
6707,33.44,16,FALL
6708,11.68,9,FALL
6709,32.25,16,FALL
6710,15.34,11,FALL
6711,59.10,25,FALL
6712,24.52,14,FALL
6713,35.26,18,FALL
6714,28.46,15,FALL
6715,15.07,11,FALL
6716,2.59,7,FALL
6717,-0.29,5,FALL
6718,28.64,15,FALL
6719,46.78,21,FALL
6720,27.68,16,FALL
6721,33.06,16,FALL
6722,32.13,16,FALL
6723,28.65,15,FALL
6724,22.33,13,FALL
6725,29.24,16,FALL
6726,53.34,24,FALL
6727,-1.37,5,FALL
6728,23.38,13,FALL
6729,27.95,15,FALL
6730,7.34,7,FALL
6731,-4.69,4,FALL
6732,24.72,14,FALL
6733,9.82,9,FALL
6734,31.94,16,FALL
6735,-3.30,4,FALL
6736,31.67,16,FALL
6737,32.41,17,FALL
6738,33.59,16,FALL
6739,2.92,6,FALL
6740,31.57,16,FALL
6741,49.43,21,FALL
6742,32.69,16,FALL
6743,34.07,17,FALL
6744,4.22,7,FALL
6745,31.22,17,FALL
6746,72.02,31,FALL
6747,27.27,16,FALL
6748,10.24,9,FALL
6749,42.21,19,FALL
6750,9.15,10,FALL
6751,25.10,14,FALL
6752,27.51,15,FALL
6753,18.25,12,FALL
6754,23.14,13,FALL
6755,31.98,16,FALL
6756,31.47,16,FALL
6757,0.73,6,FALL
6758,36.88,18,FALL
6759,21.06,12,FALL
6760,30.23,16,FALL
6761,69.45,28,FALL
6762,11.78,10,FALL
6763,24.02,13,FALL
6764,9.49,8,FALL
6765,24.78,15,FALL
6766,22.60,14,FALL
6767,89.12,36,FALL
6768,81.32,33,FALL
6769,-2.67,4,FALL
6770,31.46,16,FALL
6771,21.56,13,FALL
6772,39.46,18,FALL
6773,29.77,16,FALL
6774,11.32,9,FALL
6775,48.00,21,FALL
6776,32.09,16,FALL
6777,31.66,16,FALL
6778,16.75,11,FALL
6779,30.05,16,FALL
6780,19.82,12,FALL
6781,9.24,8,FALL
6782,26.87,15,FALL
6783,31.61,16,FALL
6784,-1.07,4,FALL
6785,31.75,16,FALL
6786,36.42,17,FALL
6787,39.84,18,FALL
6788,40.30,19,FALL
6789,5.76,7,FALL
6790,36.15,18,FALL
6791,2.14,6,FALL
6792,17.35,13,FALL
6793,7.57,8,FALL
6794,5.75,7,FALL
6795,68.82,28,FALL
6796,30.39,15,FALL
6797,-3.00,4,FALL
6798,7.10,8,FALL
6799,23.41,14,FALL
6800,45.29,19,FALL
6801,14.64,9,FALL
6802,29.60,15,FALL
6803,1.64,6,FALL
6804,82.56,34,FALL
6805,33.77,16,FALL
6806,14.34,10,FALL
6807,32.68,16,FALL
6808,61.49,26,FALL
6809,77.73,31,FALL
6810,1.19,5,FALL
6811,26.96,15,FALL
6812,-1.17,5,FALL
6813,21.23,13,FALL
6814,40.28,18,FALL
6815,32.40,16,FALL
6816,5.73,7,FALL
6817,33.98,16,FALL
6818,44.05,20,FALL
6819,92.99,34,FALL
6820,20.12,12,FALL
6821,22.72,13,FALL
6822,45.36,21,FALL
6823,6.57,7,FALL
6824,2.63,6,FALL
6825,28.74,15,FALL
6826,10.65,9,FALL
6827,39.71,18,FALL
6828,4.76,6,FALL
6829,6.94,9,FALL
6830,36.04,17,FALL
6831,13.82,10,FALL
6832,15.76,11,FALL
6833,38.86,18,FALL
6834,27.58,15,FALL
6835,11.23,9,FALL
6836,32.53,16,FALL
6837,29.82,16,FALL
6838,14.32,11,FALL
6839,13.86,10,FALL
6840,61.19,25,FALL
6841,8.75,8,FALL
6842,30.60,16,FALL
6843,88.01,33,FALL
6844,10.07,10,FALL
6845,32.52,16,FALL
6846,31.30,16,FALL
6847,10.27,8,FALL
6848,0.57,5,FALL
6849,44.10,19,FALL
6850,1.88,6,FALL
6851,26.13,14,FALL
6852,27.99,15,FALL
6853,29.03,15,FALL
6854,36.28,17,FALL
6855,2.55,7,FALL
6856,33.26,17,FALL
6857,38.33,18,FALL
6858,-1.09,5,FALL
6859,28.98,15,FALL
6860,53.12,23,FALL
6861,29.61,15,FALL
6862,43.68,21,FALL
6863,-4.34,4,FALL
6864,34.18,17,FALL
6865,43.34,19,FALL
6866,29.16,16,FALL
6867,58.69,25,FALL
6868,29.10,16,FALL
6869,41.53,20,FALL
6870,35.62,17,FALL
6871,132.65,50,FALL
6872,3.05,6,FALL
6873,-0.80,5,FALL
6874,9.08,8,FALL
6875,36.79,17,FALL
6876,26.15,15,FALL
6877,2.58,6,FALL
6878,36.69,17,FALL
6879,12.57,10,FALL
6880,33.30,17,FALL
6881,18.33,12,FALL
6882,24.08,14,FALL
6883,9.68,8,FALL
6884,1.02,5,FALL
6885,34.14,17,FALL
6886,31.12,16,FALL
6887,19.88,12,FALL
6888,9.50,8,FALL
6889,18.21,11,FALL
6890,-3.52,4,FALL
6891,30.08,16,FALL
6892,2.03,6,FALL
6893,34.69,16,FALL
6894,9.10,9,FALL
6895,27.30,14,FALL
6896,21.59,12,FALL
6897,22.65,14,FALL
6898,1.47,5,FALL
6899,28.84,16,FALL
6900,27.85,16,FALL
6901,21.98,13,FALL
6902,31.73,16,FALL
6903,18.70,11,FALL
6904,16.92,11,FALL
6905,21.60,13,FALL
6906,42.36,19,FALL
6907,2.63,6,FALL
6908,27.84,15,FALL
6909,31.12,15,FALL
6910,29.10,15,FALL
6911,84.46,34,FALL
6912,62.38,27,FALL
6913,29.61,15,FALL
6914,1.76,6,FALL
6915,81.22,31,FALL
6916,30.31,15,FALL
6917,35.02,17,FALL
6918,4.92,7,FALL
6919,44.61,20,FALL
6920,12.13,10,FALL
6921,30.28,16,FALL
6922,58.64,25,FALL
6923,8.14,7,FALL
6924,34.42,17,FALL
6925,24.16,14,FALL
6926,5.16,7,FALL
6927,1.67,6,FALL
6928,35.88,17,FALL
6929,35.08,17,FALL
6930,32.16,16,FALL
6931,27.06,15,FALL
6932,37.93,18,FALL
6933,30.60,16,FALL
6934,42.71,19,FALL
6935,7.91,8,FALL
6936,32.45,16,FALL
6937,32.26,17,FALL
6938,60.51,25,FALL
6939,56.73,24,FALL
6940,37.64,17,FALL
6941,17.83,12,FALL
6942,65.71,26,FALL
6943,32.04,16,FALL
6944,37.40,18,FALL
6945,28.58,15,FALL
6946,16.79,12,FALL
6947,34.62,16,FALL
6948,38.23,18,FALL
6949,10.22,9,FALL
6950,54.99,23,FALL
6951,24.45,13,FALL
6952,14.53,11,FALL
6953,32.46,16,FALL
6954,32.33,17,FALL
6955,15.91,10,FALL
6956,52.71,24,FALL
6957,10.35,9,FALL
6958,35.24,17,FALL
6959,26.24,15,FALL
6960,27.95,15,FALL
6961,23.74,13,FALL
6962,47.53,21,FALL
6963,-3.16,4,FALL
6964,34.07,18,FALL
6965,12.61,9,FALL
6966,2.30,6,FALL
6967,42.58,19,FALL
6968,26.79,15,FALL
6969,16.07,11,FALL
6970,38.21,18,FALL
6971,11.34,9,FALL
6972,13.05,10,FALL
6973,16.21,11,FALL
6974,32.47,16,FALL
6975,50.20,23,FALL
6976,1.55,6,FALL
6977,-2.88,4,FALL
6978,5.55,8,FALL
6979,-1.38,5,FALL
6980,30.27,15,FALL
6981,-0.29,6,FALL
6982,30.21,16,FALL
6983,24.63,14,FALL
6984,72.21,30,FALL
6985,31.60,16,FALL
6986,30.70,16,FALL
6987,29.51,15,FALL
6988,17.50,13,FALL
6989,19.06,13,FALL
6990,34.76,17,FALL
6991,28.40,15,FALL
6992,2.15,5,FALL
6993,63.02,26,FALL
6994,-1.24,5,FALL
6995,16.94,12,FALL
6996,5.07,6,FALL
6997,29.68,15,FALL
6998,30.98,16,FALL
6999,116.00,46,FALL
7000,35.56,17,FALL
7001,32.63,16,FALL
7002,15.76,11,FALL
7003,59.52,24,FALL
7004,28.35,15,FALL
7005,31.50,15,FALL
7006,28.60,16,FALL
7007,23.48,13,FALL
7008,10.45,9,FALL
7009,29.62,15,FALL
7010,18.06,11,FALL
7011,15.67,11,FALL
7012,36.08,17,FALL
7013,-0.96,5,FALL
7014,-4.06,4,FALL
7015,31.24,16,FALL
7016,31.17,15,FALL
7017,33.20,17,FALL
7018,-3.55,4,FALL
7019,47.99,21,FALL
7020,1.64,6,FALL
7021,29.03,15,FALL
7022,38.90,18,FALL
7023,16.08,11,FALL
7024,28.23,15,FALL
7025,-0.66,5,FALL
7026,29.05,15,FALL
7027,-3.23,4,FALL
7028,36.55,17,FALL
7029,12.47,10,FALL
7030,27.98,15,FALL
7031,30.85,17,FALL
7032,26.43,14,FALL
7033,12.49,9,FALL
7034,8.36,8,FALL
7035,5.04,7,FALL
7036,29.18,16,FALL
7037,1.98,5,FALL
7038,20.08,12,FALL
7039,19.06,12,FALL
7040,9.36,8,FALL
7041,22.73,15,FALL
7042,24.09,13,FALL
7043,28.71,15,FALL
7044,32.62,16,FALL
7045,17.83,11,FALL
7046,29.28,15,FALL
7047,32.34,16,FALL
7048,13.04,10,FALL
7049,82.33,34,FALL
7050,41.82,19,FALL
7051,22.10,13,FALL
7052,29.16,15,FALL
7053,24.41,14,FALL
7054,40.25,18,FALL
7055,29.00,16,FALL
7056,23.94,15,FALL
7057,44.95,20,FALL
7058,21.12,12,FALL
7059,1.24,6,FALL
7060,26.09,14,FALL
7061,-1.81,5,FALL
7062,42.64,21,FALL
7063,21.13,12,FALL
7064,38.70,18,FALL
7065,30.26,15,FALL
7066,20.86,13,FALL
7067,-4.30,4,FALL
7068,26.99,14,FALL
7069,43.50,19,FALL
7070,9.73,9,FALL
7071,75.81,30,FALL
7072,116.49,46,FALL
7073,31.83,18,FALL
7074,29.79,17,FALL
7075,21.47,12,FALL
7076,7.38,7,FALL
7077,26.45,13,FALL
7078,22.56,13,FALL
7079,34.16,17,FALL
7080,15.69,10,FALL
7081,28.87,14,FALL
7082,28.43,14,FALL
7083,33.76,17,FALL
7084,30.37,15,FALL
7085,42.10,20,FALL
7086,3.82,6,FALL
7087,88.63,34,FALL
7088,34.73,17,FALL
7089,35.59,18,FALL
7090,52.34,23,FALL
7091,16.93,11,FALL
7092,-0.98,5,FALL
7093,29.55,15,FALL
7094,9.72,8,FALL
7095,7.32,9,FALL
7096,25.83,14,FALL
7097,44.42,20,FALL
7098,3.07,6,FALL
7099,28.25,15,FALL
7100,-3.11,4,FALL
7101,29.03,16,FALL
7102,33.12,16,FALL
7103,34.66,17,FALL
7104,20.38,12,FALL
7105,-3.10,4,FALL
7106,-3.04,4,FALL
7107,2.49,6,FALL
7108,8.48,8,FALL
7109,107.42,42,FALL
7110,16.02,10,FALL
7111,16.75,11,FALL
7112,29.86,15,FALL
7113,-2.83,4,FALL
7114,35.99,17,FALL
7115,29.95,15,FALL
7116,33.02,16,FALL
7117,28.34,15,FALL
7118,10.93,9,FALL
7119,34.94,17,FALL
7120,31.37,16,FALL
7121,40.51,18,FALL
7122,18.87,12,FALL
7123,36.24,18,FALL
7124,30.82,16,FALL
7125,11.54,9,FALL
7126,5.28,7,FALL
7127,8.60,8,FALL
7128,46.45,21,FALL
7129,34.93,16,FALL
7130,16.48,11,FALL
7131,37.10,18,FALL
7132,36.21,17,FALL
7133,22.78,13,FALL
7134,31.14,16,FALL
7135,15.76,10,FALL
7136,120.87,46,FALL
7137,-1.55,5,FALL
7138,-2.90,4,FALL
7139,24.10,14,FALL
7140,29.48,15,FALL
7141,22.92,14,FALL
7142,-1.77,5,FALL
7143,-0.10,5,FALL
7144,22.60,13,FALL
7145,28.43,16,FALL
7146,-2.74,4,FALL
7147,18.15,11,FALL
7148,9.46,8,FALL
7149,5.92,7,FALL
7150,24.94,15,FALL
7151,78.03,31,FALL
7152,36.01,17,FALL
7153,24.77,15,FALL
7154,5.58,7,FALL
7155,49.94,22,FALL
7156,29.62,16,FALL
7157,22.92,13,FALL
7158,7.19,8,FALL
7159,16.10,11,FALL
7160,20.06,13,FALL
7161,107.60,43,FALL
7162,22.75,13,FALL
7163,28.10,15,FALL
7164,22.15,13,FALL
7165,27.92,15,FALL
7166,-1.70,5,FALL
7167,35.48,17,FALL
7168,93.34,35,FALL
7169,25.75,15,FALL
7170,-2.78,4,FALL
7171,12.16,9,FALL
7172,32.47,16,FALL
7173,26.31,15,FALL
7174,18.93,12,FALL
7175,52.20,22,FALL
7176,34.08,17,FALL
7177,46.71,20,FALL
7178,25.95,14,FALL
7179,27.14,15,FALL
7180,38.24,17,FALL
7181,25.08,14,FALL
7182,6.57,8,FALL
7183,36.77,17,FALL
7184,78.28,31,FALL
7185,4.69,6,FALL
7186,-2.47,4,FALL
7187,4.53,7,FALL
7188,1.62,6,FALL
7189,13.40,10,FALL
7190,32.77,16,FALL
7191,28.25,15,FALL
7192,26.14,14,FALL
7193,36.91,18,FALL
7194,1.06,5,FALL
7195,27.51,15,FALL
7196,-0.62,5,FALL
7197,17.68,11,FALL
7198,14.88,10,FALL
7199,33.71,17,FALL
7200,34.31,17,FALL
7201,16.69,11,FALL
7202,32.13,16,FALL
7203,60.82,25,FALL
7204,14.75,9,FALL
7205,12.99,10,FALL
7206,34.63,17,FALL
7207,0.30,6,FALL
7208,4.42,7,FALL
7209,9.84,8,FALL
7210,115.13,46,FALL
7211,32.06,16,FALL
7212,11.39,9,FALL
7213,35.48,17,FALL
7214,-2.27,5,FALL
7215,-2.99,4,FALL
7216,3.44,6,FALL
7217,29.48,15,FALL
7218,40.54,18,FALL
7219,25.47,14,FALL
7220,-0.69,5,FALL
7221,39.36,18,FALL
7222,31.79,16,FALL
7223,9.25,8,FALL
7224,29.78,16,FALL
7225,0.11,5,FALL
7226,24.81,14,FALL
7227,24.95,14,FALL
7228,27.30,14,FALL
7229,5.03,7,FALL
7230,15.15,10,FALL
7231,32.56,16,FALL
7232,36.34,18,FALL
7233,29.52,16,FALL
7234,12.85,10,FALL
7235,12.35,9,FALL
7236,76.50,31,FALL
7237,31.73,16,FALL
7238,50.07,21,FALL
7239,27.09,15,FALL
7240,36.12,18,FALL
7241,36.04,18,FALL
7242,25.68,14,FALL
7243,-4.01,4,FALL
7244,-0.95,5,FALL
7245,-3.30,4,FALL
7246,31.76,16,FALL
7247,32.62,16,FALL
7248,15.81,12,FALL
7249,33.47,17,FALL
7250,17.16,11,FALL
7251,29.69,15,FALL
7252,15.48,12,FALL
7253,25.36,14,FALL
7254,4.28,8,FALL
7255,33.89,17,FALL
7256,-2.90,4,FALL
7257,32.34,16,FALL
7258,28.45,15,FALL
7259,24.20,14,FALL
7260,33.54,18,FALL
7261,40.16,19,FALL
7262,34.18,17,FALL
7263,42.88,20,FALL
7264,36.05,17,FALL
7265,30.70,16,FALL
7266,26.49,14,FALL
7267,8.96,8,FALL
7268,17.34,10,FALL
7269,-2.91,4,FALL
7270,0.60,6,FALL
7271,28.60,15,FALL
7272,24.49,14,FALL
7273,-3.12,4,FALL
7274,32.49,16,FALL
7275,29.08,16,FALL
7276,25.64,14,FALL
7277,19.78,12,FALL
7278,26.99,14,FALL
7279,33.72,17,FALL
7280,21.54,13,FALL
7281,26.67,15,FALL
7282,28.53,15,FALL
7283,27.02,15,FALL
7284,21.36,12,FALL
7285,-5.76,3,FALL
7286,22.04,14,FALL
7287,39.62,19,FALL
7288,28.26,15,FALL
7289,2.73,6,FALL
7290,32.33,17,FALL
7291,30.39,16,FALL
7292,18.65,11,FALL
7293,1.33,6,FALL
7294,21.53,13,FALL
7295,35.32,19,FALL
7296,-3.87,4,FALL
7297,27.24,15,FALL
7298,9.00,8,FALL
7299,17.44,11,FALL
7300,28.83,15,FALL
7301,12.68,10,FALL
7302,-1.28,5,FALL
7303,29.32,16,FALL
7304,33.76,17,FALL
7305,19.29,13,FALL
7306,29.91,16,FALL
7307,-0.91,5,FALL
7308,-0.29,5,FALL
7309,11.12,9,FALL
7310,31.60,16,FALL
7311,26.34,14,FALL
7312,26.19,15,FALL
7313,31.23,16,FALL
7314,22.38,12,FALL
7315,0.45,6,FALL
7316,28.01,16,FALL
7317,-3.48,4,FALL
7318,48.11,20,FALL
7319,29.04,15,FALL
7320,13.21,10,FALL
7321,15.21,10,FALL
7322,11.49,9,FALL
7323,62.66,25,FALL
7324,50.28,22,FALL
7325,9.97,8,FALL
7326,75.63,30,FALL
7327,29.86,15,FALL
7328,47.48,21,FALL
7329,18.58,11,FALL
7330,23.56,14,FALL
7331,41.62,18,FALL
7332,30.73,16,FALL
7333,24.82,13,FALL
7334,49.52,21,FALL
7335,19.45,11,FALL
7336,21.97,13,FALL
7337,29.63,15,FALL
7338,38.08,18,FALL
7339,61.86,25,FALL
7340,26.54,15,FALL
7341,31.35,16,FALL
7342,65.24,26,FALL
7343,31.84,16,FALL
7344,-1.45,4,FALL
7345,21.94,13,FALL
7346,22.33,13,FALL
7347,30.66,16,FALL
7348,25.73,14,FALL
7349,35.47,17,FALL
7350,5.51,7,FALL
7351,-2.33,5,FALL
7352,-3.47,4,FALL
7353,11.35,9,FALL
7354,46.06,21,FALL
7355,29.57,15,FALL
7356,31.89,16,FALL
7357,33.79,17,FALL
7358,28.36,15,FALL
7359,45.36,21,FALL
7360,26.96,15,FALL
7361,28.55,15,FALL
7362,14.54,10,FALL
7363,-3.83,4,FALL
7364,32.85,16,FALL
7365,29.62,15,FALL
7366,19.75,12,FALL
7367,27.07,15,FALL
7368,18.72,12,FALL
7369,34.37,16,FALL
7370,5.06,7,FALL
7371,36.04,17,FALL
7372,59.26,25,FALL
7373,22.97,13,FALL
7374,56.80,23,FALL
7375,30.67,16,FALL
7376,22.63,14,FALL
7377,-3.55,4,FALL
7378,13.25,9,FALL
7379,1.19,6,FALL
7380,-2.79,4,FALL
7381,11.94,9,FALL
7382,5.17,7,FALL
7383,44.11,19,FALL
7384,24.24,14,FALL
7385,34.54,16,FALL
7386,35.00,16,FALL
7387,0.99,6,FALL
7388,21.14,13,FALL
7389,18.26,12,FALL
7390,32.02,17,FALL
7391,-3.47,4,FALL
7392,21.14,12,FALL
7393,35.23,17,FALL
7394,56.29,25,FALL
7395,36.59,17,FALL
7396,31.42,16,FALL
7397,33.57,16,FALL
7398,32.77,16,FALL
7399,30.98,16,FALL
7400,10.87,9,FALL
7401,72.71,30,FALL
7402,32.02,16,FALL
7403,45.81,20,FALL
7404,17.02,11,FALL
7405,3.57,6,FALL
7406,-1.18,5,FALL
7407,32.00,16,FALL
7408,8.85,9,FALL
7409,-0.47,6,FALL
7410,-3.09,4,FALL
7411,16.05,11,FALL
7412,32.32,16,FALL
7413,17.39,11,FALL
7414,31.69,16,FALL
7415,32.38,16,FALL
7416,27.71,15,FALL
7417,16.00,11,FALL
7418,23.12,13,FALL
7419,25.68,14,FALL
7420,-0.94,5,FALL
7421,77.87,31,FALL
7422,22.90,14,FALL
7423,19.18,12,FALL
7424,23.49,13,FALL
7425,88.05,34,FALL
7426,-6.27,3,FALL
7427,9.35,8,FALL
7428,32.00,16,FALL
7429,28.32,16,FALL
7430,36.96,17,FALL
7431,9.78,9,FALL
7432,35.17,17,FALL
7433,71.33,29,FALL
7434,11.93,9,FALL
7435,10.84,10,FALL
7436,30.33,16,FALL
7437,138.09,52,FALL
7438,4.65,7,FALL
7439,28.47,15,FALL
7440,8.40,8,FALL
7441,-1.76,5,FALL
7442,11.70,8,FALL
7443,45.17,20,FALL
7444,30.55,16,FALL
7445,24.11,14,FALL
7446,34.16,17,FALL
7447,33.18,16,FALL
7448,26.58,14,FALL
7449,28.87,15,FALL
7450,29.35,16,FALL
7451,45.64,21,FALL
7452,37.22,17,FALL
7453,10.72,9,FALL
7454,26.58,14,FALL
7455,40.77,18,FALL
7456,49.73,21,FALL
7457,-1.37,5,FALL
7458,28.71,15,FALL
7459,22.57,13,FALL
7460,73.81,28,FALL
7461,16.26,11,FALL
7462,47.37,22,FALL
7463,18.21,11,FALL
7464,35.55,17,FALL
7465,35.38,17,FALL
7466,33.48,17,FALL
7467,29.62,15,FALL
7468,29.16,15,FALL
7469,92.61,36,FALL
7470,3.16,6,FALL
7471,13.38,10,FALL
7472,7.70,7,FALL
7473,2.42,6,FALL
7474,8.22,8,FALL
7475,47.08,21,FALL
7476,11.12,9,FALL
7477,-3.41,4,FALL
7478,13.70,10,FALL
7479,32.88,16,FALL
7480,11.07,9,FALL
7481,22.65,14,FALL
7482,30.21,16,FALL
7483,-2.53,4,FALL
7484,5.92,8,FALL
7485,40.69,19,FALL
7486,-0.67,5,FALL
7487,4.67,7,FALL
7488,12.42,10,FALL
7489,33.72,18,FALL
7490,20.83,12,FALL
7491,48.38,22,FALL
7492,15.65,12,FALL
7493,19.54,12,FALL
7494,6.35,8,FALL
7495,2.15,7,FALL
7496,12.07,9,FALL
7497,9.98,8,FALL
7498,32.34,16,FALL
7499,25.26,14,FALL
7500,11.70,9,FALL
7501,-1.35,5,FALL
7502,42.86,19,FALL
7503,33.77,16,FALL
7504,34.43,17,FALL
7505,39.85,18,FALL
7506,44.22,19,FALL
7507,33.11,16,FALL
7508,29.92,16,FALL
7509,3.02,6,FALL
7510,21.21,12,FALL
7511,-0.62,5,FALL
7512,13.79,10,FALL
7513,8.58,9,FALL
7514,25.02,14,FALL
7515,23.58,13,FALL
7516,35.29,17,FALL
7517,28.12,15,FALL
7518,-2.62,4,FALL
7519,12.40,9,FALL
7520,27.56,15,FALL
7521,6.26,7,FALL
7522,29.77,15,FALL
7523,22.44,14,FALL
7524,54.19,25,FALL
7525,35.75,17,FALL
7526,27.89,15,FALL
7527,37.88,17,FALL
7528,32.96,16,FALL
7529,24.83,14,FALL
7530,29.66,16,FALL
7531,22.24,13,FALL
7532,1.47,6,FALL
7533,29.12,15,FALL
7534,32.90,16,FALL
7535,11.69,8,FALL
7536,32.51,16,FALL
7537,31.42,17,FALL
7538,-0.19,5,FALL
7539,77.19,31,FALL
7540,43.92,20,FALL
7541,44.84,20,FALL
7542,9.22,9,FALL
7543,40.84,18,FALL
7544,26.51,14,FALL
7545,21.41,13,FALL
7546,8.74,8,FALL
7547,117.24,43,FALL
7548,23.57,15,FALL
7549,30.59,15,FALL
7550,27.97,15,FALL
7551,44.37,19,FALL
7552,11.66,9,FALL
7553,29.01,15,FALL
7554,9.25,8,FALL
7555,0.21,6,FALL
7556,33.01,17,FALL
7557,31.40,16,FALL
7558,5.73,7,FALL
7559,84.09,33,FALL
7560,21.94,14,FALL
7561,-3.15,4,FALL
7562,33.62,17,FALL
7563,15.85,10,FALL
7564,78.84,32,FALL
7565,37.11,17,FALL
7566,-1.08,5,FALL
7567,16.84,11,FALL
7568,85.43,34,FALL
7569,25.82,15,FALL
7570,9.38,8,FALL
7571,48.43,21,FALL
7572,28.03,15,FALL
7573,27.48,15,FALL
7574,47.36,22,FALL
7575,27.14,16,FALL
7576,32.03,16,FALL
7577,5.30,7,FALL
7578,33.53,16,FALL
7579,20.58,12,FALL
7580,29.62,15,FALL
7581,30.73,16,FALL
7582,57.49,25,FALL
7583,11.51,9,FALL
7584,36.67,18,FALL
7585,10.54,9,FALL
7586,42.80,19,FALL
7587,35.12,17,FALL
7588,1.76,5,FALL
7589,23.95,13,FALL
7590,10.47,9,FALL
7591,27.28,15,FALL
7592,4.54,6,FALL
7593,18.33,12,FALL
7594,31.65,16,FALL
7595,74.29,31,FALL
7596,34.97,17,FALL
7597,65.46,27,FALL
7598,-0.89,5,FALL
7599,4.78,7,FALL
7600,24.55,14,FALL
7601,80.92,33,FALL
7602,34.93,17,FALL
7603,31.06,16,FALL
7604,36.15,18,FALL
7605,15.62,11,FALL
7606,11.85,9,FALL
7607,45.42,20,FALL
7608,32.75,16,FALL
7609,28.38,16,FALL
7610,53.84,23,FALL
7611,5.12,8,FALL
7612,19.38,12,FALL
7613,29.95,16,FALL
7614,30.80,15,FALL
7615,14.89,10,FALL
7616,2.69,6,FALL
7617,26.17,14,FALL
7618,35.56,16,FALL
7619,-0.18,5,FALL
7620,17.63,12,FALL
7621,82.54,32,FALL
7622,25.52,15,FALL
7623,34.71,17,FALL
7624,36.33,17,FALL
7625,41.65,18,FALL
7626,28.56,15,FALL
7627,4.89,7,FALL
7628,47.15,20,FALL
7629,22.97,14,FALL
7630,2.35,7,FALL
7631,15.08,10,FALL
7632,64.59,27,FALL
7633,-1.00,5,FALL
7634,24.30,13,FALL
7635,28.19,15,FALL
7636,31.16,16,FALL
7637,25.74,14,FALL
7638,64.24,26,FALL
7639,5.06,8,FALL
7640,3.43,6,FALL
7641,-0.97,5,FALL
7642,26.92,15,FALL
7643,7.13,7,FALL
7644,18.59,11,FALL
7645,76.51,31,FALL
7646,24.56,14,FALL
7647,19.57,12,FALL
7648,31.21,16,FALL
7649,6.11,8,FALL
7650,27.92,15,FALL
7651,10.84,9,FALL
7652,26.43,14,FALL
7653,29.82,16,FALL
7654,32.70,16,FALL
7655,8.72,10,FALL
7656,8.80,9,FALL
7657,34.72,17,FALL
7658,28.90,15,FALL
7659,-1.84,5,FALL
7660,32.81,16,FALL
7661,20.59,13,FALL
7662,-3.57,4,FALL
7663,65.90,27,FALL
7664,26.78,15,FALL
7665,9.47,9,FALL
7666,11.08,9,FALL
7667,-3.40,4,FALL
7668,11.01,9,FALL
7669,31.78,16,FALL
7670,39.12,18,FALL
7671,9.29,9,FALL
7672,-3.01,4,FALL
7673,33.15,16,FALL
7674,32.07,16,FALL
7675,37.59,17,FALL
7676,27.08,15,FALL
7677,25.15,15,FALL
7678,9.06,8,FALL
7679,15.72,11,FALL
7680,30.01,16,FALL
7681,30.90,15,FALL
7682,46.34,20,FALL
7683,22.13,13,FALL
7684,27.63,16,FALL
7685,-2.57,4,FALL
7686,24.26,14,FALL
7687,30.86,16,FALL
7688,0.96,5,FALL
7689,4.79,7,FALL
7690,28.17,16,FALL
7691,34.76,16,FALL
7692,-1.20,5,FALL
7693,-3.40,4,FALL
7694,19.89,12,FALL
7695,27.78,15,FALL
7696,35.66,17,FALL
7697,37.51,17,FALL
7698,25.72,14,FALL
7699,168.81,63,FALL
7700,3.17,6,FALL
7701,25.67,14,FALL
7702,36.40,17,FALL
7703,83.23,36,FALL
7704,30.54,16,FALL
7705,32.67,16,FALL
7706,5.77,7,FALL
7707,26.06,14,FALL
7708,44.18,20,FALL
7709,29.06,15,FALL
7710,-6.51,3,FALL
7711,28.77,15,FALL
7712,29.83,16,FALL
7713,35.04,17,FALL
7714,-0.53,5,FALL
7715,42.07,18,FALL
7716,19.73,12,FALL
7717,34.96,17,FALL
7718,6.35,7,FALL
7719,51.94,22,FALL
7720,-3.58,4,FALL
7721,67.70,27,FALL
7722,33.02,16,FALL
7723,28.59,15,FALL
7724,31.40,16,FALL
7725,48.67,23,FALL
7726,35.23,17,FALL
7727,30.31,15,FALL
7728,93.74,35,FALL
7729,13.23,9,FALL
7730,27.72,15,FALL
7731,8.95,8,FALL
7732,28.82,15,FALL
7733,28.44,15,FALL
7734,-3.47,4,FALL
7735,34.14,17,FALL
7736,22.36,13,FALL
7737,29.13,15,FALL
7738,45.26,20,FALL
7739,14.21,10,FALL
7740,26.27,13,FALL
7741,-5.12,3,FALL
7742,31.05,16,FALL
7743,3.79,7,FALL
7744,6.38,7,FALL
7745,15.29,11,FALL
7746,26.62,15,FALL
7747,46.21,20,FALL
7748,28.97,15,FALL
7749,32.24,16,FALL
7750,20.86,13,FALL
7751,1.99,6,FALL
7752,15.81,11,FALL
7753,21.14,13,FALL
7754,29.32,15,FALL
7755,31.53,16,FALL
7756,30.38,15,FALL
7757,8.92,8,FALL
7758,7.89,8,FALL
7759,-1.11,5,FALL
7760,22.62,13,FALL
7761,39.98,19,FALL
7762,25.41,14,FALL
7763,3.54,6,FALL
7764,9.29,8,FALL
7765,1.52,5,FALL
7766,32.28,16,FALL
7767,49.85,23,FALL
7768,9.67,9,FALL
7769,36.15,18,FALL
7770,36.13,17,FALL
7771,1.79,6,FALL
7772,10.70,9,FALL
7773,26.65,14,FALL
7774,12.47,9,FALL
7775,6.83,8,FALL
7776,31.13,16,FALL
7777,25.58,14,FALL
7778,0.36,6,FALL
7779,26.73,14,FALL
7780,115.36,44,FALL
7781,8.32,7,FALL
7782,26.60,14,FALL
7783,3.81,7,FALL
7784,31.14,16,FALL
7785,30.65,15,FALL
7786,19.77,12,FALL
7787,27.70,16,FALL
7788,6.76,8,FALL
7789,38.67,18,FALL
7790,26.02,14,FALL
7791,35.08,16,FALL
7792,13.51,10,FALL
7793,31.24,16,FALL
7794,28.92,15,FALL
7795,29.61,15,FALL
7796,1.80,6,FALL
7797,125.37,46,FALL
7798,0.41,5,FALL
7799,92.70,35,FALL
7800,29.16,15,FALL
7801,35.16,16,FALL
7802,14.78,11,FALL
7803,47.48,21,FALL
7804,75.87,32,FALL
7805,41.35,19,FALL
7806,3.45,6,FALL
7807,31.39,17,FALL
7808,20.51,12,FALL
7809,33.68,17,FALL
7810,88.67,33,FALL
7811,9.64,8,FALL
7812,10.59,9,FALL
7813,1.66,5,FALL
7814,17.99,11,FALL
7815,31.80,17,FALL
7816,31.80,16,FALL
7817,4.14,7,FALL
7818,17.82,11,FALL
7819,-1.09,5,FALL
7820,13.04,11,FALL
7821,9.03,8,FALL
7822,29.57,15,FALL
7823,47.67,22,FALL
7824,16.41,11,FALL
7825,35.87,18,FALL
7826,55.48,24,FALL
7827,30.24,16,FALL
7828,49.34,22,FALL
7829,19.92,14,FALL
7830,13.01,10,FALL
7831,19.87,12,FALL
7832,31.68,16,FALL
7833,40.85,18,FALL
7834,16.27,12,FALL
7835,43.21,19,FALL
7836,27.91,15,FALL
7837,24.36,14,FALL
7838,13.32,9,FALL
7839,7.66,8,FALL
7840,28.98,15,FALL
7841,27.11,15,FALL
7842,35.93,17,FALL
7843,17.51,11,FALL
7844,23.95,14,FALL
7845,46.18,20,FALL
7846,27.09,14,FALL
7847,1.74,6,FALL
7848,27.87,15,FALL
7849,88.42,35,FALL
7850,34.85,17,FALL
7851,26.92,15,FALL
7852,45.45,20,FALL
7853,12.57,10,FALL
7854,1.70,5,FALL
7855,-1.23,5,FALL
7856,33.44,16,FALL
7857,15.71,10,FALL
7858,30.31,16,FALL
7859,31.58,16,FALL
7860,28.80,15,FALL
7861,23.14,13,FALL
7862,-0.27,5,FALL
7863,23.22,13,FALL
7864,6.90,8,FALL
7865,34.57,17,FALL
7866,1.67,5,FALL
7867,33.91,16,FALL
7868,32.94,16,FALL
7869,27.85,15,FALL
7870,3.34,6,FALL
7871,31.29,15,FALL
7872,36.07,17,FALL
7873,12.31,10,FALL
7874,5.72,7,FALL
7875,24.21,14,FALL
7876,48.08,20,FALL
7877,25.83,15,FALL
7878,70.16,29,FALL
7879,2.79,6,FALL
7880,0.49,6,FALL
7881,30.34,15,FALL
7882,31.79,16,FALL
7883,14.32,10,FALL
7884,5.59,7,FALL
7885,0.26,5,FALL
7886,55.21,24,FALL
7887,-2.97,4,FALL
7888,30.99,16,FALL
7889,71.11,29,FALL
7890,27.24,15,FALL
7891,8.37,8,FALL
7892,-1.36,5,FALL
7893,20.99,12,FALL
7894,23.28,13,FALL
7895,21.40,12,FALL
7896,21.74,14,FALL
7897,-2.28,4,FALL
7898,-1.01,5,FALL
7899,48.25,22,FALL
7900,32.54,16,FALL
7901,30.91,16,FALL
7902,26.73,15,FALL
7903,36.11,18,FALL
7904,13.30,10,FALL
7905,31.82,16,FALL
7906,73.99,31,FALL
7907,5.84,7,FALL
7908,36.59,17,FALL
7909,22.97,13,FALL
7910,29.28,15,FALL
7911,30.48,16,FALL
7912,6.14,7,FALL
7913,18.24,11,FALL
7914,32.72,16,FALL
7915,26.67,14,FALL
7916,37.47,18,FALL
7917,34.54,17,FALL
7918,29.87,15,FALL
7919,15.20,10,FALL
7920,34.09,17,FALL
7921,25.02,14,FALL
7922,33.51,17,FALL
7923,38.00,18,FALL
7924,3.91,6,FALL
7925,10.60,9,FALL
7926,-0.66,5,FALL
7927,-1.13,5,FALL
7928,0.88,6,FALL
7929,31.57,16,FALL
7930,9.46,9,FALL
7931,53.90,22,FALL
7932,16.71,12,FALL
7933,46.90,20,FALL
7934,92.79,34,FALL
7935,44.83,20,FALL
7936,5.52,7,FALL
7937,39.92,17,FALL
7938,32.42,16,FALL
7939,50.10,20,FALL
7940,-1.55,5,FALL
7941,118.69,46,FALL
7942,43.19,20,FALL
7943,-3.61,4,FALL
7944,29.83,16,FALL
7945,29.39,15,FALL
7946,24.65,14,FALL
7947,-5.13,3,FALL
7948,18.69,11,FALL
7949,16.99,11,FALL
7950,30.21,16,FALL
7951,31.17,16,FALL
7952,26.33,15,FALL
7953,-3.47,4,FALL
7954,35.51,17,FALL
7955,51.07,23,FALL
7956,21.55,13,FALL
7957,30.07,16,FALL
7958,17.01,11,FALL
7959,14.21,11,FALL
7960,21.15,12,FALL
7961,26.78,14,FALL
7962,35.39,17,FALL
7963,74.22,29,FALL
7964,82.10,33,FALL
7965,-0.73,5,FALL
7966,0.31,5,FALL
7967,37.15,17,FALL
7968,26.72,15,FALL
7969,34.13,17,FALL
7970,104.87,41,FALL
7971,-6.26,3,FALL
7972,35.09,17,FALL
7973,27.22,15,FALL
7974,21.01,13,FALL
7975,28.72,15,FALL
7976,48.04,21,FALL
7977,12.42,10,FALL
7978,33.10,16,FALL
7979,20.13,13,FALL
7980,31.91,16,FALL
7981,19.49,12,FALL
7982,36.62,18,FALL
7983,16.59,11,FALL
7984,22.03,13,FALL
7985,-0.47,5,FALL
7986,33.42,17,FALL
7987,26.84,14,FALL
7988,3.73,7,FALL
7989,31.66,16,FALL
7990,32.69,17,FALL
7991,18.95,11,FALL
7992,28.36,15,FALL
7993,36.15,17,FALL
7994,25.17,13,FALL
7995,36.68,18,FALL
7996,28.09,15,FALL
7997,29.81,15,FALL
7998,40.92,19,FALL
7999,21.01,12,FALL
8000,37.17,18,FALL
8001,45.72,21,FALL
8002,0.57,6,FALL
8003,20.63,14,FALL
8004,44.46,20,FALL
8005,29.58,15,FALL
8006,40.43,18,FALL
8007,25.56,15,FALL
8008,12.25,9,FALL
8009,26.38,15,FALL
8010,75.84,30,FALL
8011,1.69,6,FALL
8012,31.37,16,FALL
8013,-0.66,5,FALL
8014,24.27,14,FALL
8015,31.99,16,FALL
8016,18.72,11,FALL
8017,17.81,12,FALL
8018,16.61,12,FALL
8019,31.56,16,FALL
8020,22.27,13,FALL
8021,3.02,6,FALL
8022,26.87,14,FALL
8023,26.92,15,FALL
8024,31.05,16,FALL
8025,-2.34,4,FALL
8026,16.82,11,FALL
8027,82.12,32,FALL
8028,13.81,10,FALL
8029,64.89,26,FALL
8030,23.63,14,FALL
8031,8.39,8,FALL
8032,12.35,9,FALL
8033,17.46,11,FALL
8034,0.03,5,FALL
8035,0.52,6,FALL
8036,29.15,15,FALL
8037,25.77,15,FALL
8038,17.76,12,FALL
8039,4.55,7,FALL
8040,33.17,16,FALL
8041,27.96,15,FALL
8042,52.10,22,FALL
8043,9.69,9,FALL
8044,14.24,10,FALL
8045,5.54,7,FALL
8046,35.26,17,FALL
8047,35.53,17,FALL
8048,26.91,16,FALL
8049,13.91,10,FALL
8050,29.84,16,FALL
8051,47.99,20,FALL
8052,32.07,16,FALL
8053,30.21,15,FALL
8054,13.34,10,FALL
8055,48.21,22,FALL
8056,28.03,15,FALL
8057,30.39,16,FALL
8058,78.35,30,FALL
8059,55.31,23,FALL
8060,-3.84,4,FALL
8061,121.47,45,FALL
8062,18.98,12,FALL
8063,9.86,9,FALL
8064,6.05,8,FALL
8065,23.63,13,FALL
8066,38.50,19,FALL
8067,23.19,14,FALL
8068,79.96,31,FALL
8069,68.48,27,FALL
8070,0.86,5,FALL
8071,49.76,22,FALL
8072,0.13,6,FALL
8073,15.40,10,FALL
8074,18.10,12,FALL
8075,5.20,6,FALL
8076,33.10,17,FALL
8077,32.64,16,FALL
8078,9.72,8,FALL
8079,28.98,15,FALL
8080,26.48,14,FALL
8081,45.92,21,FALL
8082,24.08,14,FALL
8083,32.17,16,FALL
8084,11.72,8,FALL
8085,32.93,16,FALL
8086,14.44,10,FALL
8087,12.21,9,FALL
8088,-1.14,5,FALL
8089,34.64,17,FALL
8090,28.16,15,FALL
8091,2.14,6,FALL
8092,4.21,7,FALL
8093,27.32,14,FALL
8094,35.04,17,FALL
8095,28.84,15,FALL
8096,27.13,15,FALL
8097,17.66,12,FALL
8098,29.36,15,FALL
8099,25.32,14,FALL
8100,21.19,12,FALL
8101,9.98,9,FALL
8102,21.13,13,FALL
8103,25.49,14,FALL
8104,33.75,16,FALL
8105,-1.36,5,FALL
8106,30.89,15,FALL
8107,29.86,15,FALL
8108,32.70,16,FALL
8109,23.60,14,FALL
8110,5.16,8,FALL
8111,31.80,16,FALL
8112,5.97,7,FALL
8113,82.74,32,FALL
8114,35.73,17,FALL
8115,19.19,11,FALL
8116,39.94,18,FALL
8117,7.15,7,FALL
8118,0.18,6,FALL
8119,9.07,8,FALL
8120,32.98,16,FALL
8121,37.92,18,FALL
8122,31.13,16,FALL
8123,42.04,18,FALL
8124,16.23,10,FALL
8125,31.21,16,FALL
8126,0.41,5,FALL
8127,9.77,8,FALL
8128,11.65,9,FALL
8129,41.22,20,FALL
8130,26.39,14,FALL
8131,39.63,18,FALL
8132,1.49,6,FALL
8133,40.18,18,FALL
8134,43.65,20,FALL
8135,27.29,15,FALL
8136,28.42,16,FALL
8137,31.10,16,FALL
8138,-3.05,4,FALL
8139,9.61,8,FALL
8140,121.28,45,FALL
8141,20.60,12,FALL
8142,11.97,9,FALL
8143,28.71,16,FALL
8144,4.82,7,FALL
8145,33.37,16,FALL
8146,26.83,15,FALL
8147,-1.33,5,FALL
8148,26.94,15,FALL
8149,1.91,6,FALL
8150,26.94,15,FALL
8151,39.76,19,FALL
8152,83.88,32,FALL
8153,38.03,18,FALL
8154,-1.58,5,FALL
8155,26.70,14,FALL
8156,-0.94,5,FALL
8157,31.75,16,FALL
8158,20.66,12,FALL
8159,40.00,18,FALL
8160,50.56,21,FALL
8161,30.42,16,FALL
8162,28.72,15,FALL
8163,20.36,12,FALL
8164,13.20,10,FALL
8165,24.94,13,FALL
8166,4.74,6,FALL
8167,2.18,6,FALL
8168,26.51,15,FALL
8169,53.01,22,FALL
8170,46.04,21,FALL
8171,-0.47,5,FALL
8172,13.73,10,FALL
8173,26.15,15,FALL
8174,95.10,37,FALL
8175,34.80,17,FALL
8176,29.38,16,FALL
8177,31.19,16,FALL
8178,27.41,15,FALL
8179,24.08,13,FALL
8180,28.92,15,FALL
8181,34.07,17,FALL
8182,21.00,12,FALL
8183,29.63,16,FALL
8184,18.90,12,FALL
8185,17.51,11,FALL
8186,34.40,17,FALL
8187,38.05,18,FALL
8188,30.46,15,FALL
8189,10.68,9,FALL
8190,30.02,16,FALL
8191,31.06,16,FALL
8192,33.48,16,FALL
8193,17.64,11,FALL
8194,0.98,6,FALL
8195,33.61,16,FALL
8196,10.28,9,FALL
8197,14.37,10,FALL
8198,32.62,16,FALL
8199,34.78,17,FALL
8200,30.81,16,FALL
8201,26.69,16,FALL
8202,-1.26,5,FALL
8203,36.25,17,FALL
8204,65.89,27,FALL
8205,-1.32,5,FALL
8206,8.31,8,FALL
8207,17.10,11,FALL
8208,27.50,15,FALL
8209,24.59,14,FALL
8210,18.13,11,FALL
8211,19.42,13,FALL
8212,46.15,21,FALL
8213,40.66,18,FALL
8214,30.24,16,FALL
8215,8.63,8,FALL
8216,28.97,16,FALL
8217,16.10,11,FALL
8218,28.88,15,FALL
8219,28.10,15,FALL
8220,35.83,17,FALL
8221,6.32,8,FALL
8222,120.94,45,FALL
8223,42.73,20,FALL
8224,-2.97,4,FALL
8225,30.33,16,FALL
8226,32.81,16,FALL
8227,30.65,15,FALL
8228,42.26,19,FALL
8229,3.90,7,FALL
8230,26.51,15,FALL
8231,32.78,16,FALL
8232,14.04,10,FALL
8233,9.43,9,FALL
8234,6.29,7,FALL
8235,25.33,15,FALL
8236,28.33,15,FALL
8237,32.04,16,FALL
8238,76.65,34,FALL
8239,0.68,6,FALL
8240,-3.39,4,FALL
8241,42.87,18,FALL
8242,33.63,16,FALL
8243,-1.11,5,FALL
8244,-2.99,4,FALL
8245,86.39,33,FALL
8246,27.73,15,FALL
8247,31.84,16,FALL
8248,28.87,14,FALL
8249,33.64,17,FALL
8250,28.80,15,FALL
8251,-4.00,4,FALL
8252,15.91,10,FALL
8253,126.59,48,FALL
8254,6.38,7,FALL
8255,35.57,17,FALL
8256,23.90,14,FALL
8257,29.21,15,FALL
8258,27.11,15,FALL
8259,20.39,12,FALL
8260,12.73,9,FALL
8261,31.89,16,FALL
8262,26.35,15,FALL
8263,34.11,17,FALL
8264,36.26,17,FALL
8265,30.89,16,FALL
8266,32.68,16,FALL
8267,32.65,16,FALL
8268,28.54,15,FALL
8269,27.45,14,FALL
8270,28.37,15,FALL
8271,1.13,6,FALL
8272,26.38,15,FALL
8273,26.13,16,FALL
8274,37.21,18,FALL
8275,32.79,16,FALL
8276,23.39,13,FALL
8277,28.04,15,FALL
8278,19.19,12,FALL
8279,16.86,11,FALL
8280,12.24,9,FALL
8281,-0.72,5,FALL
8282,7.23,7,FALL
8283,21.36,12,FALL
8284,34.49,17,FALL
8285,31.98,15,FALL
8286,51.85,22,FALL
8287,29.76,16,FALL
8288,123.44,46,FALL
8289,28.43,15,FALL
8290,117.45,45,FALL
8291,33.18,16,FALL
8292,-1.22,5,FALL
8293,27.38,15,FALL
8294,63.33,26,FALL
8295,129.17,48,FALL
8296,32.15,16,FALL
8297,30.93,16,FALL
8298,12.69,10,FALL
8299,22.50,13,FALL
8300,31.41,16,FALL
8301,80.65,32,FALL
8302,12.53,10,FALL
8303,31.28,16,FALL
8304,8.98,8,FALL
8305,28.78,15,FALL
8306,31.75,16,FALL
8307,26.88,15,FALL
8308,42.17,19,FALL
8309,27.98,15,FALL
8310,35.42,17,FALL
8311,-1.19,5,FALL
8312,6.75,8,FALL
8313,25.90,14,FALL
8314,15.06,11,FALL
8315,29.32,15,FALL
8316,4.05,6,FALL
8317,25.18,14,FALL
8318,49.61,21,FALL
8319,50.07,21,FALL
8320,41.50,18,FALL
8321,33.63,16,FALL
8322,18.25,12,FALL
8323,32.33,16,FALL
8324,13.60,10,FALL
8325,34.46,17,FALL
8326,84.16,34,FALL
8327,58.15,25,FALL
8328,22.40,13,FALL
8329,39.53,17,FALL
8330,18.12,12,FALL
8331,16.73,11,FALL
8332,35.98,17,FALL
8333,7.76,7,FALL
8334,68.24,28,FALL
8335,35.23,17,FALL
8336,27.64,14,FALL
8337,11.84,9,FALL
8338,7.76,7,FALL
8339,127.01,48,FALL
8340,36.30,17,FALL
8341,6.17,7,FALL
8342,-1.46,5,FALL
8343,32.60,16,FALL
8344,-2.77,4,FALL
8345,11.53,9,FALL
8346,29.43,15,FALL
8347,15.40,11,FALL
8348,9.32,8,FALL
8349,28.99,15,FALL
8350,28.92,15,FALL
8351,0.66,5,FALL
8352,43.13,19,FALL
8353,-0.01,5,FALL
8354,-0.66,5,FALL
8355,28.28,15,FALL
8356,12.29,9,FALL
8357,-0.59,5,FALL
8358,17.54,13,FALL
8359,32.81,16,FALL
8360,83.71,33,FALL
8361,28.58,15,FALL
8362,-1.59,5,FALL
8363,29.87,15,FALL
8364,35.11,17,FALL
8365,34.41,17,FALL
8366,18.86,13,FALL
8367,30.32,16,FALL
8368,41.96,18,FALL
8369,36.64,17,FALL
8370,30.89,16,FALL
8371,47.97,23,FALL
8372,9.14,9,FALL
8373,72.83,31,FALL
8374,35.90,18,FALL
8375,27.08,14,FALL
8376,33.58,17,FALL
8377,29.40,15,FALL
8378,18.48,11,FALL
8379,44.65,19,FALL
8380,44.39,20,FALL
8381,27.61,15,FALL
8382,14.93,10,FALL
8383,29.05,16,FALL
8384,19.37,12,FALL
8385,27.94,15,FALL
8386,43.49,18,FALL
8387,135.24,52,FALL
8388,36.70,17,FALL
8389,27.99,15,FALL
8390,35.03,17,FALL
8391,-3.35,4,FALL
8392,27.03,15,FALL
8393,18.40,11,FALL
8394,78.33,30,FALL
8395,18.02,12,FALL
8396,-0.14,5,FALL
8397,36.39,17,FALL
8398,24.36,14,FALL
8399,25.31,14,FALL
8400,12.96,9,FALL
8401,5.28,7,FALL
8402,27.13,15,FALL
8403,15.23,11,FALL
8404,32.00,16,FALL
8405,4.54,6,FALL
8406,33.95,16,FALL
8407,-0.75,5,FALL
8408,32.02,15,FALL
8409,34.48,17,FALL
8410,41.78,19,FALL
8411,6.89,7,FALL
8412,74.34,29,FALL
8413,30.04,16,FALL
8414,33.93,17,FALL
8415,1.52,6,FALL
8416,105.94,40,FALL
8417,5.96,7,FALL
8418,32.18,16,FALL
8419,29.54,15,FALL
8420,32.27,16,FALL
8421,27.07,14,FALL
8422,0.83,5,FALL
8423,24.33,15,FALL
8424,27.06,14,FALL
8425,-1.36,4,FALL
8426,33.40,17,FALL
8427,30.13,16,FALL
8428,13.23,10,FALL
8429,19.08,12,FALL
8430,1.14,6,FALL
8431,21.73,14,FALL
8432,35.41,17,FALL
8433,1.12,6,FALL
8434,6.24,7,FALL
8435,12.68,10,FALL
8436,29.32,15,FALL
8437,32.92,17,FALL
8438,5.07,7,FALL
8439,31.77,15,FALL
8440,10.37,9,FALL
8441,35.03,17,FALL
8442,27.72,15,FALL
8443,21.76,12,FALL
8444,25.07,13,FALL
8445,76.51,30,FALL
8446,28.09,15,FALL
8447,17.18,11,FALL
8448,8.57,8,FALL
8449,36.22,17,FALL
8450,31.05,16,FALL
8451,6.01,7,FALL
8452,16.89,11,FALL
8453,32.75,16,FALL
8454,30.45,16,FALL
8455,-0.88,5,FALL
8456,26.35,14,FALL
8457,32.65,16,FALL
8458,14.71,10,FALL
8459,21.41,13,FALL
8460,34.26,17,FALL
8461,25.00,14,FALL
8462,36.98,19,FALL
8463,28.73,15,FALL
8464,27.36,14,FALL
8465,35.17,16,FALL
8466,-0.74,5,FALL
8467,35.57,17,FALL
8468,24.88,13,FALL
8469,77.01,31,FALL
8470,-4.31,4,FALL
8471,32.49,16,FALL
8472,30.39,16,FALL
8473,23.04,14,FALL
8474,31.97,17,FALL
8475,9.82,8,FALL
8476,15.96,11,FALL
8477,21.85,12,FALL
8478,70.50,33,FALL
8479,45.09,20,FALL
8480,9.28,9,FALL
8481,43.42,19,FALL
8482,33.22,17,FALL
8483,-3.83,4,FALL
8484,14.47,9,FALL
8485,28.66,15,FALL
8486,38.47,19,FALL
8487,9.77,8,FALL
8488,39.07,18,FALL
8489,40.34,19,FALL
8490,14.40,11,FALL
8491,4.64,7,FALL
8492,12.02,9,FALL
8493,21.70,13,FALL
8494,30.61,17,FALL
8495,25.49,14,FALL
8496,20.37,12,FALL
8497,27.97,16,FALL
8498,20.44,13,FALL
8499,31.83,16,FALL
8500,28.13,15,FALL
8501,16.13,11,FALL
8502,-1.29,5,FALL
8503,32.48,16,FALL
8504,10.72,9,FALL
8505,28.77,16,FALL
8506,38.47,18,FALL
8507,29.27,16,FALL
8508,11.22,9,FALL
8509,25.33,14,FALL
8510,35.88,17,FALL
8511,32.61,16,FALL
8512,25.58,15,FALL
8513,31.11,16,FALL
8514,43.75,20,FALL
8515,34.54,17,FALL
8516,21.34,13,FALL
8517,19.32,11,FALL
8518,-3.38,4,FALL
8519,34.49,17,FALL
8520,10.49,8,FALL
8521,35.45,17,FALL
8522,15.61,11,FALL
8523,19.90,12,FALL
8524,-3.27,4,FALL
8525,36.88,17,FALL
8526,-0.92,5,FALL
8527,23.42,13,FALL
8528,36.01,17,FALL
8529,16.44,11,FALL
8530,33.00,16,FALL
8531,31.90,16,FALL
8532,65.79,26,FALL
8533,17.19,10,FALL
8534,108.07,41,FALL
8535,21.66,12,FALL
8536,15.25,11,FALL
8537,72.25,28,FALL
8538,38.74,18,FALL
8539,24.16,14,FALL
8540,1.43,6,FALL
8541,67.82,28,FALL
8542,29.44,16,FALL
8543,30.39,16,FALL
8544,79.53,31,FALL
8545,36.57,17,FALL
8546,31.85,16,FALL
8547,28.66,15,FALL
8548,14.72,11,FALL
8549,35.57,17,FALL
8550,1.38,6,FALL
8551,12.85,9,FALL
8552,20.48,12,FALL
8553,4.66,7,FALL
8554,26.11,16,FALL
8555,33.14,17,FALL
8556,24.19,14,FALL
8557,13.38,10,FALL
8558,-0.87,5,FALL
8559,28.33,15,FALL
8560,33.35,16,FALL
8561,15.62,11,FALL
8562,-0.92,5,FALL
8563,29.88,15,FALL
8564,10.77,9,FALL
8565,24.75,14,FALL
8566,22.59,14,FALL
8567,12.48,10,FALL
8568,3.87,6,FALL
8569,48.29,21,FALL
8570,83.36,33,FALL
8571,40.61,18,FALL
8572,-2.73,4,FALL
8573,27.72,15,FALL
8574,5.23,7,FALL
8575,37.38,18,FALL
8576,42.76,21,FALL
8577,23.28,14,FALL
8578,48.24,20,FALL
8579,32.10,16,FALL
8580,25.62,14,FALL
8581,29.61,15,FALL
8582,-2.90,4,FALL
8583,42.22,19,FALL
8584,27.95,15,FALL
8585,-3.74,4,FALL
8586,36.66,17,FALL
8587,12.17,9,FALL
8588,29.25,15,FALL
8589,41.37,21,FALL
8590,29.78,16,FALL
8591,7.42,8,FALL
8592,22.94,13,FALL
8593,3.10,6,FALL
8594,28.55,15,FALL
8595,36.76,18,FALL
8596,33.14,16,FALL
8597,30.73,15,FALL
8598,25.95,14,FALL
8599,-0.36,5,FALL
8600,34.88,17,FALL
8601,26.04,14,FALL
8602,40.88,20,FALL
8603,81.78,32,FALL
8604,4.59,6,FALL
8605,26.60,14,FALL
8606,26.54,15,FALL
8607,8.92,8,FALL
8608,0.67,5,FALL
8609,83.90,32,FALL
8610,10.15,9,FALL
8611,-0.14,5,FALL
8612,13.11,10,FALL
8613,36.50,17,FALL
8614,31.70,16,FALL
8615,32.81,16,FALL
8616,28.93,17,FALL
8617,20.20,12,FALL
8618,35.87,17,FALL
8619,50.85,21,FALL
8620,31.87,16,FALL
8621,22.20,14,FALL
8622,-0.54,5,FALL
8623,19.62,12,FALL
8624,12.28,9,FALL
8625,51.65,23,FALL
8626,-0.68,5,FALL
8627,-0.58,5,FALL
8628,67.36,27,FALL
8629,27.19,15,FALL
8630,18.82,11,FALL
8631,29.87,15,FALL
8632,47.23,20,FALL
8633,33.35,16,FALL
8634,9.08,9,FALL
8635,29.09,16,FALL
8636,4.05,6,FALL
8637,2.39,6,FALL
8638,27.84,15,FALL
8639,29.03,16,FALL
8640,116.84,44,FALL
8641,31.85,16,FALL
8642,28.90,16,FALL
8643,31.49,16,FALL
8644,39.94,19,FALL
8645,44.33,20,FALL
8646,9.73,9,FALL
8647,10.67,9,FALL
8648,49.81,22,FALL
8649,47.68,20,FALL
8650,30.28,16,FALL
8651,33.54,17,FALL
8652,22.98,13,FALL
8653,19.51,11,FALL
8654,34.38,16,FALL
8655,45.19,20,FALL
8656,10.44,9,FALL
8657,5.76,7,FALL
8658,26.92,15,FALL
8659,37.04,17,FALL
8660,12.90,10,FALL
8661,75.52,32,FALL
8662,-1.72,5,FALL
8663,35.15,18,FALL
8664,28.68,15,FALL
8665,48.80,20,FALL
8666,32.42,16,FALL
8667,9.61,8,FALL
8668,34.54,17,FALL
8669,18.98,11,FALL
8670,75.43,31,FALL
8671,8.80,8,FALL
8672,34.80,17,FALL
8673,-1.67,5,FALL
8674,32.86,16,FALL
8675,16.91,11,FALL
8676,-5.51,4,FALL
8677,25.98,15,FALL
8678,33.06,16,FALL
8679,17.46,11,FALL
8680,15.17,11,FALL
8681,9.97,9,FALL
8682,5.46,6,FALL
8683,5.81,7,FALL
8684,18.55,12,FALL
8685,29.08,15,FALL
8686,55.26,22,FALL
8687,25.19,14,FALL
8688,31.14,16,FALL
8689,36.02,17,FALL
8690,16.84,11,FALL
8691,29.40,16,FALL
8692,47.74,21,FALL
8693,12.07,10,FALL
8694,11.65,9,FALL
8695,22.67,14,FALL
8696,6.56,7,FALL
8697,20.11,11,FALL
8698,34.50,17,FALL
8699,7.01,7,FALL
8700,43.23,19,FALL
8701,45.04,20,FALL
8702,0.68,5,FALL
8703,35.13,17,FALL
8704,31.17,16,FALL
8705,30.33,15,FALL
8706,41.75,18,FALL
8707,-2.78,4,FALL
8708,26.83,14,FALL
8709,16.59,11,FALL
8710,29.06,15,FALL
8711,15.66,10,FALL
8712,19.99,13,FALL
8713,32.61,16,FALL
8714,18.97,12,FALL
8715,60.97,25,FALL
8716,44.74,22,FALL
8717,76.84,31,FALL
8718,28.94,15,FALL
8719,33.97,17,FALL
8720,110.88,43,FALL
8721,27.17,15,FALL
8722,28.86,15,FALL
8723,32.17,16,FALL
8724,123.71,46,FALL
8725,-0.24,5,FALL
8726,33.32,16,FALL
8727,28.89,15,FALL
8728,26.04,14,FALL
8729,34.59,16,FALL
8730,25.86,15,FALL
8731,20.11,12,FALL
8732,38.02,18,FALL
8733,-3.10,4,FALL
8734,30.97,16,FALL
8735,3.86,7,FALL
8736,23.31,13,FALL
8737,33.30,16,FALL
8738,29.88,16,FALL
8739,6.22,7,FALL
8740,18.15,12,FALL
8741,31.33,15,FALL
8742,-3.21,4,FALL
8743,29.55,16,FALL
8744,31.70,16,FALL
8745,84.41,32,FALL
8746,31.33,16,FALL
8747,29.69,16,FALL
8748,32.19,17,FALL
8749,37.66,18,FALL
8750,47.74,21,FALL
8751,33.30,16,FALL
8752,29.58,15,FALL
8753,32.23,16,FALL
8754,81.54,32,FALL
8755,27.68,15,FALL
8756,29.38,15,FALL
8757,34.43,17,FALL
8758,34.07,17,FALL
8759,41.98,20,FALL
8760,33.80,16,FALL
8761,7.36,8,FALL
8762,16.66,11,FALL
8763,33.98,17,FALL
8764,23.13,14,FALL
8765,49.74,21,FALL
8766,17.42,11,FALL
8767,28.28,15,FALL
8768,32.60,17,FALL
8769,9.13,8,FALL
8770,21.55,13,FALL
8771,34.62,17,FALL
8772,1.15,6,FALL
8773,30.37,15,FALL
8774,37.83,18,FALL
8775,27.52,14,FALL
8776,97.50,38,FALL
8777,45.87,21,FALL
8778,23.20,14,FALL
8779,44.35,20,FALL
8780,11.01,9,FALL
8781,68.78,28,FALL
8782,43.66,19,FALL
8783,32.74,16,FALL
8784,34.52,17,FALL
8785,10.18,9,FALL
8786,45.79,20,FALL
8787,81.55,33,FALL
8788,18.96,12,FALL
8789,14.93,11,FALL
8790,24.45,13,FALL
8791,26.77,15,FALL
8792,30.60,16,FALL
8793,4.79,7,FALL
8794,34.73,17,FALL
8795,13.07,10,FALL
8796,25.36,14,FALL
8797,-0.93,5,FALL
8798,31.86,16,FALL
8799,3.16,7,FALL
8800,31.15,17,FALL
8801,57.96,24,FALL
8802,-0.25,4,FALL
8803,12.27,9,FALL
8804,18.16,12,FALL
8805,40.90,19,FALL
8806,33.49,16,FALL
8807,32.24,16,FALL
8808,27.55,15,FALL
8809,20.62,13,FALL
8810,30.28,16,FALL
8811,4.68,6,FALL
8812,13.80,9,FALL
8813,30.03,16,FALL
8814,35.52,16,FALL
8815,16.67,11,FALL
8816,36.42,17,FALL
8817,34.71,16,FALL
8818,32.31,16,FALL
8819,29.12,15,FALL
8820,26.83,15,FALL
8821,4.39,7,FALL
8822,33.48,17,FALL
8823,7.34,8,FALL
8824,27.42,15,FALL
8825,35.76,17,FALL
8826,26.48,14,FALL
8827,144.42,55,FALL
8828,27.60,15,FALL
8829,101.22,37,FALL
8830,10.11,9,FALL
8831,37.75,17,FALL
8832,13.76,10,FALL
8833,-1.82,5,FALL
8834,13.91,10,FALL
8835,12.02,9,FALL
8836,15.02,10,FALL
8837,17.09,11,FALL
8838,31.02,16,FALL
8839,42.18,19,FALL
8840,31.39,16,FALL
8841,-3.78,5,FALL
8842,3.89,7,FALL
8843,0.40,5,FALL
8844,9.86,9,FALL
8845,29.79,15,FALL
8846,30.50,15,FALL
8847,24.75,14,FALL
8848,22.65,13,FALL
8849,-3.96,5,FALL
8850,38.98,17,FALL
8851,49.84,21,FALL
8852,4.53,7,FALL
8853,39.11,18,FALL
8854,36.45,17,FALL
8855,46.93,20,FALL
8856,95.92,34,FALL
8857,32.22,16,FALL
8858,25.69,14,FALL
8859,19.41,12,FALL
8860,78.02,30,FALL
8861,-2.76,4,FALL
8862,31.34,16,FALL
8863,-0.61,5,FALL
8864,29.04,15,FALL
8865,-0.37,5,FALL
8866,24.67,15,FALL
8867,28.51,16,FALL
8868,12.12,10,FALL
8869,44.49,19,FALL
8870,56.79,25,FALL
8871,25.89,15,FALL
8872,11.32,9,FALL
8873,33.68,17,FALL
8874,37.54,18,FALL
8875,42.87,20,FALL
8876,11.85,9,FALL
8877,32.23,16,FALL
8878,57.62,25,FALL
8879,32.51,17,FALL
8880,-3.34,4,FALL
8881,34.97,17,FALL
8882,13.44,10,FALL
8883,128.46,49,FALL
8884,10.08,8,FALL
8885,50.63,21,FALL
8886,14.07,11,FALL
8887,37.41,18,FALL
8888,45.26,21,FALL
8889,18.60,11,FALL
8890,33.59,16,FALL
8891,1.05,6,FALL
8892,2.18,6,FALL
8893,29.52,15,FALL
8894,24.89,15,FALL
8895,34.66,17,FALL
8896,24.47,14,FALL
8897,34.79,17,FALL
8898,27.28,15,FALL
8899,4.98,7,FALL
8900,-2.52,4,FALL
8901,28.90,16,FALL
8902,45.81,20,FALL
8903,17.97,12,FALL
8904,9.73,7,FALL
8905,27.58,15,FALL
8906,33.66,16,FALL
8907,114.15,45,FALL
8908,25.91,14,FALL
8909,25.31,14,FALL
8910,27.37,15,FALL
8911,68.25,29,FALL
8912,30.76,16,FALL
8913,87.84,33,FALL
8914,25.65,14,FALL
8915,48.01,21,FALL
8916,39.02,17,FALL
8917,23.97,13,FALL
8918,-0.86,5,FALL
8919,10.82,9,FALL
8920,28.07,15,FALL
8921,-3.01,4,FALL
8922,1.61,6,FALL
8923,1.46,6,FALL
8924,26.27,15,FALL
8925,9.05,8,FALL
8926,27.14,14,FALL
8927,15.35,12,FALL
8928,29.06,15,FALL
8929,30.84,15,FALL
8930,9.01,8,FALL
8931,-3.26,4,FALL
8932,33.57,16,FALL
8933,22.96,13,FALL
8934,47.61,19,FALL
8935,40.63,18,FALL
8936,42.57,19,FALL
8937,27.21,15,FALL
8938,17.04,11,FALL
8939,37.04,18,FALL
8940,38.41,18,FALL
8941,34.29,17,FALL
8942,18.66,11,FALL
8943,18.89,11,FALL
8944,-0.93,5,FALL
8945,32.62,16,FALL
8946,37.40,18,FALL
8947,35.91,17,FALL
8948,31.00,16,FALL
8949,48.82,21,FALL
8950,54.22,23,FALL
8951,32.38,16,FALL
8952,33.10,16,FALL
8953,9.54,9,FALL
8954,20.01,12,FALL
8955,14.91,10,FALL
8956,14.88,10,FALL
8957,33.78,17,FALL
8958,46.69,21,FALL
8959,31.12,16,FALL
8960,35.43,17,FALL
8961,86.34,34,FALL
8962,34.26,17,FALL
8963,37.08,18,FALL
8964,6.64,8,FALL
8965,34.40,17,FALL
8966,4.68,7,FALL
8967,161.93,57,FALL
8968,12.92,10,FALL
8969,32.40,17,FALL
8970,68.42,28,FALL
8971,1.20,6,FALL
8972,32.11,16,FALL
8973,40.24,18,FALL
8974,4.07,7,FALL
8975,35.02,17,FALL
8976,33.11,16,FALL
8977,33.98,17,FALL
8978,56.72,22,FALL
8979,10.61,8,FALL
8980,14.90,11,FALL
8981,39.99,19,FALL
8982,21.79,13,FALL
8983,17.14,11,FALL
8984,31.39,16,FALL
8985,-1.21,5,FALL
8986,32.30,16,FALL
8987,29.41,15,FALL
8988,-2.78,4,FALL
8989,32.44,17,FALL
8990,7.40,7,FALL
8991,-2.36,4,FALL
8992,29.30,15,FALL
8993,17.12,11,FALL
8994,28.46,15,FALL
8995,32.14,17,FALL
8996,9.08,8,FALL
8997,28.82,15,FALL
8998,21.96,13,FALL
8999,79.79,31,FALL
9000,42.34,20,FALL
9001,26.86,15,FALL
9002,33.95,17,FALL
9003,30.23,15,FALL
9004,33.28,16,FALL
9005,41.79,19,FALL
9006,34.11,17,FALL
9007,1.28,5,FALL
9008,34.05,17,FALL
9009,33.09,16,FALL
9010,28.85,15,FALL
9011,24.05,14,FALL
9012,12.51,9,FALL
9013,126.24,47,FALL
9014,41.55,19,FALL
9015,78.60,31,FALL
9016,25.37,14,FALL
9017,34.56,16,FALL
9018,30.21,15,FALL
9019,34.85,17,FALL
9020,40.02,18,FALL
9021,17.81,12,FALL
9022,8.34,8,FALL
9023,15.63,10,FALL
9024,12.39,9,FALL
9025,29.18,16,FALL
9026,31.96,17,FALL
9027,51.64,21,FALL
9028,29.54,15,FALL
9029,18.85,12,FALL
9030,30.79,16,FALL
9031,35.41,16,FALL
9032,30.96,15,FALL
9033,29.50,16,FALL
9034,31.50,16,FALL
9035,27.45,14,FALL
9036,9.66,8,FALL
9037,3.58,7,FALL
9038,32.59,16,FALL
9039,17.76,12,FALL
9040,64.40,26,FALL
9041,7.24,8,FALL
9042,23.20,13,FALL
9043,28.91,15,FALL
9044,8.72,9,FALL
9045,36.20,17,FALL
9046,-1.21,5,FALL
9047,34.19,16,FALL
9048,5.41,7,FALL
9049,96.01,36,FALL
9050,7.39,8,FALL
9051,38.49,18,FALL
9052,30.91,16,FALL
9053,26.41,15,FALL
9054,126.72,48,FALL
9055,47.86,21,FALL
9056,16.54,11,FALL
9057,18.92,12,FALL
9058,-2.88,4,FALL
9059,6.21,8,FALL
9060,33.02,16,FALL
9061,28.69,15,FALL
9062,7.46,7,FALL
9063,40.33,18,FALL
9064,0.52,5,FALL
9065,27.64,15,FALL
9066,21.12,12,FALL
9067,7.73,7,FALL
9068,33.32,16,FALL
9069,81.77,32,FALL
9070,10.86,9,FALL
9071,32.80,17,FALL
9072,13.48,9,FALL
9073,39.57,19,FALL
9074,31.79,16,FALL
9075,45.57,20,FALL
9076,39.86,19,FALL
9077,36.79,17,FALL
9078,-2.71,4,FALL
9079,15.21,9,FALL
9080,6.93,7,FALL
9081,9.22,9,FALL
9082,29.14,15,FALL
9083,17.07,11,FALL
9084,30.54,15,FALL
9085,28.25,15,FALL
9086,31.00,17,FALL
9087,31.39,16,FALL
9088,-1.33,5,FALL
9089,9.40,9,FALL
9090,2.36,6,FALL
9091,31.76,16,FALL
9092,15.23,10,FALL
9093,19.46,11,FALL
9094,50.21,22,FALL
9095,25.17,14,FALL
9096,40.15,19,FALL
9097,54.43,22,FALL
9098,32.98,16,FALL
9099,31.64,16,FALL
9100,32.68,17,FALL
9101,37.47,18,FALL
9102,37.75,17,FALL
9103,50.02,21,FALL
9104,6.20,7,FALL
9105,30.61,15,FALL
9106,-3.09,4,FALL
9107,53.78,22,FALL
9108,-3.44,4,FALL
9109,9.00,9,FALL
9110,37.81,18,FALL
9111,15.92,11,FALL
9112,18.57,12,FALL
9113,24.95,14,FALL
9114,-3.77,4,FALL
9115,58.58,26,FALL
9116,33.30,16,FALL
9117,39.52,19,FALL
9118,31.67,16,FALL
9119,75.74,32,FALL
9120,18.94,12,FALL
9121,20.58,13,FALL
9122,45.50,20,FALL
9123,28.33,15,FALL
9124,1.70,6,FALL
9125,32.60,16,FALL
9126,-1.21,5,FALL
9127,29.19,16,FALL
9128,63.18,25,FALL
9129,27.23,16,FALL
9130,25.28,14,FALL
9131,34.18,17,FALL
9132,-1.00,5,FALL
9133,37.39,17,FALL
9134,12.88,9,FALL
9135,30.29,15,FALL
9136,26.11,15,FALL
9137,4.27,7,FALL
9138,9.64,8,FALL
9139,5.31,7,FALL
9140,18.59,12,FALL
9141,1.07,6,FALL
9142,11.23,9,FALL
9143,115.94,42,FALL
9144,10.85,9,FALL
9145,15.24,10,FALL
9146,153.03,55,FALL
9147,22.22,14,FALL
9148,45.01,20,FALL
9149,16.69,10,FALL
9150,22.22,13,FALL
9151,-1.02,5,FALL
9152,-2.65,4,FALL
9153,-1.23,5,FALL
9154,32.95,16,FALL
9155,23.70,11,FALL
9156,12.62,10,FALL
9157,19.05,12,FALL
9158,19.44,12,FALL
9159,46.39,20,FALL
9160,22.30,13,FALL
9161,36.71,17,FALL
9162,44.35,20,FALL
9163,32.41,16,FALL
9164,34.30,17,FALL
9165,32.45,16,FALL
9166,16.22,10,FALL
9167,-3.25,4,FALL
9168,34.79,17,FALL
9169,8.92,9,FALL
9170,31.87,16,FALL
9171,24.08,13,FALL
9172,16.10,11,FALL
9173,14.53,10,FALL
9174,29.94,16,FALL
9175,26.12,14,FALL
9176,32.65,17,FALL
9177,-2.45,4,FALL
9178,35.21,16,FALL
9179,25.14,14,FALL
9180,21.12,13,FALL
9181,31.03,17,FALL
9182,26.95,15,FALL
9183,16.95,11,FALL
9184,33.52,16,FALL
9185,37.89,17,FALL
9186,34.86,17,FALL
9187,-3.43,4,FALL
9188,30.67,16,FALL
9189,29.01,14,FALL
9190,28.49,15,FALL
9191,19.14,12,FALL
9192,33.59,17,FALL
9193,29.17,16,FALL
9194,35.13,17,FALL
9195,22.44,13,FALL
9196,5.61,7,FALL
9197,7.14,8,FALL
9198,12.45,9,FALL
9199,36.82,17,FALL
9200,53.14,22,FALL
9201,30.26,16,FALL
9202,4.76,7,FALL
9203,7.70,7,FALL
9204,30.11,16,FALL
9205,37.03,18,FALL
9206,28.06,15,FALL
9207,87.78,33,FALL
9208,-2.75,4,FALL
9209,30.25,15,FALL
9210,-2.35,4,FALL
9211,83.97,31,FALL
9212,45.04,19,FALL
9213,124.12,47,FALL
9214,25.79,14,FALL
9215,35.79,17,FALL
9216,11.90,9,FALL
9217,36.58,17,FALL
9218,15.31,11,FALL
9219,28.59,14,FALL
9220,31.58,16,FALL
9221,28.95,15,FALL
9222,7.65,8,FALL
9223,31.28,16,FALL
9224,31.10,16,FALL
9225,29.16,15,FALL
9226,45.93,20,FALL
9227,44.90,20,FALL
9228,21.96,13,FALL
9229,15.72,11,FALL
9230,35.03,17,FALL
9231,30.03,16,FALL
9232,11.88,10,FALL
9233,-3.17,4,FALL
9234,27.17,16,FALL
9235,5.94,7,FALL
9236,31.73,16,FALL
9237,7.36,8,FALL
9238,26.59,14,FALL
9239,40.80,18,FALL
9240,-0.50,5,FALL
9241,30.23,16,FALL
9242,26.75,15,FALL
9243,23.25,14,FALL
9244,29.20,15,FALL
9245,28.15,16,FALL
9246,20.31,13,FALL
9247,22.39,14,FALL
9248,12.70,10,FALL
9249,23.81,13,FALL
9250,-1.92,5,FALL
9251,39.75,19,FALL
9252,13.12,10,FALL
9253,25.70,14,FALL
9254,20.38,12,FALL
9255,24.27,14,FALL
9256,14.75,10,FALL
9257,42.41,19,FALL
9258,37.44,19,FALL
9259,36.41,17,FALL
9260,34.79,17,FALL
9261,16.51,11,FALL
9262,25.61,14,FALL
9263,3.37,6,FALL
9264,122.66,48,FALL
9265,13.36,10,FALL
9266,37.49,18,FALL
9267,35.82,17,FALL
9268,25.48,13,FALL
9269,33.96,16,FALL
9270,51.14,20,FALL
9271,78.84,32,FALL
9272,-0.07,5,FALL
9273,26.26,16,FALL
9274,25.00,14,FALL
9275,37.85,18,FALL
9276,58.70,26,FALL
9277,-1.51,5,FALL
9278,-5.24,3,FALL
9279,29.11,16,FALL
9280,45.37,20,FALL
9281,33.35,18,FALL
9282,12.57,10,FALL
9283,38.58,19,FALL
9284,26.02,14,FALL
9285,-3.55,4,FALL
9286,5.18,7,FALL
9287,12.28,9,FALL
9288,54.15,23,FALL
9289,31.72,16,FALL
9290,36.49,18,FALL
9291,16.99,11,FALL
9292,33.04,16,FALL
9293,21.25,12,FALL
9294,35.50,17,FALL
9295,26.51,14,FALL
9296,17.81,11,FALL
9297,84.02,32,FALL
9298,25.87,14,FALL
9299,84.58,34,FALL
9300,-0.17,5,FALL
9301,117.03,46,FALL
9302,2.35,5,FALL
9303,35.18,17,FALL
9304,7.73,9,FALL
9305,9.87,9,FALL
9306,8.80,8,FALL
9307,5.68,7,FALL
9308,4.38,6,FALL
9309,2.85,6,FALL
9310,131.37,48,FALL
9311,18.11,11,FALL
9312,34.73,17,FALL
9313,35.09,17,FALL
9314,26.93,14,FALL
9315,40.98,18,FALL
9316,33.02,16,FALL
9317,19.32,12,FALL
9318,36.87,18,FALL
9319,33.64,17,FALL
9320,-3.64,4,FALL
9321,36.67,17,FALL
9322,77.47,31,FALL
9323,-0.92,5,FALL
9324,36.09,17,FALL
9325,-2.99,4,FALL
9326,19.97,12,FALL
9327,30.14,15,FALL
9328,16.13,11,FALL
9329,30.45,15,FALL
9330,2.59,6,FALL
9331,41.73,19,FALL
9332,14.15,10,FALL
9333,33.21,16,FALL
9334,12.87,12,FALL
9335,13.09,9,FALL
9336,33.94,17,FALL
9337,32.80,16,FALL
9338,9.06,8,FALL
9339,14.93,10,FALL
9340,20.55,12,FALL
9341,24.65,14,FALL
9342,99.40,38,FALL
9343,32.65,16,FALL
9344,37.18,17,FALL
9345,47.05,20,FALL
9346,28.47,14,FALL
9347,12.68,10,FALL
9348,27.37,15,FALL
9349,30.42,16,FALL
9350,32.92,16,FALL
9351,30.21,16,FALL
9352,27.16,15,FALL
9353,19.81,12,FALL
9354,46.11,19,FALL
9355,14.75,10,FALL
9356,9.79,9,FALL
9357,-3.49,4,FALL
9358,31.80,16,FALL
9359,2.60,6,FALL
9360,26.00,14,FALL
9361,39.29,18,FALL
9362,31.86,16,FALL
9363,4.28,7,FALL
9364,155.89,56,FALL
9365,31.47,16,FALL
9366,36.30,17,FALL
9367,31.84,16,FALL
9368,-0.36,5,FALL
9369,-0.73,5,FALL
9370,74.97,30,FALL
9371,26.02,14,FALL
9372,12.13,10,FALL
9373,-1.59,5,FALL
9374,31.90,16,FALL
9375,52.34,22,FALL
9376,11.33,10,FALL
9377,8.60,8,FALL
9378,1.04,6,FALL
9379,127.01,47,FALL
9380,22.55,13,FALL
9381,32.06,16,FALL
9382,24.91,15,FALL
9383,31.30,16,FALL
9384,20.72,13,FALL
9385,8.39,8,FALL
9386,7.17,7,FALL
9387,28.45,15,FALL
9388,34.20,16,FALL
9389,4.24,7,FALL
9390,-2.77,4,FALL
9391,16.92,11,FALL
9392,9.59,8,FALL
9393,11.88,9,FALL
9394,32.89,16,FALL
9395,32.42,16,FALL
9396,16.67,11,FALL
9397,24.83,14,FALL
9398,31.20,16,FALL
9399,19.55,12,FALL
9400,20.16,12,FALL
9401,-1.03,4,FALL
9402,86.45,34,FALL
9403,16.92,11,FALL
9404,32.38,16,FALL
9405,7.62,8,FALL
9406,29.95,15,FALL
9407,28.66,15,FALL
9408,31.62,16,FALL
9409,20.51,13,FALL
9410,15.68,10,FALL
9411,32.46,17,FALL
9412,26.99,15,FALL
9413,83.95,33,FALL
9414,20.69,13,FALL
9415,-0.06,5,FALL
9416,37.87,19,FALL
9417,1.96,5,FALL
9418,32.06,16,FALL
9419,29.64,15,FALL
9420,4.61,6,FALL
9421,3.21,7,FALL
9422,45.35,19,FALL
9423,33.11,16,FALL
9424,9.65,8,FALL
9425,-0.70,5,FALL
9426,8.69,8,FALL
9427,32.74,17,FALL
9428,2.74,6,FALL
9429,39.33,18,FALL
9430,29.81,17,FALL
9431,33.11,16,FALL
9432,16.78,11,FALL
9433,17.91,11,FALL
9434,-2.27,5,FALL
9435,39.31,18,FALL
9436,43.10,19,FALL
9437,2.15,7,FALL
9438,32.56,16,FALL
9439,21.49,12,FALL
9440,14.72,9,FALL
9441,28.18,15,FALL
9442,47.76,21,FALL
9443,36.85,17,FALL
9444,3.12,6,FALL
9445,35.66,17,FALL
9446,-1.54,5,FALL
9447,6.71,8,FALL
9448,26.59,15,FALL
9449,-5.97,3,FALL
9450,3.86,6,FALL
9451,-0.68,5,FALL
9452,11.60,9,FALL
9453,36.39,17,FALL
9454,12.76,9,FALL
9455,31.75,16,FALL
9456,4.80,7,FALL
9457,41.58,19,FALL
9458,13.25,10,FALL
9459,4.97,6,FALL
9460,36.72,17,FALL
9461,8.27,8,FALL
9462,29.24,15,FALL
9463,-1.06,5,FALL
9464,-2.86,4,FALL
9465,34.64,17,FALL
9466,38.47,18,FALL
9467,24.93,14,FALL
9468,11.04,9,FALL
9469,-0.82,5,FALL
9470,17.47,11,FALL
9471,19.92,13,FALL
9472,34.79,17,FALL
9473,55.48,24,FALL
9474,28.42,16,FALL
9475,37.26,17,FALL
9476,53.77,24,FALL
9477,14.30,10,FALL
9478,12.82,10,FALL
9479,31.25,16,FALL
9480,27.12,14,FALL
9481,22.30,13,FALL
9482,47.81,21,FALL
9483,38.41,17,FALL
9484,3.25,7,FALL
9485,121.25,45,FALL
9486,32.82,16,FALL
9487,26.10,15,FALL
9488,10.50,9,FALL
9489,97.79,40,FALL
9490,30.67,16,FALL
9491,31.92,16,FALL
9492,1.07,6,FALL
9493,18.99,12,FALL
9494,16.48,11,FALL
9495,27.53,15,FALL
9496,29.83,15,FALL
9497,28.55,15,FALL
9498,-3.05,4,FALL
9499,24.85,14,FALL
9500,126.51,48,FALL
9501,39.54,18,FALL
9502,30.96,16,FALL
9503,0.37,6,FALL
9504,27.63,14,FALL
9505,7.15,8,FALL
9506,75.16,30,FALL
9507,6.33,8,FALL
9508,22.44,13,FALL
9509,30.90,16,FALL
9510,29.12,15,FALL
9511,-2.32,4,FALL
9512,11.01,9,FALL
9513,10.76,9,FALL
9514,19.42,12,FALL
9515,14.28,10,FALL
9516,31.12,16,FALL
9517,29.08,15,FALL
9518,29.23,15,FALL
9519,55.49,22,FALL
9520,20.05,12,FALL
9521,35.36,16,FALL
9522,34.82,17,FALL
9523,26.58,14,FALL
9524,31.07,16,FALL
9525,42.85,20,FALL
9526,40.64,19,FALL
9527,11.17,10,FALL
9528,9.12,8,FALL
9529,28.12,15,FALL
9530,10.51,8,FALL
9531,26.42,14,FALL
9532,49.50,21,FALL
9533,48.17,21,FALL
9534,26.40,15,FALL
9535,2.25,6,FALL
9536,-1.08,5,FALL
9537,10.81,9,FALL
9538,4.65,6,FALL
9539,18.19,11,FALL
9540,0.28,5,FALL
9541,26.16,14,FALL
9542,-2.75,4,FALL
9543,30.76,16,FALL
9544,23.68,14,FALL
9545,-1.01,5,FALL
9546,13.83,10,FALL
9547,25.71,14,FALL
9548,19.47,12,FALL
9549,25.72,15,FALL
9550,2.77,6,FALL
9551,30.47,15,FALL
9552,7.59,8,FALL
9553,33.07,17,FALL
9554,29.32,15,FALL
9555,24.80,14,FALL
9556,0.36,5,FALL
9557,-0.46,5,FALL
9558,27.14,15,FALL
9559,2.73,7,FALL
9560,31.71,17,FALL
9561,47.11,21,FALL
9562,17.85,13,FALL
9563,-0.85,5,FALL
9564,31.51,16,FALL
9565,16.62,10,FALL
9566,30.88,16,FALL
9567,66.45,26,FALL
9568,38.61,18,FALL
9569,140.80,51,FALL
9570,3.00,6,FALL
9571,6.35,7,FALL
9572,49.03,21,FALL
9573,35.06,17,FALL
9574,18.23,11,FALL
9575,29.15,15,FALL
9576,-1.47,5,FALL
9577,40.67,19,FALL
9578,29.41,16,FALL
9579,42.21,19,FALL
9580,91.07,34,FALL
9581,35.19,17,FALL
9582,34.30,17,FALL
9583,-1.67,4,FALL
9584,22.23,13,FALL
9585,5.81,7,FALL
9586,4.53,6,FALL
9587,4.55,7,FALL
9588,47.39,21,FALL
9589,91.86,34,FALL
9590,8.43,8,FALL
9591,10.27,10,FALL
9592,15.28,10,FALL
9593,20.79,12,FALL
9594,31.27,16,FALL
9595,37.29,18,FALL
9596,45.92,20,FALL
9597,29.84,16,FALL
9598,-0.77,5,FALL
9599,13.72,9,FALL
9600,-2.54,4,FALL
9601,34.82,17,FALL
9602,25.15,15,FALL
9603,27.61,15,FALL
9604,34.83,17,FALL
9605,181.48,66,FALL
9606,32.04,16,FALL
9607,17.31,11,FALL
9608,-0.27,5,FALL
9609,30.01,16,FALL
9610,30.87,16,FALL
9611,21.88,13,FALL
9612,33.82,16,FALL
9613,28.86,16,FALL
9614,11.89,9,FALL
9615,20.84,13,FALL
9616,110.70,44,FALL
9617,3.07,7,FALL
9618,30.34,15,FALL
9619,32.15,16,FALL
9620,38.60,18,FALL
9621,6.09,7,FALL
9622,37.67,18,FALL
9623,19.52,12,FALL
9624,8.83,8,FALL
9625,4.08,7,FALL
9626,-2.69,4,FALL
9627,22.49,13,FALL
9628,42.54,19,FALL
9629,34.08,17,FALL
9630,29.32,16,FALL
9631,-2.92,4,FALL
9632,59.61,24,FALL
9633,29.81,15,FALL
9634,38.68,18,FALL
9635,-2.41,4,FALL
9636,0.91,6,FALL
9637,23.25,14,FALL
9638,17.68,11,FALL
9639,31.04,16,FALL
9640,9.44,9,FALL
9641,34.04,17,FALL
9642,71.19,29,FALL
9643,20.23,11,FALL
9644,34.50,17,FALL
9645,124.08,46,FALL
9646,4.92,6,FALL
9647,45.34,20,FALL
9648,13.44,10,FALL
9649,18.62,11,FALL
9650,26.42,14,FALL
9651,21.52,14,FALL
9652,31.38,16,FALL
9653,28.54,15,FALL
9654,133.60,51,FALL
9655,8.70,7,FALL
9656,34.04,16,FALL
9657,35.39,17,FALL
9658,13.64,10,FALL
9659,24.75,14,FALL
9660,5.06,7,FALL
9661,21.73,13,FALL
9662,30.00,16,FALL
9663,3.89,6,FALL
9664,34.31,16,FALL
9665,32.95,16,FALL
9666,35.95,17,FALL
9667,35.49,17,FALL
9668,27.08,15,FALL
9669,31.68,16,FALL
9670,-1.63,5,FALL
9671,3.48,6,FALL
9672,35.06,16,FALL
9673,39.51,19,FALL
9674,16.87,10,FALL
9675,1.40,6,FALL
9676,1.65,5,FALL
9677,0.61,6,FALL
9678,36.42,16,FALL
9679,21.68,12,FALL
9680,25.88,14,FALL
9681,21.32,11,FALL
9682,36.55,17,FALL
9683,27.72,15,FALL
9684,32.94,17,FALL
9685,30.95,15,FALL
9686,30.41,16,FALL
9687,16.47,11,FALL
9688,30.05,16,FALL
9689,12.55,11,FALL
9690,29.22,15,FALL
9691,37.56,17,FALL
9692,2.12,5,FALL
9693,34.08,17,FALL
9694,15.36,10,FALL
9695,33.36,17,FALL
9696,11.23,9,FALL
9697,13.67,9,FALL
9698,4.00,7,FALL
9699,33.75,16,FALL
9700,35.83,18,FALL
9701,1.11,6,FALL
9702,6.77,7,FALL
9703,27.35,15,FALL
9704,22.39,13,FALL
9705,29.10,15,FALL
9706,34.45,16,FALL
9707,104.68,39,FALL
9708,-0.93,5,FALL
9709,41.50,19,FALL
9710,34.55,17,FALL
9711,32.63,16,FALL
9712,34.05,16,FALL
9713,33.60,16,FALL
9714,32.11,16,FALL
9715,75.52,30,FALL
9716,27.44,15,FALL
9717,38.57,19,FALL
9718,24.54,13,FALL
9719,-2.81,4,FALL
9720,62.55,26,FALL
9721,4.10,7,FALL
9722,8.30,8,FALL
9723,3.43,6,FALL
9724,14.30,10,FALL
9725,31.00,16,FALL
9726,-0.74,5,FALL
9727,44.01,19,FALL
9728,25.12,15,FALL
9729,40.02,19,FALL
9730,38.75,18,FALL
9731,30.08,16,FALL
9732,8.14,8,FALL
9733,53.89,23,FALL
9734,32.29,16,FALL
9735,16.22,11,FALL
9736,31.36,15,FALL
9737,5.33,7,FALL
9738,-2.29,4,FALL
9739,16.68,11,FALL
9740,42.56,20,FALL
9741,29.64,16,FALL
9742,11.52,10,FALL
9743,49.25,22,FALL
9744,34.50,17,FALL
9745,10.29,9,FALL
9746,12.35,9,FALL
9747,36.75,17,FALL
9748,130.04,48,FALL
9749,14.13,11,FALL
9750,-1.69,5,FALL
9751,16.99,11,FALL
9752,42.92,19,FALL
9753,22.49,13,FALL
9754,32.85,16,FALL
9755,89.61,35,FALL
9756,-3.68,4,FALL
9757,25.87,14,FALL
9758,28.54,15,FALL
9759,32.55,16,FALL
9760,7.65,8,FALL
9761,31.66,16,FALL
9762,-3.91,4,FALL
9763,27.97,15,FALL
9764,30.08,16,FALL
9765,35.20,17,FALL
9766,31.91,16,FALL
9767,71.87,30,FALL
9768,8.45,8,FALL
9769,6.15,7,FALL
9770,21.84,13,FALL
9771,36.56,17,FALL
9772,5.21,7,FALL
9773,50.77,21,FALL
9774,3.55,6,FALL
9775,33.50,17,FALL
9776,23.62,14,FALL
9777,1.38,6,FALL
9778,31.84,16,FALL
9779,34.20,17,FALL
9780,-1.15,5,FALL
9781,31.74,16,FALL
9782,-0.73,5,FALL
9783,17.71,12,FALL
9784,3.24,7,FALL
9785,39.45,18,FALL
9786,49.23,20,FALL
9787,96.59,36,FALL
9788,-1.69,5,FALL
9789,1.35,5,FALL
9790,20.79,12,FALL
9791,30.50,16,FALL
9792,28.62,15,FALL
9793,1.60,6,FALL
9794,12.31,9,FALL
9795,4.48,7,FALL
9796,26.52,15,FALL
9797,47.80,20,FALL
9798,34.95,17,FALL
9799,7.51,8,FALL
9800,25.59,14,FALL
9801,3.51,7,FALL
9802,30.21,15,FALL
9803,17.81,12,FALL
9804,71.58,29,FALL
9805,33.79,16,FALL
9806,28.88,15,FALL
9807,12.00,10,FALL
9808,32.19,16,FALL
9809,13.66,10,FALL
9810,14.80,10,FALL
9811,15.01,10,FALL
9812,32.43,16,FALL
9813,34.41,17,FALL
9814,34.70,17,FALL
9815,-1.02,5,FALL
9816,39.23,18,FALL
9817,-2.46,4,FALL
9818,14.30,10,FALL
9819,24.99,13,FALL
9820,43.45,19,FALL
9821,15.77,10,FALL
9822,33.69,16,FALL
9823,24.14,13,FALL
9824,12.52,9,FALL
9825,13.67,9,FALL
9826,46.34,22,FALL
9827,17.42,11,FALL
9828,33.70,16,FALL
9829,29.90,16,FALL
9830,5.46,7,FALL
9831,32.39,16,FALL
9832,120.24,46,FALL
9833,25.80,14,FALL
9834,26.23,14,FALL
9835,104.68,39,FALL
9836,21.44,13,FALL
9837,83.31,32,FALL
9838,30.45,16,FALL
9839,15.45,10,FALL
9840,44.99,19,FALL
9841,13.84,10,FALL
9842,19.93,12,FALL
9843,8.62,8,FALL
9844,33.78,17,FALL
9845,4.09,7,FALL
9846,0.63,5,FALL
9847,45.61,21,FALL
9848,34.31,16,FALL
9849,13.70,10,FALL
9850,30.14,16,FALL
9851,31.77,16,FALL
9852,5.97,7,FALL
9853,42.40,18,FALL
9854,-0.62,5,FALL
9855,43.85,19,FALL
9856,1.75,6,FALL
9857,-1.15,5,FALL
9858,30.39,16,FALL
9859,21.52,13,FALL
9860,3.51,6,FALL
9861,25.86,15,FALL
9862,-1.40,5,FALL
9863,13.01,9,FALL
9864,33.82,16,FALL
9865,33.80,17,FALL
9866,31.95,16,FALL
9867,7.38,6,FALL
9868,20.74,13,FALL
9869,50.41,22,FALL
9870,19.65,12,FALL
9871,-5.81,3,FALL
9872,27.95,15,FALL
9873,27.40,15,FALL
9874,13.09,9,FALL
9875,-1.01,5,FALL
9876,2.09,6,FALL
9877,15.89,10,FALL
9878,0.34,6,FALL
9879,33.34,16,FALL
9880,33.80,17,FALL
9881,35.62,18,FALL
9882,19.36,11,FALL
9883,1.85,5,FALL
9884,39.97,19,FALL
9885,4.98,8,FALL
9886,28.84,15,FALL
9887,28.68,16,FALL
9888,29.46,15,FALL
9889,16.72,10,FALL
9890,12.24,9,FALL
9891,37.72,18,FALL
9892,27.90,15,FALL
9893,10.21,8,FALL
9894,32.56,16,FALL
9895,106.32,42,FALL
9896,16.69,11,FALL
9897,12.87,10,FALL
9898,28.52,16,FALL
9899,38.37,18,FALL
9900,19.21,11,FALL
9901,126.20,47,FALL
9902,32.54,16,FALL
9903,35.02,17,FALL
9904,26.00,14,FALL
9905,25.68,14,FALL
9906,16.39,12,FALL
9907,31.73,16,FALL
9908,31.29,16,FALL
9909,96.31,38,FALL
9910,35.74,17,FALL
9911,14.06,10,FALL
9912,28.78,15,FALL
9913,-3.52,4,FALL
9914,8.29,8,FALL
9915,-1.48,5,FALL
9916,-2.01,4,FALL
9917,61.46,25,FALL
9918,43.09,20,FALL
9919,20.71,13,FALL
9920,28.20,15,FALL
9921,38.56,18,FALL
9922,26.16,15,FALL
9923,32.65,16,FALL
9924,29.15,15,FALL
9925,7.92,7,FALL
9926,32.92,16,FALL
9927,15.64,10,FALL
9928,14.62,12,FALL
9929,74.91,31,FALL
9930,4.85,7,FALL
9931,16.13,11,FALL
9932,23.86,12,FALL
9933,6.89,8,FALL
9934,40.10,19,FALL
9935,47.76,21,FALL
9936,16.93,11,FALL
9937,2.12,6,FALL
9938,1.55,5,FALL
9939,21.51,13,FALL
9940,57.34,25,FALL
9941,35.95,17,FALL
9942,28.73,15,FALL
9943,-1.22,5,FALL
9944,50.01,21,FALL
9945,32.53,17,FALL
9946,13.91,9,FALL
9947,22.23,13,FALL
9948,-1.59,6,FALL
9949,31.32,16,FALL
9950,26.65,15,FALL
9951,37.21,18,FALL
9952,14.24,11,FALL
9953,27.39,14,FALL
9954,1.38,6,FALL
9955,9.36,9,FALL
9956,44.64,20,FALL
9957,38.54,18,FALL
9958,37.70,18,FALL
9959,32.26,16,FALL
9960,9.45,10,FALL
9961,27.28,14,FALL
9962,49.55,21,FALL
9963,48.94,21,FALL
9964,20.42,13,FALL
9965,-1.31,5,FALL
9966,30.03,15,FALL
9967,43.67,20,FALL
9968,55.37,26,FALL
9969,24.26,14,FALL
9970,38.64,19,FALL
9971,-0.68,5,FALL
9972,56.22,23,FALL
9973,30.98,16,FALL
9974,32.58,16,FALL
9975,45.00,19,FALL
9976,10.28,8,FALL
9977,31.70,15,FALL
9978,24.11,14,FALL
9979,3.48,6,FALL
9980,-3.19,4,FALL
9981,35.76,17,FALL
9982,-0.98,5,FALL
9983,34.74,17,FALL
9984,16.94,11,FALL
9985,30.70,16,FALL
9986,26.95,15,FALL
9987,27.45,13,FALL
9988,28.82,16,FALL
9989,33.21,18,FALL
9990,24.92,13,FALL
9991,30.49,16,FALL
9992,30.01,16,FALL
9993,32.30,16,FALL
9994,30.77,16,FALL
9995,23.96,13,FALL
9996,12.37,9,FALL
9997,28.81,15,FALL
9998,8.18,7,FALL
9999,30.18,16,FALL
10000,17.10,11,FALL
10001,39.68,18,FALL
10002,16.39,11,FALL
10003,34.70,17,FALL
10004,12.19,10,FALL
10005,31.93,16,FALL
10006,31.94,17,FALL
10007,11.53,9,FALL
10008,-0.85,5,FALL
10009,-2.85,4,FALL
10010,9.77,9,FALL
10011,27.79,15,FALL
10012,23.62,13,FALL
10013,21.64,13,FALL
10014,14.06,11,FALL
10015,12.89,10,FALL
10016,17.10,11,FALL
10017,62.15,25,FALL
10018,5.30,7,FALL
10019,36.33,18,FALL
10020,31.07,16,FALL
10021,-0.14,5,FALL
10022,11.19,9,FALL
10023,29.70,15,FALL
10024,3.88,6,FALL
10025,36.45,17,FALL
10026,5.25,8,FALL
10027,32.50,16,FALL
10028,25.47,14,FALL
10029,7.88,7,FALL
10030,29.91,16,FALL
10031,24.68,13,FALL
10032,9.79,8,FALL
10033,18.66,12,FALL
10034,6.15,8,FALL
10035,30.27,16,FALL
10036,48.71,21,FALL
10037,12.77,9,FALL
10038,25.04,14,FALL
10039,41.33,19,FALL
10040,29.28,15,FALL
10041,5.76,7,FALL
10042,20.16,12,FALL
10043,26.54,13,FALL
10044,0.78,5,FALL
10045,14.10,11,FALL
10046,36.59,17,FALL
10047,32.28,17,FALL
10048,2.33,6,FALL
10049,28.05,15,FALL
10050,32.42,16,FALL
10051,33.31,16,FALL
10052,27.83,15,FALL
10053,-2.03,5,FALL
10054,27.86,15,FALL
10055,25.06,13,FALL
10056,50.59,21,FALL
10057,27.02,15,FALL
10058,35.06,16,FALL
10059,31.91,16,FALL
10060,7.78,7,FALL
10061,17.62,12,FALL
10062,-0.50,4,FALL
10063,48.37,22,FALL
10064,24.84,15,FALL
10065,27.87,15,FALL
10066,-1.33,5,FALL
10067,95.72,36,FALL
10068,36.86,17,FALL
10069,18.56,12,FALL
10070,32.63,16,FALL
10071,29.16,14,FALL
10072,0.33,5,FALL
10073,19.90,12,FALL
10074,30.44,16,FALL
10075,21.12,12,FALL
10076,31.81,16,FALL
10077,29.53,15,FALL
10078,16.34,11,FALL
10079,50.62,22,FALL
10080,27.70,14,FALL
10081,31.83,16,FALL
10082,28.74,15,FALL
10083,26.75,14,FALL
10084,14.50,10,FALL
10085,21.34,12,FALL
10086,18.67,12,FALL
10087,17.24,11,FALL
10088,40.10,19,FALL
10089,30.72,16,FALL
10090,7.76,8,FALL
10091,29.41,16,FALL
10092,45.99,19,FALL
10093,23.25,12,FALL
10094,33.00,16,FALL
10095,12.41,10,FALL
10096,28.46,15,FALL
10097,11.86,9,FALL
10098,45.77,21,FALL
10099,25.57,14,FALL
10100,31.91,16,FALL
10101,27.00,17,FALL
10102,8.90,7,FALL
10103,28.42,15,FALL
10104,10.78,9,FALL
10105,11.93,9,FALL
10106,10.62,9,FALL
10107,-3.54,4,FALL
10108,0.18,5,FALL
10109,3.59,5,FALL
10110,14.88,11,FALL
10111,29.94,15,FALL
10112,78.74,31,FALL
10113,9.20,9,FALL
10114,79.71,32,FALL
10115,37.78,18,FALL
10116,16.30,11,FALL
10117,27.48,15,FALL
10118,49.21,21,FALL
10119,-3.03,4,FALL
10120,111.09,44,FALL
10121,29.66,15,FALL
10122,21.40,12,FALL
10123,28.19,15,FALL
10124,32.17,17,FALL
10125,79.32,33,FALL
10126,24.99,15,FALL
10127,30.94,15,FALL
10128,26.55,15,FALL
10129,31.13,16,FALL
10130,38.01,18,FALL
10131,36.51,17,FALL
10132,35.90,17,FALL
10133,-1.28,5,FALL
10134,54.36,23,FALL
10135,5.86,7,FALL
10136,12.89,11,FALL
10137,48.75,23,FALL
10138,29.53,15,FALL
10139,18.98,11,FALL
10140,29.25,15,FALL
10141,79.95,32,FALL
10142,22.27,13,FALL
10143,2.33,6,FALL
10144,-1.07,5,FALL
10145,20.98,14,FALL
10146,43.41,20,FALL
10147,36.78,17,FALL
10148,128.18,49,FALL
10149,31.58,16,FALL
10150,31.32,16,FALL
10151,29.39,16,FALL
10152,-2.16,4,FALL
10153,7.98,8,FALL
10154,29.33,15,FALL
10155,9.92,8,FALL
10156,12.88,9,FALL
10157,29.17,16,FALL
10158,129.56,47,FALL
10159,13.19,9,FALL
10160,32.59,16,FALL
10161,28.91,15,FALL
10162,58.78,24,FALL
10163,29.91,16,FALL
10164,28.70,16,FALL
10165,44.74,22,FALL
10166,92.02,34,FALL
10167,27.86,15,FALL
10168,-0.72,5,FALL
10169,65.86,27,FALL
10170,6.61,8,FALL
10171,37.66,18,FALL
10172,55.65,23,FALL
10173,32.23,16,FALL
10174,-1.31,5,FALL
10175,35.06,17,FALL
10176,29.81,15,FALL
10177,10.04,8,FALL
10178,14.93,11,FALL
10179,25.53,14,FALL
10180,28.52,15,FALL
10181,27.82,16,FALL
10182,-0.77,5,FALL
10183,30.32,15,FALL
10184,42.77,20,FALL
10185,41.11,19,FALL
10186,-1.28,5,FALL
10187,35.05,17,FALL
10188,25.12,15,FALL
10189,10.88,9,FALL
10190,26.74,14,FALL
10191,36.19,17,FALL
10192,22.96,13,FALL
10193,-1.25,5,FALL
10194,-1.20,5,FALL
10195,33.18,17,FALL
10196,45.79,20,FALL
10197,32.42,16,FALL
10198,0.18,6,FALL
10199,28.45,15,FALL
10200,142.90,52,FALL
10201,35.29,18,FALL
10202,30.35,16,FALL
10203,23.58,15,FALL
10204,13.69,10,FALL
10205,28.03,15,FALL
10206,132.71,50,FALL
10207,34.36,17,FALL
10208,26.77,15,FALL
10209,24.21,14,FALL
10210,19.35,12,FALL
10211,8.13,8,FALL
10212,-1.67,5,FALL
10213,29.15,15,FALL
10214,35.57,17,FALL
10215,44.15,19,FALL
10216,62.88,29,FALL
10217,61.36,26,FALL
10218,31.29,16,FALL
10219,25.25,14,FALL
10220,35.03,17,FALL
10221,33.40,16,FALL
10222,1.02,6,FALL
10223,13.36,10,FALL
10224,69.97,28,FALL
10225,9.95,9,FALL
10226,1.44,6,FALL
10227,63.36,26,FALL
10228,23.30,14,FALL
10229,22.67,13,FALL
10230,15.46,11,FALL
10231,60.03,25,FALL
10232,50.87,21,FALL
10233,49.93,21,FALL
10234,36.41,17,FALL
10235,30.49,15,FALL
10236,40.42,18,FALL
10237,-3.27,4,FALL
10238,1.17,5,FALL
10239,10.74,8,FALL
10240,13.06,10,FALL
10241,23.30,13,FALL
10242,14.16,10,FALL
10243,0.49,5,FALL
10244,-3.62,4,FALL
10245,61.15,25,FALL
10246,22.43,14,FALL
10247,12.75,10,FALL
10248,26.02,14,FALL
10249,12.96,9,FALL
10250,30.34,15,FALL
10251,41.73,20,FALL
10252,27.79,14,FALL
10253,134.40,50,FALL
10254,33.07,17,FALL
10255,5.63,7,FALL
10256,12.21,10,FALL
10257,-1.20,5,FALL
10258,131.46,49,FALL
10259,22.14,12,FALL
10260,24.74,13,FALL
10261,33.55,16,FALL
10262,-6.18,3,FALL
10263,44.62,20,FALL
10264,27.73,15,FALL
10265,20.64,12,FALL
10266,0.16,5,FALL
10267,6.77,7,FALL
10268,101.20,43,FALL
10269,26.35,14,FALL
10270,-1.03,5,FALL
10271,29.79,15,FALL
10272,29.96,16,FALL
10273,5.92,6,FALL
10274,38.21,18,FALL
10275,32.33,16,FALL
10276,45.07,20,FALL
10277,22.36,11,FALL
10278,35.23,17,FALL
10279,-5.45,3,FALL
10280,46.58,20,FALL
10281,58.67,24,FALL
10282,28.20,15,FALL
10283,12.21,9,FALL
10284,-0.51,5,FALL
10285,82.27,33,FALL
10286,31.80,16,FALL
10287,35.46,18,FALL
10288,34.63,17,FALL
10289,32.47,16,FALL
10290,12.71,10,FALL
10291,18.74,11,FALL
10292,2.34,5,FALL
10293,30.81,16,FALL
10294,31.17,17,FALL
10295,32.76,16,FALL
10296,26.58,15,FALL
10297,2.36,6,FALL
10298,27.28,14,FALL
10299,-1.38,4,FALL
10300,60.03,26,FALL
10301,48.52,20,FALL
10302,-3.47,4,FALL
10303,35.00,18,FALL
10304,22.06,13,FALL
10305,30.25,15,FALL
10306,76.08,30,FALL
10307,26.19,14,FALL
10308,23.96,14,FALL
10309,9.47,8,FALL
10310,32.64,16,FALL
10311,21.51,13,FALL
10312,39.43,18,FALL
10313,-6.08,3,FALL
10314,28.18,15,FALL
10315,2.45,6,FALL
10316,37.18,18,FALL
10317,24.54,14,FALL
10318,32.78,16,FALL
10319,27.70,15,FALL
10320,17.03,11,FALL
10321,34.00,17,FALL
10322,27.57,15,FALL
10323,37.87,18,FALL
10324,54.07,22,FALL
10325,26.66,14,FALL
10326,111.68,45,FALL
10327,80.50,32,FALL
10328,30.11,16,FALL
10329,32.37,17,FALL
10330,35.71,17,FALL
10331,-0.74,5,FALL
10332,27.83,15,FALL
10333,10.18,9,FALL
10334,36.83,16,FALL
10335,35.40,17,FALL
10336,25.10,15,FALL
10337,30.91,16,FALL
10338,28.22,15,FALL
10339,20.32,13,FALL
10340,29.41,15,FALL
10341,28.16,15,FALL
10342,36.04,17,FALL
10343,-1.34,5,FALL
10344,9.76,9,FALL
10345,19.09,11,FALL
10346,19.93,12,FALL
10347,27.89,14,FALL
10348,85.83,32,FALL
10349,88.18,34,FALL
10350,24.06,14,FALL
10351,38.99,17,FALL
10352,33.35,16,FALL
10353,10.29,9,FALL
10354,-1.63,5,FALL
10355,40.70,18,FALL
10356,6.52,7,FALL
10357,17.44,12,FALL
10358,16.74,11,FALL
10359,123.50,46,FALL
10360,39.32,18,FALL
10361,37.80,18,FALL
10362,36.17,17,FALL
10363,34.23,17,FALL
10364,28.85,15,FALL
10365,90.79,34,FALL
10366,8.42,7,FALL
10367,17.37,11,FALL
10368,9.18,7,FALL
10369,5.55,7,FALL
10370,19.65,12,FALL
10371,20.00,12,FALL
10372,34.59,16,FALL
10373,13.74,9,FALL
10374,14.28,10,FALL
10375,-0.10,4,FALL
10376,27.79,15,FALL
10377,1.19,6,FALL
10378,17.21,11,FALL
10379,94.05,36,FALL
10380,-0.95,5,FALL
10381,8.10,7,FALL
10382,28.94,15,FALL
10383,28.60,15,FALL
10384,34.36,17,FALL
10385,27.33,15,FALL
10386,-3.90,4,FALL
10387,29.85,15,FALL
10388,5.31,7,FALL
10389,40.92,18,FALL
10390,52.98,23,FALL
10391,23.14,14,FALL
10392,-0.65,5,FALL
10393,7.49,8,FALL
10394,32.63,16,FALL
10395,32.80,17,FALL
10396,12.38,10,FALL
10397,27.40,15,FALL
10398,10.88,9,FALL
10399,21.52,12,FALL
10400,13.63,10,FALL
10401,38.60,18,FALL
10402,21.40,11,FALL
10403,30.03,16,FALL
10404,54.46,22,FALL
10405,16.92,11,FALL
10406,-2.96,4,FALL
10407,6.20,7,FALL
10408,16.92,11,FALL
10409,20.23,12,FALL
10410,8.06,7,FALL
10411,35.26,16,FALL
10412,29.92,16,FALL
10413,29.33,15,FALL
10414,15.31,11,FALL
10415,54.31,24,FALL
10416,26.54,14,FALL
10417,22.08,13,FALL
10418,26.70,15,FALL
10419,37.03,18,FALL
10420,0.55,6,FALL
10421,11.20,8,FALL
10422,26.96,15,FALL
10423,20.52,12,FALL
10424,27.03,14,FALL
10425,59.86,26,FALL
10426,7.49,7,FALL
10427,-0.15,5,FALL
10428,29.50,16,FALL
10429,6.51,7,FALL
10430,5.71,6,FALL
10431,83.22,32,FALL
10432,30.56,15,FALL
10433,30.45,16,FALL
10434,17.25,11,FALL
10435,46.65,19,FALL
10436,31.44,16,FALL
10437,15.44,10,FALL
10438,43.33,19,FALL
10439,-0.94,5,FALL
10440,13.94,10,FALL
10441,31.17,16,FALL
10442,39.27,18,FALL
10443,46.06,20,FALL
10444,-4.29,4,FALL
10445,45.14,20,FALL
10446,5.15,7,FALL
10447,24.68,13,FALL
10448,15.08,10,FALL
10449,28.13,15,FALL
10450,26.25,15,FALL
10451,-0.57,4,FALL
10452,35.71,17,FALL
10453,39.46,18,FALL
10454,31.09,16,FALL
10455,29.16,15,FALL
10456,37.90,17,FALL
10457,22.93,14,FALL
10458,29.81,16,FALL
10459,54.76,22,FALL
10460,19.32,12,FALL
10461,-2.16,4,FALL
10462,32.13,16,FALL
10463,29.95,16,FALL
10464,52.76,22,FALL
10465,-0.98,5,FALL
10466,30.32,16,FALL
10467,90.38,35,FALL
10468,9.35,9,FALL
10469,17.95,11,FALL
10470,31.03,16,FALL
10471,1.79,5,FALL
10472,35.58,17,FALL
10473,43.87,20,FALL
10474,44.60,19,FALL
10475,24.03,15,FALL
10476,35.21,17,FALL
10477,-1.35,5,FALL
10478,30.54,16,FALL
10479,75.87,29,FALL
10480,81.13,33,FALL
10481,30.65,16,FALL
10482,32.91,16,FALL
10483,27.06,14,FALL
10484,29.21,15,FALL
10485,13.56,10,FALL
10486,-6.22,3,FALL
10487,24.49,14,FALL
10488,14.92,10,FALL
10489,30.14,15,FALL
10490,19.74,13,FALL
10491,46.99,20,FALL
10492,32.75,16,FALL
10493,26.15,15,FALL
10494,41.00,19,FALL
10495,23.94,13,FALL
10496,17.46,11,FALL
10497,29.51,15,FALL
10498,28.04,16,FALL
10499,33.92,16,FALL
10500,44.71,20,FALL
10501,22.75,14,FALL
10502,-0.17,5,FALL
10503,30.93,16,FALL
10504,21.79,12,FALL
10505,49.51,21,FALL
10506,7.15,7,FALL
10507,25.01,15,FALL
10508,33.07,16,FALL
10509,49.85,21,FALL
10510,26.96,15,FALL
10511,48.03,20,FALL
10512,33.14,16,FALL
10513,-1.45,5,FALL
10514,42.96,20,FALL
10515,69.50,27,FALL
10516,91.23,35,FALL
10517,36.31,17,FALL
10518,9.78,10,FALL
10519,16.64,11,FALL
10520,30.69,15,FALL
10521,-1.09,5,FALL
10522,8.49,8,FALL
10523,26.21,14,FALL
10524,22.79,13,FALL
10525,26.96,14,FALL
10526,34.86,17,FALL
10527,41.70,18,FALL
10528,24.81,14,FALL
10529,26.84,14,FALL
10530,-1.10,5,FALL
10531,16.23,11,FALL
10532,8.81,8,FALL
10533,5.50,8,FALL
10534,43.90,20,FALL
10535,18.25,12,FALL
10536,73.26,30,FALL
10537,31.75,17,FALL
10538,17.96,11,FALL
10539,22.20,12,FALL
10540,27.67,15,FALL
10541,34.30,17,FALL
10542,7.47,7,FALL
10543,23.78,14,FALL
10544,26.66,14,FALL
10545,23.76,14,FALL
10546,-2.86,4,FALL
10547,58.29,26,FALL
10548,8.52,7,FALL
10549,0.19,5,FALL
10550,44.86,19,FALL
10551,28.00,15,FALL
10552,-1.21,5,FALL
10553,-4.09,4,FALL
10554,36.86,17,FALL
10555,24.57,14,FALL
10556,30.59,17,FALL
10557,70.48,26,FALL
10558,-3.50,4,FALL
10559,107.21,40,FALL
10560,0.88,6,FALL
10561,7.58,8,FALL
10562,35.85,17,FALL
10563,5.43,7,FALL
10564,12.32,10,FALL
10565,29.56,16,FALL
10566,-3.92,4,FALL
10567,33.81,16,FALL
10568,46.56,20,FALL
10569,39.02,18,FALL
10570,-0.79,5,FALL
10571,6.66,7,FALL
10572,16.76,12,FALL
10573,122.58,45,FALL
10574,31.69,16,FALL
10575,-3.10,4,FALL
10576,34.84,16,FALL
10577,43.86,20,FALL
10578,5.05,7,FALL
10579,28.05,15,FALL
10580,0.64,6,FALL
10581,27.33,15,FALL
10582,-2.66,4,FALL
10583,31.85,16,FALL
10584,17.35,11,FALL
10585,-5.98,3,FALL
10586,32.27,16,FALL
10587,-3.10,4,FALL
10588,29.92,15,FALL
10589,24.08,13,FALL
10590,32.44,16,FALL
10591,27.59,15,FALL
10592,40.21,19,FALL
10593,25.36,14,FALL
10594,17.49,11,FALL
10595,13.52,9,FALL
10596,17.59,11,FALL
10597,31.73,16,FALL
10598,8.13,7,FALL
10599,37.86,18,FALL
10600,-2.57,4,FALL
10601,26.99,15,FALL
10602,20.53,11,FALL
10603,28.22,15,FALL
10604,28.95,15,FALL
10605,39.63,18,FALL
10606,-5.99,3,FALL
10607,35.14,17,FALL
10608,0.92,5,FALL
10609,5.71,7,FALL
10610,24.56,14,FALL
10611,26.48,14,FALL
10612,26.13,14,FALL
10613,12.75,9,FALL
10614,45.36,20,FALL
10615,34.28,17,FALL
10616,50.15,22,FALL
10617,0.16,5,FALL
10618,40.93,19,FALL
10619,31.78,16,FALL
10620,12.61,9,FALL
10621,16.43,10,FALL
10622,14.60,11,FALL
10623,31.72,16,FALL
10624,26.85,15,FALL
10625,32.78,16,FALL
10626,-4.97,3,FALL
10627,20.11,13,FALL
10628,26.77,14,FALL
10629,18.45,12,FALL
10630,6.52,7,FALL
10631,58.36,24,FALL
10632,32.46,16,FALL
10633,218.73,76,FALL
10634,29.94,16,FALL
10635,-1.09,5,FALL
10636,97.12,38,FALL
10637,33.79,16,FALL
10638,-2.40,4,FALL
10639,-0.69,5,FALL
10640,44.57,19,FALL
10641,-1.22,5,FALL
10642,16.32,12,FALL
10643,32.47,16,FALL
10644,31.24,16,FALL
10645,34.94,17,FALL
10646,10.58,9,FALL
10647,39.67,18,FALL
10648,-1.71,5,FALL
10649,1.03,6,FALL
10650,42.27,19,FALL
10651,27.87,15,FALL
10652,32.37,17,FALL
10653,13.90,10,FALL
10654,44.19,20,FALL
10655,36.02,18,FALL
10656,-0.90,5,FALL
10657,-3.54,4,FALL
10658,45.68,20,FALL
10659,32.57,16,FALL
10660,35.79,16,FALL
10661,31.59,16,FALL
10662,30.33,16,FALL
10663,-1.05,5,FALL
10664,33.38,16,FALL
10665,32.62,16,FALL
10666,0.88,6,FALL
10667,17.72,12,FALL
10668,30.83,16,FALL
10669,51.62,22,FALL
10670,30.98,16,FALL
10671,1.18,5,FALL
10672,28.83,15,FALL
10673,17.39,11,FALL
10674,7.21,7,FALL
10675,26.05,15,FALL
10676,0.12,5,FALL
10677,34.82,17,FALL
10678,-3.87,4,FALL
10679,32.68,17,FALL
10680,29.84,16,FALL
10681,3.25,7,FALL
10682,39.31,17,FALL
10683,11.16,9,FALL
10684,-3.26,4,FALL
10685,32.48,17,FALL
10686,16.78,10,FALL
10687,11.18,9,FALL
10688,36.38,17,FALL
10689,32.77,16,FALL
10690,26.90,14,FALL
10691,14.83,11,FALL
10692,14.79,11,FALL
10693,21.98,12,FALL
10694,29.88,15,FALL
10695,-1.05,5,FALL
10696,48.69,21,FALL
10697,5.14,7,FALL
10698,-1.63,4,FALL
10699,30.75,16,FALL
10700,5.26,7,FALL
10701,12.09,10,FALL
10702,26.93,14,FALL
10703,2.87,6,FALL
10704,28.03,15,FALL
10705,35.30,17,FALL
10706,2.02,6,FALL
10707,28.26,15,FALL
10708,43.42,20,FALL
10709,26.04,15,FALL
10710,18.80,12,FALL
10711,9.32,8,FALL
10712,18.26,12,FALL
10713,31.93,16,FALL
10714,30.44,16,FALL
10715,18.14,12,FALL
10716,17.12,11,FALL
10717,28.05,16,FALL
10718,43.28,19,FALL
10719,37.74,17,FALL
10720,-1.12,5,FALL
10721,5.98,7,FALL
10722,5.22,8,FALL
10723,31.44,15,FALL
10724,36.95,19,FALL
10725,31.41,16,FALL
10726,32.10,16,FALL
10727,43.51,20,FALL
10728,33.19,16,FALL
10729,46.40,20,FALL
10730,37.00,18,FALL
10731,5.26,6,FALL
10732,53.22,23,FALL
10733,53.87,22,FALL
10734,41.64,18,FALL
10735,38.30,18,FALL
10736,26.30,16,FALL
10737,82.57,32,FALL
10738,75.23,30,FALL
10739,10.13,9,FALL
10740,8.12,8,FALL
10741,30.28,16,FALL
10742,30.68,15,FALL
10743,1.06,6,FALL
10744,38.53,18,FALL
10745,27.48,15,FALL
10746,38.02,18,FALL
10747,16.99,10,FALL
10748,2.49,6,FALL
10749,44.95,20,FALL
10750,-1.26,5,FALL
10751,13.92,10,FALL
10752,75.04,30,FALL
10753,20.70,11,FALL
10754,48.75,21,FALL
10755,31.47,16,FALL
10756,-0.86,5,FALL
10757,25.40,13,FALL
10758,1.55,6,FALL
10759,40.41,18,FALL
10760,16.46,10,FALL
10761,-0.57,5,FALL
10762,31.48,16,FALL
10763,32.71,16,FALL
10764,-1.49,5,FALL
10765,28.05,14,FALL
10766,13.21,10,FALL
10767,77.13,32,FALL
10768,3.52,6,FALL
10769,26.14,15,FALL
10770,40.01,19,FALL
10771,41.14,18,FALL
10772,127.54,47,FALL
10773,31.47,16,FALL
10774,40.67,20,FALL
10775,14.68,11,FALL
10776,0.34,5,FALL
10777,19.07,12,FALL
10778,-1.09,5,FALL
10779,29.44,16,FALL
10780,48.47,21,FALL
10781,31.42,16,FALL
10782,28.04,15,FALL
10783,9.06,9,FALL
10784,30.55,16,FALL
10785,23.66,14,FALL
10786,10.72,10,FALL
10787,122.02,46,FALL
10788,-3.72,4,FALL
10789,-3.04,4,FALL
10790,8.45,8,FALL
10791,29.50,15,FALL
10792,50.89,21,FALL
10793,12.29,11,FALL
10794,16.40,10,FALL
10795,33.16,16,FALL
10796,22.27,12,FALL
10797,33.16,16,FALL
10798,17.58,11,FALL
10799,29.57,16,FALL
10800,6.73,8,FALL
10801,28.49,15,FALL
10802,39.05,18,FALL
10803,26.34,15,FALL
10804,22.15,13,FALL
10805,27.79,15,FALL
10806,-1.40,5,FALL
10807,43.08,20,FALL
10808,33.86,16,FALL
10809,19.35,12,FALL
10810,79.64,31,FALL
10811,15.64,9,FALL
10812,16.99,12,FALL
10813,-5.97,3,FALL
10814,34.03,17,FALL
10815,28.76,15,FALL
10816,17.70,12,FALL
10817,32.96,16,FALL
10818,12.95,9,FALL
10819,24.97,15,FALL
10820,54.29,23,FALL
10821,32.54,16,FALL
10822,25.89,14,FALL
10823,28.34,16,FALL
10824,25.34,14,FALL
10825,24.32,14,FALL
10826,32.47,17,FALL
10827,27.76,15,FALL
10828,33.40,17,FALL
10829,31.23,17,FALL
10830,32.09,16,FALL
10831,8.30,8,FALL
10832,23.35,13,FALL
10833,44.38,20,FALL
10834,16.49,11,FALL
10835,0.86,6,FALL
10836,36.73,18,FALL
10837,21.35,12,FALL
10838,8.91,9,FALL
10839,32.50,16,FALL
10840,-1.06,5,FALL
10841,0.37,5,FALL
10842,10.07,9,FALL
10843,18.88,11,FALL
10844,27.25,15,FALL
10845,58.55,24,FALL
10846,56.60,24,FALL
10847,88.43,36,FALL
10848,31.07,16,FALL
10849,23.94,13,FALL
10850,42.44,20,FALL
10851,82.44,32,FALL
10852,33.59,16,FALL
10853,-0.70,5,FALL
10854,30.37,15,FALL
10855,36.21,17,FALL
10856,33.89,17,FALL
10857,45.47,20,FALL
10858,15.36,11,FALL
10859,35.95,17,FALL
10860,2.02,6,FALL
10861,22.03,13,FALL
10862,31.89,16,FALL
10863,0.81,6,FALL
10864,21.30,13,FALL
10865,8.10,7,FALL
10866,24.73,14,FALL
10867,21.54,11,FALL
10868,33.61,17,FALL
10869,123.92,46,FALL
10870,25.85,14,FALL
10871,119.64,46,FALL
10872,30.26,16,FALL
10873,11.24,9,FALL
10874,10.51,9,FALL
10875,33.26,16,FALL
10876,13.84,9,FALL
10877,29.67,15,FALL
10878,36.23,17,FALL
10879,31.75,15,FALL
10880,-0.30,5,FALL
10881,38.59,18,FALL
10882,5.57,7,FALL
10883,22.66,13,FALL
10884,34.98,17,FALL
10885,1.73,6,FALL
10886,80.52,31,FALL
10887,35.10,18,FALL
10888,33.05,16,FALL
10889,58.25,24,FALL
10890,35.41,16,FALL
10891,30.72,16,FALL
10892,32.12,16,FALL
10893,8.17,8,FALL
10894,34.49,17,FALL
10895,126.77,47,FALL
10896,32.89,17,FALL
10897,31.03,15,FALL
10898,7.64,7,FALL
10899,28.21,14,FALL
10900,10.10,8,FALL
10901,28.17,16,FALL
10902,46.52,20,FALL
10903,59.86,25,FALL
10904,11.99,9,FALL
10905,29.98,16,FALL
10906,23.53,15,FALL
10907,6.69,7,FALL
10908,29.41,15,FALL
10909,33.52,16,FALL
10910,27.81,15,FALL
10911,32.09,16,FALL
10912,17.88,11,FALL
10913,-2.24,4,FALL
10914,1.58,6,FALL
10915,9.60,9,FALL
10916,15.11,11,FALL
10917,25.58,15,FALL
10918,29.06,15,FALL
10919,41.67,18,FALL
10920,21.92,14,FALL
10921,-0.19,5,FALL
10922,34.83,16,FALL
10923,25.60,14,FALL
10924,38.26,18,FALL
10925,2.78,5,FALL
10926,32.05,16,FALL
10927,29.80,16,FALL
10928,22.97,14,FALL
10929,22.44,13,FALL
10930,34.05,16,FALL
10931,29.97,16,FALL
10932,15.85,10,FALL
10933,-1.05,5,FALL
10934,-2.50,4,FALL
10935,22.06,14,FALL
10936,10.11,9,FALL
10937,27.84,15,FALL
10938,32.02,16,FALL
10939,32.45,16,FALL
10940,19.10,12,FALL
10941,22.49,13,FALL
10942,37.03,18,FALL
10943,32.28,16,FALL
10944,31.74,16,FALL
10945,16.45,10,FALL
10946,20.37,13,FALL
10947,12.42,10,FALL
10948,22.33,13,FALL
10949,26.11,14,FALL
10950,3.29,7,FALL
10951,5.74,7,FALL
10952,34.57,16,FALL
10953,39.77,18,FALL
10954,22.79,13,FALL
10955,47.81,21,FALL
10956,29.97,15,FALL
10957,72.47,29,FALL
10958,34.18,16,FALL
10959,31.47,16,FALL
10960,28.74,15,FALL
10961,33.37,16,FALL
10962,29.30,15,FALL
10963,33.56,16,FALL
10964,-0.33,5,FALL
10965,8.21,8,FALL
10966,48.54,20,FALL
10967,33.18,16,FALL
10968,8.47,8,FALL
10969,35.30,17,FALL
10970,27.06,16,FALL
10971,27.12,15,FALL
10972,15.71,10,FALL
10973,32.35,16,FALL
10974,15.55,11,FALL
10975,89.51,34,FALL
10976,34.90,16,FALL
10977,31.55,16,FALL
10978,-3.73,4,FALL
10979,10.89,9,FALL
10980,9.28,10,FALL
10981,33.14,16,FALL
10982,31.58,16,FALL
10983,26.11,15,FALL
10984,28.18,15,FALL
10985,5.98,8,FALL
10986,44.76,20,FALL
10987,21.79,13,FALL
10988,38.41,18,FALL
10989,10.16,9,FALL
10990,19.35,12,FALL
10991,12.10,9,FALL
10992,30.74,16,FALL
10993,5.59,7,FALL
10994,36.14,16,FALL
10995,4.82,7,FALL
10996,25.66,14,FALL
10997,35.88,17,FALL
10998,-0.64,5,FALL
10999,31.96,16,FALL
11000,26.51,14,FALL
11001,10.95,8,FALL
11002,32.39,16,FALL
11003,33.18,16,FALL
11004,-1.34,5,FALL
11005,31.25,16,FALL
11006,13.17,9,FALL
11007,35.72,17,FALL
11008,121.23,46,FALL
11009,33.96,17,FALL
11010,36.48,17,FALL
11011,86.97,34,FALL
11012,35.11,16,FALL
11013,32.77,16,FALL
11014,1.34,6,FALL
11015,4.20,6,FALL
11016,30.58,16,FALL
11017,-3.98,4,FALL
11018,25.71,15,FALL
11019,1.62,7,FALL
11020,24.04,14,FALL
11021,33.58,16,FALL
11022,18.63,12,FALL
11023,30.48,16,FALL
11024,35.40,17,FALL
11025,1.22,6,FALL
11026,-1.98,5,FALL
11027,30.86,16,FALL
11028,21.56,13,FALL
11029,29.97,16,FALL
11030,27.55,15,FALL
11031,126.01,49,FALL
11032,32.96,16,FALL
11033,16.42,11,FALL
11034,-2.41,4,FALL
11035,23.41,13,FALL
11036,5.75,7,FALL
11037,29.56,15,FALL
11038,25.35,14,FALL
11039,35.46,17,FALL
11040,28.67,15,FALL
11041,1.83,6,FALL
11042,26.96,14,FALL
11043,31.82,17,FALL
11044,31.91,17,FALL
11045,3.13,6,FALL
11046,1.72,7,FALL
11047,32.12,16,FALL
11048,10.11,8,FALL
11049,30.54,16,FALL
11050,48.63,22,FALL
11051,47.61,22,FALL
11052,23.19,12,FALL
11053,55.77,23,FALL
11054,13.42,10,FALL
11055,1.38,6,FALL
11056,32.62,16,FALL
11057,26.69,15,FALL
11058,8.12,8,FALL
11059,43.35,20,FALL
11060,24.26,14,FALL
11061,10.68,9,FALL
11062,22.02,12,FALL
11063,32.03,16,FALL
11064,24.00,13,FALL
11065,4.53,6,FALL
11066,32.68,17,FALL
11067,0.62,5,FALL
11068,39.27,18,FALL
11069,78.45,31,FALL
11070,31.94,16,FALL
11071,46.41,19,FALL
11072,19.93,12,FALL
11073,24.41,13,FALL
11074,-3.44,4,FALL
11075,20.36,12,FALL
11076,-0.67,5,FALL
11077,2.76,6,FALL
11078,97.99,37,FALL
11079,18.85,11,FALL
11080,32.12,16,FALL
11081,28.02,15,FALL
11082,36.86,18,FALL
11083,29.13,15,FALL
11084,27.43,14,FALL
11085,33.19,16,FALL
11086,15.98,10,FALL
11087,27.64,15,FALL
11088,30.92,16,FALL
11089,35.08,16,FALL
11090,5.40,7,FALL
11091,13.30,9,FALL
11092,6.81,7,FALL
11093,64.84,26,FALL
11094,2.93,6,FALL
11095,19.87,12,FALL
11096,30.29,15,FALL
11097,31.34,16,FALL
11098,118.95,44,FALL
11099,46.91,20,FALL
11100,18.81,12,FALL
11101,7.99,8,FALL
11102,108.58,40,FALL
11103,27.20,15,FALL
11104,29.61,15,FALL
11105,26.49,14,FALL
11106,51.38,21,FALL
11107,31.61,16,FALL
11108,9.44,7,FALL
11109,3.66,7,FALL
11110,36.76,18,FALL
11111,27.47,15,FALL
11112,73.46,30,FALL
11113,7.30,8,FALL
11114,95.50,38,FALL
11115,26.97,14,FALL
11116,21.96,13,FALL
11117,32.51,16,FALL
11118,39.08,18,FALL
11119,32.58,16,FALL
11120,46.17,21,FALL
11121,31.67,16,FALL
11122,26.27,14,FALL
11123,-3.08,4,FALL
11124,5.12,7,FALL
11125,31.93,16,FALL
11126,33.13,16,FALL
11127,-0.88,5,FALL
11128,3.06,6,FALL
11129,27.91,15,FALL
11130,28.02,15,FALL
11131,4.85,7,FALL
11132,5.59,7,FALL
11133,24.49,13,FALL
11134,34.41,17,FALL
11135,13.29,9,FALL
11136,31.11,16,FALL
11137,7.87,8,FALL
11138,33.54,17,FALL
11139,21.32,13,FALL
11140,32.93,18,FALL
11141,16.50,11,FALL
11142,-1.94,4,FALL
11143,24.08,14,FALL
11144,8.21,8,FALL
11145,31.34,16,FALL
11146,32.11,17,FALL
11147,32.95,17,FALL
11148,40.84,18,FALL
11149,29.01,15,FALL
11150,-1.36,5,FALL
11151,30.09,15,FALL
11152,37.62,18,FALL
11153,23.53,14,FALL
11154,47.89,21,FALL
11155,27.64,14,FALL
11156,33.70,16,FALL
11157,25.13,13,FALL
11158,13.67,10,FALL
11159,32.41,16,FALL
11160,17.94,10,FALL
11161,25.46,14,FALL
11162,54.13,22,FALL
11163,31.53,15,FALL
11164,21.31,12,FALL
11165,1.57,6,FALL
11166,50.95,21,FALL
11167,29.32,15,FALL
11168,13.39,9,FALL
11169,34.38,17,FALL
11170,41.90,20,FALL
11171,77.15,30,FALL
11172,46.49,21,FALL
11173,35.85,17,FALL
11174,10.97,9,FALL
11175,128.35,48,FALL
11176,76.91,31,FALL
11177,21.18,12,FALL
11178,35.33,17,FALL
11179,34.69,17,FALL
11180,7.92,8,FALL
11181,-1.21,4,FALL
11182,50.79,22,FALL
11183,25.44,14,FALL
11184,32.68,18,FALL
11185,18.32,12,FALL
11186,34.08,17,FALL
11187,39.82,19,FALL
11188,5.29,6,FALL
11189,1.94,6,FALL
11190,52.40,23,FALL
11191,22.73,13,FALL
11192,8.99,8,FALL
11193,71.60,29,FALL
11194,15.34,10,FALL
11195,20.48,12,FALL
11196,11.38,9,FALL
11197,3.82,8,FALL
11198,30.10,15,FALL
11199,-1.58,4,FALL
11200,49.48,21,FALL
11201,32.38,15,FALL
11202,31.40,16,FALL
11203,24.04,14,FALL
11204,27.99,15,FALL
11205,31.22,16,FALL
11206,15.33,9,FALL
11207,39.92,19,FALL
11208,34.78,16,FALL
11209,28.18,15,FALL
11210,38.05,18,FALL
11211,27.73,15,FALL
11212,31.80,16,FALL
11213,28.48,15,FALL
11214,35.82,17,FALL
11215,36.19,18,FALL
11216,24.60,14,FALL
11217,-3.27,4,FALL
11218,31.31,16,FALL
11219,27.42,15,FALL
11220,28.03,14,FALL
11221,32.32,17,FALL
11222,-1.81,4,FALL
11223,43.17,19,FALL
11224,17.93,12,FALL
11225,-0.88,5,FALL
11226,30.70,16,FALL
11227,64.61,28,FALL
11228,6.05,8,FALL
11229,28.21,16,FALL
11230,18.25,12,FALL
11231,27.99,15,FALL
11232,27.87,15,FALL
11233,23.79,15,FALL
11234,-2.67,4,FALL
11235,19.01,12,FALL
11236,18.81,11,FALL
11237,35.86,17,FALL
11238,28.93,15,FALL
11239,28.90,16,FALL
11240,30.80,16,FALL
11241,32.74,17,FALL
11242,31.26,17,FALL
11243,44.81,20,FALL
11244,18.98,12,FALL
11245,11.90,9,FALL
11246,12.36,10,FALL
11247,34.02,17,FALL
11248,71.53,29,FALL
11249,26.12,15,FALL
11250,29.12,16,FALL
11251,23.90,15,FALL
11252,29.56,15,FALL
11253,22.22,12,FALL
11254,25.56,14,FALL
11255,31.45,16,FALL
11256,26.61,16,FALL
11257,27.79,16,FALL
11258,25.58,14,FALL
11259,166.04,60,FALL
11260,33.46,16,FALL
11261,28.68,15,FALL
11262,20.30,12,FALL
11263,7.77,8,FALL
11264,4.23,7,FALL
11265,8.70,8,FALL
11266,29.61,16,FALL
11267,19.48,12,FALL
11268,-1.21,5,FALL
11269,-1.85,5,FALL
11270,-0.62,5,FALL
11271,31.87,16,FALL
11272,1.65,6,FALL
11273,44.34,21,FALL
11274,31.53,15,FALL
11275,27.70,15,FALL
11276,9.54,8,FALL
11277,31.32,15,FALL
11278,32.28,16,FALL
11279,36.84,17,FALL
11280,15.58,10,FALL
11281,34.17,17,FALL
11282,43.98,19,FALL
11283,51.37,22,FALL
11284,-2.71,4,FALL
11285,33.31,17,FALL
11286,27.06,16,FALL
11287,5.11,7,FALL
11288,46.81,21,FALL
11289,32.85,16,FALL
11290,22.93,14,FALL
11291,25.67,14,FALL
11292,26.34,15,FALL
11293,34.79,17,FALL
11294,26.99,15,FALL
11295,-0.71,5,FALL
11296,10.02,9,FALL
11297,31.16,16,FALL
11298,7.75,8,FALL
11299,14.17,10,FALL
11300,19.60,12,FALL
11301,18.82,12,FALL
11302,125.01,46,FALL
11303,39.38,18,FALL
11304,53.54,22,FALL
11305,59.56,26,FALL
11306,71.14,28,FALL
11307,3.26,6,FALL
11308,31.43,15,FALL
11309,-0.63,5,FALL
11310,19.62,12,FALL
11311,73.09,28,FALL
11312,31.26,16,FALL
11313,43.17,19,FALL
11314,17.77,11,FALL
11315,30.92,15,FALL
11316,25.91,14,FALL
11317,16.10,11,FALL
11318,11.36,9,FALL
11319,1.64,6,FALL
11320,32.21,16,FALL
11321,37.34,17,FALL
11322,35.32,17,FALL
11323,50.76,21,FALL
11324,20.06,11,FALL
11325,33.56,18,FALL
11326,35.04,17,FALL
11327,-4.52,4,FALL
11328,3.80,6,FALL
11329,34.18,16,FALL
11330,30.04,15,FALL
11331,26.30,14,FALL
11332,31.62,16,FALL
11333,25.82,14,FALL
11334,18.35,12,FALL
11335,8.51,8,FALL
11336,13.60,10,FALL
11337,30.80,16,FALL
11338,0.70,6,FALL
11339,27.29,16,FALL
11340,45.50,20,FALL
11341,4.85,8,FALL
11342,37.22,17,FALL
11343,1.28,6,FALL
11344,25.17,14,FALL
11345,32.60,17,FALL
11346,-3.55,4,FALL
11347,58.17,25,FALL
11348,15.39,11,FALL
11349,15.12,11,FALL
11350,5.40,8,FALL
11351,28.12,15,FALL
11352,2.91,6,FALL
11353,11.73,9,FALL
11354,38.07,18,FALL
11355,29.77,16,FALL
11356,35.25,17,FALL
11357,34.31,16,FALL
11358,31.96,16,FALL
11359,32.79,16,FALL
11360,29.76,15,FALL
11361,6.75,7,FALL
11362,6.26,7,FALL
11363,33.49,16,FALL
11364,32.59,16,FALL
11365,40.40,19,FALL
11366,32.52,16,FALL
11367,10.00,9,FALL
11368,-2.34,5,FALL
11369,91.27,35,FALL
11370,35.93,18,FALL
11371,-3.93,4,FALL
11372,34.43,17,FALL
11373,34.05,16,FALL
11374,86.19,33,FALL
11375,31.88,16,FALL
11376,-0.49,5,FALL
11377,25.96,15,FALL
11378,32.84,16,FALL
11379,21.70,13,FALL
11380,32.04,15,FALL
11381,17.09,12,FALL
11382,25.88,14,FALL
11383,21.61,12,FALL
11384,26.50,14,FALL
11385,82.48,33,FALL
11386,31.65,16,FALL
11387,34.95,16,FALL
11388,27.07,15,FALL
11389,35.42,18,FALL
11390,17.36,10,FALL
11391,3.16,6,FALL
11392,1.73,6,FALL
11393,33.76,17,FALL
11394,8.33,8,FALL
11395,-0.61,5,FALL
11396,42.67,19,FALL
11397,-1.27,5,FALL
11398,28.88,15,FALL
11399,31.25,16,FALL
11400,4.24,7,FALL
11401,103.95,41,FALL
11402,37.50,18,FALL
11403,29.34,15,FALL
11404,52.56,22,FALL
11405,81.91,34,FALL
11406,32.88,16,FALL
11407,33.67,17,FALL
11408,48.25,21,FALL
11409,10.84,8,FALL
11410,33.08,16,FALL
11411,41.94,19,FALL
11412,25.40,14,FALL
11413,31.03,16,FALL
11414,30.91,16,FALL
11415,30.70,15,FALL
11416,30.70,15,FALL
11417,-4.12,4,FALL
11418,7.38,7,FALL
11419,12.93,10,FALL
11420,6.84,8,FALL
11421,-3.25,4,FALL
11422,28.64,15,FALL
11423,28.11,14,FALL
11424,26.35,15,FALL
11425,20.89,12,FALL
11426,31.33,16,FALL
11427,30.36,16,FALL
11428,-3.89,4,FALL
11429,32.67,17,FALL
11430,1.83,6,FALL
11431,5.98,7,FALL
11432,17.55,11,FALL
11433,30.42,16,FALL
11434,18.20,13,FALL
11435,27.42,15,FALL
11436,14.41,10,FALL
11437,31.29,16,FALL
11438,2.44,6,FALL
11439,-3.86,4,FALL
11440,30.79,16,FALL
11441,188.87,64,FALL
11442,28.97,15,FALL
11443,13.90,10,FALL
11444,25.67,16,FALL
11445,28.98,16,FALL
11446,1.50,6,FALL
11447,1.75,5,FALL
11448,33.41,16,FALL
11449,32.04,16,FALL
11450,30.52,16,FALL
11451,31.42,16,FALL
11452,17.48,11,FALL
11453,0.85,6,FALL
11454,0.50,6,FALL
11455,32.67,16,FALL
11456,32.53,16,FALL
11457,68.99,28,FALL
11458,18.71,12,FALL
11459,7.80,8,FALL
11460,19.14,12,FALL
11461,29.15,16,FALL
11462,-0.93,5,FALL
11463,17.62,12,FALL
11464,19.15,12,FALL
11465,33.25,17,FALL
11466,23.98,14,FALL
11467,15.09,10,FALL
11468,52.16,23,FALL
11469,25.48,14,FALL
11470,-3.04,4,FALL
11471,31.94,16,FALL
11472,44.84,19,FALL
11473,30.35,16,FALL
11474,45.88,20,FALL
11475,32.22,16,FALL
11476,48.39,22,FALL
11477,24.95,14,FALL
11478,29.82,16,FALL
11479,31.95,16,FALL
11480,43.13,20,FALL
11481,45.21,20,FALL
11482,8.94,8,FALL
11483,25.60,15,FALL
11484,29.70,15,FALL
11485,123.98,46,FALL
11486,26.26,14,FALL
11487,32.38,16,FALL
11488,6.00,7,FALL
11489,34.84,17,FALL
11490,17.88,11,FALL
11491,35.86,17,FALL
11492,36.64,17,FALL
11493,36.19,17,FALL
11494,79.01,31,FALL
11495,36.90,18,FALL
11496,26.15,14,FALL
11497,10.08,8,FALL
11498,30.34,16,FALL
11499,9.02,8,FALL
11500,32.85,16,FALL
11501,31.47,16,FALL
11502,35.86,17,FALL
11503,32.90,16,FALL
11504,37.36,17,FALL
11505,27.61,15,FALL
11506,14.02,10,FALL
11507,34.04,17,FALL
11508,35.36,18,FALL
11509,33.16,17,FALL
11510,33.16,16,FALL
11511,5.29,7,FALL
11512,26.49,15,FALL
11513,45.61,21,FALL
11514,22.61,13,FALL
11515,38.91,17,FALL
11516,31.32,16,FALL
11517,8.62,8,FALL
11518,22.73,13,FALL
11519,44.30,20,FALL
11520,4.13,7,FALL
11521,42.78,19,FALL
11522,13.98,10,FALL
11523,33.87,17,FALL
11524,9.22,8,FALL
11525,1.29,6,FALL
11526,37.61,18,FALL
11527,31.78,17,FALL
11528,79.91,31,FALL
11529,21.13,12,FALL
11530,32.69,16,FALL
11531,103.46,41,FALL
11532,31.24,16,FALL
11533,32.49,16,FALL
11534,1.24,6,FALL
11535,29.03,16,FALL
11536,32.86,17,FALL
11537,34.66,16,FALL
11538,34.85,17,FALL
11539,29.68,15,FALL
11540,44.12,19,FALL
11541,27.86,15,FALL
11542,26.38,14,FALL
11543,34.20,17,FALL
11544,11.87,9,FALL
11545,22.38,13,FALL
11546,89.48,34,FALL
11547,28.71,15,FALL
11548,34.54,18,FALL
11549,64.83,27,FALL
11550,25.50,14,FALL
11551,28.14,14,FALL
11552,53.84,21,FALL
11553,12.45,10,FALL
11554,5.98,7,FALL
11555,35.99,17,FALL
11556,28.08,15,FALL
11557,36.65,17,FALL
11558,31.88,16,FALL
11559,84.47,34,FALL
11560,32.01,15,FALL
11561,14.30,10,FALL
11562,9.75,8,FALL
11563,29.25,15,FALL
11564,14.54,9,FALL
11565,31.43,16,FALL
11566,3.11,7,FALL
11567,43.65,19,FALL
11568,130.13,49,FALL
11569,30.73,16,FALL
11570,-0.54,5,FALL
11571,27.82,14,FALL
11572,34.92,16,FALL
11573,32.36,16,FALL
11574,48.86,23,FALL
11575,31.27,16,FALL
11576,24.71,15,FALL
11577,-3.17,4,FALL
11578,29.75,16,FALL
11579,96.60,36,FALL
11580,5.76,7,FALL
11581,58.05,23,FALL
11582,13.54,10,FALL
11583,17.08,11,FALL
11584,2.12,6,FALL
11585,23.58,13,FALL
11586,14.97,10,FALL
11587,71.56,31,FALL
11588,15.91,10,FALL
11589,31.77,16,FALL
11590,16.23,11,FALL
11591,-0.37,5,FALL
11592,24.19,13,FALL
11593,10.91,9,FALL
11594,30.40,16,FALL
11595,20.92,12,FALL
11596,37.61,18,FALL
11597,29.32,16,FALL
11598,37.23,18,FALL
11599,29.98,16,FALL
11600,27.76,14,FALL
11601,-0.29,5,FALL
11602,-2.86,4,FALL
11603,32.96,16,FALL
11604,22.87,13,FALL
11605,49.66,21,FALL
11606,38.10,18,FALL
11607,7.21,8,FALL
11608,13.16,10,FALL
11609,18.33,12,FALL
11610,1.60,5,FALL
11611,29.66,16,FALL
11612,35.84,17,FALL
11613,19.92,12,FALL
11614,35.42,17,FALL
11615,5.87,8,FALL
11616,24.69,14,FALL
11617,52.72,22,FALL
11618,34.48,17,FALL
11619,19.56,12,FALL
11620,32.70,16,FALL
11621,8.76,8,FALL
11622,16.34,11,FALL
11623,35.82,17,FALL
11624,30.74,16,FALL
11625,1.63,5,FALL
11626,25.39,15,FALL
11627,39.54,18,FALL
11628,31.63,16,FALL
11629,34.12,16,FALL
11630,-0.93,5,FALL
11631,82.25,32,FALL
11632,41.74,19,FALL
11633,33.16,17,FALL
11634,117.02,44,FALL
11635,30.41,16,FALL
11636,1.09,6,FALL
11637,19.34,12,FALL
11638,77.94,33,FALL
11639,27.68,16,FALL
11640,7.05,7,FALL
11641,31.21,16,FALL
11642,9.35,8,FALL
11643,28.22,15,FALL
11644,28.03,14,FALL
11645,36.06,17,FALL
11646,20.64,12,FALL
11647,32.10,16,FALL
11648,62.48,27,FALL
11649,124.29,46,FALL
11650,63.98,24,FALL
11651,67.84,26,FALL
11652,6.88,7,FALL
11653,5.54,8,FALL
11654,35.52,17,FALL
11655,32.38,16,FALL
11656,33.29,16,FALL
11657,25.76,15,FALL
11658,41.41,19,FALL
11659,12.63,9,FALL
11660,28.53,15,FALL
11661,73.14,30,FALL
11662,25.81,14,FALL
11663,8.56,8,FALL
11664,33.60,17,FALL
11665,21.09,13,FALL
11666,33.68,18,FALL
11667,-1.24,5,FALL
11668,31.08,16,FALL
11669,-3.03,4,FALL
11670,20.34,13,FALL
11671,23.91,13,FALL
11672,3.55,6,FALL
11673,3.62,6,FALL
11674,37.24,17,FALL
11675,24.91,15,FALL
11676,22.36,12,FALL
11677,24.43,14,FALL
11678,6.64,7,FALL
11679,24.36,14,FALL
11680,27.97,14,FALL
11681,29.16,15,FALL
11682,1.01,6,FALL
11683,14.68,10,FALL
11684,32.42,16,FALL
11685,73.99,30,FALL
11686,0.07,5,FALL
11687,92.10,37,FALL
11688,13.42,9,FALL
11689,36.10,17,FALL
11690,32.91,16,FALL
11691,58.37,23,FALL
11692,15.67,11,FALL
11693,33.52,16,FALL
11694,17.06,10,FALL
11695,-0.78,5,FALL
11696,27.28,15,FALL
11697,32.74,16,FALL
11698,113.38,40,FALL
11699,35.51,17,FALL
11700,34.23,16,FALL
11701,25.11,13,FALL
11702,18.19,12,FALL
11703,17.89,11,FALL
11704,31.57,16,FALL
11705,25.16,14,FALL
11706,11.91,10,FALL
11707,31.86,16,FALL
11708,74.84,30,FALL
11709,15.17,10,FALL
11710,-3.19,4,FALL
11711,62.93,26,FALL
11712,21.72,13,FALL
11713,33.05,16,FALL
11714,26.94,15,FALL
11715,42.99,20,FALL
11716,35.23,17,FALL
11717,34.14,17,FALL
11718,13.74,10,FALL
11719,26.81,15,FALL
11720,29.98,15,FALL
11721,80.19,32,FALL
11722,1.92,5,FALL
11723,33.01,16,FALL
11724,19.23,11,FALL
11725,68.51,28,FALL
11726,19.64,12,FALL
11727,107.77,40,FALL
11728,36.31,18,FALL
11729,82.89,33,FALL
11730,127.99,48,FALL
11731,27.79,15,FALL
11732,37.37,17,FALL
11733,48.29,20,FALL
11734,29.15,15,FALL
11735,-0.98,5,FALL
11736,12.99,10,FALL
11737,30.30,16,FALL
11738,30.00,16,FALL
11739,53.80,24,FALL
11740,14.69,10,FALL
11741,30.01,15,FALL
11742,37.69,18,FALL
11743,30.80,16,FALL
11744,77.27,32,FALL
11745,-1.06,5,FALL
11746,19.04,11,FALL
11747,31.65,16,FALL
11748,28.29,15,FALL
11749,6.62,7,FALL
11750,37.06,17,FALL
11751,35.73,18,FALL
11752,31.47,16,FALL
11753,19.34,13,FALL
11754,24.31,14,FALL
11755,25.94,14,FALL
11756,12.38,8,FALL
11757,19.43,13,FALL
11758,129.74,48,FALL
11759,-0.18,5,FALL
11760,34.06,17,FALL
11761,29.74,16,FALL
11762,0.24,5,FALL
11763,34.07,16,FALL
11764,14.19,10,FALL
11765,34.88,17,FALL
11766,26.94,15,FALL
11767,33.67,17,FALL
11768,52.59,22,FALL
11769,33.78,17,FALL
11770,38.25,17,FALL
11771,11.72,9,FALL
11772,16.59,11,FALL
11773,21.65,13,FALL
11774,124.66,46,FALL
11775,28.62,16,FALL
11776,38.24,17,FALL
11777,22.24,13,FALL
11778,32.75,16,FALL
11779,32.19,16,FALL
11780,32.73,17,FALL
11781,31.41,16,FALL
11782,31.61,16,FALL
11783,19.62,12,FALL
11784,36.67,18,FALL
11785,17.74,11,FALL
11786,34.83,17,FALL
11787,24.14,14,FALL
11788,10.77,9,FALL
11789,47.34,20,FALL
11790,18.44,11,FALL
11791,22.29,13,FALL
11792,28.90,17,FALL
11793,30.18,16,FALL
11794,-1.41,5,FALL
11795,34.31,17,FALL
11796,-0.99,5,FALL
11797,31.16,16,FALL
11798,16.19,10,FALL
11799,31.02,15,FALL
11800,77.21,30,FALL
11801,-0.77,5,FALL
11802,21.90,12,FALL
11803,31.18,16,FALL
11804,29.42,16,FALL
11805,21.21,12,FALL
11806,25.14,13,FALL
11807,28.48,15,FALL
11808,117.48,47,FALL
11809,47.38,21,FALL
11810,-3.71,4,FALL
11811,4.08,6,FALL
11812,73.30,30,FALL
11813,24.44,14,FALL
11814,0.39,6,FALL
11815,25.40,14,FALL
11816,28.00,15,FALL
11817,34.87,17,FALL
11818,32.17,15,FALL
11819,-0.12,5,FALL
11820,34.19,18,FALL
11821,29.56,15,FALL
11822,27.93,15,FALL
11823,-0.40,5,FALL
11824,6.08,7,FALL
11825,23.58,13,FALL
11826,31.97,16,FALL
11827,41.71,19,FALL
11828,-3.83,3,FALL
11829,10.90,9,FALL
11830,33.82,17,FALL
11831,34.74,17,FALL
11832,30.74,16,FALL
11833,-0.52,5,FALL
11834,15.56,10,FALL
11835,32.97,16,FALL
11836,35.77,17,FALL
11837,-1.18,5,FALL
11838,17.72,11,FALL
11839,9.74,8,FALL
11840,84.32,33,FALL
11841,5.20,7,FALL
11842,128.57,48,FALL
11843,122.78,45,FALL
11844,-3.40,4,FALL
11845,29.59,15,FALL
11846,27.50,15,FALL
11847,33.29,17,FALL
11848,116.36,44,FALL
11849,7.92,8,FALL
11850,55.74,23,FALL
11851,2.00,6,FALL
11852,23.03,13,FALL
11853,10.93,9,FALL
11854,19.65,12,FALL
11855,24.97,13,FALL
11856,21.89,13,FALL
11857,19.72,11,FALL
11858,47.25,21,FALL
11859,72.39,29,FALL
11860,71.99,29,FALL
11861,69.92,29,FALL
11862,31.94,16,FALL
11863,34.40,16,FALL
11864,3.12,7,FALL
11865,12.92,10,FALL
11866,62.43,25,FALL
11867,7.40,8,FALL
11868,29.27,15,FALL
11869,34.52,17,FALL
11870,-1.00,5,FALL
11871,12.71,10,FALL
11872,10.62,8,FALL
11873,15.44,11,FALL
11874,31.85,16,FALL
11875,11.58,9,FALL
11876,33.05,16,FALL
11877,45.18,19,FALL
11878,-6.30,3,FALL
11879,28.62,14,FALL
11880,37.09,17,FALL
11881,46.31,20,FALL
11882,22.88,14,FALL
11883,47.59,20,FALL
11884,32.26,16,FALL
11885,10.13,8,FALL
11886,-2.39,4,FALL
11887,61.67,26,FALL
11888,28.55,15,FALL
11889,23.34,13,FALL
11890,8.99,8,FALL
11891,17.05,11,FALL
11892,26.33,15,FALL
11893,29.67,15,FALL
11894,67.96,29,FALL
11895,21.49,14,FALL
11896,34.64,17,FALL
11897,28.59,16,FALL
11898,12.72,11,FALL
11899,7.70,8,FALL
11900,-3.10,4,FALL
11901,28.26,15,FALL
11902,33.47,16,FALL
11903,27.80,16,FALL
11904,54.13,22,FALL
11905,16.48,11,FALL
11906,30.40,15,FALL
11907,-3.70,4,FALL
11908,32.68,16,FALL
11909,49.75,22,FALL
11910,17.80,11,FALL
11911,28.29,16,FALL
11912,60.13,25,FALL
11913,16.78,11,FALL
11914,15.92,11,FALL
11915,14.81,12,FALL
11916,20.97,12,FALL
11917,-6.11,3,FALL
11918,8.49,8,FALL
11919,9.04,8,FALL
11920,76.15,30,FALL
11921,10.76,9,FALL
11922,-1.53,5,FALL
11923,29.86,16,FALL
11924,11.78,9,FALL
11925,34.04,17,FALL
11926,35.73,17,FALL
11927,12.79,10,FALL
11928,22.56,13,FALL
11929,43.84,21,FALL
11930,32.60,16,FALL
11931,14.43,10,FALL
11932,43.59,21,FALL
11933,1.53,6,FALL
11934,40.21,18,FALL
11935,10.99,9,FALL
11936,35.09,17,FALL
11937,42.41,18,FALL
11938,34.50,16,FALL
11939,28.42,15,FALL
11940,5.33,8,FALL
11941,32.05,16,FALL
11942,6.90,8,FALL
11943,34.68,17,FALL
11944,-0.54,5,FALL
11945,26.42,15,FALL
11946,-1.01,5,FALL
11947,33.41,16,FALL
11948,31.92,17,FALL
11949,75.22,30,FALL
11950,26.88,15,FALL
11951,52.02,22,FALL
11952,24.71,14,FALL
11953,11.09,9,FALL
11954,38.52,18,FALL
11955,32.81,16,FALL
11956,111.54,43,FALL
11957,-5.04,4,FALL
11958,5.47,6,FALL
11959,27.07,15,FALL
11960,33.77,17,FALL
11961,81.16,31,FALL
11962,33.10,17,FALL
11963,43.88,20,FALL
11964,5.38,7,FALL
11965,34.46,17,FALL
11966,27.25,15,FALL
11967,46.13,19,FALL
11968,28.87,15,FALL
11969,27.09,15,FALL
11970,27.85,15,FALL
11971,29.72,15,FALL
11972,32.44,16,FALL
11973,12.75,10,FALL
11974,-0.10,5,FALL
11975,23.20,14,FALL
11976,29.00,16,FALL
11977,8.94,8,FALL
11978,14.40,9,FALL
11979,32.05,16,FALL
11980,31.81,16,FALL
11981,64.68,25,FALL
11982,17.25,11,FALL
11983,-4.99,3,FALL
11984,28.31,16,FALL
11985,6.43,7,FALL
11986,14.92,10,FALL
11987,23.29,13,FALL
11988,14.31,11,FALL
11989,32.35,16,FALL
11990,8.44,9,FALL
11991,30.45,15,FALL
11992,45.79,20,FALL
11993,31.43,16,FALL
11994,48.81,20,FALL
11995,49.33,21,FALL
11996,5.56,7,FALL
11997,-0.36,5,FALL
11998,5.48,7,FALL
11999,34.20,16,FALL
12000,13.41,10,FALL
12001,30.91,16,FALL
12002,6.90,7,FALL
12003,1.26,5,FALL
12004,-0.60,5,FALL
12005,32.46,16,FALL
12006,26.70,15,FALL
12007,8.63,9,FALL
12008,-4.39,3,FALL
12009,35.79,17,FALL
12010,26.95,15,FALL
12011,32.14,16,FALL
12012,29.70,15,FALL
12013,4.59,7,FALL
12014,27.62,16,FALL
12015,28.54,15,FALL
12016,39.63,18,FALL
12017,27.08,13,FALL
12018,-0.62,5,FALL
12019,49.07,21,FALL
12020,1.62,6,FALL
12021,34.54,17,FALL
12022,32.92,16,FALL
12023,38.01,18,FALL
12024,1.80,6,FALL
12025,56.01,24,FALL
12026,31.87,16,FALL
12027,35.23,17,FALL
12028,46.72,20,FALL
12029,27.32,15,FALL
12030,30.44,16,FALL
12031,14.49,11,FALL
12032,31.21,17,FALL
12033,-1.85,5,FALL
12034,16.94,11,FALL
12035,1.67,6,FALL
12036,19.59,12,FALL
12037,17.21,10,FALL
12038,30.51,16,FALL
12039,10.31,8,FALL
12040,21.06,12,FALL
12041,37.98,18,FALL
12042,20.07,12,FALL
12043,21.43,12,FALL
12044,-3.73,4,FALL
12045,28.92,16,FALL
12046,33.74,17,FALL
12047,18.72,12,FALL
12048,17.05,11,FALL
12049,10.91,9,FALL
12050,-0.10,5,FALL
12051,27.11,15,FALL
12052,27.32,14,FALL
12053,-2.97,4,FALL
12054,82.01,31,FALL
12055,1.44,6,FALL
12056,36.72,17,FALL
12057,7.89,8,FALL
12058,24.91,14,FALL
12059,2.86,7,FALL
12060,2.81,6,FALL
12061,32.21,16,FALL
12062,26.18,15,FALL
12063,43.61,19,FALL
12064,5.82,7,FALL
12065,16.50,10,FALL
12066,83.01,32,FALL
12067,5.13,7,FALL
12068,11.60,9,FALL
12069,32.30,16,FALL
12070,29.48,16,FALL
12071,82.68,33,FALL
12072,-3.12,4,FALL
12073,13.98,10,FALL
12074,27.13,15,FALL
12075,12.78,10,FALL
12076,11.74,9,FALL
12077,26.83,14,FALL
12078,29.40,15,FALL
12079,35.45,17,FALL
12080,7.81,8,FALL
12081,10.51,9,FALL
12082,45.09,20,FALL
12083,8.84,8,FALL
12084,27.02,15,FALL
12085,26.46,14,FALL
12086,10.10,9,FALL
12087,10.44,8,FALL
12088,9.91,9,FALL
12089,-2.69,4,FALL
12090,17.94,11,FALL
12091,10.32,9,FALL
12092,31.82,16,FALL
12093,10.27,9,FALL
12094,7.89,8,FALL
12095,0.32,5,FALL
12096,38.22,18,FALL
12097,28.36,14,FALL
12098,4.23,7,FALL
12099,36.76,17,FALL
12100,32.07,16,FALL
12101,10.30,8,FALL
12102,30.54,15,FALL
12103,34.69,17,FALL
12104,39.63,19,FALL
12105,29.19,15,FALL
12106,27.65,15,FALL
12107,25.57,15,FALL
12108,22.96,13,FALL
12109,30.73,16,FALL
12110,11.28,9,FALL
12111,46.68,20,FALL
12112,10.80,9,FALL
12113,21.50,13,FALL
12114,28.65,15,FALL
12115,34.09,17,FALL
12116,32.38,16,FALL
12117,47.26,20,FALL
12118,-2.98,4,FALL
12119,80.90,34,FALL
12120,14.82,11,FALL
12121,34.42,16,FALL
12122,12.16,9,FALL
12123,73.39,29,FALL
12124,25.37,15,FALL
12125,36.29,17,FALL
12126,5.69,6,FALL
12127,4.78,7,FALL
12128,12.69,10,FALL
12129,3.05,6,FALL
12130,82.22,32,FALL
12131,39.26,18,FALL
12132,30.71,16,FALL
12133,35.84,18,FALL
12134,125.11,47,FALL
12135,47.17,21,FALL
12136,17.04,11,FALL
12137,14.91,11,FALL
12138,16.62,11,FALL
12139,6.80,7,FALL
12140,15.13,9,FALL
12141,100.49,42,FALL
12142,32.66,16,FALL
12143,31.57,16,FALL
12144,27.79,16,FALL
12145,14.03,10,FALL
12146,31.99,16,FALL
12147,29.01,15,FALL
12148,47.31,20,FALL
12149,40.76,19,FALL
12150,45.84,20,FALL
12151,8.43,9,FALL
12152,36.44,17,FALL
12153,87.46,33,FALL
12154,31.55,16,FALL
12155,26.11,15,FALL
12156,86.46,33,FALL
12157,7.65,9,FALL
12158,34.35,17,FALL
12159,58.52,25,FALL
12160,11.25,9,FALL
12161,30.21,15,FALL
12162,7.06,7,FALL
12163,40.34,19,FALL
12164,30.18,16,FALL
12165,11.89,10,FALL
12166,21.25,13,FALL
12167,22.25,13,FALL
12168,33.99,16,FALL
12169,0.54,5,FALL
12170,21.67,14,FALL
12171,21.06,12,FALL
12172,1.15,5,FALL
12173,67.10,27,FALL
12174,10.34,9,FALL
12175,12.49,9,FALL
12176,29.22,15,FALL
12177,12.15,9,FALL
12178,31.97,17,FALL
12179,23.66,13,FALL
12180,15.37,10,FALL
12181,5.78,7,FALL
12182,17.30,11,FALL
12183,23.00,13,FALL
12184,47.75,20,FALL
12185,34.77,17,FALL
12186,17.40,11,FALL
12187,9.33,8,FALL
12188,94.32,36,FALL
12189,26.99,14,FALL
12190,46.63,20,FALL
12191,17.58,12,FALL
12192,-3.78,4,FALL
12193,31.69,16,FALL
12194,9.57,8,FALL
12195,20.87,13,FALL
12196,32.56,16,FALL
12197,0.13,5,FALL
12198,14.58,10,FALL
12199,31.84,16,FALL
12200,-3.21,4,FALL
12201,38.89,19,FALL
12202,31.43,16,FALL
12203,23.01,12,FALL
12204,52.66,23,FALL
12205,26.16,15,FALL
12206,35.55,17,FALL
12207,34.53,16,FALL
12208,29.48,15,FALL
12209,30.41,16,FALL
12210,31.83,16,FALL
12211,16.08,11,FALL
12212,23.03,13,FALL
12213,30.72,16,FALL
12214,42.74,19,FALL
12215,31.66,16,FALL
12216,29.64,15,FALL
12217,27.37,15,FALL
12218,34.38,17,FALL
12219,30.83,16,FALL
12220,3.53,7,FALL
12221,31.62,16,FALL
12222,3.38,6,FALL
12223,29.91,15,FALL
12224,24.77,15,FALL
12225,37.22,18,FALL
12226,-1.51,5,FALL
12227,26.47,15,FALL
12228,37.69,18,FALL
12229,25.06,14,FALL
12230,56.03,25,FALL
12231,17.29,11,FALL
12232,30.08,16,FALL
12233,6.98,8,FALL
12234,-4.38,4,FALL
12235,5.09,6,FALL
12236,-0.58,5,FALL
12237,34.29,17,FALL
12238,4.86,7,FALL
12239,27.84,15,FALL
12240,19.59,12,FALL
12241,27.17,14,FALL
12242,26.55,14,FALL
12243,33.56,16,FALL
12244,-0.36,5,FALL
12245,20.76,12,FALL
12246,50.52,21,FALL
12247,28.57,15,FALL
12248,-3.16,4,FALL
12249,93.32,36,FALL
12250,2.71,7,FALL
12251,106.78,40,FALL
12252,5.45,8,FALL
12253,26.03,14,FALL
12254,24.43,13,FALL
12255,14.37,11,FALL
12256,35.91,19,FALL
12257,1.39,5,FALL
12258,38.60,18,FALL
12259,23.67,14,FALL
12260,34.47,17,FALL
12261,43.20,19,FALL
12262,26.91,15,FALL
12263,25.08,14,FALL
12264,31.57,17,FALL
12265,32.99,16,FALL
12266,45.63,21,FALL
12267,21.91,13,FALL
12268,33.85,17,FALL
12269,42.65,19,FALL
12270,21.26,14,FALL
12271,31.05,16,FALL
12272,3.23,7,FALL
12273,31.89,16,FALL
12274,33.49,17,FALL
12275,8.17,8,FALL
12276,65.78,26,FALL
12277,24.35,14,FALL
12278,6.92,8,FALL
12279,0.20,6,FALL
12280,59.39,24,FALL
12281,33.40,17,FALL
12282,31.89,16,FALL
12283,3.84,6,FALL
12284,41.96,19,FALL
12285,62.46,25,FALL
12286,55.69,24,FALL
12287,-1.18,5,FALL
12288,32.83,16,FALL
12289,29.53,15,FALL
12290,-2.76,4,FALL
12291,-1.40,5,FALL
12292,30.84,16,FALL
12293,29.85,16,FALL
12294,18.65,11,FALL
12295,43.48,20,FALL
12296,26.39,15,FALL
12297,31.39,16,FALL
12298,37.09,17,FALL
12299,23.95,13,FALL
12300,35.64,17,FALL
12301,46.96,21,FALL
12302,32.66,16,FALL
12303,5.12,6,FALL
12304,25.47,14,FALL
12305,23.33,13,FALL
12306,35.73,17,FALL
12307,3.85,7,FALL
12308,38.04,18,FALL
12309,37.55,18,FALL
12310,26.65,15,FALL
12311,-0.53,5,FALL
12312,48.49,20,FALL
12313,0.94,6,FALL
12314,32.54,16,FALL
12315,34.67,16,FALL
12316,13.99,10,FALL
12317,29.11,15,FALL
12318,20.14,12,FALL
12319,50.36,21,FALL
12320,35.07,17,FALL
12321,32.55,16,FALL
12322,4.75,7,FALL
12323,73.95,30,FALL
12324,-1.27,5,FALL
12325,20.04,12,FALL
12326,24.35,15,FALL
12327,-3.12,4,FALL
12328,39.43,18,FALL
12329,39.04,19,FALL
12330,33.45,16,FALL
12331,29.09,15,FALL
12332,34.50,17,FALL
12333,4.78,7,FALL
12334,18.53,11,FALL
12335,139.49,50,FALL
12336,-3.59,4,FALL
12337,41.73,19,FALL
12338,28.99,16,FALL
12339,28.06,15,FALL
12340,30.17,16,FALL
12341,9.15,8,FALL
12342,47.75,20,FALL
12343,23.82,13,FALL
12344,18.74,11,FALL
12345,31.83,16,FALL
12346,24.23,15,FALL
12347,33.13,16,FALL
12348,29.32,16,FALL
12349,115.06,43,FALL
12350,36.12,16,FALL
12351,34.44,17,FALL
12352,28.83,15,FALL
12353,8.65,8,FALL
12354,37.43,18,FALL
12355,36.54,18,FALL
12356,4.66,7,FALL
12357,134.32,49,FALL
12358,52.36,23,FALL
12359,-0.67,5,FALL
12360,25.02,13,FALL
12361,39.19,18,FALL
12362,45.94,20,FALL
12363,37.77,17,FALL
12364,41.58,18,FALL
12365,1.31,6,FALL
12366,41.91,18,FALL
12367,24.23,14,FALL
12368,31.00,16,FALL
12369,24.64,13,FALL
12370,23.97,13,FALL
12371,6.09,7,FALL
12372,68.47,28,FALL
12373,22.94,13,FALL
12374,25.72,15,FALL
12375,49.50,21,FALL
12376,-4.12,4,FALL
12377,32.12,16,FALL
12378,28.57,15,FALL
12379,60.66,25,FALL
12380,9.55,9,FALL
12381,16.41,10,FALL
12382,3.19,7,FALL
12383,9.42,9,FALL
12384,26.88,15,FALL
12385,3.55,7,FALL
12386,11.57,9,FALL
12387,28.13,15,FALL
12388,45.02,20,FALL
12389,16.08,11,FALL
12390,19.17,12,FALL
12391,38.43,19,FALL
12392,18.33,12,FALL
12393,-5.51,3,FALL
12394,43.30,20,FALL
12395,38.68,17,FALL
12396,32.55,18,FALL
12397,32.42,16,FALL
12398,1.88,6,FALL
12399,13.23,10,FALL
12400,97.33,36,FALL
12401,32.65,17,FALL
12402,57.41,22,FALL
12403,31.58,16,FALL
12404,32.12,16,FALL
12405,30.09,16,FALL
12406,27.52,16,FALL
12407,18.43,12,FALL
12408,10.54,8,FALL
12409,10.71,9,FALL
12410,21.21,12,FALL
12411,29.59,15,FALL
12412,38.17,18,FALL
12413,13.67,10,FALL
12414,1.79,6,FALL
12415,32.23,16,FALL
12416,30.17,16,FALL
12417,17.75,11,FALL
12418,34.44,17,FALL
12419,25.69,14,FALL
12420,30.62,15,FALL
12421,83.47,32,FALL
12422,35.91,17,FALL
12423,8.87,8,FALL
12424,162.06,59,FALL
12425,12.35,9,FALL
12426,43.03,19,FALL
12427,28.63,15,FALL
12428,31.93,16,FALL
12429,-3.54,4,FALL
12430,23.71,14,FALL
12431,32.68,16,FALL
12432,39.91,18,FALL
12433,39.42,18,FALL
12434,31.56,16,FALL
12435,18.91,12,FALL
12436,28.84,16,FALL
12437,43.82,19,FALL
12438,15.03,10,FALL
12439,35.85,17,FALL
12440,33.51,16,FALL
12441,-6.36,3,FALL
12442,31.50,17,FALL
12443,9.24,9,FALL
12444,31.48,16,FALL
12445,31.59,16,FALL
12446,9.49,8,FALL
12447,23.58,14,FALL
12448,43.99,20,FALL
12449,33.06,16,FALL
12450,10.86,9,FALL
12451,10.23,9,FALL
12452,23.74,13,FALL
12453,41.91,18,FALL
12454,30.09,15,FALL
12455,7.88,8,FALL
12456,12.91,11,FALL
12457,-0.69,5,FALL
12458,27.55,15,FALL
12459,40.52,19,FALL
12460,5.46,7,FALL
12461,35.12,17,FALL
12462,65.00,26,FALL
12463,57.82,24,FALL
12464,105.89,41,FALL
12465,-1.02,4,FALL
12466,12.03,9,FALL
12467,32.18,16,FALL
12468,36.68,18,FALL
12469,-6.34,3,FALL
12470,31.62,16,FALL
12471,2.86,6,FALL
12472,28.77,15,FALL
12473,66.87,26,FALL
12474,32.56,16,FALL
12475,12.58,10,FALL
12476,30.52,15,FALL
12477,33.72,17,FALL
12478,17.27,11,FALL
12479,17.58,12,FALL
12480,20.86,12,FALL
12481,6.08,7,FALL
12482,29.70,15,FALL
12483,13.40,10,FALL
12484,4.06,7,FALL
12485,33.20,17,FALL
12486,21.92,12,FALL
12487,19.77,12,FALL
12488,33.98,16,FALL
12489,30.85,16,FALL
12490,57.31,23,FALL
12491,-2.31,5,FALL
12492,41.68,18,FALL
12493,30.07,16,FALL
12494,38.19,18,FALL
12495,24.31,13,FALL
12496,44.19,19,FALL
12497,25.79,14,FALL
12498,24.30,14,FALL
12499,0.69,6,FALL
12500,28.75,15,FALL
12501,32.77,16,FALL
12502,30.57,16,FALL
12503,30.60,16,FALL
12504,35.76,17,FALL
12505,2.07,6,FALL
12506,-0.65,5,FALL
12507,30.24,16,FALL
12508,27.27,14,FALL
12509,28.94,15,FALL
12510,7.03,7,FALL
12511,-1.05,5,FALL
12512,39.39,18,FALL
12513,18.46,13,FALL
12514,19.32,12,FALL
12515,-2.70,4,FALL
12516,33.40,16,FALL
12517,13.67,10,FALL
12518,73.54,31,FALL
12519,0.44,6,FALL
12520,36.48,17,FALL
12521,-3.53,4,FALL
12522,2.57,6,FALL
12523,-2.92,4,FALL
12524,23.73,13,FALL
12525,30.36,15,FALL
12526,34.48,16,FALL
12527,11.58,10,FALL
12528,16.63,10,FALL
12529,27.48,15,FALL
12530,37.07,17,FALL
12531,31.08,16,FALL
12532,96.20,36,FALL
12533,42.43,20,FALL
12534,25.14,15,FALL
12535,40.22,18,FALL
12536,34.35,17,FALL
12537,58.81,24,FALL
12538,1.79,6,FALL
12539,14.50,10,FALL
12540,127.03,47,FALL
12541,24.55,13,FALL
12542,30.31,16,FALL
12543,53.15,24,FALL
12544,18.21,12,FALL
12545,27.51,15,FALL
12546,26.56,14,FALL
12547,14.52,10,FALL
12548,1.07,5,FALL
12549,67.58,28,FALL
12550,-0.71,5,FALL
12551,66.52,27,FALL
12552,43.41,19,FALL
12553,28.75,15,FALL
12554,23.40,14,FALL
12555,22.93,13,FALL
12556,36.02,18,FALL
12557,32.43,16,FALL
12558,33.31,18,FALL
12559,44.79,20,FALL
12560,21.81,13,FALL
12561,87.87,33,FALL
12562,-0.23,5,FALL
12563,50.94,21,FALL
12564,23.64,13,FALL
12565,48.24,21,FALL
12566,3.05,6,FALL
12567,34.48,17,FALL
12568,36.85,17,FALL
12569,37.84,18,FALL
12570,34.50,16,FALL
12571,28.51,15,FALL
12572,12.14,10,FALL
12573,26.81,14,FALL
12574,26.82,15,FALL
12575,31.96,16,FALL
12576,62.60,25,FALL
12577,29.57,15,FALL
12578,27.68,15,FALL
12579,32.08,16,FALL
12580,48.37,21,FALL
12581,28.28,15,FALL
12582,29.29,15,FALL
12583,0.91,6,FALL
12584,12.91,10,FALL
12585,125.63,48,FALL
12586,28.50,15,FALL
12587,31.54,15,FALL
12588,37.63,18,FALL
12589,20.17,12,FALL
12590,9.45,8,FALL
12591,17.76,11,FALL
12592,41.86,19,FALL
12593,0.93,6,FALL
12594,13.27,10,FALL
12595,31.65,16,FALL
12596,32.93,16,FALL
12597,51.98,22,FALL
12598,37.88,17,FALL
12599,31.57,15,FALL
12600,31.17,16,FALL
12601,17.37,11,FALL
12602,43.88,20,FALL
12603,13.29,10,FALL
12604,105.69,40,FALL
12605,55.72,22,FALL
12606,7.20,7,FALL
12607,28.47,15,FALL
12608,-6.47,3,FALL
12609,35.79,17,FALL
12610,3.45,6,FALL
12611,16.36,10,FALL
12612,33.29,17,FALL
12613,29.23,15,FALL
12614,15.82,11,FALL
12615,31.73,16,FALL
12616,7.29,8,FALL
12617,3.74,6,FALL
12618,46.49,20,FALL
12619,25.73,14,FALL
12620,24.57,13,FALL
12621,-1.56,5,FALL
12622,77.63,31,FALL
12623,33.89,17,FALL
12624,33.87,16,FALL
12625,2.18,6,FALL
12626,6.03,7,FALL
12627,-3.86,4,FALL
12628,30.71,16,FALL
12629,13.99,10,FALL
12630,43.88,20,FALL
12631,78.34,31,FALL
12632,89.21,35,FALL
12633,30.24,16,FALL
12634,32.21,16,FALL
12635,20.11,13,FALL
12636,80.63,33,FALL
12637,30.80,16,FALL
12638,24.38,15,FALL
12639,13.81,10,FALL
12640,-3.33,4,FALL
12641,24.74,14,FALL
12642,32.96,16,FALL
12643,32.90,16,FALL
12644,31.82,16,FALL
12645,31.33,15,FALL
12646,-1.21,5,FALL
12647,28.80,16,FALL
12648,7.39,8,FALL
12649,26.54,14,FALL
12650,9.22,9,FALL
12651,52.51,21,FALL
12652,48.21,20,FALL
12653,11.53,9,FALL
12654,-2.60,4,FALL
12655,22.93,14,FALL
12656,-1.16,5,FALL
12657,30.42,15,FALL
12658,73.26,30,FALL
12659,9.75,9,FALL
12660,19.30,12,FALL
12661,19.29,11,FALL
12662,22.96,14,FALL
12663,34.02,16,FALL
12664,1.70,6,FALL
12665,27.34,15,FALL
12666,6.12,7,FALL
12667,49.58,22,FALL
12668,8.42,8,FALL
12669,29.57,16,FALL
12670,21.01,13,FALL
12671,4.85,7,FALL
12672,73.73,30,FALL
12673,53.37,22,FALL
12674,58.96,25,FALL
12675,31.50,15,FALL
12676,15.74,11,FALL
12677,33.03,16,FALL
12678,133.87,49,FALL
12679,104.83,40,FALL
12680,20.30,12,FALL
12681,12.07,9,FALL
12682,79.45,32,FALL
12683,32.22,16,FALL
12684,24.18,14,FALL
12685,39.04,19,FALL
12686,36.35,17,FALL
12687,32.74,16,FALL
12688,12.15,9,FALL
12689,73.98,30,FALL
12690,38.36,18,FALL
12691,17.13,12,FALL
12692,24.83,15,FALL
12693,20.33,12,FALL
12694,29.25,16,FALL
12695,36.12,17,FALL
12696,33.99,16,FALL
12697,1.74,6,FALL
12698,73.55,29,FALL
12699,32.36,16,FALL
12700,79.67,31,FALL
12701,30.16,16,FALL
12702,20.50,14,FALL
12703,56.50,24,FALL
12704,35.91,18,FALL
12705,48.11,20,FALL
12706,31.98,16,FALL
12707,32.09,16,FALL
12708,32.21,16,FALL
12709,28.65,15,FALL
12710,51.17,21,FALL
12711,68.67,28,FALL
12712,6.77,8,FALL
12713,25.76,14,FALL
12714,2.20,5,FALL
12715,-6.44,3,FALL
12716,67.30,29,FALL
12717,80.98,32,FALL
12718,17.45,11,FALL
12719,35.54,17,FALL
12720,-3.23,4,FALL
12721,37.24,18,FALL
12722,-2.99,4,FALL
12723,32.42,16,FALL
12724,33.20,16,FALL
12725,-4.05,4,FALL
12726,5.12,7,FALL
12727,25.60,14,FALL
12728,16.88,11,FALL
12729,33.24,17,FALL
12730,34.46,16,FALL
12731,31.22,16,FALL
12732,-1.67,5,FALL
12733,58.82,25,FALL
12734,38.24,18,FALL
12735,14.78,10,FALL
12736,31.27,16,FALL
12737,39.25,18,FALL
12738,30.77,16,FALL
12739,0.64,6,FALL
12740,35.69,17,FALL
12741,33.36,17,FALL
12742,28.53,15,FALL
12743,29.85,16,FALL
12744,16.10,11,FALL
12745,33.05,16,FALL
12746,27.33,15,FALL
12747,12.34,9,FALL
12748,37.92,17,FALL
12749,62.30,26,FALL
12750,10.22,8,FALL
12751,-2.80,4,FALL
12752,0.25,6,FALL
12753,48.27,20,FALL
12754,35.40,17,FALL
12755,41.95,18,FALL
12756,32.42,17,FALL
12757,13.48,10,FALL
12758,24.81,14,FALL
12759,19.32,12,FALL
12760,38.58,18,FALL
12761,27.09,15,FALL
12762,23.94,14,FALL
12763,81.69,32,FALL
12764,3.18,6,FALL
12765,8.52,8,FALL
12766,10.62,8,FALL
12767,18.59,11,FALL
12768,22.28,13,FALL
12769,53.36,26,FALL
12770,31.83,17,FALL
12771,25.99,14,FALL
12772,40.22,18,FALL
12773,27.70,15,FALL
12774,31.46,16,FALL
12775,6.04,8,FALL
12776,53.39,22,FALL
12777,31.57,17,FALL
12778,3.03,7,FALL
12779,27.05,15,FALL
12780,42.23,20,FALL
12781,17.19,11,FALL
12782,32.36,17,FALL
12783,-0.16,5,FALL
12784,3.26,6,FALL
12785,31.67,16,FALL
12786,1.97,6,FALL
12787,37.70,18,FALL
12788,29.24,15,FALL
12789,27.76,14,FALL
12790,2.84,7,FALL
12791,28.51,15,FALL
12792,36.73,18,FALL
12793,32.04,16,FALL
12794,29.56,16,FALL
12795,23.62,15,FALL
12796,18.51,11,FALL
12797,27.23,14,FALL
12798,19.28,12,FALL
12799,29.28,15,FALL
12800,31.29,16,FALL
12801,7.04,7,FALL
12802,41.57,20,FALL
12803,31.94,17,FALL
12804,34.99,17,FALL
12805,21.99,13,FALL
12806,5.51,6,FALL
12807,30.35,16,FALL
12808,26.82,15,FALL
12809,29.62,15,FALL
12810,33.58,16,FALL
12811,-0.34,5,FALL
12812,42.34,20,FALL
12813,44.04,21,FALL
12814,20.60,12,FALL
12815,31.28,17,FALL
12816,22.63,13,FALL
12817,32.04,16,FALL
12818,13.19,10,FALL
12819,10.27,8,FALL
12820,51.49,23,FALL
12821,41.93,19,FALL
12822,33.33,16,FALL
12823,29.22,16,FALL
12824,12.62,10,FALL
12825,9.10,8,FALL
12826,20.68,13,FALL
12827,26.96,15,FALL
12828,36.84,17,FALL
12829,32.86,16,FALL
12830,25.75,14,FALL
12831,7.69,8,FALL
12832,48.94,21,FALL
12833,3.60,6,FALL
12834,41.78,19,FALL
12835,30.24,15,FALL
12836,20.57,13,FALL
12837,26.39,14,FALL
12838,19.40,12,FALL
12839,31.43,16,FALL
12840,-4.68,3,FALL
12841,28.57,15,FALL
12842,38.03,19,FALL
12843,42.11,19,FALL
12844,34.86,17,FALL
12845,40.97,19,FALL
12846,29.77,16,FALL
12847,110.46,41,FALL
12848,42.17,20,FALL
12849,76.84,32,FALL
12850,-1.75,5,FALL
12851,8.10,9,FALL
12852,21.21,13,FALL
12853,80.52,33,FALL
12854,26.25,15,FALL
12855,27.46,15,FALL
12856,-3.45,4,FALL
12857,31.54,15,FALL
12858,26.24,14,FALL
12859,-2.33,4,FALL
12860,40.56,18,FALL
12861,3.17,6,FALL
12862,29.34,15,FALL
12863,19.16,12,FALL
12864,120.89,45,FALL
12865,35.02,17,FALL
12866,26.14,14,FALL
12867,14.02,10,FALL
12868,122.14,46,FALL
12869,9.59,8,FALL
12870,12.91,10,FALL
12871,31.45,16,FALL
12872,42.35,19,FALL
12873,17.43,10,FALL
12874,13.19,9,FALL
12875,41.04,19,FALL
12876,19.32,13,FALL
12877,30.96,16,FALL
12878,37.93,19,FALL
12879,32.89,16,FALL
12880,30.63,17,FALL
12881,30.66,16,FALL
12882,-3.64,4,FALL
12883,17.26,11,FALL
12884,27.89,15,FALL
12885,-1.42,5,FALL
12886,80.03,31,FALL
12887,-0.99,5,FALL
12888,49.33,22,FALL
12889,31.75,17,FALL
12890,5.00,6,FALL
12891,28.33,15,FALL
12892,46.05,22,FALL
12893,22.82,14,FALL
12894,86.08,31,FALL
12895,43.13,20,FALL
12896,2.14,5,FALL
12897,82.86,34,FALL
12898,-0.76,5,FALL
12899,19.83,12,FALL
12900,41.68,19,FALL
12901,51.27,21,FALL
12902,5.57,6,FALL
12903,14.35,10,FALL
12904,8.69,8,FALL
12905,29.31,15,FALL
12906,4.04,6,FALL
12907,33.84,17,FALL
12908,18.68,12,FALL
12909,47.08,21,FALL
12910,46.23,21,FALL
12911,14.05,10,FALL
12912,39.89,18,FALL
12913,31.53,16,FALL
12914,25.07,15,FALL
12915,31.93,16,FALL
12916,19.50,12,FALL
12917,26.27,15,FALL
12918,33.07,16,FALL
12919,30.73,16,FALL
12920,32.77,17,FALL
12921,33.39,16,FALL
12922,25.66,13,FALL
12923,12.48,9,FALL
12924,38.30,18,FALL
12925,-1.73,4,FALL
12926,16.64,11,FALL
12927,30.61,15,FALL
12928,4.34,6,FALL
12929,11.97,10,FALL
12930,29.95,15,FALL
12931,34.95,17,FALL
12932,19.99,14,FALL
12933,28.43,14,FALL
12934,23.41,13,FALL
12935,25.54,14,FALL
12936,-0.94,5,FALL
12937,27.68,15,FALL
12938,7.57,7,FALL
12939,33.58,16,FALL
12940,80.92,33,FALL
12941,32.74,16,FALL
12942,41.19,19,FALL
12943,29.27,15,FALL
12944,29.81,16,FALL
12945,-2.66,4,FALL
12946,-2.10,5,FALL
12947,52.07,22,FALL
12948,16.87,11,FALL
12949,76.67,30,FALL
12950,55.14,24,FALL
12951,31.11,16,FALL
12952,57.48,24,FALL
12953,1.56,6,FALL
12954,35.57,18,FALL
12955,31.51,16,FALL
12956,25.49,14,FALL
12957,26.13,15,FALL
12958,-0.44,5,FALL
12959,46.50,19,FALL
12960,21.28,11,FALL
12961,34.38,17,FALL
12962,63.23,29,FALL
12963,32.94,16,FALL
12964,45.49,19,FALL
12965,38.21,18,FALL
12966,27.27,15,FALL
12967,81.74,32,FALL
12968,26.82,14,FALL
12969,58.83,25,FALL
12970,56.80,24,FALL
12971,30.46,16,FALL
12972,33.63,16,FALL
12973,13.25,10,FALL
12974,12.30,10,FALL
12975,1.22,6,FALL
12976,28.52,15,FALL
12977,54.56,23,FALL
12978,33.05,16,FALL
12979,35.89,17,FALL
12980,17.19,11,FALL
12981,34.93,17,FALL
12982,11.22,9,FALL
12983,34.64,16,FALL
12984,5.07,7,FALL
12985,35.05,17,FALL
12986,28.80,15,FALL
12987,29.64,15,FALL
12988,31.96,17,FALL
12989,35.32,17,FALL
12990,45.33,19,FALL
12991,16.86,11,FALL
12992,1.35,6,FALL
12993,122.70,45,FALL
12994,13.69,12,FALL
12995,4.05,7,FALL
12996,0.52,6,FALL
12997,33.91,17,FALL
12998,28.82,16,FALL
12999,39.39,17,FALL
13000,16.19,10,FALL
13001,1.39,6,FALL
13002,12.44,9,FALL
13003,21.37,12,FALL
13004,1.79,6,FALL
13005,32.97,16,FALL
13006,35.34,17,FALL
13007,17.12,11,FALL
13008,31.74,16,FALL
13009,36.34,17,FALL
13010,0.68,6,FALL
13011,32.42,15,FALL
13012,27.68,15,FALL
13013,34.07,16,FALL
13014,27.94,15,FALL
13015,47.55,20,FALL
13016,16.73,11,FALL
13017,0.29,5,FALL
13018,20.01,11,FALL
13019,31.46,16,FALL
13020,5.12,7,FALL
13021,50.51,22,FALL
13022,26.32,14,FALL
13023,35.41,17,FALL
13024,16.43,11,FALL
13025,33.01,17,FALL
13026,3.06,6,FALL
13027,2.89,6,FALL
13028,15.80,11,FALL
13029,33.52,17,FALL
13030,15.77,11,FALL
13031,34.73,17,FALL
13032,33.69,16,FALL
13033,30.04,14,FALL
13034,52.22,22,FALL
13035,10.97,8,FALL
13036,74.89,30,FALL
13037,16.07,10,FALL
13038,28.34,15,FALL
13039,45.92,20,FALL
13040,13.71,9,FALL
13041,60.79,26,FALL
13042,31.32,16,FALL
13043,44.97,20,FALL
13044,20.96,12,FALL
13045,19.30,12,FALL
13046,28.55,15,FALL
13047,13.83,10,FALL
13048,30.82,16,FALL
13049,15.15,10,FALL
13050,26.76,14,FALL
13051,26.17,14,FALL
13052,33.59,17,FALL
13053,0.39,4,FALL
13054,37.76,18,FALL
13055,22.57,13,FALL
13056,34.51,16,FALL
13057,36.67,17,FALL
13058,62.35,26,FALL
13059,33.85,16,FALL
13060,16.10,11,FALL
13061,15.13,10,FALL
13062,31.74,16,FALL
13063,27.64,15,FALL
13064,16.79,11,FALL
13065,22.14,13,FALL
13066,37.79,17,FALL
13067,39.71,18,FALL
13068,30.25,15,FALL
13069,12.89,10,FALL
13070,-2.83,4,FALL
13071,-8.64,2,FALL
13072,51.01,23,FALL
13073,21.41,13,FALL
13074,1.52,5,FALL
13075,38.70,18,FALL
13076,36.88,17,FALL
13077,57.62,24,FALL
13078,3.84,7,FALL
13079,-1.43,4,FALL
13080,31.44,15,FALL
13081,22.99,13,FALL
13082,37.25,17,FALL
13083,8.47,7,FALL
13084,32.88,17,FALL
13085,30.81,15,FALL
13086,91.33,36,FALL
13087,17.14,11,FALL
13088,29.74,15,FALL
13089,38.86,19,FALL
13090,26.39,15,FALL
13091,8.79,8,FALL
13092,19.76,10,FALL
13093,37.94,18,FALL
13094,49.05,22,FALL
13095,20.50,12,FALL
13096,32.77,16,FALL
13097,65.77,27,FALL
13098,24.39,15,FALL
13099,14.60,10,FALL
13100,15.70,11,FALL
13101,26.58,14,FALL
13102,21.38,14,FALL
13103,28.03,15,FALL
13104,30.12,15,FALL
13105,49.96,21,FALL
13106,7.24,7,FALL
13107,10.70,9,FALL
13108,4.50,6,FALL
13109,23.46,14,FALL
13110,28.91,15,FALL
13111,14.40,11,FALL
13112,51.25,23,FALL
13113,-1.65,5,FALL
13114,3.74,6,FALL
13115,62.25,26,FALL
13116,51.66,22,FALL
13117,38.50,19,FALL
13118,-0.06,5,FALL
13119,67.38,27,FALL
13120,70.19,28,FALL
13121,20.11,13,FALL
13122,78.50,32,FALL
13123,15.09,10,FALL
13124,31.43,17,FALL
13125,-2.61,4,FALL
13126,87.17,36,FALL
13127,55.58,23,FALL
13128,33.04,16,FALL
13129,31.32,15,FALL
13130,27.94,15,FALL
13131,80.78,32,FALL
13132,26.68,14,FALL
13133,32.57,16,FALL
13134,36.17,17,FALL
13135,33.36,17,FALL
13136,51.51,21,FALL
13137,45.81,21,FALL
13138,24.28,14,FALL
13139,32.87,17,FALL
13140,26.03,15,FALL
13141,48.79,20,FALL
13142,22.61,13,FALL
13143,36.40,18,FALL
13144,26.93,14,FALL
13145,53.82,22,FALL
13146,24.42,13,FALL
13147,73.20,31,FALL
13148,27.56,15,FALL
13149,40.60,18,FALL
13150,27.84,15,FALL
13151,4.76,6,FALL
13152,13.52,10,FALL
13153,23.48,13,FALL
13154,30.50,15,FALL
13155,17.45,13,FALL
13156,33.37,16,FALL
13157,34.02,16,FALL
13158,34.55,17,FALL
13159,33.55,16,FALL
13160,16.87,12,FALL
13161,13.96,10,FALL
13162,31.86,16,FALL
13163,133.52,49,FALL
13164,30.05,15,FALL
13165,14.11,9,FALL
13166,31.79,17,FALL
13167,4.14,6,FALL
13168,-0.74,5,FALL
13169,32.32,16,FALL
13170,11.63,8,FALL
13171,45.70,19,FALL
13172,34.73,17,FALL
13173,33.85,16,FALL
13174,15.85,10,FALL
13175,29.42,15,FALL
13176,43.41,20,FALL
13177,44.91,20,FALL
13178,28.16,15,FALL
13179,33.41,17,FALL
13180,61.69,25,FALL
13181,37.49,18,FALL
13182,42.04,19,FALL
13183,53.69,23,FALL
13184,-0.32,5,FALL
13185,26.77,14,FALL
13186,30.96,16,FALL
13187,1.89,5,FALL
13188,88.15,33,FALL
13189,24.54,14,FALL
13190,53.43,22,FALL
13191,32.50,16,FALL
13192,37.03,18,FALL
13193,32.29,16,FALL
13194,31.89,16,FALL
13195,24.82,13,FALL
13196,5.73,7,FALL
13197,2.55,7,FALL
13198,7.36,7,FALL
13199,16.34,11,FALL
13200,5.48,7,FALL
13201,25.48,14,FALL
13202,31.31,16,FALL
13203,-0.32,5,FALL
13204,111.83,43,FALL
13205,37.85,18,FALL
13206,45.33,20,FALL
13207,26.48,15,FALL
13208,28.63,15,FALL
13209,26.78,14,FALL
13210,34.07,17,FALL
13211,9.08,8,FALL
13212,-1.45,5,FALL
13213,35.38,17,FALL
13214,73.59,29,FALL
13215,18.74,12,FALL
13216,38.15,18,FALL
13217,18.28,10,FALL
13218,37.65,17,FALL
13219,-1.69,5,FALL
13220,31.49,16,FALL
13221,22.88,13,FALL
13222,5.94,7,FALL
13223,9.78,8,FALL
13224,16.00,11,FALL
13225,32.18,16,FALL
13226,32.06,16,FALL
13227,75.55,31,FALL
13228,94.96,37,FALL
13229,77.61,30,FALL
13230,25.13,14,FALL
13231,29.75,15,FALL
13232,37.84,18,FALL
13233,32.91,17,FALL
13234,1.80,6,FALL
13235,-0.93,5,FALL
13236,21.00,12,FALL
13237,35.14,17,FALL
13238,22.69,14,FALL
13239,26.93,14,FALL
13240,126.06,47,FALL
13241,17.66,11,FALL
13242,19.29,11,FALL
13243,21.16,14,FALL
13244,-1.83,4,FALL
13245,32.01,16,FALL
13246,-2.75,4,FALL
13247,25.15,14,FALL
13248,11.50,10,FALL
13249,32.31,16,FALL
13250,-0.87,5,FALL
13251,31.48,15,FALL
13252,60.31,26,FALL
13253,15.33,10,FALL
13254,45.75,19,FALL
13255,147.32,55,FALL
13256,26.76,14,FALL
13257,36.23,18,FALL
13258,31.25,16,FALL
13259,15.34,11,FALL
13260,-0.71,5,FALL
13261,34.24,16,FALL
13262,14.88,10,FALL
13263,41.51,19,FALL
13264,43.47,20,FALL
13265,-1.32,5,FALL
13266,1.36,6,FALL
13267,35.66,17,FALL
13268,37.26,18,FALL
13269,42.16,19,FALL
13270,57.12,24,FALL
13271,33.03,16,FALL
13272,19.50,12,FALL
13273,35.80,17,FALL
13274,74.59,29,FALL
13275,7.99,8,FALL
13276,23.70,14,FALL
13277,27.45,15,FALL
13278,33.37,16,FALL
13279,14.33,10,FALL
13280,43.96,20,FALL
13281,26.71,15,FALL
13282,12.55,9,FALL
13283,19.17,12,FALL
13284,34.37,17,FALL
13285,44.91,21,FALL
13286,31.23,16,FALL
13287,26.95,14,FALL
13288,-1.55,5,FALL
13289,25.09,14,FALL
13290,52.17,23,FALL
13291,10.44,7,FALL
13292,32.44,16,FALL
13293,31.62,16,FALL
13294,29.89,16,FALL
13295,128.74,48,FALL
13296,30.71,16,FALL
13297,30.77,16,FALL
13298,18.52,11,FALL
13299,3.85,6,FALL
13300,18.30,11,FALL
13301,19.84,13,FALL
13302,-2.74,4,FALL
13303,34.00,16,FALL
13304,-1.30,4,FALL
13305,36.51,17,FALL
13306,31.45,16,FALL
13307,2.68,6,FALL
13308,9.77,9,FALL
13309,6.02,8,FALL
13310,32.15,16,FALL
13311,35.03,17,FALL
13312,8.11,9,FALL
13313,29.68,16,FALL
13314,11.72,9,FALL
13315,3.66,7,FALL
13316,28.84,15,FALL
13317,23.47,14,FALL
13318,20.22,13,FALL
13319,26.81,15,FALL
13320,-1.10,5,FALL
13321,32.91,16,FALL
13322,50.67,21,FALL
13323,-1.88,4,FALL
13324,7.66,7,FALL
13325,15.14,10,FALL
13326,3.01,7,FALL
13327,12.75,9,FALL
13328,36.50,17,FALL
13329,35.56,17,FALL
13330,27.34,15,FALL
13331,52.05,22,FALL
13332,39.56,18,FALL
13333,20.41,12,FALL
13334,74.14,30,FALL
13335,23.36,13,FALL
13336,-2.76,4,FALL
13337,7.71,8,FALL
13338,0.02,5,FALL
13339,35.27,17,FALL
13340,0.75,6,FALL
13341,28.91,14,FALL
13342,26.09,14,FALL
13343,16.38,11,FALL
13344,5.46,7,FALL
13345,24.86,14,FALL
13346,34.03,16,FALL
13347,31.29,16,FALL
13348,34.45,18,FALL
13349,26.17,14,FALL
13350,12.30,10,FALL
13351,48.63,20,FALL
13352,37.29,18,FALL
13353,-1.70,5,FALL
13354,25.04,15,FALL
13355,-3.10,4,FALL
13356,88.83,34,FALL
13357,189.38,70,FALL
13358,7.80,8,FALL
13359,28.84,15,FALL
13360,35.64,17,FALL
13361,34.95,17,FALL
13362,23.68,14,FALL
13363,23.61,13,FALL
13364,13.35,11,FALL
13365,32.18,16,FALL
13366,13.29,10,FALL
13367,24.00,15,FALL
13368,32.25,17,FALL
13369,31.16,16,FALL
13370,76.41,31,FALL
13371,34.41,17,FALL
13372,9.84,9,FALL
13373,34.98,17,FALL
13374,25.08,15,FALL
13375,23.38,14,FALL
13376,-0.45,5,FALL
13377,47.51,21,FALL
13378,28.61,16,FALL
13379,8.74,8,FALL
13380,32.48,16,FALL
13381,110.48,42,FALL
13382,29.15,15,FALL
13383,28.68,15,FALL
13384,22.88,13,FALL
13385,30.70,16,FALL
13386,23.01,14,FALL
13387,84.82,33,FALL
13388,35.82,17,FALL
13389,32.90,16,FALL
13390,1.27,5,FALL
13391,122.06,50,FALL
13392,35.90,17,FALL
13393,27.60,15,FALL
13394,12.82,10,FALL
13395,44.56,20,FALL
13396,36.10,17,FALL
13397,45.27,21,FALL
13398,18.92,11,FALL
13399,49.20,20,FALL
13400,30.25,15,FALL
13401,-3.05,4,FALL
13402,1.64,5,FALL
13403,17.48,11,FALL
13404,22.02,13,FALL
13405,36.57,17,FALL
13406,36.43,18,FALL
13407,35.86,17,FALL
13408,27.63,15,FALL
13409,32.57,16,FALL
13410,17.44,11,FALL
13411,18.95,12,FALL
13412,128.06,48,FALL
13413,31.14,16,FALL
13414,31.89,16,FALL
13415,34.94,17,FALL
13416,85.41,33,FALL
13417,4.18,6,FALL
13418,-0.91,5,FALL
13419,2.58,6,FALL
13420,71.25,28,FALL
13421,-1.25,5,FALL
13422,4.32,6,FALL
13423,39.47,18,FALL
13424,5.55,6,FALL
13425,30.70,15,FALL
13426,2.78,6,FALL
13427,36.29,18,FALL
13428,22.73,12,FALL
13429,73.60,30,FALL
13430,2.97,7,FALL
13431,24.75,14,FALL
13432,3.67,6,FALL
13433,35.16,17,FALL
13434,41.97,19,FALL
13435,32.59,16,FALL
13436,42.34,18,FALL
13437,25.84,14,FALL
13438,39.58,18,FALL
13439,60.20,26,FALL
13440,42.42,19,FALL
13441,32.24,16,FALL
13442,-5.40,3,FALL
13443,-1.30,5,FALL
13444,11.40,9,FALL
13445,14.47,10,FALL
13446,19.49,12,FALL
13447,32.80,16,FALL
13448,27.20,15,FALL
13449,29.53,15,FALL
13450,12.17,10,FALL
13451,3.75,6,FALL
13452,85.62,36,FALL
13453,1.76,5,FALL
13454,17.20,11,FALL
13455,33.48,17,FALL
13456,18.57,12,FALL
13457,27.63,15,FALL
13458,41.81,18,FALL
13459,26.08,15,FALL
13460,21.39,13,FALL
13461,32.52,15,FALL
13462,32.24,17,FALL
13463,41.25,19,FALL
13464,-1.04,5,FALL
13465,61.90,26,FALL
13466,29.96,16,FALL
13467,99.43,38,FALL
13468,21.21,12,FALL
13469,32.42,16,FALL
13470,22.85,13,FALL
13471,19.91,12,FALL
13472,5.53,7,FALL
13473,19.68,13,FALL
13474,33.64,16,FALL
13475,48.05,20,FALL
13476,85.21,32,FALL
13477,5.20,7,FALL
13478,31.10,17,FALL
13479,6.97,8,FALL
13480,33.33,17,FALL
13481,60.49,25,FALL
13482,11.37,9,FALL
13483,3.82,6,FALL
13484,34.89,17,FALL
13485,11.99,10,FALL
13486,20.14,13,FALL
13487,30.89,16,FALL
13488,35.08,17,FALL
13489,19.38,12,FALL
13490,18.97,12,FALL
13491,91.63,36,FALL
13492,18.87,12,FALL
13493,33.91,17,FALL
13494,31.12,16,FALL
13495,26.79,14,FALL
13496,29.31,15,FALL
13497,-1.46,5,FALL
13498,19.55,12,FALL
13499,29.63,16,FALL
13500,34.13,17,FALL
13501,126.93,46,FALL
13502,7.84,8,FALL
13503,50.29,23,FALL
13504,31.01,15,FALL
13505,3.58,7,FALL
13506,30.63,16,FALL
13507,31.69,17,FALL
13508,-0.95,5,FALL
13509,47.19,20,FALL
13510,30.97,16,FALL
13511,35.44,17,FALL
13512,32.40,15,FALL
13513,18.11,12,FALL
13514,27.35,14,FALL
13515,118.73,46,FALL
13516,3.74,7,FALL
13517,60.43,26,FALL
13518,-2.58,4,FALL
13519,33.04,16,FALL
13520,32.20,16,FALL
13521,1.13,5,FALL
13522,12.74,10,FALL
13523,34.90,16,FALL
13524,46.14,20,FALL
13525,50.68,21,FALL
13526,45.22,20,FALL
13527,30.09,15,FALL
13528,30.89,16,FALL
13529,9.45,9,FALL
13530,48.71,21,FALL
13531,94.78,38,FALL
13532,46.08,19,FALL
13533,37.04,17,FALL
13534,27.01,15,FALL
13535,30.24,17,FALL
13536,-0.48,5,FALL
13537,21.52,12,FALL
13538,11.02,9,FALL
13539,42.20,19,FALL
13540,23.19,13,FALL
13541,35.42,17,FALL
13542,-1.14,5,FALL
13543,-1.38,5,FALL
13544,32.45,16,FALL
13545,15.49,11,FALL
13546,41.00,19,FALL
13547,31.07,16,FALL
13548,28.91,15,FALL
13549,-1.30,5,FALL
13550,-1.57,5,FALL
13551,38.40,18,FALL
13552,32.23,16,FALL
13553,36.67,16,FALL
13554,44.25,20,FALL
13555,3.86,6,FALL
13556,13.50,11,FALL
13557,30.79,16,FALL
13558,35.29,17,FALL
13559,74.04,30,FALL
13560,5.59,6,FALL
13561,18.81,11,FALL
13562,46.07,20,FALL
13563,30.75,16,FALL
13564,28.03,15,FALL
13565,3.92,6,FALL
13566,31.40,16,FALL
13567,16.96,11,FALL
13568,45.94,20,FALL
13569,25.03,14,FALL
13570,30.77,16,FALL
13571,32.94,17,FALL
13572,23.28,13,FALL
13573,2.97,7,FALL
13574,31.46,16,FALL
13575,32.37,16,FALL
13576,-0.46,5,FALL
13577,30.11,16,FALL
13578,23.85,14,FALL
13579,-0.81,5,FALL
13580,32.04,16,FALL
13581,51.50,22,FALL
13582,-1.24,5,FALL
13583,36.18,17,FALL
13584,21.15,12,FALL
13585,40.31,19,FALL
13586,30.98,16,FALL
13587,32.30,16,FALL
13588,72.32,31,FALL
13589,54.52,23,FALL
13590,12.40,9,FALL
13591,16.70,11,FALL
13592,46.59,21,FALL
13593,32.45,16,FALL
13594,117.07,46,FALL
13595,29.94,15,FALL
13596,5.71,7,FALL
13597,28.97,15,FALL
13598,31.21,16,FALL
13599,18.59,11,FALL
13600,18.22,12,FALL
13601,80.09,32,FALL
13602,14.91,10,FALL
13603,11.72,9,FALL
13604,32.18,16,FALL
13605,5.10,7,FALL
13606,4.19,7,FALL
13607,32.25,16,FALL
13608,28.53,15,FALL
13609,34.58,17,FALL
13610,32.42,16,FALL
13611,33.03,16,FALL
13612,-1.63,5,FALL
13613,-1.55,5,FALL
13614,35.53,17,FALL
13615,30.02,15,FALL
13616,29.92,16,FALL
13617,-0.23,5,FALL
13618,26.44,14,FALL
13619,36.03,16,FALL
13620,3.84,6,FALL
13621,-2.58,4,FALL
13622,9.57,8,FALL
13623,129.29,48,FALL
13624,111.24,41,FALL
13625,24.22,13,FALL
13626,0.80,6,FALL
13627,10.74,9,FALL
13628,32.19,16,FALL
13629,125.47,47,FALL
13630,34.17,16,FALL
13631,33.22,16,FALL
13632,74.21,29,FALL
13633,0.47,6,FALL
13634,12.23,9,FALL
13635,35.04,17,FALL
13636,3.46,6,FALL
13637,40.76,18,FALL
13638,44.54,20,FALL
13639,32.20,15,FALL
13640,11.29,9,FALL
13641,56.35,22,FALL
13642,81.59,32,FALL
13643,6.76,8,FALL
13644,33.40,16,FALL
13645,30.46,16,FALL
13646,8.58,8,FALL
13647,33.48,16,FALL
13648,35.82,17,FALL
13649,5.55,6,FALL
13650,31.28,15,FALL
13651,12.09,9,FALL
13652,30.64,16,FALL
13653,35.79,17,FALL
13654,34.07,17,FALL
13655,32.44,17,FALL
13656,28.63,15,FALL
13657,-3.02,4,FALL
13658,36.32,17,FALL
13659,19.10,12,FALL
13660,34.20,17,FALL
13661,48.84,22,FALL
13662,32.95,18,FALL
13663,36.12,17,FALL
13664,33.02,17,FALL
13665,-2.53,4,FALL
13666,56.50,25,FALL
13667,30.90,16,FALL
13668,12.59,10,FALL
13669,1.21,6,FALL
13670,30.21,16,FALL
13671,81.23,34,FALL
13672,113.33,43,FALL
13673,-3.86,4,FALL
13674,40.08,18,FALL
13675,-1.06,4,FALL
13676,33.31,16,FALL
13677,25.79,14,FALL
13678,1.14,6,FALL
13679,14.37,10,FALL
13680,3.05,6,FALL
13681,29.14,16,FALL
13682,88.94,34,FALL
13683,34.00,17,FALL
13684,114.34,44,FALL
13685,6.26,7,FALL
13686,9.32,8,FALL
13687,5.59,7,FALL
13688,0.20,6,FALL
13689,26.75,16,FALL
13690,44.35,20,FALL
13691,-1.93,5,FALL
13692,-3.23,4,FALL
13693,43.42,19,FALL
13694,54.47,23,FALL
13695,33.72,17,FALL
13696,87.76,34,FALL
13697,16.37,10,FALL
13698,8.93,8,FALL
13699,12.75,10,FALL
13700,31.62,16,FALL
13701,57.33,23,FALL
13702,0.41,5,FALL
13703,16.82,11,FALL
13704,4.76,6,FALL
13705,35.37,17,FALL
13706,12.83,10,FALL
13707,33.05,17,FALL
13708,16.59,10,FALL
13709,28.78,15,FALL
13710,44.57,20,FALL
13711,27.09,15,FALL
13712,25.82,14,FALL
13713,34.70,17,FALL
13714,25.08,13,FALL
13715,29.13,15,FALL
13716,1.88,5,FALL
13717,31.40,16,FALL
13718,17.95,11,FALL
13719,18.61,11,FALL
13720,24.50,14,FALL
13721,-0.59,5,FALL
13722,32.27,16,FALL
13723,0.34,5,FALL
13724,30.92,16,FALL
13725,87.44,35,FALL
13726,36.15,18,FALL
13727,35.45,17,FALL
13728,0.73,6,FALL
13729,35.21,17,FALL
13730,32.90,16,FALL
13731,16.23,11,FALL
13732,25.01,14,FALL
13733,-3.42,4,FALL
13734,7.39,8,FALL
13735,-1.10,5,FALL
13736,37.85,17,FALL
13737,32.31,16,FALL
13738,30.51,16,FALL
13739,41.49,19,FALL
13740,31.15,16,FALL
13741,24.04,13,FALL
13742,29.76,15,FALL
13743,26.79,15,FALL
13744,26.16,15,FALL
13745,24.47,15,FALL
13746,30.71,16,FALL
13747,38.91,18,FALL
13748,13.66,10,FALL
13749,31.58,16,FALL
13750,4.66,6,FALL
13751,44.90,20,FALL
13752,-2.94,4,FALL
13753,28.89,15,FALL
13754,24.60,14,FALL
13755,11.70,10,FALL
13756,62.41,26,FALL
13757,10.87,9,FALL
13758,35.32,16,FALL
13759,19.97,12,FALL
13760,40.32,20,FALL
13761,24.95,13,FALL
13762,39.97,18,FALL
13763,6.04,6,FALL
13764,27.89,15,FALL
13765,24.20,15,FALL
13766,-1.64,5,FALL
13767,22.22,13,FALL
13768,38.35,18,FALL
13769,33.70,16,FALL
13770,16.57,11,FALL
13771,51.38,23,FALL
13772,32.76,16,FALL
13773,5.26,6,FALL
13774,5.84,7,FALL
13775,-1.28,5,FALL
13776,30.02,16,FALL
13777,30.31,15,FALL
13778,29.99,15,FALL
13779,3.15,6,FALL
13780,-0.30,5,FALL
13781,4.36,6,FALL
13782,77.15,31,FALL
13783,29.46,16,FALL
13784,45.20,20,FALL
13785,5.88,6,FALL
13786,61.35,25,FALL
13787,29.06,15,FALL
13788,28.96,15,FALL
13789,45.99,20,FALL
13790,37.31,18,FALL
13791,12.87,10,FALL
13792,31.99,16,FALL
13793,24.24,14,FALL
13794,16.12,12,FALL
13795,30.57,16,FALL
13796,12.60,9,FALL
13797,4.75,7,FALL
13798,18.46,12,FALL
13799,30.74,16,FALL
13800,41.45,19,FALL
13801,30.50,16,FALL
13802,1.42,6,FALL
13803,57.23,24,FALL
13804,39.89,18,FALL
13805,-6.09,3,FALL
13806,43.77,20,FALL
13807,18.98,12,FALL
13808,75.63,29,FALL
13809,29.46,15,FALL
13810,26.35,14,FALL
13811,29.84,16,FALL
13812,4.32,6,FALL
13813,11.56,8,FALL
13814,32.99,16,FALL
13815,26.13,15,FALL
13816,23.74,13,FALL
13817,28.77,15,FALL
13818,40.15,18,FALL
13819,9.43,8,FALL
13820,31.11,16,FALL
13821,14.60,11,FALL
13822,30.69,16,FALL
13823,11.83,9,FALL
13824,9.06,8,FALL
13825,16.99,12,FALL
13826,35.11,17,FALL
13827,2.92,7,FALL
13828,8.71,8,FALL
13829,37.69,18,FALL
13830,-2.93,4,FALL
13831,9.26,8,FALL
13832,42.01,19,FALL
13833,25.87,14,FALL
13834,20.42,12,FALL
13835,37.07,18,FALL
13836,80.10,34,FALL
13837,22.06,12,FALL
13838,27.90,14,FALL
13839,45.01,20,FALL
13840,30.64,16,FALL
13841,-0.41,5,FALL
13842,13.33,10,FALL
13843,30.55,16,FALL
13844,7.39,8,FALL
13845,37.31,18,FALL
13846,32.53,16,FALL
13847,32.55,16,FALL
13848,-3.78,4,FALL
13849,30.21,16,FALL
13850,-4.35,4,FALL
13851,-1.04,5,FALL
13852,15.78,11,FALL
13853,31.57,16,FALL
13854,27.71,15,FALL
13855,51.64,21,FALL
13856,28.58,15,FALL
13857,30.44,16,FALL
13858,134.54,50,FALL
13859,39.08,19,FALL
13860,48.23,21,FALL
13861,38.16,18,FALL
13862,-3.17,4,FALL
13863,1.78,6,FALL
13864,18.01,12,FALL
13865,32.45,17,FALL
13866,25.34,13,FALL
13867,-1.91,4,FALL
13868,31.65,16,FALL
13869,39.89,19,FALL
13870,9.18,8,FALL
13871,-0.36,5,FALL
13872,18.28,11,FALL
13873,15.91,10,FALL
13874,51.24,21,FALL
13875,4.01,6,FALL
13876,47.13,20,FALL
13877,7.87,8,FALL
13878,35.22,18,FALL
13879,37.62,18,FALL
13880,22.46,13,FALL
13881,28.67,15,FALL
13882,33.50,18,FALL
13883,78.13,32,FALL
13884,35.22,17,FALL
13885,32.61,16,FALL
13886,-2.16,4,FALL
13887,5.80,7,FALL
13888,11.86,9,FALL
13889,31.51,15,FALL
13890,1.24,6,FALL
13891,-1.05,5,FALL
13892,50.40,21,FALL
13893,25.16,14,FALL
13894,22.60,13,FALL
13895,32.70,16,FALL
13896,13.79,10,FALL
13897,20.75,12,FALL
13898,32.79,17,FALL
13899,32.06,16,FALL
13900,14.79,10,FALL
13901,35.32,18,FALL
13902,26.97,15,FALL
13903,5.67,7,FALL
13904,31.06,16,FALL
13905,34.07,16,FALL
13906,113.43,44,FALL
13907,19.59,14,FALL
13908,15.07,10,FALL
13909,35.92,18,FALL
13910,47.77,20,FALL
13911,63.15,25,FALL
13912,12.20,10,FALL
13913,37.93,18,FALL
13914,33.82,16,FALL
13915,34.19,17,FALL
13916,28.67,15,FALL
13917,8.44,8,FALL
13918,52.05,22,FALL
13919,33.75,18,FALL
13920,29.18,15,FALL
13921,-1.18,4,FALL
13922,-3.90,4,FALL
13923,36.05,17,FALL
13924,3.82,7,FALL
13925,36.54,17,FALL
13926,98.13,36,FALL
13927,32.42,15,FALL
13928,30.78,16,FALL
13929,36.12,17,FALL
13930,30.35,16,FALL
13931,-3.63,4,FALL
13932,10.15,9,FALL
13933,58.50,27,FALL
13934,28.28,16,FALL
13935,23.56,14,FALL
13936,131.51,48,FALL
13937,17.89,10,FALL
13938,36.70,17,FALL
13939,-3.58,4,FALL
13940,33.13,17,FALL
13941,8.72,8,FALL
13942,1.49,6,FALL
13943,1.37,6,FALL
13944,29.51,16,FALL
13945,5.20,7,FALL
13946,55.81,23,FALL
13947,1.81,6,FALL
13948,0.26,6,FALL
13949,30.68,16,FALL
13950,49.05,21,FALL
13951,116.12,44,FALL
13952,33.81,17,FALL
13953,8.76,8,FALL
13954,3.35,6,FALL
13955,36.37,17,FALL
13956,31.41,16,FALL
13957,34.43,17,FALL
13958,-5.21,3,FALL
13959,30.51,16,FALL
13960,30.28,16,FALL
13961,37.55,17,FALL
13962,46.96,20,FALL
13963,5.61,7,FALL
13964,0.26,5,FALL
13965,35.65,17,FALL
13966,83.64,32,FALL
13967,32.55,16,FALL
13968,9.27,8,FALL
13969,27.67,15,FALL
13970,30.78,17,FALL
13971,-0.94,5,FALL
13972,39.55,18,FALL
13973,14.46,10,FALL
13974,20.03,12,FALL
13975,31.74,16,FALL
13976,29.37,15,FALL
13977,9.92,9,FALL
13978,45.35,20,FALL
13979,30.66,16,FALL
13980,22.43,13,FALL
13981,28.68,15,FALL
13982,11.83,9,FALL
13983,49.41,21,FALL
13984,38.31,17,FALL
13985,34.47,16,FALL
13986,18.58,12,FALL
13987,47.79,20,FALL
13988,22.11,13,FALL
13989,33.57,16,FALL
13990,27.64,15,FALL
13991,7.56,8,FALL
13992,43.89,19,FALL
13993,4.59,6,FALL
13994,13.78,10,FALL
13995,33.89,16,FALL
13996,31.52,16,FALL
13997,5.33,7,FALL
13998,31.68,17,FALL
13999,42.03,18,FALL
14000,31.42,17,FALL
14001,32.65,16,FALL
14002,33.29,16,FALL
14003,35.39,17,FALL
14004,32.00,16,FALL
14005,31.72,16,FALL
14006,39.75,18,FALL
14007,26.26,15,FALL
14008,53.92,23,FALL
14009,32.00,16,FALL
14010,7.43,7,FALL
14011,31.61,16,FALL
14012,31.97,16,FALL
14013,21.34,12,FALL
14014,38.98,18,FALL
14015,49.01,20,FALL
14016,37.03,17,FALL
14017,27.92,15,FALL
14018,16.10,10,FALL
14019,1.86,6,FALL
14020,11.23,9,FALL
14021,32.30,16,FALL
14022,55.37,24,FALL
14023,15.33,11,FALL
14024,85.04,33,FALL
14025,2.90,6,FALL
14026,9.21,8,FALL
14027,35.96,17,FALL
14028,31.03,16,FALL
14029,3.91,7,FALL
14030,31.02,16,FALL
14031,13.45,10,FALL
14032,6.29,6,FALL
14033,39.93,18,FALL
14034,14.61,10,FALL
14035,112.13,43,FALL
14036,38.36,17,FALL
14037,32.11,16,FALL
14038,26.22,16,FALL
14039,11.28,8,FALL
14040,35.35,17,FALL
14041,36.60,17,FALL
14042,46.90,21,FALL
14043,20.75,12,FALL
14044,46.65,19,FALL
14045,-3.86,4,FALL
14046,-2.91,4,FALL
14047,-1.21,5,FALL
14048,-3.07,4,FALL
14049,30.70,16,FALL
14050,9.51,8,FALL
14051,0.83,6,FALL
14052,6.90,7,FALL
14053,21.96,13,FALL
14054,16.73,11,FALL
14055,15.60,11,FALL
14056,77.18,30,FALL
14057,8.99,8,FALL
14058,15.90,10,FALL
14059,24.72,14,FALL
14060,32.24,16,FALL
14061,25.92,15,FALL
14062,34.60,17,FALL
14063,28.88,15,FALL
14064,18.59,11,FALL
14065,116.10,45,FALL
14066,11.18,9,FALL
14067,33.38,16,FALL
14068,2.81,7,FALL
14069,14.41,10,FALL
14070,46.53,20,FALL
14071,14.95,10,FALL
14072,34.25,17,FALL
14073,32.09,16,FALL
14074,50.59,21,FALL
14075,27.41,15,FALL
14076,-0.64,5,FALL
14077,120.69,47,FALL
14078,39.24,18,FALL
14079,16.28,11,FALL
14080,22.30,13,FALL
14081,0.21,5,FALL
14082,10.76,9,FALL
14083,21.05,12,FALL
14084,32.86,17,FALL
14085,2.00,6,FALL
14086,32.34,16,FALL
14087,33.39,16,FALL
14088,36.18,17,FALL
14089,30.65,15,FALL
14090,28.34,15,FALL
14091,21.86,13,FALL
14092,26.98,15,FALL
14093,32.76,17,FALL
14094,9.29,8,FALL
14095,31.21,16,FALL
14096,10.48,10,FALL
14097,22.23,14,FALL
14098,34.38,17,FALL
14099,10.23,9,FALL
14100,117.54,45,FALL
14101,29.65,16,FALL
14102,43.21,20,FALL
14103,-0.79,5,FALL
14104,68.14,28,FALL
14105,31.24,17,FALL
14106,11.20,9,FALL
14107,34.24,17,FALL
14108,85.77,33,FALL
14109,28.68,15,FALL
14110,24.66,15,FALL
14111,17.94,11,FALL
14112,1.81,5,FALL
14113,3.24,6,FALL
14114,45.56,20,FALL
14115,35.09,17,FALL
14116,42.70,20,FALL
14117,12.63,10,FALL
14118,79.36,33,FALL
14119,34.44,17,FALL
14120,28.69,15,FALL
14121,30.22,15,FALL
14122,12.74,9,FALL
14123,31.40,15,FALL
14124,-3.41,4,FALL
14125,25.52,15,FALL
14126,34.74,17,FALL
14127,29.64,16,FALL
14128,16.91,11,FALL
14129,-1.17,5,FALL
14130,7.95,8,FALL
14131,46.84,20,FALL
14132,43.69,19,FALL
14133,27.78,14,FALL
14134,16.94,10,FALL
14135,57.86,24,FALL
14136,6.68,7,FALL
14137,2.44,6,FALL
14138,35.04,17,FALL
14139,36.67,17,FALL
14140,68.92,27,FALL
14141,34.35,16,FALL
14142,7.67,7,FALL
14143,10.95,9,FALL
14144,31.83,16,FALL
14145,115.74,44,FALL
14146,32.30,16,FALL
14147,4.86,7,FALL
14148,37.90,18,FALL
14149,-3.82,4,FALL
14150,29.03,15,FALL
14151,-0.64,5,FALL
14152,25.76,14,FALL
14153,-1.64,5,FALL
14154,26.24,14,FALL
14155,17.05,10,FALL
14156,45.77,21,FALL
14157,25.97,15,FALL
14158,5.69,7,FALL
14159,59.42,23,FALL
14160,26.44,14,FALL
14161,-2.94,4,FALL
14162,27.21,15,FALL
14163,27.00,16,FALL
14164,30.07,15,FALL
14165,31.45,16,FALL
14166,30.86,16,FALL
14167,28.63,15,FALL
14168,31.32,15,FALL
14169,27.50,15,FALL
14170,34.63,17,FALL
14171,53.03,24,FALL
14172,42.53,19,FALL
14173,19.05,11,FALL
14174,-0.91,5,FALL
14175,26.50,14,FALL
14176,15.18,10,FALL
14177,35.23,17,FALL
14178,-2.67,4,FALL
14179,58.47,25,FALL
14180,50.96,23,FALL
14181,3.27,6,FALL
14182,32.89,16,FALL
14183,13.00,10,FALL
14184,48.30,21,FALL
14185,36.15,17,FALL
14186,31.96,16,FALL
14187,23.45,13,FALL
14188,29.52,15,FALL
14189,-5.05,3,FALL
14190,30.42,16,FALL
14191,-1.25,5,FALL
14192,31.33,16,FALL
14193,25.45,14,FALL
14194,29.81,16,FALL
14195,3.98,6,FALL
14196,18.50,11,FALL
14197,22.67,13,FALL
14198,36.71,17,FALL
14199,20.78,11,FALL
14200,8.06,8,FALL
14201,35.60,17,FALL
14202,17.99,12,FALL
14203,31.75,15,FALL
14204,15.51,10,FALL
14205,26.19,14,FALL
14206,46.55,20,FALL
14207,119.32,47,FALL
14208,34.72,17,FALL
14209,31.83,16,FALL
14210,24.24,14,FALL
14211,-2.94,4,FALL
14212,31.55,16,FALL
14213,12.58,9,FALL
14214,32.88,16,FALL
14215,28.51,15,FALL
14216,31.28,16,FALL
14217,29.13,15,FALL
14218,143.70,53,FALL
14219,22.03,14,FALL
14220,119.64,44,FALL
14221,-2.77,4,FALL
14222,13.08,10,FALL
14223,30.05,16,FALL
14224,32.11,16,FALL
14225,8.98,8,FALL
14226,18.21,11,FALL
14227,3.38,7,FALL
14228,0.59,6,FALL
14229,24.15,13,FALL
14230,15.19,10,FALL
14231,32.09,16,FALL
14232,46.18,20,FALL
14233,31.37,16,FALL
14234,35.47,17,FALL
14235,29.35,15,FALL
14236,30.67,16,FALL
14237,9.73,8,FALL
14238,38.82,17,FALL
14239,42.04,18,FALL
14240,0.80,6,FALL
14241,29.72,16,FALL
14242,81.77,34,FALL
14243,30.50,16,FALL
14244,6.33,7,FALL
14245,5.84,7,FALL
14246,24.73,14,FALL
14247,30.20,16,FALL
14248,9.66,8,FALL
14249,25.26,14,FALL
14250,32.17,17,FALL
14251,11.22,9,FALL
14252,38.95,18,FALL
14253,30.48,16,FALL
14254,11.84,9,FALL
14255,58.64,26,FALL
14256,36.66,17,FALL
14257,26.97,15,FALL
14258,0.28,5,FALL
14259,29.45,15,FALL
14260,13.04,9,FALL
14261,8.41,8,FALL
14262,14.61,10,FALL
14263,22.96,13,FALL
14264,30.09,16,FALL
14265,24.54,14,FALL
14266,37.10,17,FALL
14267,28.45,16,FALL
14268,120.41,45,FALL
14269,22.89,13,FALL
14270,32.46,17,FALL
14271,12.99,10,FALL
14272,37.47,18,FALL
14273,10.46,9,FALL
14274,28.58,15,FALL
14275,24.34,14,FALL
14276,35.57,17,FALL
14277,40.39,18,FALL
14278,20.92,12,FALL
14279,20.76,12,FALL
14280,41.98,18,FALL
14281,24.95,14,FALL
14282,47.37,21,FALL
14283,36.69,17,FALL
14284,31.61,16,FALL
14285,28.27,16,FALL
14286,48.06,20,FALL
14287,43.35,20,FALL
14288,28.00,16,FALL
14289,16.46,11,FALL
14290,26.64,14,FALL
14291,9.95,9,FALL
14292,37.20,18,FALL
14293,27.09,15,FALL
14294,12.14,9,FALL
14295,26.52,15,FALL
14296,31.31,16,FALL
14297,15.67,10,FALL
14298,30.34,16,FALL
14299,45.27,20,FALL
14300,5.17,7,FALL
14301,6.93,8,FALL
14302,33.42,16,FALL
14303,29.63,14,FALL
14304,35.58,17,FALL
14305,22.23,13,FALL
14306,23.74,14,FALL
14307,25.53,14,FALL
14308,29.98,15,FALL
14309,25.17,15,FALL
14310,33.62,16,FALL
14311,45.70,20,FALL
14312,9.21,9,FALL
14313,30.33,16,FALL
14314,1.74,5,FALL
14315,33.62,16,FALL
14316,25.69,14,FALL
14317,32.83,16,FALL
14318,19.32,13,FALL
14319,16.57,11,FALL
14320,10.07,8,FALL
14321,28.70,15,FALL
14322,29.16,15,FALL
14323,31.95,16,FALL
14324,28.73,16,FALL
14325,22.03,12,FALL
14326,31.41,16,FALL
14327,44.97,20,FALL
14328,50.23,22,FALL
14329,52.28,22,FALL
14330,19.77,12,FALL
14331,40.34,18,FALL
14332,24.47,13,FALL
14333,19.07,12,FALL
14334,26.33,14,FALL
14335,28.36,15,FALL
14336,36.52,17,FALL
14337,47.51,21,FALL
14338,27.10,15,FALL
14339,16.23,11,FALL
14340,42.11,18,FALL
14341,27.05,15,FALL
14342,11.19,9,FALL
14343,-3.35,4,FALL
14344,49.90,21,FALL
14345,1.38,6,FALL
14346,11.18,9,FALL
14347,12.49,10,FALL
14348,33.27,16,FALL
14349,34.42,16,FALL
14350,3.09,6,FALL
14351,25.05,14,FALL
14352,27.14,14,FALL
14353,0.87,6,FALL
14354,28.94,16,FALL
14355,23.43,14,FALL
14356,-3.95,4,FALL
14357,13.79,11,FALL
14358,9.09,8,FALL
14359,27.13,14,FALL
14360,0.76,5,FALL
14361,27.08,15,FALL
14362,57.63,24,FALL
14363,28.72,15,FALL
14364,75.72,30,FALL
14365,28.63,15,FALL
14366,32.84,16,FALL
14367,28.79,15,FALL
14368,25.90,14,FALL
14369,47.06,20,FALL
14370,44.00,20,FALL
14371,28.35,15,FALL
14372,33.19,16,FALL
14373,26.25,14,FALL
14374,23.86,13,FALL
14375,16.55,11,FALL
14376,30.59,15,FALL
14377,44.75,19,FALL
14378,14.91,10,FALL
14379,31.58,16,FALL
14380,32.16,16,FALL
14381,28.56,16,FALL
14382,-1.04,5,FALL
14383,27.67,15,FALL
14384,-5.61,3,FALL
14385,32.64,16,FALL
14386,7.46,6,FALL
14387,47.55,21,FALL
14388,35.68,18,FALL
14389,87.50,34,FALL
14390,31.79,17,FALL
14391,30.88,16,FALL
14392,39.05,17,FALL
14393,35.87,17,FALL
14394,28.86,15,FALL
14395,13.26,10,FALL
14396,20.03,12,FALL
14397,44.47,19,FALL
14398,32.73,17,FALL
14399,31.60,16,FALL
14400,20.03,12,FALL
14401,28.21,15,FALL
14402,36.51,17,FALL
14403,31.39,16,FALL
14404,24.47,14,FALL
14405,49.48,21,FALL
14406,21.83,13,FALL
14407,35.33,16,FALL
14408,43.28,20,FALL
14409,32.18,16,FALL
14410,52.65,22,FALL
14411,32.07,16,FALL
14412,13.22,10,FALL
14413,35.31,17,FALL
14414,45.00,20,FALL
14415,31.71,16,FALL
14416,65.14,26,FALL
14417,9.20,9,FALL
14418,18.33,11,FALL
14419,47.75,21,FALL
14420,7.75,8,FALL
14421,31.70,16,FALL
14422,30.11,15,FALL
14423,-1.18,5,FALL
14424,29.99,16,FALL
14425,-5.35,3,FALL
14426,31.92,16,FALL
14427,62.59,27,FALL
14428,20.52,11,FALL
14429,51.37,23,FALL
14430,33.67,16,FALL
14431,35.90,17,FALL
14432,1.62,6,FALL
14433,37.11,18,FALL
14434,34.26,17,FALL
14435,22.18,14,FALL
14436,2.79,6,FALL
14437,30.37,16,FALL
14438,3.69,6,FALL
14439,40.95,19,FALL
14440,0.23,6,FALL
14441,71.40,30,FALL
14442,26.91,15,FALL
14443,31.53,16,FALL
14444,11.38,9,FALL
14445,34.48,17,FALL
14446,32.23,16,FALL
14447,31.65,16,FALL
14448,-2.01,5,FALL
14449,15.66,10,FALL
14450,44.92,19,FALL
14451,69.68,29,FALL
14452,14.79,10,FALL
14453,13.53,10,FALL
14454,16.69,11,FALL
14455,21.72,13,FALL
14456,29.30,15,FALL
14457,9.82,9,FALL
14458,34.13,17,FALL
14459,2.42,6,FALL
14460,27.74,16,FALL
14461,5.99,7,FALL
14462,2.99,6,FALL
14463,32.61,17,FALL
14464,6.58,8,FALL
14465,123.66,48,FALL
14466,55.53,25,FALL
14467,86.42,33,FALL
14468,65.57,27,FALL
14469,31.43,16,FALL
14470,45.05,20,FALL
14471,-3.43,4,FALL
14472,52.91,23,FALL
14473,10.64,8,FALL
14474,29.89,16,FALL
14475,8.16,8,FALL
14476,83.98,33,FALL
14477,49.06,22,FALL
14478,8.16,8,FALL
14479,13.42,10,FALL
14480,14.95,11,FALL
14481,82.95,34,FALL
14482,35.47,17,FALL
14483,0.62,6,FALL
14484,14.27,10,FALL
14485,34.00,17,FALL
14486,60.63,26,FALL
14487,-2.23,4,FALL
14488,135.25,51,FALL
14489,35.17,17,FALL
14490,19.63,13,FALL
14491,29.48,15,FALL
14492,9.61,9,FALL
14493,13.75,10,FALL
14494,28.89,15,FALL
14495,26.46,15,FALL
14496,30.24,15,FALL
14497,17.63,11,FALL
14498,79.44,32,FALL
14499,24.94,15,FALL
14500,5.45,6,FALL
14501,9.89,8,FALL
14502,26.52,14,FALL
14503,32.91,16,FALL
14504,32.71,16,FALL
14505,47.81,20,FALL
14506,126.70,47,FALL
14507,53.50,21,FALL
14508,81.24,31,FALL
14509,22.88,15,FALL
14510,30.76,15,FALL
14511,14.50,11,FALL
14512,14.67,10,FALL
14513,31.63,16,FALL
14514,6.39,8,FALL
14515,38.96,17,FALL
14516,32.18,16,FALL
14517,17.57,11,FALL
14518,8.70,8,FALL
14519,84.29,32,FALL
14520,10.41,8,FALL
14521,49.34,22,FALL
14522,60.89,25,FALL
14523,7.13,7,FALL
14524,28.62,15,FALL
14525,26.65,14,FALL
14526,120.44,45,FALL
14527,53.40,23,FALL
14528,-1.07,5,FALL
14529,18.04,11,FALL
14530,25.53,14,FALL
14531,32.18,15,FALL
14532,55.55,24,FALL
14533,13.53,10,FALL
14534,32.20,16,FALL
14535,41.43,19,FALL
14536,35.49,16,FALL
14537,41.57,18,FALL
14538,32.16,18,FALL
14539,20.31,12,FALL
14540,38.11,18,FALL
14541,44.25,20,FALL
14542,19.37,11,FALL
14543,39.38,18,FALL
14544,29.83,16,FALL
14545,32.72,16,FALL
14546,12.69,9,FALL
14547,20.16,12,FALL
14548,31.67,16,FALL
14549,-1.21,5,FALL
14550,26.78,15,FALL
14551,11.70,10,FALL
14552,5.18,7,FALL
14553,27.97,15,FALL
14554,22.56,13,FALL
14555,38.19,17,FALL
14556,19.68,12,FALL
14557,28.32,15,FALL
14558,37.08,17,FALL
14559,33.76,16,FALL
14560,27.55,15,FALL
14561,32.26,17,FALL
14562,85.59,32,FALL
14563,15.21,10,FALL
14564,40.10,19,FALL
14565,25.02,15,FALL
14566,35.78,17,FALL
14567,38.82,18,FALL
14568,47.28,20,FALL
14569,30.88,16,FALL
14570,20.91,13,FALL
14571,30.83,16,FALL
14572,-3.44,4,FALL
14573,36.03,17,FALL
14574,20.74,12,FALL
14575,44.37,20,FALL
14576,31.41,16,FALL
14577,24.28,14,FALL
14578,27.00,14,FALL
14579,35.96,18,FALL
14580,33.86,16,FALL
14581,23.00,13,FALL
14582,2.71,5,FALL
14583,46.54,21,FALL
14584,29.34,16,FALL
14585,12.94,11,FALL
14586,20.97,12,FALL
14587,12.94,9,FALL
14588,36.20,17,FALL
14589,29.47,16,FALL
14590,81.29,32,FALL
14591,29.35,15,FALL
14592,5.73,7,FALL
14593,53.34,23,FALL
14594,31.09,16,FALL
14595,3.24,6,FALL
14596,57.18,23,FALL
14597,-6.16,3,FALL
14598,1.41,6,FALL
14599,39.21,18,FALL
14600,15.58,11,FALL
14601,11.66,10,FALL
14602,103.94,40,FALL
14603,34.62,17,FALL
14604,27.36,15,FALL
14605,-0.86,5,FALL
14606,34.21,16,FALL
14607,7.92,8,FALL
14608,34.02,16,FALL
14609,29.95,16,FALL
14610,-2.02,5,FALL
14611,51.73,22,FALL
14612,30.74,16,FALL
14613,36.94,18,FALL
14614,38.21,18,FALL
14615,30.06,16,FALL
14616,6.59,7,FALL
14617,112.81,41,FALL
14618,36.97,17,FALL
14619,59.53,23,FALL
14620,1.29,6,FALL
14621,85.08,32,FALL
14622,14.93,11,FALL
14623,-0.93,5,FALL
14624,14.76,10,FALL
14625,49.72,23,FALL
14626,14.15,10,FALL
14627,25.36,14,FALL
14628,20.37,12,FALL
14629,32.02,16,FALL
14630,80.72,31,FALL
14631,35.19,17,FALL
14632,-1.20,5,FALL
14633,33.40,17,FALL
14634,-3.11,4,FALL
14635,12.76,9,FALL
14636,45.01,20,FALL
14637,26.17,14,FALL
14638,30.19,15,FALL
14639,41.54,19,FALL
14640,30.00,15,FALL
14641,27.87,15,FALL
14642,31.93,16,FALL
14643,20.27,12,FALL
14644,10.36,9,FALL
14645,27.39,15,FALL
14646,9.14,8,FALL
14647,24.24,14,FALL
14648,-0.13,6,FALL
14649,13.55,10,FALL
14650,1.82,6,FALL
14651,9.32,7,FALL
14652,12.04,9,FALL
14653,15.78,11,FALL
14654,13.64,9,FALL
14655,15.75,11,FALL
14656,-0.81,5,FALL
14657,31.05,16,FALL
14658,5.02,8,FALL
14659,42.09,19,FALL
14660,7.71,8,FALL
14661,31.84,16,FALL
14662,24.42,14,FALL
14663,8.86,8,FALL
14664,102.29,40,FALL
14665,20.54,12,FALL
14666,29.59,15,FALL
14667,5.59,7,FALL
14668,24.11,13,FALL
14669,4.43,7,FALL
14670,1.02,6,FALL
14671,90.91,35,FALL
14672,27.84,15,FALL
14673,-2.75,4,FALL
14674,8.65,8,FALL
14675,16.91,11,FALL
14676,118.33,45,FALL
14677,29.65,15,FALL
14678,1.63,6,FALL
14679,12.27,9,FALL
14680,30.55,16,FALL
14681,41.08,18,FALL
14682,30.28,15,FALL
14683,16.91,11,FALL
14684,35.73,17,FALL
14685,2.29,6,FALL
14686,30.75,15,FALL
14687,0.49,6,FALL
14688,121.86,48,FALL
14689,22.03,13,FALL
14690,31.44,16,FALL
14691,29.75,15,FALL
14692,-1.20,5,FALL
14693,51.23,22,FALL
14694,21.45,12,FALL
14695,49.30,21,FALL
14696,32.29,16,FALL
14697,25.71,14,FALL
14698,39.12,18,FALL
14699,30.32,16,FALL
14700,9.84,9,FALL
14701,15.72,11,FALL
14702,15.63,10,FALL
14703,21.63,12,FALL
14704,28.09,15,FALL
14705,25.52,14,FALL
14706,25.84,15,FALL
14707,17.33,11,FALL
14708,39.86,19,FALL
14709,7.97,7,FALL
14710,31.23,16,FALL
14711,17.79,11,FALL
14712,29.44,15,FALL
14713,24.40,14,FALL
14714,66.03,27,FALL
14715,-0.84,5,FALL
14716,10.81,8,FALL
14717,35.26,17,FALL
14718,30.49,17,FALL
14719,29.94,15,FALL
14720,9.74,9,FALL
14721,12.58,10,FALL
14722,-3.35,4,FALL
14723,35.49,18,FALL
14724,82.19,33,FALL
14725,28.36,16,FALL
14726,0.73,6,FALL
14727,69.47,29,FALL
14728,42.27,19,FALL
14729,0.93,6,FALL
14730,27.77,15,FALL
14731,120.45,47,FALL
14732,26.24,14,FALL
14733,27.70,15,FALL
14734,66.94,27,FALL
14735,21.65,12,FALL
14736,48.56,22,FALL
14737,98.30,38,FALL
14738,33.11,17,FALL
14739,3.45,7,FALL
14740,10.89,8,FALL
14741,26.34,15,FALL
14742,-2.15,4,FALL
14743,51.16,22,FALL
14744,41.49,19,FALL
14745,29.78,15,FALL
14746,25.54,14,FALL
14747,1.86,7,FALL
14748,32.99,16,FALL
14749,17.14,11,FALL
14750,27.69,15,FALL
14751,76.74,32,FALL
14752,17.20,11,FALL
14753,9.66,9,FALL
14754,133.45,49,FALL
14755,33.10,16,FALL
14756,36.92,17,FALL
14757,29.39,15,FALL
14758,-3.31,4,FALL
14759,25.50,14,FALL
14760,29.08,15,FALL
14761,3.72,6,FALL
14762,35.09,17,FALL
14763,2.75,6,FALL
14764,27.64,14,FALL
14765,-3.17,4,FALL
14766,4.71,6,FALL
14767,40.90,19,FALL
14768,27.58,15,FALL
14769,10.54,9,FALL
14770,23.25,13,FALL
14771,44.99,19,FALL
14772,26.52,14,FALL
14773,38.10,18,FALL
14774,39.58,19,FALL
14775,32.63,17,FALL
14776,37.65,18,FALL
14777,45.81,20,FALL
14778,22.98,13,FALL
14779,31.17,16,FALL
14780,5.71,7,FALL
14781,43.89,19,FALL
14782,4.82,6,FALL
14783,33.05,17,FALL
14784,42.13,20,FALL
14785,32.15,16,FALL
14786,32.93,16,FALL
14787,30.51,16,FALL
14788,27.91,15,FALL
14789,11.63,9,FALL
14790,26.60,15,FALL
14791,44.60,21,FALL
14792,35.08,16,FALL
14793,56.95,24,FALL
14794,14.85,10,FALL
14795,18.48,12,FALL
14796,10.69,10,FALL
14797,81.64,32,FALL
14798,34.94,17,FALL
14799,46.17,21,FALL
14800,53.72,24,FALL
14801,30.52,15,FALL
14802,20.61,12,FALL
14803,29.63,16,FALL
14804,0.50,5,FALL
14805,29.37,16,FALL
14806,51.25,22,FALL
14807,34.95,17,FALL
14808,5.16,7,FALL
14809,119.56,46,FALL
14810,26.49,14,FALL
14811,28.67,15,FALL
14812,27.74,15,FALL
14813,19.08,12,FALL
14814,22.30,13,FALL
14815,32.64,17,FALL
14816,31.53,16,FALL
14817,14.51,10,FALL
14818,36.12,17,FALL
14819,25.80,14,FALL
14820,23.65,13,FALL
14821,52.20,23,FALL
14822,34.12,16,FALL
14823,8.93,8,FALL
14824,33.80,16,FALL
14825,15.07,10,FALL
14826,27.54,15,FALL
14827,16.24,10,FALL
14828,32.70,16,FALL
14829,18.76,12,FALL
14830,23.72,14,FALL
14831,6.44,8,FALL
14832,0.41,5,FALL
14833,10.58,9,FALL
14834,33.16,16,FALL
14835,37.57,18,FALL
14836,50.62,23,FALL
14837,28.74,15,FALL
14838,76.78,30,FALL
14839,48.56,21,FALL
14840,34.96,17,FALL
14841,14.54,10,FALL
14842,32.83,16,FALL
14843,13.01,12,FALL
14844,3.61,6,FALL
14845,12.35,10,FALL
14846,31.91,16,FALL
14847,12.43,10,FALL
14848,24.38,14,FALL
14849,15.97,10,FALL
14850,39.07,17,FALL
14851,72.88,31,FALL
14852,25.98,15,FALL
14853,22.34,13,FALL
14854,24.94,14,FALL
14855,3.66,6,FALL
14856,32.22,17,FALL
14857,38.34,18,FALL
14858,31.72,16,FALL
14859,24.28,13,FALL
14860,12.87,10,FALL
14861,31.54,16,FALL
14862,0.90,6,FALL
14863,-0.64,5,FALL
14864,29.01,15,FALL
14865,7.21,7,FALL
14866,39.59,18,FALL
14867,12.65,9,FALL
14868,37.00,17,FALL
14869,29.75,15,FALL
14870,23.16,13,FALL
14871,41.46,18,FALL
14872,38.29,18,FALL
14873,32.05,16,FALL
14874,27.60,15,FALL
14875,18.46,12,FALL
14876,28.56,15,FALL
14877,31.00,16,FALL
14878,29.86,15,FALL
14879,35.26,17,FALL
14880,36.51,18,FALL
14881,27.30,15,FALL
14882,32.54,16,FALL
14883,32.05,17,FALL
14884,15.83,12,FALL
14885,-3.40,4,FALL
14886,30.35,15,FALL
14887,2.18,6,FALL
14888,12.92,11,FALL
14889,19.28,12,FALL
14890,24.06,14,FALL
14891,42.97,19,FALL
14892,32.48,16,FALL
14893,-1.36,5,FALL
14894,67.39,28,FALL
14895,52.88,22,FALL
14896,16.30,11,FALL
14897,32.07,16,FALL
14898,29.41,14,FALL
14899,58.72,23,FALL
14900,69.08,27,FALL
14901,36.52,17,FALL
14902,46.56,20,FALL
14903,16.75,11,FALL
14904,17.80,11,FALL
14905,26.60,15,FALL
14906,46.50,21,FALL
14907,56.52,25,FALL
14908,13.95,9,FALL
14909,28.32,15,FALL
14910,8.24,8,FALL
14911,29.48,16,FALL
14912,8.73,8,FALL
14913,45.59,20,FALL
14914,23.35,13,FALL
14915,51.67,23,FALL
14916,29.15,15,FALL
14917,27.14,15,FALL
14918,26.51,15,FALL
14919,14.37,10,FALL
14920,7.16,7,FALL
14921,36.50,18,FALL
14922,32.61,17,FALL
14923,29.62,16,FALL
14924,14.01,11,FALL
14925,26.55,15,FALL
14926,-2.31,4,FALL
14927,12.52,9,FALL
14928,29.57,15,FALL
14929,54.81,23,FALL
14930,-3.10,4,FALL
14931,14.21,10,FALL
14932,27.07,14,FALL
14933,7.96,8,FALL
14934,28.30,14,FALL
14935,34.65,17,FALL
14936,14.42,11,FALL
14937,21.03,12,FALL
14938,33.16,17,FALL
14939,125.19,46,FALL
14940,18.73,14,FALL
14941,32.99,16,FALL
14942,32.12,17,FALL
14943,91.57,35,FALL
14944,17.05,11,FALL
14945,4.87,8,FALL
14946,22.45,13,FALL
14947,13.34,10,FALL
14948,14.95,10,FALL
14949,33.19,16,FALL
14950,12.92,10,FALL
14951,11.53,9,FALL
14952,93.79,37,FALL
14953,83.24,33,FALL
14954,14.44,10,FALL
14955,16.60,11,FALL
14956,0.65,6,FALL
14957,35.02,17,FALL
14958,29.07,15,FALL
14959,120.55,45,FALL
14960,34.54,16,FALL
14961,35.03,17,FALL
14962,21.37,13,FALL
14963,32.34,16,FALL
14964,17.95,11,FALL
14965,29.99,15,FALL
14966,-0.38,5,FALL
14967,11.31,9,FALL
14968,-0.80,5,FALL
14969,6.43,7,FALL
14970,36.36,18,FALL
14971,119.06,45,FALL
14972,3.68,7,FALL
14973,26.45,15,FALL
14974,47.86,20,FALL
14975,34.35,17,FALL
14976,7.62,7,FALL
14977,32.47,16,FALL
14978,8.20,7,FALL
14979,6.25,7,FALL
14980,38.78,18,FALL
14981,45.80,20,FALL
14982,48.78,20,FALL
14983,11.94,9,FALL
14984,5.44,7,FALL
14985,12.73,10,FALL
14986,5.46,7,FALL
14987,12.26,9,FALL
14988,-3.00,4,FALL
14989,38.10,18,FALL
14990,24.97,14,FALL
14991,40.83,19,FALL
14992,5.71,7,FALL
14993,21.82,12,FALL
14994,31.51,16,FALL
14995,28.35,15,FALL
14996,51.73,23,FALL
14997,27.96,15,FALL
14998,-1.28,4,FALL
14999,66.70,26,FALL
15000,24.78,14,FALL
15001,23.43,13,FALL
15002,33.56,17,FALL
15003,-2.53,4,FALL
15004,29.36,15,FALL
15005,19.34,12,FALL
15006,23.11,13,FALL
15007,25.52,14,FALL
15008,13.57,9,FALL
15009,23.01,13,FALL
15010,32.66,16,FALL
15011,53.72,23,FALL
15012,57.44,24,FALL
15013,21.98,12,FALL
15014,28.26,15,FALL
15015,39.97,18,FALL
15016,6.69,7,FALL
15017,55.84,23,FALL
15018,112.36,45,FALL
15019,9.96,9,FALL
15020,35.19,17,FALL
15021,32.02,16,FALL
15022,18.90,12,FALL
15023,33.98,17,FALL
15024,10.21,9,FALL
15025,30.91,16,FALL
15026,47.68,20,FALL
15027,29.17,16,FALL
15028,34.41,16,FALL
15029,31.61,16,FALL
15030,49.21,21,FALL
15031,-3.19,4,FALL
15032,7.27,7,FALL
15033,20.57,13,FALL
15034,-0.36,5,FALL
15035,3.95,6,FALL
15036,23.36,13,FALL
15037,-2.75,4,FALL
15038,22.05,13,FALL
15039,-3.92,4,FALL
15040,32.45,16,FALL
15041,131.04,49,FALL
15042,15.97,11,FALL
15043,43.88,19,FALL
15044,32.79,16,FALL
15045,27.53,14,FALL
15046,27.18,14,FALL
15047,35.22,17,FALL
15048,33.06,16,FALL
15049,31.16,16,FALL
15050,18.24,11,FALL
15051,18.28,12,FALL
15052,-3.80,4,FALL
15053,32.95,16,FALL
15054,69.23,29,FALL
15055,6.75,7,FALL
15056,33.82,16,FALL
15057,32.16,16,FALL
15058,32.36,16,FALL
15059,28.56,15,FALL
15060,16.79,11,FALL
15061,29.28,15,FALL
15062,2.07,6,FALL
15063,37.46,18,FALL
15064,28.99,15,FALL
15065,30.88,16,FALL
15066,14.63,11,FALL
15067,-0.47,5,FALL
15068,42.21,19,FALL
15069,9.39,8,FALL
15070,-0.49,5,FALL
15071,27.51,15,FALL
15072,27.42,15,FALL
15073,30.16,15,FALL
15074,123.71,46,FALL
15075,5.78,7,FALL
15076,34.58,17,FALL
15077,34.04,16,FALL
15078,28.41,15,FALL
15079,28.56,15,FALL
15080,32.68,16,FALL
15081,14.30,10,FALL
15082,63.23,25,FALL
15083,85.79,35,FALL
15084,22.36,13,FALL
15085,16.99,11,FALL
15086,47.51,20,FALL
15087,31.02,16,FALL
15088,34.36,17,FALL
15089,14.73,10,FALL
15090,37.67,18,FALL
15091,34.07,16,FALL
15092,12.81,10,FALL
15093,6.66,6,FALL
15094,29.32,15,FALL
15095,30.39,16,FALL
15096,8.76,8,FALL
15097,53.11,23,FALL
15098,40.03,19,FALL
15099,33.97,17,FALL
15100,-3.08,4,FALL
15101,-0.18,6,FALL
15102,1.78,6,FALL
15103,39.57,18,FALL
15104,15.66,11,FALL
15105,13.02,10,FALL
15106,14.47,10,FALL
15107,5.08,7,FALL
15108,38.65,18,FALL
15109,12.14,10,FALL
15110,3.87,6,FALL
15111,59.94,25,FALL
15112,33.32,16,FALL
15113,27.68,15,FALL
15114,22.33,12,FALL
15115,118.89,45,FALL
15116,29.45,15,FALL
15117,30.33,16,FALL
15118,27.93,15,FALL
15119,127.41,48,FALL
15120,30.05,15,FALL
15121,10.93,8,FALL
15122,23.43,13,FALL
15123,9.49,8,FALL
15124,20.52,13,FALL
15125,32.69,16,FALL
15126,31.43,17,FALL
15127,20.32,11,FALL
15128,32.26,16,FALL
15129,12.67,10,FALL
15130,36.38,18,FALL
15131,17.34,10,FALL
15132,6.54,7,FALL
15133,6.41,8,FALL
15134,31.98,16,FALL
15135,83.89,32,FALL
15136,29.57,15,FALL
15137,38.93,18,FALL
15138,23.83,13,FALL
15139,30.70,16,FALL
15140,31.57,16,FALL
15141,30.08,15,FALL
15142,68.01,28,FALL
15143,9.89,9,FALL
15144,47.41,21,FALL
15145,-3.14,4,FALL
15146,30.21,16,FALL
15147,30.65,16,FALL
15148,32.17,16,FALL
15149,31.80,16,FALL
15150,17.00,11,FALL
15151,39.99,19,FALL
15152,52.71,22,FALL
15153,32.51,17,FALL
15154,7.87,8,FALL
15155,25.77,14,FALL
15156,40.47,18,FALL
15157,30.31,15,FALL
15158,26.67,15,FALL
15159,115.74,45,FALL
15160,32.75,16,FALL
15161,31.28,16,FALL
15162,175.19,62,FALL
15163,17.65,12,FALL
15164,23.95,14,FALL
15165,11.57,9,FALL
15166,7.74,7,FALL
15167,32.86,16,FALL
15168,36.68,17,FALL
15169,29.82,15,FALL
15170,-0.63,5,FALL
15171,31.29,15,FALL
15172,31.15,16,FALL
15173,35.57,16,FALL
15174,0.26,5,FALL
15175,70.90,29,FALL
15176,30.48,15,FALL
15177,33.49,16,FALL
15178,-3.19,4,FALL
15179,17.00,11,FALL
15180,23.72,13,FALL
15181,-1.91,4,FALL
15182,121.70,46,FALL
15183,84.36,34,FALL
15184,1.80,6,FALL
15185,-0.84,5,FALL
15186,13.58,9,FALL
15187,27.28,15,FALL
15188,32.97,16,FALL
15189,29.93,16,FALL
15190,27.00,14,FALL
15191,34.90,17,FALL
15192,20.28,12,FALL
15193,35.63,18,FALL
15194,34.16,17,FALL
15195,38.82,18,FALL
15196,-0.98,5,FALL
15197,66.01,27,FALL
15198,51.57,21,FALL
15199,23.04,13,FALL
15200,43.84,20,FALL
15201,5.46,7,FALL
15202,33.15,17,FALL
15203,-1.75,5,FALL
15204,28.14,15,FALL
15205,10.88,9,FALL
15206,38.17,18,FALL
15207,26.38,15,FALL
15208,11.63,8,FALL
15209,38.89,18,FALL
15210,54.65,23,FALL
15211,11.50,9,FALL
15212,24.02,14,FALL
15213,27.47,16,FALL
15214,15.83,10,FALL
15215,0.92,6,FALL
15216,49.78,23,FALL
15217,44.77,20,FALL
15218,-1.05,5,FALL
15219,27.92,16,FALL
15220,38.04,17,FALL
15221,36.64,18,FALL
15222,25.09,14,FALL
15223,21.64,12,FALL
15224,33.27,16,FALL
15225,29.96,16,FALL
15226,32.24,16,FALL
15227,11.89,9,FALL
15228,15.74,11,FALL
15229,33.93,17,FALL
15230,18.37,12,FALL
15231,-1.60,5,FALL
15232,32.94,16,FALL
15233,37.64,18,FALL
15234,204.42,74,FALL
15235,-3.14,4,FALL
15236,5.69,7,FALL
15237,29.54,16,FALL
15238,26.96,15,FALL
15239,14.27,10,FALL
15240,33.09,16,FALL
15241,29.00,15,FALL
15242,33.56,16,FALL
15243,26.50,14,FALL
15244,32.35,16,FALL
15245,31.23,16,FALL
15246,29.04,15,FALL
15247,35.10,17,FALL
15248,15.27,12,FALL
15249,2.84,6,FALL
15250,18.93,13,FALL
15251,27.81,15,FALL
15252,30.57,16,FALL
15253,68.39,27,FALL
15254,34.43,17,FALL
15255,28.53,16,FALL
15256,81.03,32,FALL
15257,-1.82,4,FALL
15258,36.04,17,FALL
15259,24.50,14,FALL
15260,-3.23,4,FALL
15261,29.73,15,FALL
15262,147.31,53,FALL
15263,28.72,15,FALL
15264,-2.79,4,FALL
15265,8.07,8,FALL
15266,95.14,36,FALL
15267,33.19,16,FALL
15268,2.52,6,FALL
15269,5.49,7,FALL
15270,15.27,10,FALL
15271,27.16,14,FALL
15272,26.71,15,FALL
15273,41.56,19,FALL
15274,-3.39,4,FALL
15275,10.20,9,FALL
15276,32.86,16,FALL
15277,126.29,46,FALL
15278,31.88,16,FALL
15279,18.95,11,FALL
15280,30.61,16,FALL
15281,15.15,11,FALL
15282,37.42,18,FALL
15283,29.08,15,FALL
15284,49.88,22,FALL
15285,38.00,18,FALL
15286,56.75,25,FALL
15287,53.85,22,FALL
15288,23.01,13,FALL
15289,49.21,21,FALL
15290,43.12,20,FALL
15291,12.87,10,FALL
15292,17.73,11,FALL
15293,30.29,15,FALL
15294,27.18,15,FALL
15295,-1.69,5,FALL
15296,28.32,15,FALL
15297,25.62,14,FALL
15298,6.72,8,FALL
15299,47.62,20,FALL
15300,38.81,18,FALL
15301,27.77,15,FALL
15302,52.58,23,FALL
15303,-1.38,5,FALL
15304,125.77,46,FALL
15305,22.52,12,FALL
15306,38.20,17,FALL
15307,28.04,14,FALL
15308,34.54,17,FALL
15309,34.31,17,FALL
15310,17.11,11,FALL
15311,79.34,30,FALL
15312,-2.68,4,FALL
15313,44.05,20,FALL
15314,80.02,32,FALL
15315,24.59,12,FALL
15316,129.90,47,FALL
15317,29.69,16,FALL
15318,34.24,17,FALL
15319,69.02,29,FALL
15320,26.94,15,FALL
15321,1.67,5,FALL
15322,103.21,40,FALL
15323,33.60,16,FALL
15324,30.43,15,FALL
15325,33.25,16,FALL
15326,6.06,7,FALL
15327,30.07,16,FALL
15328,-6.38,3,FALL
15329,33.61,16,FALL
15330,10.16,8,FALL
15331,0.53,6,FALL
15332,34.08,17,FALL
15333,29.03,15,FALL
15334,14.03,10,FALL
15335,3.53,6,FALL
15336,34.13,16,FALL
15337,27.14,14,FALL
15338,28.22,16,FALL
15339,-2.08,5,FALL
15340,31.75,16,FALL
15341,0.53,6,FALL
15342,29.05,15,FALL
15343,2.84,6,FALL
15344,35.18,17,FALL
15345,40.43,19,FALL
15346,34.93,17,FALL
15347,13.71,10,FALL
15348,25.61,16,FALL
15349,33.12,15,FALL
15350,32.33,16,FALL
15351,45.71,20,FALL
15352,37.83,19,FALL
15353,71.03,28,FALL
15354,15.03,11,FALL
15355,5.59,7,FALL
15356,34.55,16,FALL
15357,-0.41,5,FALL
15358,23.75,14,FALL
15359,100.91,38,FALL
15360,21.50,12,FALL
15361,33.37,16,FALL
15362,30.88,16,FALL
15363,23.94,15,FALL
15364,13.43,10,FALL
15365,27.69,15,FALL
15366,26.94,15,FALL
15367,29.23,15,FALL
15368,39.69,18,FALL
15369,31.44,16,FALL
15370,83.94,34,FALL
15371,26.05,13,FALL
15372,130.13,49,FALL
15373,23.77,14,FALL
15374,35.72,17,FALL
15375,50.56,22,FALL
15376,2.72,6,FALL
15377,30.68,16,FALL
15378,20.65,12,FALL
15379,73.93,30,FALL
15380,35.40,17,FALL
15381,30.31,16,FALL
15382,88.19,34,FALL
15383,0.86,6,FALL
15384,-2.76,4,FALL
15385,33.72,17,FALL
15386,9.82,9,FALL
15387,26.69,15,FALL
15388,15.04,10,FALL
15389,248.44,87,FALL
15390,77.99,32,FALL
15391,38.19,18,FALL
15392,1.00,6,FALL
15393,15.18,10,FALL
15394,89.02,33,FALL
15395,7.52,7,FALL
15396,78.44,31,FALL
15397,18.13,11,FALL
15398,33.37,17,FALL
15399,31.42,16,FALL
15400,27.04,15,FALL
15401,6.20,7,FALL
15402,31.99,16,FALL
15403,38.64,19,FALL
15404,20.81,12,FALL
15405,30.79,16,FALL
15406,21.58,12,FALL
15407,26.02,14,FALL
15408,-3.95,4,FALL
15409,-2.17,5,FALL
15410,93.63,35,FALL
15411,36.06,17,FALL
15412,12.27,9,FALL
15413,31.39,16,FALL
15414,23.16,13,FALL
15415,4.86,7,FALL
15416,46.31,21,FALL
15417,40.20,19,FALL
15418,43.57,21,FALL
15419,43.68,19,FALL
15420,28.28,16,FALL
15421,7.20,8,FALL
15422,30.01,15,FALL
15423,-1.59,5,FALL
15424,31.56,17,FALL
15425,11.63,9,FALL
15426,34.22,16,FALL
15427,44.11,19,FALL
15428,96.39,37,FALL
15429,34.16,15,FALL
15430,63.14,26,FALL
15431,26.48,15,FALL
15432,48.10,21,FALL
15433,93.98,36,FALL
15434,32.33,17,FALL
15435,22.38,13,FALL
15436,29.15,15,FALL
15437,7.75,8,FALL
15438,0.00,5,FALL
15439,26.59,15,FALL
15440,32.14,16,FALL
15441,2.79,7,FALL
15442,31.32,16,FALL
15443,27.31,14,FALL
15444,125.79,47,FALL
15445,11.01,9,FALL
15446,29.64,15,FALL
15447,29.40,15,FALL
15448,8.64,8,FALL
15449,56.93,23,FALL
15450,33.32,16,FALL
15451,52.25,22,FALL
15452,33.13,16,FALL
15453,15.59,11,FALL
15454,0.39,5,FALL
15455,2.62,7,FALL
15456,10.57,9,FALL
15457,37.04,17,FALL
15458,17.59,12,FALL
15459,25.07,15,FALL
15460,28.88,15,FALL
15461,35.52,17,FALL
15462,-0.76,5,FALL
15463,27.65,15,FALL
15464,29.89,16,FALL
15465,32.64,16,FALL
15466,14.89,10,FALL
15467,65.16,26,FALL
15468,29.09,15,FALL
15469,19.21,13,FALL
15470,9.74,9,FALL
15471,52.57,23,FALL
15472,32.48,16,FALL
15473,31.22,16,FALL
15474,39.76,18,FALL
15475,26.86,16,FALL
15476,12.21,9,FALL
15477,34.19,16,FALL
15478,1.47,6,FALL
15479,31.97,16,FALL
15480,-1.26,5,FALL
15481,33.23,16,FALL
15482,5.20,9,FALL
15483,14.44,10,FALL
15484,31.20,16,FALL
15485,5.36,7,FALL
15486,32.32,16,FALL
15487,20.78,12,FALL
15488,33.84,17,FALL
15489,2.09,5,FALL
15490,19.60,12,FALL
15491,11.94,9,FALL
15492,31.44,17,FALL
15493,34.55,17,FALL
15494,32.71,16,FALL
15495,-1.13,5,FALL
15496,14.37,10,FALL
15497,30.15,15,FALL
15498,22.49,13,FALL
15499,40.36,18,FALL
15500,35.31,17,FALL
15501,9.88,8,FALL
15502,25.40,14,FALL
15503,30.45,16,FALL
15504,50.83,23,FALL
15505,13.25,10,FALL
15506,30.96,16,FALL
15507,13.94,9,FALL
15508,25.34,14,FALL
15509,41.56,19,FALL
15510,40.41,18,FALL
15511,28.33,15,FALL
15512,43.43,19,FALL
15513,28.93,15,FALL
15514,29.28,16,FALL
15515,29.77,16,FALL
15516,48.39,21,FALL
15517,28.97,16,FALL
15518,72.46,29,FALL
15519,11.76,10,FALL
15520,25.25,14,FALL
15521,29.70,15,FALL
15522,33.18,17,FALL
15523,31.89,16,FALL
15524,24.46,13,FALL
15525,6.73,7,FALL
15526,30.42,16,FALL
15527,33.86,17,FALL
15528,69.83,27,FALL
15529,27.19,14,FALL
15530,-2.88,4,FALL
15531,3.49,5,FALL
15532,13.33,9,FALL
15533,28.93,15,FALL
15534,-1.34,5,FALL
15535,8.06,8,FALL
15536,38.36,18,FALL
15537,21.20,13,FALL
15538,28.99,15,FALL
15539,23.42,13,FALL
15540,33.09,16,FALL
15541,39.65,19,FALL
15542,8.36,8,FALL
15543,29.42,16,FALL
15544,46.05,20,FALL
15545,91.41,36,FALL
15546,-2.49,4,FALL
15547,20.87,12,FALL
15548,5.32,7,FALL
15549,19.39,12,FALL
15550,35.10,17,FALL
15551,29.03,16,FALL
15552,35.48,17,FALL
15553,6.26,7,FALL
15554,32.23,16,FALL
15555,16.35,11,FALL
15556,8.50,9,FALL
15557,34.67,17,FALL
15558,24.81,14,FALL
15559,42.87,20,FALL
15560,73.58,32,FALL
15561,35.52,17,FALL
15562,30.95,16,FALL
15563,25.46,15,FALL
15564,9.66,8,FALL
15565,-3.54,4,FALL
15566,0.12,5,FALL
15567,2.17,6,FALL
15568,26.10,14,FALL
15569,30.76,16,FALL
15570,32.84,15,FALL
15571,30.21,15,FALL
15572,83.78,32,FALL
15573,28.72,15,FALL
15574,30.63,16,FALL
15575,32.59,16,FALL
15576,31.22,16,FALL
15577,10.65,9,FALL
15578,30.07,16,FALL
15579,5.45,7,FALL
15580,4.19,6,FALL
15581,38.84,18,FALL
15582,37.96,18,FALL
15583,31.95,16,FALL
15584,29.59,16,FALL
15585,28.39,15,FALL
15586,34.71,17,FALL
15587,57.99,24,FALL
15588,0.02,5,FALL
15589,35.39,17,FALL
15590,18.59,11,FALL
15591,48.27,20,FALL
15592,13.12,10,FALL
15593,25.90,14,FALL
15594,32.48,17,FALL
15595,7.65,7,FALL
15596,-0.29,5,FALL
15597,30.96,16,FALL
15598,76.86,31,FALL
15599,1.53,6,FALL
15600,-3.14,4,FALL
15601,44.37,20,FALL
15602,-3.30,4,FALL
15603,18.99,12,FALL
15604,32.15,16,FALL
15605,78.38,31,FALL
15606,40.02,18,FALL
15607,31.45,16,FALL
15608,17.97,11,FALL
15609,17.65,11,FALL
15610,21.98,13,FALL
15611,31.87,16,FALL
15612,24.04,13,FALL
15613,5.43,6,FALL
15614,17.46,11,FALL
15615,35.64,17,FALL
15616,8.32,8,FALL
15617,-6.19,3,FALL
15618,11.71,9,FALL
15619,27.38,15,FALL
15620,32.40,17,FALL
15621,43.38,19,FALL
15622,10.44,8,FALL
15623,15.68,11,FALL
15624,57.78,25,FALL
15625,27.89,15,FALL
15626,19.56,12,FALL
15627,10.86,9,FALL
15628,26.13,14,FALL
15629,36.29,17,FALL
15630,11.14,10,FALL
15631,25.24,14,FALL
15632,27.98,16,FALL
15633,33.06,17,FALL
15634,24.45,15,FALL
15635,3.24,7,FALL
15636,30.66,16,FALL
15637,52.62,22,FALL
15638,10.92,9,FALL
15639,117.95,46,FALL
15640,29.12,15,FALL
15641,36.02,17,FALL
15642,24.46,14,FALL
15643,29.71,16,FALL
15644,16.76,11,FALL
15645,40.09,18,FALL
15646,28.18,16,FALL
15647,10.63,10,FALL
15648,28.42,15,FALL
15649,35.72,17,FALL
15650,44.36,19,FALL
15651,124.34,48,FALL
15652,11.29,9,FALL
15653,52.86,24,FALL
15654,38.24,18,FALL
15655,65.67,28,FALL
15656,77.95,30,FALL
15657,77.58,31,FALL
15658,44.96,21,FALL
15659,-3.14,4,FALL
15660,8.49,8,FALL
15661,19.78,12,FALL
15662,12.23,9,FALL
15663,30.88,16,FALL
15664,27.47,15,FALL
15665,13.60,10,FALL
15666,-3.31,4,FALL
15667,13.99,10,FALL
15668,35.25,17,FALL
15669,32.43,16,FALL
15670,32.09,16,FALL
15671,36.78,18,FALL
15672,36.41,17,FALL
15673,50.94,23,FALL
15674,16.37,10,FALL
15675,35.40,17,FALL
15676,30.93,15,FALL
15677,10.22,8,FALL
15678,4.43,6,FALL
15679,49.69,22,FALL
15680,29.42,15,FALL
15681,36.86,17,FALL
15682,37.18,18,FALL
15683,35.79,17,FALL
15684,13.65,11,FALL
15685,2.94,7,FALL
15686,34.20,16,FALL
15687,9.30,8,FALL
15688,35.89,17,FALL
15689,82.22,31,FALL
15690,32.15,18,FALL
15691,51.42,22,FALL
15692,47.68,20,FALL
15693,28.67,15,FALL
15694,-1.01,5,FALL
15695,26.09,13,FALL
15696,30.73,16,FALL
15697,1.10,5,FALL
15698,13.36,10,FALL
15699,70.87,27,FALL
15700,-0.93,5,FALL
15701,14.82,10,FALL
15702,21.75,12,FALL
15703,3.08,6,FALL
15704,19.14,12,FALL
15705,6.86,8,FALL
15706,8.04,8,FALL
15707,216.06,78,FALL
15708,34.29,17,FALL
15709,28.67,16,FALL
15710,18.18,11,FALL
15711,36.28,17,FALL
15712,32.46,16,FALL
15713,39.98,18,FALL
15714,-0.05,5,FALL
15715,118.49,46,FALL
15716,47.08,20,FALL
15717,27.69,15,FALL
15718,9.34,9,FALL
15719,0.29,5,FALL
15720,31.50,16,FALL
15721,43.11,22,FALL
15722,27.65,15,FALL
15723,9.67,9,FALL
15724,4.55,6,FALL
15725,-1.10,4,FALL
15726,33.43,16,FALL
15727,22.78,13,FALL
15728,9.67,9,FALL
15729,5.21,7,FALL
15730,96.48,36,FALL
15731,36.84,17,FALL
15732,38.91,18,FALL
15733,37.65,19,FALL
15734,32.06,17,FALL
15735,73.28,31,FALL
15736,12.09,10,FALL
15737,21.36,12,FALL
15738,10.57,9,FALL
15739,30.37,15,FALL
15740,39.35,18,FALL
15741,-4.74,4,FALL
15742,4.37,7,FALL
15743,0.29,6,FALL
15744,33.57,16,FALL
15745,-3.36,4,FALL
15746,1.14,6,FALL
15747,34.04,16,FALL
15748,50.20,21,FALL
15749,28.92,15,FALL
15750,32.10,16,FALL
15751,34.39,16,FALL
15752,22.82,13,FALL
15753,20.37,12,FALL
15754,8.96,8,FALL
15755,27.72,15,FALL
15756,3.21,6,FALL
15757,8.98,9,FALL
15758,33.23,17,FALL
15759,21.10,13,FALL
15760,17.76,11,FALL
15761,-4.59,3,FALL
15762,24.21,14,FALL
15763,31.89,16,FALL
15764,44.25,20,FALL
15765,35.63,16,FALL
15766,30.39,15,FALL
15767,33.04,17,FALL
15768,99.04,39,FALL
15769,43.69,20,FALL
15770,76.18,31,FALL
15771,19.52,12,FALL
15772,46.75,19,FALL
15773,32.21,16,FALL
15774,-3.68,4,FALL
15775,-5.69,3,FALL
15776,19.65,11,FALL
15777,35.44,17,FALL
15778,36.59,18,FALL
15779,2.07,6,FALL
15780,16.36,11,FALL
15781,17.79,10,FALL
15782,23.78,15,FALL
15783,35.94,17,FALL
15784,69.16,30,FALL
15785,36.96,17,FALL
15786,29.43,15,FALL
15787,46.17,20,FALL
15788,3.91,6,FALL
15789,35.19,17,FALL
15790,30.34,16,FALL
15791,77.45,31,FALL
15792,4.40,6,FALL
15793,14.61,10,FALL
15794,26.02,15,FALL
15795,27.04,14,FALL
15796,15.04,11,FALL
15797,32.94,16,FALL
15798,32.94,16,FALL
15799,-0.36,5,FALL
15800,40.20,17,FALL
15801,-1.24,5,FALL
15802,26.11,15,FALL
15803,19.51,12,FALL
15804,15.67,10,FALL
15805,23.65,15,FALL
15806,-0.85,5,FALL
15807,32.22,16,FALL
15808,31.06,15,FALL
15809,14.69,10,FALL
15810,0.11,6,FALL
15811,23.01,13,FALL
15812,35.36,17,FALL
15813,188.03,65,FALL
15814,6.39,7,FALL
15815,28.58,15,FALL
15816,32.79,16,FALL
15817,38.54,17,FALL
15818,31.54,16,FALL
15819,57.99,24,FALL
15820,15.24,10,FALL
15821,13.90,11,FALL
15822,31.44,16,FALL
15823,16.91,11,FALL
15824,14.18,10,FALL
15825,32.02,16,FALL
15826,23.17,13,FALL
15827,25.49,15,FALL
15828,46.75,20,FALL
15829,34.99,17,FALL
15830,49.31,21,FALL
15831,-3.03,4,FALL
15832,33.67,16,FALL
15833,14.25,9,FALL
15834,11.25,8,FALL
15835,38.78,18,FALL
15836,15.00,12,FALL
15837,25.94,14,FALL
15838,14.39,11,FALL
15839,20.51,12,FALL
15840,38.43,18,FALL
15841,5.25,7,FALL
15842,7.24,7,FALL
15843,7.94,8,FALL
15844,49.55,21,FALL
15845,29.85,16,FALL
15846,34.43,16,FALL
15847,39.08,19,FALL
15848,0.95,6,FALL
15849,16.77,11,FALL
15850,19.27,11,FALL
15851,47.56,20,FALL
15852,36.06,17,FALL
15853,43.57,19,FALL
15854,28.86,15,FALL
15855,106.29,42,FALL
15856,30.82,16,FALL
15857,29.25,15,FALL
15858,38.80,19,FALL
15859,34.28,17,FALL
15860,33.45,17,FALL
15861,28.75,15,FALL
15862,32.05,16,FALL
15863,28.34,15,FALL
15864,9.16,8,FALL
15865,32.90,16,FALL
15866,52.20,22,FALL
15867,39.92,19,FALL
15868,30.81,16,FALL
15869,29.04,16,FALL
15870,32.15,16,FALL
15871,10.46,8,FALL
15872,21.75,12,FALL
15873,22.62,15,FALL
15874,44.42,20,FALL
15875,4.76,6,FALL
15876,16.35,11,FALL
15877,42.86,19,FALL
15878,28.31,15,FALL
15879,8.60,8,FALL
15880,27.30,15,FALL
15881,37.63,17,FALL
15882,32.40,16,FALL
15883,-0.90,5,FALL
15884,91.24,37,FALL
15885,13.98,10,FALL
15886,115.83,43,FALL
15887,40.85,18,FALL
15888,31.73,16,FALL
15889,34.27,17,FALL
15890,21.44,12,FALL
15891,4.75,6,FALL
15892,27.02,15,FALL
15893,16.97,11,FALL
15894,41.16,19,FALL
15895,82.26,32,FALL
15896,85.79,33,FALL
15897,60.40,26,FALL
15898,36.53,17,FALL
15899,47.54,20,FALL
15900,41.64,19,FALL
15901,33.21,17,FALL
15902,5.66,7,FALL
15903,43.58,19,FALL
15904,32.73,16,FALL
15905,14.49,10,FALL
15906,57.15,23,FALL
15907,3.23,6,FALL
15908,0.95,5,FALL
15909,16.50,11,FALL
15910,23.43,14,FALL
15911,7.23,7,FALL
15912,57.87,24,FALL
15913,-2.93,4,FALL
15914,32.44,16,FALL
15915,33.44,16,FALL
15916,33.69,17,FALL
15917,42.45,19,FALL
15918,27.62,15,FALL
15919,15.90,11,FALL
15920,16.65,10,FALL
15921,7.96,7,FALL
15922,38.27,18,FALL
15923,41.85,20,FALL
15924,-3.12,4,FALL
15925,32.31,16,FALL
15926,11.54,9,FALL
15927,31.78,17,FALL
15928,7.43,8,FALL
15929,5.54,7,FALL
15930,32.89,16,FALL
15931,27.47,15,FALL
15932,32.83,16,FALL
15933,28.56,15,FALL
15934,30.33,15,FALL
15935,14.14,10,FALL
15936,33.90,17,FALL
15937,16.34,11,FALL
15938,32.35,16,FALL
15939,1.78,6,FALL
15940,44.96,19,FALL
15941,16.51,11,FALL
15942,33.60,17,FALL
15943,31.01,16,FALL
15944,34.48,17,FALL
15945,27.00,14,FALL
15946,32.11,16,FALL
15947,30.71,16,FALL
15948,27.99,15,FALL
15949,14.64,10,FALL
15950,88.17,33,FALL
15951,5.36,7,FALL
15952,27.57,15,FALL
15953,3.78,6,FALL
15954,120.06,46,FALL
15955,-2.90,4,FALL
15956,5.67,7,FALL
15957,57.72,23,FALL
15958,25.57,14,FALL
15959,31.75,16,FALL
15960,19.55,12,FALL
15961,42.37,18,FALL
15962,6.53,7,FALL
15963,-0.41,5,FALL
15964,32.99,16,FALL
15965,19.07,12,FALL
15966,-3.45,4,FALL
15967,54.25,23,FALL
15968,41.23,18,FALL
15969,91.71,35,FALL
15970,13.05,10,FALL
15971,33.17,16,FALL
15972,84.67,34,FALL
15973,4.90,7,FALL
15974,4.66,6,FALL
15975,22.17,14,FALL
15976,13.87,10,FALL
15977,50.55,21,FALL
15978,34.29,17,FALL
15979,86.32,36,FALL
15980,-5.58,3,FALL
15981,30.47,15,FALL
15982,93.52,34,FALL
15983,35.04,17,FALL
15984,128.07,47,FALL
15985,26.02,14,FALL
15986,11.17,9,FALL
15987,18.43,12,FALL
15988,-5.32,3,FALL
15989,32.57,16,FALL
15990,6.70,8,FALL
15991,32.50,17,FALL
15992,21.97,13,FALL
15993,38.17,17,FALL
15994,27.78,15,FALL
15995,23.11,13,FALL
15996,28.60,15,FALL
15997,-0.56,5,FALL
15998,29.66,15,FALL
15999,15.84,11,FALL
16000,34.63,17,FALL
16001,126.74,48,FALL
16002,17.54,12,FALL
16003,-2.49,4,FALL
16004,20.63,13,FALL
16005,9.69,9,FALL
16006,7.18,8,FALL
16007,0.54,6,FALL
16008,1.68,5,FALL
16009,29.03,15,FALL
16010,35.98,17,FALL
16011,107.62,44,FALL
16012,30.42,16,FALL
16013,31.88,16,FALL
16014,31.19,16,FALL
16015,17.02,11,FALL
16016,33.54,16,FALL
16017,36.59,17,FALL
16018,15.14,10,FALL
16019,28.87,15,FALL
16020,36.98,17,FALL
16021,24.57,14,FALL
16022,29.81,16,FALL
16023,30.62,16,FALL
16024,37.30,18,FALL
16025,31.36,16,FALL
16026,32.34,16,FALL
16027,25.64,14,FALL
16028,20.47,12,FALL
16029,29.38,15,FALL
16030,72.47,29,FALL
16031,36.67,18,FALL
16032,26.85,14,FALL
16033,127.70,46,FALL
16034,31.97,16,FALL
16035,91.73,35,FALL
16036,43.72,19,FALL
16037,10.28,8,FALL
16038,30.31,16,FALL
16039,24.96,14,FALL
16040,16.08,12,FALL
16041,34.79,16,FALL
16042,37.87,17,FALL
16043,112.81,45,FALL
16044,75.21,30,FALL
16045,4.48,6,FALL
16046,-1.56,5,FALL
16047,34.78,17,FALL
16048,-3.27,4,FALL
16049,23.94,13,FALL
16050,47.85,20,FALL
16051,126.04,47,FALL
16052,24.90,14,FALL
16053,25.22,14,FALL
16054,-3.62,4,FALL
16055,25.55,14,FALL
16056,30.62,16,FALL
16057,27.42,14,FALL
16058,10.56,9,FALL
16059,-4.68,3,FALL
16060,1.48,6,FALL
16061,30.20,15,FALL
16062,28.72,15,FALL
16063,128.02,46,FALL
16064,-4.84,3,FALL
16065,32.34,16,FALL
16066,8.10,8,FALL
16067,31.07,16,FALL
16068,23.41,13,FALL
16069,29.85,15,FALL
16070,25.46,14,FALL
16071,27.76,15,FALL
16072,90.93,37,FALL
16073,31.36,16,FALL
16074,26.68,15,FALL
16075,40.05,18,FALL
16076,26.61,15,FALL
16077,1.17,6,FALL
16078,14.81,11,FALL
16079,46.06,19,FALL
16080,-1.02,5,FALL
16081,70.98,28,FALL
16082,0.46,6,FALL
16083,-0.83,5,FALL
16084,27.97,16,FALL
16085,79.81,32,FALL
16086,-2.14,4,FALL
16087,30.96,17,FALL
16088,-3.78,4,FALL
16089,15.67,11,FALL
16090,6.48,7,FALL
16091,30.51,16,FALL
16092,29.39,15,FALL
16093,23.27,13,FALL
16094,25.10,14,FALL
16095,35.40,17,FALL
16096,31.64,16,FALL
16097,37.70,17,FALL
16098,20.37,12,FALL
16099,13.63,11,FALL
16100,30.30,15,FALL
16101,95.29,35,FALL
16102,25.12,14,FALL
16103,31.86,17,FALL
16104,3.42,7,FALL
16105,42.78,20,FALL
16106,72.92,30,FALL
16107,2.45,6,FALL
16108,-3.54,4,FALL
16109,27.90,15,FALL
16110,23.24,12,FALL
16111,38.94,18,FALL
16112,48.00,21,FALL
16113,31.31,16,FALL
16114,32.68,16,FALL
16115,43.16,19,FALL
16116,123.07,45,FALL
16117,30.09,16,FALL
16118,41.77,18,FALL
16119,12.86,10,FALL
16120,34.47,16,FALL
16121,32.78,16,FALL
16122,50.60,21,FALL
16123,2.80,6,FALL
16124,28.14,15,FALL
16125,29.57,16,FALL
16126,37.64,17,FALL
16127,26.76,15,FALL
16128,25.21,14,FALL
16129,32.06,16,FALL
16130,6.65,7,FALL
16131,-3.66,4,FALL
16132,-1.12,5,FALL
16133,26.82,15,FALL
16134,2.41,6,FALL
16135,20.24,13,FALL
16136,13.51,10,FALL
16137,31.16,16,FALL
16138,16.45,11,FALL
16139,27.53,15,FALL
16140,22.18,12,FALL
16141,23.15,13,FALL
16142,17.28,11,FALL
16143,38.28,17,FALL
16144,33.47,17,FALL
16145,29.82,15,FALL
16146,25.96,15,FALL
16147,125.14,47,FALL
16148,18.54,12,FALL
16149,25.51,14,FALL
16150,25.37,15,FALL
16151,31.61,16,FALL
16152,51.88,22,FALL
16153,34.70,17,FALL
16154,35.98,17,FALL
16155,22.52,13,FALL
16156,34.03,17,FALL
16157,38.51,18,FALL
16158,9.03,8,FALL
16159,11.50,9,FALL
16160,37.60,17,FALL
16161,31.89,16,FALL
16162,55.23,23,FALL
16163,28.54,15,FALL
16164,-3.09,4,FALL
16165,9.39,9,FALL
16166,130.46,47,FALL
16167,39.30,18,FALL
16168,25.25,15,FALL
16169,85.39,34,FALL
16170,32.35,16,FALL
16171,31.88,16,FALL
16172,27.93,15,FALL
16173,10.36,8,FALL
16174,47.90,21,FALL
16175,81.19,32,FALL
16176,33.72,16,FALL
16177,7.84,7,FALL
16178,46.98,21,FALL
16179,19.58,12,FALL
16180,18.56,11,FALL
16181,42.68,19,FALL
16182,4.84,7,FALL
16183,23.94,14,FALL
16184,32.12,17,FALL
16185,14.81,10,FALL
16186,27.01,14,FALL
16187,36.79,17,FALL
16188,33.26,16,FALL
16189,33.68,17,FALL
16190,-3.35,4,FALL
16191,11.65,9,FALL
16192,62.97,25,FALL
16193,33.31,17,FALL
16194,32.10,16,FALL
16195,-0.43,5,FALL
16196,-2.44,4,FALL
16197,36.61,18,FALL
16198,8.06,8,FALL
16199,31.73,16,FALL
16200,5.21,7,FALL
16201,62.95,26,FALL
16202,28.81,15,FALL
16203,35.02,17,FALL
16204,23.45,14,FALL
16205,-2.43,4,FALL
16206,14.74,10,FALL
16207,72.82,30,FALL
16208,24.08,12,FALL
16209,15.68,10,FALL
16210,78.34,32,FALL
16211,33.09,16,FALL
16212,31.76,16,FALL
16213,30.07,15,FALL
16214,37.10,18,FALL
16215,-2.72,4,FALL
16216,23.44,13,FALL
16217,25.77,14,FALL
16218,21.35,12,FALL
16219,4.35,7,FALL
16220,42.11,20,FALL
16221,32.17,16,FALL
16222,31.47,16,FALL
16223,46.77,21,FALL
16224,96.70,38,FALL
16225,32.43,16,FALL
16226,0.99,6,FALL
16227,17.49,11,FALL
16228,20.37,12,FALL
16229,18.04,11,FALL
16230,127.91,49,FALL
16231,-1.37,5,FALL
16232,119.22,46,FALL
16233,9.59,8,FALL
16234,-3.92,4,FALL
16235,4.53,7,FALL
16236,32.70,16,FALL
16237,32.78,16,FALL
16238,8.38,8,FALL
16239,47.43,20,FALL
16240,49.98,21,FALL
16241,21.83,13,FALL
16242,28.72,16,FALL
16243,5.98,7,FALL
16244,-3.14,4,FALL
16245,26.14,15,FALL
16246,3.93,6,FALL
16247,43.77,19,FALL
16248,129.86,48,FALL
16249,26.41,14,FALL
16250,48.66,22,FALL
16251,7.95,8,FALL
16252,-2.48,4,FALL
16253,42.32,18,FALL
16254,26.58,15,FALL
16255,52.81,24,FALL
16256,50.63,22,FALL
16257,17.47,11,FALL
16258,6.39,7,FALL
16259,34.74,17,FALL
16260,28.88,16,FALL
16261,28.05,15,FALL
16262,37.71,18,FALL
16263,-2.53,4,FALL
16264,34.83,17,FALL
16265,44.42,20,FALL
16266,32.93,16,FALL
16267,30.85,16,FALL
16268,-1.34,5,FALL
16269,66.02,27,FALL
16270,6.34,7,FALL
16271,28.32,15,FALL
16272,31.09,16,FALL
16273,82.10,32,FALL
16274,33.82,16,FALL
16275,28.60,15,FALL
16276,84.05,33,FALL
16277,31.36,16,FALL
16278,33.17,17,FALL
16279,33.12,16,FALL
16280,5.60,7,FALL
16281,42.54,19,FALL
16282,13.16,9,FALL
16283,28.23,15,FALL
16284,2.93,6,FALL
16285,89.70,35,FALL
16286,32.72,16,FALL
16287,-3.55,4,FALL
16288,8.85,7,FALL
16289,33.27,16,FALL
16290,-1.19,5,FALL
16291,39.82,19,FALL
16292,9.36,8,FALL
16293,34.75,17,FALL
16294,36.78,17,FALL
16295,91.75,34,FALL
16296,15.11,10,FALL
16297,66.55,29,FALL
16298,33.06,16,FALL
16299,33.62,16,FALL
16300,-1.47,5,FALL
16301,33.03,17,FALL
16302,39.63,19,FALL
16303,26.92,15,FALL
16304,32.15,16,FALL
16305,29.54,16,FALL
16306,11.81,9,FALL
16307,42.66,19,FALL
16308,122.45,45,FALL
16309,31.50,16,FALL
16310,67.50,30,FALL
16311,33.26,17,FALL
16312,38.19,17,FALL
16313,29.72,16,FALL
16314,32.02,16,FALL
16315,16.81,11,FALL
16316,40.53,19,FALL
16317,48.95,20,FALL
16318,22.46,13,FALL
16319,80.83,32,FALL
16320,28.74,15,FALL
16321,34.79,17,FALL
16322,34.73,16,FALL
16323,75.98,32,FALL
16324,8.15,7,FALL
16325,6.40,7,FALL
16326,15.21,11,FALL
16327,30.81,16,FALL
16328,32.00,16,FALL
16329,49.99,23,FALL
16330,68.84,29,FALL
16331,20.10,12,FALL
16332,12.70,9,FALL
16333,19.65,11,FALL
16334,29.27,15,FALL
16335,24.29,15,FALL
16336,32.79,16,FALL
16337,48.08,21,FALL
16338,32.23,16,FALL
16339,34.70,17,FALL
16340,33.56,16,FALL
16341,24.85,13,FALL
16342,33.82,17,FALL
16343,39.91,18,FALL
16344,31.09,16,FALL
16345,0.40,4,FALL
16346,15.85,11,FALL
16347,23.37,13,FALL
16348,54.77,25,FALL
16349,5.09,8,FALL
16350,22.71,14,FALL
16351,47.85,21,FALL
16352,3.83,6,FALL
16353,17.61,11,FALL
16354,-3.42,4,FALL
16355,31.17,16,FALL
16356,10.50,8,FALL
16357,-1.31,5,FALL
16358,8.80,8,FALL
16359,13.99,11,FALL
16360,-1.08,5,FALL
16361,13.22,9,FALL
16362,10.02,8,FALL
16363,106.62,41,FALL
16364,23.51,13,FALL
16365,28.84,15,FALL
16366,56.80,23,FALL
16367,36.74,17,FALL
16368,49.13,21,FALL
16369,4.66,8,FALL
16370,53.88,23,FALL
16371,115.14,41,FALL
16372,23.83,15,FALL
16373,16.53,10,FALL
16374,4.21,6,FALL
16375,19.46,12,FALL
16376,3.07,7,FALL
16377,121.73,46,FALL
16378,33.42,16,FALL
16379,32.92,16,FALL
16380,9.77,9,FALL
16381,2.32,6,FALL
16382,30.56,16,FALL
16383,16.72,11,FALL
16384,18.93,12,FALL
16385,32.86,16,FALL
16386,27.83,15,FALL
16387,6.48,8,FALL
16388,-1.29,5,FALL
16389,22.73,13,FALL
16390,18.55,12,FALL
16391,27.76,14,FALL
16392,30.45,16,FALL
16393,33.25,17,FALL
16394,7.80,7,FALL
16395,40.35,19,FALL
16396,12.25,9,FALL
16397,35.32,17,FALL
16398,38.71,18,FALL
16399,29.03,15,FALL
16400,66.09,27,FALL
16401,10.83,9,FALL
16402,6.58,6,FALL
16403,-2.63,4,FALL
16404,80.65,32,FALL
16405,7.69,8,FALL
16406,24.89,13,FALL
16407,37.50,18,FALL
16408,37.42,18,FALL
16409,0.30,6,FALL
16410,33.60,16,FALL
16411,29.11,15,FALL
16412,45.05,21,FALL
16413,9.88,8,FALL
16414,20.79,12,FALL
16415,49.75,21,FALL
16416,31.41,16,FALL
16417,31.36,16,FALL
16418,30.74,16,FALL
16419,58.08,24,FALL
16420,-4.10,4,FALL
16421,94.78,36,FALL
16422,23.35,14,FALL
16423,6.84,7,FALL
16424,19.41,11,FALL
16425,25.40,14,FALL
16426,31.62,16,FALL
16427,29.52,15,FALL
16428,30.78,16,FALL
16429,-3.79,4,FALL
16430,31.42,15,FALL
16431,38.23,17,FALL
16432,42.58,19,FALL
16433,121.92,45,FALL
16434,20.86,12,FALL
16435,36.86,17,FALL
16436,25.45,14,FALL
16437,31.34,16,FALL
16438,22.85,13,FALL
16439,22.97,14,FALL
16440,35.69,17,FALL
16441,30.85,16,FALL
16442,119.60,45,FALL
16443,32.10,16,FALL
16444,2.70,6,FALL
16445,27.28,15,FALL
16446,22.80,14,FALL
16447,36.52,17,FALL
16448,26.62,15,FALL
16449,3.72,6,FALL
16450,31.72,15,FALL
16451,100.00,37,FALL
16452,33.63,17,FALL
16453,33.82,16,FALL
16454,34.96,17,FALL
16455,28.69,13,FALL
16456,45.63,22,FALL
16457,27.45,15,FALL
16458,34.95,17,FALL
16459,29.75,16,FALL
16460,-1.06,4,FALL
16461,10.58,8,FALL
16462,31.38,16,FALL
16463,31.34,16,FALL
16464,29.89,17,FALL
16465,6.49,8,FALL
16466,64.77,28,FALL
16467,-0.72,5,FALL
16468,25.90,15,FALL
16469,5.96,7,FALL
16470,36.24,17,FALL
16471,31.98,16,FALL
16472,31.54,16,FALL
16473,28.41,15,FALL
16474,54.55,23,FALL
16475,6.71,7,FALL
16476,11.67,9,FALL
16477,47.71,21,FALL
16478,21.47,12,FALL
16479,14.60,11,FALL
16480,1.83,6,FALL
16481,-1.37,5,FALL
16482,1.74,6,FALL
16483,30.10,16,FALL
16484,25.27,13,FALL
16485,6.02,7,FALL
16486,14.75,10,FALL
16487,30.54,15,FALL
16488,38.14,18,FALL
16489,-1.05,5,FALL
16490,21.16,12,FALL
16491,32.13,16,FALL
16492,31.37,16,FALL
16493,24.33,14,FALL
16494,123.88,46,FALL
16495,85.53,34,FALL
16496,33.41,16,FALL
16497,30.01,15,FALL
16498,34.08,17,FALL
16499,48.71,21,FALL
16500,21.16,13,FALL
16501,29.83,16,FALL
16502,29.13,16,FALL
16503,32.41,16,FALL
16504,-2.21,5,FALL
16505,74.09,30,FALL
16506,20.87,12,FALL
16507,32.78,16,FALL
16508,7.33,8,FALL
16509,10.68,9,FALL
16510,24.09,14,FALL
16511,32.00,17,FALL
16512,43.90,20,FALL
16513,32.76,16,FALL
16514,29.66,15,FALL
16515,16.57,10,FALL
16516,4.56,6,FALL
16517,27.72,15,FALL
16518,35.90,17,FALL
16519,-1.94,5,FALL
16520,1.58,6,FALL
16521,8.57,7,FALL
16522,32.40,16,FALL
16523,4.20,6,FALL
16524,44.18,19,FALL
16525,38.48,18,FALL
16526,14.45,10,FALL
16527,35.25,17,FALL
16528,38.31,18,FALL
16529,36.44,18,FALL
16530,105.78,39,FALL
16531,63.28,25,FALL
16532,8.89,9,FALL
16533,46.41,20,FALL
16534,45.95,21,FALL
16535,23.17,13,FALL
16536,30.79,16,FALL
16537,20.11,12,FALL
16538,31.35,16,FALL
16539,23.01,13,FALL
16540,67.19,28,FALL
16541,29.61,15,FALL
16542,103.09,39,FALL
16543,-1.00,5,FALL
16544,-3.05,4,FALL
16545,32.83,16,FALL
16546,16.68,12,FALL
16547,-1.86,4,FALL
16548,49.34,21,FALL
16549,23.09,13,FALL
16550,7.33,9,FALL
16551,33.44,17,FALL
16552,50.33,21,FALL
16553,43.45,20,FALL
16554,15.12,10,FALL
16555,13.43,10,FALL
16556,29.05,15,FALL
16557,-0.66,5,FALL
16558,32.90,16,FALL
16559,70.31,29,FALL
16560,108.72,41,FALL
16561,5.55,6,FALL
16562,24.91,14,FALL
16563,26.57,15,FALL
16564,0.21,6,FALL
16565,6.28,7,FALL
16566,41.57,20,FALL
16567,35.46,17,FALL
16568,97.24,37,FALL
16569,37.17,18,FALL
16570,0.45,6,FALL
16571,28.32,15,FALL
16572,43.38,20,FALL
16573,30.20,16,FALL
16574,24.28,13,FALL
16575,73.05,28,FALL
16576,39.52,19,FALL
16577,39.41,18,FALL
16578,36.06,17,FALL
16579,3.66,6,FALL
16580,0.93,6,FALL
16581,23.85,13,FALL
16582,20.96,12,FALL
16583,25.43,14,FALL
16584,43.73,20,FALL
16585,29.87,15,FALL
16586,8.58,8,FALL
16587,17.85,12,FALL
16588,25.50,13,FALL
16589,32.69,16,FALL
16590,7.54,8,FALL
16591,6.22,7,FALL
16592,25.61,14,FALL
16593,29.39,15,FALL
16594,27.05,15,FALL
16595,47.53,21,FALL
16596,28.28,15,FALL
16597,32.89,16,FALL
16598,117.23,46,FALL
16599,21.38,13,FALL
16600,92.17,36,FALL
16601,27.38,15,FALL
16602,31.30,16,FALL
16603,56.60,24,FALL
16604,5.81,8,FALL
16605,36.46,17,FALL
16606,0.68,5,FALL
16607,30.55,15,FALL
16608,33.01,16,FALL
16609,27.72,15,FALL
16610,23.75,13,FALL
16611,7.22,7,FALL
16612,93.06,37,FALL
16613,30.07,15,FALL
16614,12.40,9,FALL
16615,38.06,17,FALL
16616,15.97,10,FALL
16617,44.64,20,FALL
16618,31.22,16,FALL
16619,39.17,18,FALL
16620,35.67,18,FALL
16621,5.81,7,FALL
16622,-0.24,5,FALL
16623,31.66,16,FALL
16624,33.16,17,FALL
16625,65.32,27,FALL
16626,40.60,20,FALL
16627,34.72,17,FALL
16628,29.22,16,FALL
16629,2.46,6,FALL
16630,16.22,11,FALL
16631,31.84,16,FALL
16632,31.46,15,FALL
16633,26.63,15,FALL
16634,21.10,14,FALL
16635,11.55,9,FALL
16636,36.85,18,FALL
16637,17.46,11,FALL
16638,6.98,8,FALL
16639,59.66,25,FALL
16640,48.14,20,FALL
16641,36.10,17,FALL
16642,77.26,32,FALL
16643,35.68,17,FALL
16644,32.40,16,FALL
16645,32.16,16,FALL
16646,44.62,19,FALL
16647,30.42,16,FALL
16648,32.59,16,FALL
16649,12.28,10,FALL
16650,22.91,13,FALL
16651,75.31,31,FALL
16652,6.81,7,FALL
16653,28.91,15,FALL
16654,53.99,23,FALL
16655,65.10,27,FALL
16656,28.16,15,FALL
16657,29.08,15,FALL
16658,19.42,11,FALL
16659,11.18,10,FALL
16660,17.06,11,FALL
16661,77.52,34,FALL
16662,0.42,5,FALL
16663,26.29,14,FALL
16664,45.36,21,FALL
16665,2.94,6,FALL
16666,39.21,18,FALL
16667,27.99,15,FALL
16668,-3.01,4,FALL
16669,42.79,18,FALL
16670,68.93,27,FALL
16671,-0.02,5,FALL
16672,41.75,18,FALL
16673,84.56,32,FALL
16674,13.23,9,FALL
16675,78.83,33,FALL
16676,1.93,6,FALL
16677,84.82,35,FALL
16678,58.83,26,FALL
16679,39.66,18,FALL
16680,28.50,15,FALL
16681,9.72,8,FALL
16682,-0.39,5,FALL
16683,23.99,14,FALL
16684,28.40,15,FALL
16685,44.10,20,FALL
16686,35.78,18,FALL
16687,14.69,10,FALL
16688,15.88,11,FALL
16689,34.36,17,FALL
16690,8.79,8,FALL
16691,-2.89,4,FALL
16692,35.20,17,FALL
16693,65.24,27,FALL
16694,32.71,16,FALL
16695,33.38,16,FALL
16696,32.63,16,FALL
16697,70.57,28,FALL
16698,41.60,19,FALL
16699,34.06,16,FALL
16700,29.74,15,FALL
16701,32.35,16,FALL
16702,29.72,14,FALL
16703,42.70,19,FALL
16704,0.84,6,FALL
16705,-2.81,4,FALL
16706,35.78,17,FALL
16707,6.99,7,FALL
16708,1.30,5,FALL
16709,59.38,25,FALL
16710,30.24,16,FALL
16711,32.75,16,FALL
16712,43.42,18,FALL
16713,32.58,16,FALL
16714,17.00,11,FALL
16715,33.71,17,FALL
16716,-1.40,5,FALL
16717,26.44,15,FALL
16718,23.55,13,FALL
16719,39.16,18,FALL
16720,38.95,18,FALL
16721,96.63,37,FALL
16722,33.33,16,FALL
16723,31.58,16,FALL
16724,36.03,17,FALL
16725,10.55,10,FALL
16726,26.67,15,FALL
16727,24.09,15,FALL
16728,36.15,17,FALL
16729,18.40,12,FALL
16730,3.90,6,FALL
16731,48.29,20,FALL
16732,36.13,17,FALL
16733,32.12,16,FALL
16734,-1.74,5,FALL
16735,30.86,15,FALL
16736,28.05,16,FALL
16737,32.10,16,FALL
16738,21.03,12,FALL
16739,33.52,16,FALL
16740,48.53,20,FALL
16741,26.24,15,FALL
16742,6.71,7,FALL
16743,37.24,18,FALL
16744,27.74,15,FALL
16745,9.69,8,FALL
16746,-0.80,5,FALL
16747,40.91,19,FALL
16748,22.42,13,FALL
16749,14.13,10,FALL
16750,30.92,16,FALL
16751,29.40,15,FALL
16752,18.46,11,FALL
16753,30.42,16,FALL
16754,1.32,6,FALL
16755,44.07,21,FALL
16756,17.49,12,FALL
16757,29.40,16,FALL
16758,30.16,15,FALL
16759,32.64,16,FALL
16760,3.88,7,FALL
16761,-0.97,5,FALL
16762,33.07,16,FALL
16763,4.66,7,FALL
16764,33.99,17,FALL
16765,130.75,48,FALL
16766,28.66,15,FALL
16767,22.29,13,FALL
16768,32.04,16,FALL
16769,23.93,14,FALL
16770,16.68,12,FALL
16771,31.19,16,FALL
16772,33.91,16,FALL
16773,39.38,18,FALL
16774,25.17,14,FALL
16775,42.09,19,FALL
16776,32.10,16,FALL
16777,30.05,15,FALL
16778,139.54,49,FALL
16779,15.40,10,FALL
16780,45.70,22,FALL
16781,17.23,11,FALL
16782,42.74,19,FALL
16783,22.85,13,FALL
16784,85.20,34,FALL
16785,6.83,7,FALL
16786,42.61,19,FALL
16787,30.20,15,FALL
16788,28.49,16,FALL
16789,11.09,9,FALL
16790,74.39,31,FALL
16791,46.71,20,FALL
16792,82.44,33,FALL
16793,81.16,32,FALL
16794,25.46,14,FALL
16795,23.11,13,FALL
16796,27.94,15,FALL
16797,34.63,17,FALL
16798,30.89,16,FALL
16799,51.02,22,FALL
16800,39.77,18,FALL
16801,-1.00,5,FALL
16802,28.59,15,FALL
16803,81.12,33,FALL
16804,31.73,16,FALL
16805,28.05,15,FALL
16806,29.73,15,FALL
16807,74.94,30,FALL
16808,71.46,30,FALL
16809,7.07,8,FALL
16810,33.86,17,FALL
16811,20.08,12,FALL
16812,24.99,14,FALL
16813,35.07,17,FALL
16814,33.30,16,FALL
16815,48.97,22,FALL
16816,29.53,15,FALL
16817,37.73,18,FALL
16818,34.62,16,FALL
16819,47.33,19,FALL
16820,114.26,45,FALL
16821,24.84,13,FALL
16822,38.01,18,FALL
16823,71.37,28,FALL
16824,35.69,17,FALL
16825,81.80,33,FALL
16826,48.96,21,FALL
16827,29.27,16,FALL
16828,32.40,16,FALL
16829,8.88,8,FALL
16830,26.96,16,FALL
16831,43.77,20,FALL
16832,36.92,18,FALL
16833,8.92,8,FALL
16834,24.82,14,FALL
16835,3.21,6,FALL
16836,45.03,19,FALL
16837,32.57,16,FALL
16838,16.25,11,FALL
16839,102.34,39,FALL
16840,33.78,17,FALL
16841,3.78,7,FALL
16842,8.85,8,FALL
16843,1.35,6,FALL
16844,49.56,21,FALL
16845,22.52,13,FALL
16846,26.72,14,FALL
16847,37.10,18,FALL
16848,32.66,17,FALL
16849,55.21,24,FALL
16850,33.18,16,FALL
16851,-0.67,5,FALL
16852,32.60,16,FALL
16853,22.84,13,FALL
16854,31.69,16,FALL
16855,22.38,13,FALL
16856,28.46,15,FALL
16857,42.91,20,FALL
16858,34.87,17,FALL
16859,27.74,15,FALL
16860,49.11,22,FALL
16861,70.40,28,FALL
16862,28.53,15,FALL
16863,35.54,17,FALL
16864,23.31,13,FALL
16865,31.34,16,FALL
16866,6.93,7,FALL
16867,45.36,19,FALL
16868,11.87,9,FALL
16869,31.97,16,FALL
16870,34.32,17,FALL
16871,4.13,7,FALL
16872,34.11,16,FALL
16873,32.15,16,FALL
16874,29.80,16,FALL
16875,109.92,42,FALL
16876,34.61,17,FALL
16877,23.87,13,FALL
16878,-0.63,5,FALL
16879,24.88,14,FALL
16880,207.62,76,FALL
16881,-0.67,5,FALL
16882,45.78,21,FALL
16883,17.81,11,FALL
16884,0.91,6,FALL
16885,-0.76,5,FALL
16886,43.57,19,FALL
16887,27.66,15,FALL
16888,11.81,9,FALL
16889,28.55,15,FALL
16890,34.20,16,FALL
16891,13.21,9,FALL
16892,33.09,16,FALL
16893,66.52,27,FALL
16894,-0.88,5,FALL
16895,75.53,31,FALL
16896,64.52,27,FALL
16897,25.12,14,FALL
16898,79.73,32,FALL
16899,46.90,20,FALL
16900,31.08,16,FALL
16901,9.69,8,FALL
16902,3.74,7,FALL
16903,37.21,18,FALL
16904,29.66,16,FALL
16905,38.32,18,FALL
16906,53.16,22,FALL
16907,9.19,8,FALL
16908,15.86,10,FALL
16909,56.95,25,FALL
16910,9.29,8,FALL
16911,43.81,20,FALL
16912,76.85,33,FALL
16913,11.21,9,FALL
16914,39.18,18,FALL
16915,3.59,7,FALL
16916,92.90,36,FALL
16917,126.15,46,FALL
16918,25.95,14,FALL
16919,11.42,9,FALL
16920,-2.51,4,FALL
16921,-1.67,5,FALL
16922,33.08,17,FALL
16923,18.47,11,FALL
16924,26.60,14,FALL
16925,63.91,26,FALL
16926,43.56,19,FALL
16927,32.18,16,FALL
16928,23.31,14,FALL
16929,31.79,17,FALL
16930,16.18,11,FALL
16931,-3.86,4,FALL
16932,38.97,18,FALL
16933,3.10,6,FALL
16934,28.29,16,FALL
16935,36.91,17,FALL
16936,122.17,46,FALL
16937,47.14,20,FALL
16938,13.79,10,FALL
16939,78.81,32,FALL
16940,43.34,19,FALL
16941,22.38,13,FALL
16942,35.93,17,FALL
16943,2.44,6,FALL
16944,15.94,11,FALL
16945,53.77,23,FALL
16946,36.16,18,FALL
16947,-1.99,4,FALL
16948,36.66,17,FALL
16949,46.08,20,FALL
16950,23.61,14,FALL
16951,-1.46,5,FALL
16952,36.03,17,FALL
16953,52.53,24,FALL
16954,33.61,16,FALL
16955,38.39,17,FALL
16956,15.98,11,FALL
16957,31.61,16,FALL
16958,47.16,21,FALL
16959,97.49,37,FALL
16960,1.17,5,FALL
16961,9.05,8,FALL
16962,5.71,7,FALL
16963,35.69,17,FALL
16964,10.56,9,FALL
16965,27.95,15,FALL
16966,46.52,19,FALL
16967,18.05,11,FALL
16968,24.53,15,FALL
16969,85.23,34,FALL
16970,44.21,20,FALL
16971,6.69,7,FALL
16972,35.62,18,FALL
16973,0.75,6,FALL
16974,19.67,11,FALL
16975,44.36,20,FALL
16976,42.02,18,FALL
16977,6.88,7,FALL
16978,64.58,27,FALL
16979,0.33,5,FALL
16980,41.37,19,FALL
16981,35.56,17,FALL
16982,16.18,11,FALL
16983,22.00,13,FALL
16984,8.04,7,FALL
16985,10.74,9,FALL
16986,36.69,18,FALL
16987,-2.92,4,FALL
16988,30.27,16,FALL
16989,5.08,7,FALL
16990,81.40,32,FALL
16991,51.52,22,FALL
16992,-6.53,3,FALL
16993,98.88,37,FALL
16994,42.67,19,FALL
16995,0.43,5,FALL
16996,39.33,18,FALL
16997,36.49,17,FALL
16998,32.75,17,FALL
16999,32.62,16,FALL
17000,25.75,14,FALL
17001,28.04,15,FALL
17002,26.06,14,FALL
17003,31.89,16,FALL
17004,9.22,8,FALL
17005,24.44,13,FALL
17006,30.89,15,FALL
17007,20.44,13,FALL
17008,35.02,17,FALL
17009,89.02,34,FALL
17010,83.21,32,FALL
17011,-0.82,5,FALL
17012,39.55,18,FALL
17013,5.67,7,FALL
17014,175.16,63,FALL
17015,26.35,15,FALL
17016,11.53,9,FALL
17017,31.27,16,FALL
17018,24.27,13,FALL
17019,45.38,21,FALL
17020,38.74,18,FALL
17021,-3.03,4,FALL
17022,-0.16,5,FALL
17023,4.95,6,FALL
17024,16.94,11,FALL
17025,18.47,12,FALL
17026,43.35,20,FALL
17027,89.77,34,FALL
17028,12.74,9,FALL
17029,37.66,17,FALL
17030,31.76,16,FALL
17031,5.94,7,FALL
17032,9.26,9,FALL
17033,14.97,10,FALL
17034,188.12,63,FALL
17035,-0.57,5,FALL
17036,33.39,16,FALL
17037,29.69,15,FALL
17038,2.75,5,FALL
17039,75.37,31,FALL
17040,5.37,7,FALL
17041,7.37,8,FALL
17042,24.02,13,FALL
17043,51.35,22,FALL
17044,36.05,17,FALL
17045,40.35,19,FALL
17046,28.69,15,FALL
17047,124.98,46,FALL
17048,49.42,21,FALL
17049,31.92,16,FALL
17050,57.97,24,FALL
17051,28.30,15,FALL
17052,70.01,29,FALL
17053,58.77,24,FALL
17054,32.07,17,FALL
17055,31.59,16,FALL
17056,32.24,16,FALL
17057,17.66,11,FALL
17058,24.75,14,FALL
17059,41.58,19,FALL
17060,22.11,12,FALL
17061,44.46,20,FALL
17062,34.94,17,FALL
17063,83.61,34,FALL
17064,21.37,13,FALL
17065,34.63,16,FALL
17066,49.39,21,FALL
17067,1.42,6,FALL
17068,3.34,6,FALL
17069,72.17,33,FALL
17070,29.06,16,FALL
17071,51.62,22,FALL
17072,6.03,8,FALL
17073,30.92,16,FALL
17074,32.74,16,FALL
17075,41.92,18,FALL
17076,18.25,12,FALL
17077,24.32,15,FALL
17078,-2.82,4,FALL
17079,25.66,14,FALL
17080,122.03,45,FALL
17081,2.44,6,FALL
17082,8.51,8,FALL
17083,31.33,16,FALL
17084,30.97,16,FALL
17085,26.39,14,FALL
17086,5.34,7,FALL
17087,32.13,16,FALL
17088,-3.85,4,FALL
17089,31.26,16,FALL
17090,44.62,21,FALL
17091,30.32,16,FALL
17092,-2.31,5,FALL
17093,35.32,17,FALL
17094,44.51,21,FALL
17095,29.03,15,FALL
17096,30.76,16,FALL
17097,103.44,40,FALL
17098,8.45,8,FALL
17099,37.40,17,FALL
17100,21.70,13,FALL
17101,3.10,6,FALL
17102,29.06,15,FALL
17103,25.12,15,FALL
17104,68.26,29,FALL
17105,29.49,16,FALL
17106,33.16,16,FALL
17107,13.58,10,FALL
17108,-0.97,5,FALL
17109,46.15,19,FALL
17110,22.61,14,FALL
17111,30.79,16,FALL
17112,13.99,10,FALL
17113,32.02,16,FALL
17114,75.36,29,FALL
17115,35.88,17,FALL
17116,25.28,15,FALL
17117,9.40,8,FALL
17118,23.46,13,FALL
17119,3.57,7,FALL
17120,37.80,18,FALL
17121,-0.48,5,FALL
17122,7.10,8,FALL
17123,32.04,16,FALL
17124,34.71,17,FALL
17125,25.04,12,FALL
17126,48.51,21,FALL
17127,7.63,8,FALL
17128,25.39,13,FALL
17129,19.63,13,FALL
17130,72.43,30,FALL
17131,20.15,11,FALL
17132,31.83,16,FALL
17133,58.52,24,FALL
17134,10.81,10,FALL
17135,35.66,18,FALL
17136,20.97,13,FALL
17137,11.71,9,FALL
17138,38.10,17,FALL
17139,33.50,16,FALL
17140,29.51,15,FALL
17141,33.27,16,FALL
17142,24.27,13,FALL
17143,23.64,13,FALL
17144,-2.43,4,FALL
17145,33.41,17,FALL
17146,85.49,34,FALL
17147,8.33,8,FALL
17148,31.80,15,FALL
17149,33.63,17,FALL
17150,31.50,17,FALL
17151,94.61,36,FALL
17152,31.41,16,FALL
17153,9.69,8,FALL
17154,12.25,9,FALL
17155,32.42,16,FALL
17156,-3.31,4,FALL
17157,10.52,9,FALL
17158,32.13,16,FALL
17159,3.84,6,FALL
17160,33.05,16,FALL
17161,18.05,11,FALL
17162,21.98,13,FALL
17163,34.62,17,FALL
17164,14.16,10,FALL
17165,27.28,15,FALL
17166,-3.15,4,FALL
17167,31.07,15,FALL
17168,12.39,10,FALL
17169,33.12,16,FALL
17170,30.11,16,FALL
17171,3.87,6,FALL
17172,34.24,17,FALL
17173,38.92,18,FALL
17174,15.60,11,FALL
17175,29.45,16,FALL
17176,21.31,13,FALL
17177,33.11,16,FALL
17178,31.21,16,FALL
17179,-0.14,5,FALL
17180,18.17,11,FALL
17181,31.40,17,FALL
17182,-4.78,4,FALL
17183,174.47,64,FALL
17184,24.78,14,FALL
17185,32.25,16,FALL
17186,29.95,16,FALL
17187,8.59,7,FALL
17188,30.75,16,FALL
17189,37.61,17,FALL
17190,1.83,6,FALL
17191,5.50,7,FALL
17192,19.17,11,FALL
17193,52.44,22,FALL
17194,11.57,9,FALL
17195,33.96,16,FALL
17196,18.54,11,FALL
17197,19.68,12,FALL
17198,29.17,16,FALL
17199,11.97,10,FALL
17200,17.71,11,FALL
17201,21.36,13,FALL
17202,4.32,7,FALL
17203,22.70,13,FALL
17204,31.32,16,FALL
17205,18.74,12,FALL
17206,11.85,9,FALL
17207,-0.91,5,FALL
17208,29.02,16,FALL
17209,37.65,17,FALL
17210,37.94,18,FALL
17211,19.67,12,FALL
17212,36.59,17,FALL
17213,86.66,35,FALL
17214,32.57,16,FALL
17215,39.97,18,FALL
17216,26.43,15,FALL
17217,55.92,24,FALL
17218,26.34,15,FALL
17219,13.26,10,FALL
17220,-2.80,4,FALL
17221,30.59,16,FALL
17222,4.98,7,FALL
17223,30.03,16,FALL
17224,31.80,17,FALL
17225,30.78,16,FALL
17226,7.20,8,FALL
17227,15.91,11,FALL
17228,34.70,17,FALL
17229,13.58,9,FALL
17230,14.87,10,FALL
17231,43.10,18,FALL
17232,32.50,16,FALL
17233,29.44,16,FALL
17234,101.68,36,FALL
17235,-3.57,4,FALL
17236,26.05,14,FALL
17237,34.89,17,FALL
17238,32.47,16,FALL
17239,14.51,10,FALL
17240,26.74,14,FALL
17241,31.60,16,FALL
17242,26.88,14,FALL
17243,12.59,9,FALL
17244,29.59,15,FALL
17245,15.81,11,FALL
17246,37.13,17,FALL
17247,4.42,7,FALL
17248,13.08,9,FALL
17249,21.58,12,FALL
17250,7.37,7,FALL
17251,20.47,12,FALL
17252,35.31,17,FALL
17253,11.98,9,FALL
17254,7.65,8,FALL
17255,-1.02,5,FALL
17256,5.76,7,FALL
17257,28.29,15,FALL
17258,31.97,15,FALL
17259,1.77,5,FALL
17260,28.44,15,FALL
17261,6.52,8,FALL
17262,74.12,30,FALL
17263,61.15,26,FALL
17264,43.08,19,FALL
17265,33.02,16,FALL
17266,37.07,17,FALL
17267,7.37,8,FALL
17268,15.61,11,FALL
17269,34.41,17,FALL
17270,92.94,36,FALL
17271,13.59,9,FALL
17272,17.79,12,FALL
17273,33.58,16,FALL
17274,33.29,16,FALL
17275,35.67,17,FALL
17276,32.34,16,FALL
17277,81.21,33,FALL
17278,33.39,16,FALL
17279,33.08,16,FALL
17280,97.61,37,FALL
17281,51.61,23,FALL
17282,21.87,13,FALL
17283,-4.04,4,FALL
17284,33.93,17,FALL
17285,35.75,17,FALL
17286,-1.61,5,FALL
17287,24.86,14,FALL
17288,6.20,7,FALL
17289,6.55,8,FALL
17290,14.50,9,FALL
17291,6.99,8,FALL
17292,43.09,19,FALL
17293,-2.11,4,FALL
17294,46.37,20,FALL
17295,-1.23,5,FALL
17296,31.72,16,FALL
17297,5.26,6,FALL
17298,12.62,10,FALL
17299,34.08,16,FALL
17300,42.62,19,FALL
17301,32.74,16,FALL
17302,10.69,10,FALL
17303,8.89,8,FALL
17304,35.85,18,FALL
17305,46.30,21,FALL
17306,-1.29,5,FALL
17307,35.05,17,FALL
17308,28.58,15,FALL
17309,14.41,9,FALL
17310,33.53,16,FALL
17311,6.00,8,FALL
17312,10.34,9,FALL
17313,11.99,9,FALL
17314,29.84,15,FALL
17315,29.39,15,FALL
17316,29.60,15,FALL
17317,47.11,21,FALL
17318,-0.18,5,FALL
17319,1.02,6,FALL
17320,22.10,13,FALL
17321,32.79,16,FALL
17322,21.03,13,FALL
17323,82.81,32,FALL
17324,18.69,11,FALL
17325,35.05,17,FALL
17326,40.43,20,FALL
17327,85.11,34,FALL
17328,86.33,35,FALL
17329,12.03,9,FALL
17330,12.42,9,FALL
17331,21.68,12,FALL
17332,31.77,16,FALL
17333,27.53,15,FALL
17334,45.28,20,FALL
17335,45.96,20,FALL
17336,5.63,8,FALL
17337,-2.80,4,FALL
17338,32.44,16,FALL
17339,32.47,16,FALL
17340,6.36,8,FALL
17341,31.07,16,FALL
17342,33.70,16,FALL
17343,26.34,15,FALL
17344,47.83,21,FALL
17345,-1.83,5,FALL
17346,79.23,32,FALL
17347,8.20,8,FALL
17348,31.91,16,FALL
17349,51.05,21,FALL
17350,11.54,10,FALL
17351,4.52,6,FALL
17352,49.56,22,FALL
17353,36.21,17,FALL
17354,4.25,7,FALL
17355,26.63,15,FALL
17356,45.68,20,FALL
17357,28.90,15,FALL
17358,31.40,16,FALL
17359,35.81,17,FALL
17360,2.92,6,FALL
17361,-2.83,4,FALL
17362,9.75,8,FALL
17363,13.57,10,FALL
17364,64.69,27,FALL
17365,23.53,14,FALL
17366,33.51,16,FALL
17367,16.59,10,FALL
17368,21.15,13,FALL
17369,86.59,35,FALL
17370,2.58,5,FALL
17371,46.58,20,FALL
17372,30.65,15,FALL
17373,39.53,18,FALL
17374,12.59,9,FALL
17375,23.21,13,FALL
17376,7.97,8,FALL
17377,136.28,50,FALL
17378,20.08,12,FALL
17379,25.71,15,FALL
17380,25.32,14,FALL
17381,33.17,16,FALL
17382,61.75,25,FALL
17383,51.64,22,FALL
17384,4.87,6,FALL
17385,0.13,6,FALL
17386,37.67,17,FALL
17387,15.20,10,FALL
17388,12.42,9,FALL
17389,12.70,9,FALL
17390,7.56,8,FALL
17391,5.54,6,FALL
17392,27.51,15,FALL
17393,4.60,6,FALL
17394,14.28,10,FALL
17395,-4.01,4,FALL
17396,61.52,25,FALL
17397,26.15,15,FALL
17398,36.60,17,FALL
17399,14.29,10,FALL
17400,28.03,15,FALL
17401,11.71,9,FALL
17402,35.25,17,FALL
17403,31.46,16,FALL
17404,57.48,24,FALL
17405,10.55,9,FALL
17406,9.08,8,FALL
17407,28.88,16,FALL
17408,26.79,14,FALL
17409,28.15,15,FALL
17410,27.00,15,FALL
17411,11.43,9,FALL
17412,25.68,13,FALL
17413,6.19,8,FALL
17414,29.59,16,FALL
17415,5.81,7,FALL
17416,29.05,15,FALL
17417,33.48,16,FALL
17418,12.25,9,FALL
17419,15.47,10,FALL
17420,39.09,19,FALL
17421,41.63,20,FALL
17422,71.47,30,FALL
17423,13.26,10,FALL
17424,4.51,7,FALL
17425,31.37,16,FALL
17426,25.35,14,FALL
17427,31.07,16,FALL
17428,14.74,11,FALL
17429,30.05,16,FALL
17430,34.75,17,FALL
17431,38.22,18,FALL
17432,29.95,15,FALL
17433,8.57,7,FALL
17434,41.89,18,FALL
17435,13.55,9,FALL
17436,33.56,17,FALL
17437,32.78,16,FALL
17438,31.02,16,FALL
17439,35.13,17,FALL
17440,5.98,7,FALL
17441,25.99,15,FALL
17442,44.65,20,FALL
17443,32.25,16,FALL
17444,33.74,16,FALL
17445,21.91,12,FALL
17446,1.07,5,FALL
17447,0.20,5,FALL
17448,68.38,29,FALL
17449,38.06,18,FALL
17450,66.42,27,FALL
17451,46.31,19,FALL
17452,35.36,17,FALL
17453,46.68,21,FALL
17454,-3.85,4,FALL
17455,76.12,30,FALL
17456,90.59,34,FALL
17457,29.43,15,FALL
17458,34.63,16,FALL
17459,50.47,22,FALL
17460,-0.86,5,FALL
17461,31.89,16,FALL
17462,-0.93,5,FALL
17463,14.62,10,FALL
17464,1.41,6,FALL
17465,5.57,7,FALL
17466,43.69,20,FALL
17467,42.98,20,FALL
17468,36.65,17,FALL
17469,35.92,17,FALL
17470,44.14,20,FALL
17471,31.38,16,FALL
17472,5.80,7,FALL
17473,-0.32,5,FALL
17474,29.07,15,FALL
17475,36.23,18,FALL
17476,8.45,8,FALL
17477,149.27,54,FALL
17478,24.34,14,FALL
17479,76.45,32,FALL
17480,47.60,21,FALL
17481,29.02,15,FALL
17482,41.10,19,FALL
17483,34.67,17,FALL
17484,56.97,24,FALL
17485,31.41,16,FALL
17486,32.54,16,FALL
17487,3.24,6,FALL
17488,3.02,6,FALL
17489,31.25,16,FALL
17490,38.17,18,FALL
17491,-1.14,5,FALL
17492,30.65,16,FALL
17493,132.05,47,FALL
17494,7.19,8,FALL
17495,29.58,16,FALL
17496,9.25,8,FALL
17497,24.90,15,FALL
17498,35.21,17,FALL
17499,2.74,7,FALL
17500,31.14,16,FALL
17501,32.59,17,FALL
17502,41.70,19,FALL
17503,-3.62,4,FALL
17504,4.10,6,FALL
17505,24.91,14,FALL
17506,35.71,17,FALL
17507,10.44,9,FALL
17508,38.41,18,FALL
17509,36.93,17,FALL
17510,31.82,16,FALL
17511,3.05,6,FALL
17512,15.16,9,FALL
17513,46.76,19,FALL
17514,21.79,13,FALL
17515,33.97,16,FALL
17516,23.71,14,FALL
17517,23.22,14,FALL
17518,28.18,15,FALL
17519,34.89,17,FALL
17520,45.08,19,FALL
17521,17.75,12,FALL
17522,32.05,16,FALL
17523,-2.53,4,FALL
17524,16.12,11,FALL
17525,33.92,17,FALL
17526,32.68,16,FALL
17527,20.45,12,FALL
17528,22.01,13,FALL
17529,78.73,33,FALL
17530,20.29,13,FALL
17531,19.39,12,FALL
17532,12.35,9,FALL
17533,12.90,9,FALL
17534,28.09,15,FALL
17535,23.57,13,FALL
17536,43.83,19,FALL
17537,30.73,16,FALL
17538,8.35,8,FALL
17539,10.72,9,FALL
17540,34.41,17,FALL
17541,37.32,17,FALL
17542,30.77,15,FALL
17543,12.77,9,FALL
17544,-3.08,4,FALL
17545,27.77,14,FALL
17546,37.12,17,FALL
17547,-3.11,4,FALL
17548,97.91,36,FALL
17549,29.57,16,FALL
17550,31.25,16,FALL
17551,11.36,9,FALL
17552,32.78,16,FALL
17553,6.28,8,FALL
17554,12.35,10,FALL
17555,28.72,15,FALL
17556,5.59,6,FALL
17557,31.49,17,FALL
17558,28.18,16,FALL
17559,32.18,16,FALL
17560,26.36,14,FALL
17561,28.23,15,FALL
17562,3.39,6,FALL
17563,13.95,10,FALL
17564,33.38,16,FALL
17565,33.11,16,FALL
17566,9.29,8,FALL
17567,2.60,7,FALL
17568,7.09,7,FALL
17569,34.02,16,FALL
17570,50.72,22,FALL
17571,40.85,18,FALL
17572,31.66,16,FALL
17573,30.17,16,FALL
17574,27.26,15,FALL
17575,30.07,16,FALL
17576,14.85,10,FALL
17577,39.64,20,FALL
17578,33.59,16,FALL
17579,33.80,17,FALL
17580,27.82,14,FALL
17581,40.20,18,FALL
17582,15.72,10,FALL
17583,32.39,17,FALL
17584,53.04,22,FALL
17585,2.40,5,FALL
17586,49.54,22,FALL
17587,32.25,16,FALL
17588,36.28,17,FALL
17589,37.07,17,FALL
17590,20.96,12,FALL
17591,-2.66,4,FALL
17592,45.49,19,FALL
17593,10.86,10,FALL
17594,33.94,16,FALL
17595,16.23,11,FALL
17596,8.52,9,FALL
17597,33.75,16,FALL
17598,34.92,17,FALL
17599,4.61,7,FALL
17600,44.99,19,FALL
17601,28.22,15,FALL
17602,28.50,15,FALL
17603,5.48,8,FALL
17604,16.47,11,FALL
17605,-0.68,5,FALL
17606,22.24,13,FALL
17607,-1.77,5,FALL
17608,35.59,17,FALL
17609,33.62,17,FALL
17610,51.83,22,FALL
17611,12.81,11,FALL
17612,43.53,19,FALL
17613,0.16,5,FALL
17614,5.44,7,FALL
17615,41.41,18,FALL
17616,30.59,16,FALL
17617,43.33,20,FALL
17618,23.05,13,FALL
17619,6.43,7,FALL
17620,22.35,13,FALL
17621,31.88,16,FALL
17622,38.16,18,FALL
17623,30.15,16,FALL
17624,20.22,12,FALL
17625,22.59,13,FALL
17626,35.26,17,FALL
17627,29.84,14,FALL
17628,28.33,15,FALL
17629,122.91,45,FALL
17630,38.28,18,FALL
17631,112.68,44,FALL
17632,27.97,15,FALL
17633,37.44,18,FALL
17634,19.10,12,FALL
17635,-1.75,5,FALL
17636,28.89,15,FALL
17637,28.95,15,FALL
17638,24.92,13,FALL
17639,50.53,21,FALL
17640,5.07,7,FALL
17641,26.15,15,FALL
17642,30.86,16,FALL
17643,-1.38,5,FALL
17644,13.34,10,FALL
17645,27.66,15,FALL
17646,30.81,16,FALL
17647,35.37,17,FALL
17648,37.32,18,FALL
17649,5.72,7,FALL
17650,29.49,15,FALL
17651,58.87,24,FALL
17652,19.47,12,FALL
17653,141.92,52,FALL
17654,23.79,13,FALL
17655,52.63,21,FALL
17656,4.13,6,FALL
17657,44.76,19,FALL
17658,29.85,15,FALL
17659,35.75,17,FALL
17660,0.13,5,FALL
17661,30.46,16,FALL
17662,6.35,8,FALL
17663,31.17,15,FALL
17664,73.78,31,FALL
17665,31.80,16,FALL
17666,-0.64,5,FALL
17667,15.63,10,FALL
17668,36.19,18,FALL
17669,88.35,34,FALL
17670,15.81,10,FALL
17671,25.12,14,FALL
17672,32.84,16,FALL
17673,35.07,17,FALL
17674,24.54,13,FALL
17675,36.13,17,FALL
17676,31.16,16,FALL
17677,11.70,9,FALL
17678,0.23,5,FALL
17679,-3.01,4,FALL
17680,35.16,17,FALL
17681,25.48,14,FALL
17682,22.92,14,FALL
17683,31.51,16,FALL
17684,5.50,8,FALL
17685,26.86,14,FALL
17686,5.45,7,FALL
17687,-1.68,5,FALL
17688,17.15,11,FALL
17689,52.51,22,FALL
17690,30.34,16,FALL
17691,29.80,16,FALL
17692,16.78,12,FALL
17693,10.92,9,FALL
17694,30.38,16,FALL
17695,27.99,15,FALL
17696,25.28,14,FALL
17697,7.69,8,FALL
17698,27.09,16,FALL
17699,12.95,9,FALL
17700,32.25,16,FALL
17701,49.53,21,FALL
17702,33.83,17,FALL
17703,27.97,15,FALL
17704,15.79,12,FALL
17705,24.87,14,FALL
17706,32.25,16,FALL
17707,16.50,10,FALL
17708,34.19,17,FALL
17709,37.44,18,FALL
17710,-2.99,4,FALL
17711,128.76,49,FALL
17712,30.43,16,FALL
17713,32.37,17,FALL
17714,42.38,18,FALL
17715,-3.14,4,FALL
17716,30.20,16,FALL
17717,32.17,16,FALL
17718,108.69,40,FALL
17719,17.31,11,FALL
17720,9.49,9,FALL
17721,17.56,11,FALL
17722,11.33,9,FALL
17723,84.23,34,FALL
17724,29.53,15,FALL
17725,29.85,16,FALL
17726,2.94,7,FALL
17727,82.21,32,FALL
17728,119.54,46,FALL
17729,56.50,24,FALL
17730,45.54,20,FALL
17731,21.72,13,FALL
17732,7.15,7,FALL
17733,32.57,16,FALL
17734,7.13,7,FALL
17735,20.23,13,FALL
17736,11.56,9,FALL
17737,31.95,16,FALL
17738,20.60,12,FALL
17739,35.26,17,FALL
17740,31.19,16,FALL
17741,32.41,16,FALL
17742,43.08,19,FALL
17743,5.08,6,FALL
17744,18.30,12,FALL
17745,45.00,22,FALL
17746,117.43,43,FALL
17747,33.11,16,FALL
17748,41.33,19,FALL
17749,10.63,8,FALL
17750,31.80,16,FALL
17751,4.27,6,FALL
17752,16.26,11,FALL
17753,32.49,16,FALL
17754,31.20,16,FALL
17755,-1.66,5,FALL
17756,19.40,12,FALL
17757,34.45,17,FALL
17758,32.54,16,FALL
17759,23.52,13,FALL
17760,31.40,16,FALL
17761,30.97,16,FALL
17762,8.28,8,FALL
17763,10.94,9,FALL
17764,33.31,16,FALL
17765,34.04,16,FALL
17766,21.82,12,FALL
17767,1.32,6,FALL
17768,15.39,12,FALL
17769,21.67,13,FALL
17770,42.81,20,FALL
17771,-0.73,5,FALL
17772,33.60,16,FALL
17773,-1.30,5,FALL
17774,49.11,20,FALL
17775,8.21,7,FALL
17776,30.72,16,FALL
17777,34.77,18,FALL
17778,83.29,33,FALL
17779,32.11,16,FALL
17780,20.89,13,FALL
17781,11.67,9,FALL
17782,27.72,15,FALL
17783,29.45,15,FALL
17784,10.38,10,FALL
17785,61.41,25,FALL
17786,29.94,16,FALL
17787,29.73,15,FALL
17788,23.87,14,FALL
17789,31.89,16,FALL
17790,30.38,16,FALL
17791,34.19,17,FALL
17792,4.97,7,FALL
17793,4.71,8,FALL
17794,31.90,16,FALL
17795,18.35,11,FALL
17796,21.97,13,FALL
17797,32.58,16,FALL
17798,55.40,23,FALL
17799,3.58,6,FALL
17800,32.16,16,FALL
17801,21.86,12,FALL
17802,11.28,9,FALL
17803,60.44,23,FALL
17804,37.03,18,FALL
17805,16.46,11,FALL
17806,32.64,17,FALL
17807,7.79,8,FALL
17808,32.30,16,FALL
17809,34.31,17,FALL
17810,-3.90,4,FALL
17811,88.44,34,FALL
17812,-3.75,4,FALL
17813,14.60,10,FALL
17814,9.29,8,FALL
17815,-0.13,5,FALL
17816,40.90,19,FALL
17817,122.14,48,FALL
17818,32.87,16,FALL
17819,1.05,5,FALL
17820,47.29,20,FALL
17821,38.75,18,FALL
17822,51.99,23,FALL
17823,120.80,45,FALL
17824,23.87,15,FALL
17825,-0.42,5,FALL
17826,44.14,20,FALL
17827,34.41,17,FALL
17828,30.94,16,FALL
17829,35.35,17,FALL
17830,33.68,16,FALL
17831,38.14,18,FALL
17832,24.96,14,FALL
17833,17.85,11,FALL
17834,34.78,17,FALL
17835,41.98,20,FALL
17836,30.69,15,FALL
17837,31.77,16,FALL
17838,35.10,17,FALL
17839,34.01,18,FALL
17840,31.46,16,FALL
17841,94.91,35,FALL
17842,1.89,5,FALL
17843,36.39,18,FALL
17844,32.81,16,FALL
17845,91.09,33,FALL
17846,16.59,11,FALL
17847,21.66,14,FALL
17848,34.23,17,FALL
17849,52.10,22,FALL
17850,1.29,6,FALL
17851,24.30,15,FALL
17852,33.76,15,FALL
17853,7.95,8,FALL
17854,19.23,12,FALL
17855,1.30,6,FALL
17856,25.13,14,FALL
17857,42.78,20,FALL
17858,10.36,9,FALL
17859,31.79,16,FALL
17860,37.14,18,FALL
17861,32.50,16,FALL
17862,140.21,51,FALL
17863,-1.67,4,FALL
17864,6.74,8,FALL
17865,34.47,17,FALL
17866,27.33,15,FALL
17867,-2.75,4,FALL
17868,52.07,22,FALL
17869,18.21,11,FALL
17870,32.44,16,FALL
17871,24.07,13,FALL
17872,84.25,33,FALL
17873,28.61,15,FALL
17874,31.07,15,FALL
17875,38.68,18,FALL
17876,8.19,7,FALL
17877,12.29,9,FALL
17878,5.04,7,FALL
17879,3.53,6,FALL
17880,32.12,16,FALL
17881,27.46,15,FALL
17882,4.81,7,FALL
17883,20.34,13,FALL
17884,29.96,16,FALL
17885,56.25,24,FALL
17886,29.44,15,FALL
17887,2.29,6,FALL
17888,32.31,16,FALL
17889,82.21,35,FALL
17890,3.08,7,FALL
17891,-0.77,5,FALL
17892,26.14,14,FALL
17893,37.00,17,FALL
17894,12.98,9,FALL
17895,30.94,16,FALL
17896,33.82,16,FALL
17897,-3.81,4,FALL
17898,5.01,7,FALL
17899,21.05,13,FALL
17900,91.29,35,FALL
17901,34.03,17,FALL
17902,33.99,17,FALL
17903,11.10,9,FALL
17904,32.32,16,FALL
17905,84.09,33,FALL
17906,50.68,23,FALL
17907,25.29,14,FALL
17908,36.50,19,FALL
17909,14.71,10,FALL
17910,34.17,16,FALL
17911,0.00,5,FALL
17912,41.26,18,FALL
17913,35.22,17,FALL
17914,-3.15,4,FALL
17915,23.41,14,FALL
17916,24.31,13,FALL
17917,7.49,8,FALL
17918,71.97,29,FALL
17919,0.55,6,FALL
17920,33.97,17,FALL
17921,24.42,13,FALL
17922,30.41,15,FALL
17923,33.61,17,FALL
17924,11.06,10,FALL
17925,34.24,17,FALL
17926,-2.76,4,FALL
17927,12.37,9,FALL
17928,10.06,8,FALL
17929,20.76,12,FALL
17930,46.24,20,FALL
17931,19.82,13,FALL
17932,29.71,15,FALL
17933,38.80,18,FALL
17934,24.91,14,FALL
17935,14.44,11,FALL
17936,31.84,15,FALL
17937,19.81,13,FALL
17938,32.97,16,FALL
17939,-3.10,4,FALL
17940,128.04,50,FALL
17941,18.49,11,FALL
17942,32.67,16,FALL
17943,31.39,16,FALL
17944,58.01,26,FALL
17945,30.50,16,FALL
17946,-3.97,4,FALL
17947,9.93,9,FALL
17948,28.64,16,FALL
17949,35.56,17,FALL
17950,35.97,17,FALL
17951,75.87,32,FALL
17952,37.81,18,FALL
17953,36.05,17,FALL
17954,52.14,22,FALL
17955,30.89,16,FALL
17956,31.18,16,FALL
17957,29.83,16,FALL
17958,27.86,15,FALL
17959,35.14,17,FALL
17960,7.75,7,FALL
17961,43.34,19,FALL
17962,33.63,17,FALL
17963,35.70,17,FALL
17964,6.64,7,FALL
17965,15.53,10,FALL
17966,40.24,19,FALL
17967,-1.19,5,FALL
17968,30.73,15,FALL
17969,67.24,27,FALL
17970,15.14,10,FALL
17971,21.71,14,FALL
17972,19.37,12,FALL
17973,21.72,13,FALL
17974,62.50,25,FALL
17975,-3.18,4,FALL
17976,36.94,17,FALL
17977,34.73,16,FALL
17978,35.27,17,FALL
17979,26.77,15,FALL
17980,4.47,6,FALL
17981,11.51,9,FALL
17982,49.15,21,FALL
17983,17.98,11,FALL
17984,2.20,6,FALL
17985,33.92,17,FALL
17986,1.25,6,FALL
17987,4.48,8,FALL
17988,54.24,22,FALL
17989,7.15,7,FALL
17990,91.84,37,FALL
17991,34.89,16,FALL
17992,24.95,14,FALL
17993,28.25,15,FALL
17994,4.30,7,FALL
17995,18.27,11,FALL
17996,-2.74,4,FALL
17997,9.82,8,FALL
17998,-0.87,5,FALL
17999,1.74,6,FALL
18000,30.25,16,FALL
18001,13.35,9,FALL
18002,17.35,11,FALL
18003,31.35,16,FALL
18004,11.44,9,FALL
18005,-2.85,4,FALL
18006,41.74,19,FALL
18007,-0.66,5,FALL
18008,31.41,16,FALL
18009,119.78,45,FALL
18010,46.63,21,FALL
18011,22.89,13,FALL
18012,40.49,18,FALL
18013,36.76,17,FALL
18014,97.20,38,FALL
18015,29.35,17,FALL
18016,121.38,46,FALL
18017,22.02,13,FALL
18018,-3.53,4,FALL
18019,27.67,15,FALL
18020,6.81,7,FALL
18021,21.57,13,FALL
18022,32.63,16,FALL
18023,21.38,12,FALL
18024,28.30,15,FALL
18025,0.46,5,FALL
18026,11.28,9,FALL
18027,31.62,16,FALL
18028,2.96,6,FALL
18029,6.10,6,FALL
18030,42.75,19,FALL
18031,32.28,16,FALL
18032,32.14,16,FALL
18033,-0.83,5,FALL
18034,37.05,17,FALL
18035,6.84,7,FALL
18036,34.20,16,FALL
18037,1.56,6,FALL
18038,44.60,20,FALL
18039,28.58,15,FALL
18040,-1.06,5,FALL
18041,47.39,21,FALL
18042,24.72,14,FALL
18043,7.37,8,FALL
18044,35.29,17,FALL
18045,35.17,17,FALL
18046,0.14,6,FALL
18047,44.96,21,FALL
18048,25.62,14,FALL
18049,32.95,16,FALL
18050,26.55,15,FALL
18051,51.86,21,FALL
18052,9.24,8,FALL
18053,30.95,16,FALL
18054,42.36,19,FALL
18055,74.54,30,FALL
18056,50.54,21,FALL
18057,4.65,6,FALL
18058,64.67,25,FALL
18059,36.69,17,FALL
18060,34.69,16,FALL
18061,-3.42,4,FALL
18062,-1.61,5,FALL
18063,32.27,16,FALL
18064,12.53,9,FALL
18065,29.48,15,FALL
18066,34.89,17,FALL
18067,32.47,16,FALL
18068,96.81,37,FALL
18069,3.91,7,FALL
18070,30.88,16,FALL
18071,40.21,19,FALL
18072,8.30,8,FALL
18073,19.63,12,FALL
18074,-3.55,4,FALL
18075,29.90,16,FALL
18076,32.81,16,FALL
18077,3.17,7,FALL
18078,10.44,10,FALL
18079,-2.81,4,FALL
18080,33.40,16,FALL
18081,-0.40,5,FALL
18082,121.29,45,FALL
18083,117.91,46,FALL
18084,30.82,16,FALL
18085,-3.74,4,FALL
18086,22.86,12,FALL
18087,33.58,17,FALL
18088,7.54,7,FALL
18089,24.88,14,FALL
18090,31.58,16,FALL
18091,9.42,8,FALL
18092,33.86,16,FALL
18093,30.81,16,FALL
18094,27.50,15,FALL
18095,34.29,16,FALL
18096,49.87,23,FALL
18097,40.24,18,FALL
18098,44.65,20,FALL
18099,118.99,45,FALL
18100,-1.67,5,FALL
18101,33.46,16,FALL
18102,32.74,16,FALL
18103,31.57,16,FALL
18104,32.80,16,FALL
18105,49.71,22,FALL
18106,9.35,9,FALL
18107,13.33,9,FALL
18108,31.22,16,FALL
18109,22.43,13,FALL
18110,32.63,16,FALL
18111,38.82,18,FALL
18112,17.31,11,FALL
18113,19.82,12,FALL
18114,-0.87,5,FALL
18115,-3.28,4,FALL
18116,33.90,17,FALL
18117,25.36,14,FALL
18118,-0.54,5,FALL
18119,34.84,17,FALL
18120,25.30,14,FALL
18121,11.45,9,FALL
18122,15.59,10,FALL
18123,2.16,6,FALL
18124,121.39,46,FALL
18125,22.19,12,FALL
18126,34.21,16,FALL
18127,31.92,16,FALL
18128,39.81,18,FALL
18129,31.40,17,FALL
18130,47.42,21,FALL
18131,-4.03,4,FALL
18132,29.29,15,FALL
18133,31.34,15,FALL
18134,25.98,14,FALL
18135,36.07,18,FALL
18136,16.05,10,FALL
18137,18.62,11,FALL
18138,29.70,15,FALL
18139,41.24,19,FALL
18140,32.13,16,FALL
18141,36.10,17,FALL
18142,3.98,7,FALL
18143,46.47,20,FALL
18144,15.88,11,FALL
18145,75.61,30,FALL
18146,29.75,16,FALL
18147,62.41,26,FALL
18148,9.60,8,FALL
18149,7.04,7,FALL
18150,15.10,10,FALL
18151,-3.53,4,FALL
18152,-0.43,5,FALL
18153,9.00,9,FALL
18154,26.96,15,FALL
18155,27.54,14,FALL
18156,29.45,15,FALL
18157,27.56,15,FALL
18158,34.13,16,FALL
18159,31.33,16,FALL
18160,5.08,7,FALL
18161,23.49,14,FALL
18162,34.85,17,FALL
18163,18.22,11,FALL
18164,7.49,8,FALL
18165,15.53,12,FALL
18166,3.84,6,FALL
18167,29.16,15,FALL
18168,16.22,10,FALL
18169,24.83,13,FALL
18170,59.49,25,FALL
18171,27.38,15,FALL
18172,37.52,18,FALL
18173,29.14,17,FALL
18174,127.47,45,FALL
18175,44.24,20,FALL
18176,3.55,6,FALL
18177,32.98,16,FALL
18178,80.09,33,FALL
18179,31.42,16,FALL
18180,8.79,9,FALL
18181,42.71,19,FALL
18182,23.80,13,FALL
18183,23.56,14,FALL
18184,30.10,15,FALL
18185,35.75,18,FALL
18186,27.02,15,FALL
18187,49.60,22,FALL
18188,36.77,17,FALL
18189,7.65,7,FALL
18190,49.54,21,FALL
18191,34.48,16,FALL
18192,34.89,17,FALL
18193,18.53,12,FALL
18194,10.74,9,FALL
18195,14.30,10,FALL
18196,77.21,31,FALL
18197,-0.79,5,FALL
18198,34.27,17,FALL
18199,30.84,16,FALL
18200,38.09,19,FALL
18201,18.01,13,FALL
18202,9.94,9,FALL
18203,33.37,16,FALL
18204,28.39,15,FALL
18205,2.60,7,FALL
18206,36.08,18,FALL
18207,25.64,14,FALL
18208,31.57,16,FALL
18209,63.26,25,FALL
18210,34.38,17,FALL
18211,45.89,20,FALL
18212,24.63,13,FALL
18213,32.40,16,FALL
18214,33.41,16,FALL
18215,-0.61,5,FALL
18216,32.46,16,FALL
18217,26.85,14,FALL
18218,112.60,43,FALL
18219,29.81,15,FALL
18220,17.05,11,FALL
18221,28.56,15,FALL
18222,33.95,17,FALL
18223,31.95,16,FALL
18224,70.05,30,FALL
18225,19.54,12,FALL
18226,3.40,6,FALL
18227,11.98,10,FALL
18228,108.68,44,FALL
18229,33.13,16,FALL
18230,-1.33,5,FALL
18231,29.50,15,FALL
18232,26.16,15,FALL
18233,30.05,16,FALL
18234,63.19,25,FALL
18235,-1.61,5,FALL
18236,47.87,24,FALL
18237,30.03,16,FALL
18238,8.59,7,FALL
18239,11.96,10,FALL
18240,24.94,13,FALL
18241,50.01,21,FALL
18242,30.47,16,FALL
18243,2.23,5,FALL
18244,27.56,16,FALL
18245,40.13,18,FALL
18246,57.19,23,FALL
18247,16.76,11,FALL
18248,141.56,53,FALL
18249,8.91,8,FALL
18250,71.64,28,FALL
18251,32.72,16,FALL
18252,15.81,11,FALL
18253,39.57,18,FALL
18254,42.79,18,FALL
18255,47.35,20,FALL
18256,28.79,16,FALL
18257,43.31,21,FALL
18258,-1.47,4,FALL
18259,13.74,10,FALL
18260,180.08,65,FALL
18261,33.87,17,FALL
18262,45.84,20,FALL
18263,38.67,18,FALL
18264,18.75,13,FALL
18265,38.90,17,FALL
18266,31.28,16,FALL
18267,33.18,16,FALL
18268,26.30,15,FALL
18269,23.12,12,FALL
18270,44.73,20,FALL
18271,31.71,16,FALL
18272,38.79,18,FALL
18273,0.61,5,FALL
18274,9.33,9,FALL
18275,43.04,19,FALL
18276,57.96,25,FALL
18277,112.14,44,FALL
18278,-1.57,5,FALL
18279,39.10,18,FALL
18280,38.59,18,FALL
18281,83.40,32,FALL
18282,22.19,13,FALL
18283,24.64,14,FALL
18284,8.26,8,FALL
18285,0.08,6,FALL
18286,-1.65,5,FALL
18287,6.92,7,FALL
18288,26.26,15,FALL
18289,14.81,10,FALL
18290,35.76,17,FALL
18291,12.63,9,FALL
18292,31.49,16,FALL
18293,31.07,16,FALL
18294,43.12,20,FALL
18295,26.22,15,FALL
18296,15.06,11,FALL
18297,15.47,10,FALL
18298,25.68,14,FALL
18299,33.03,16,FALL
18300,5.21,7,FALL
18301,12.08,9,FALL
18302,9.42,8,FALL
18303,38.46,18,FALL
18304,36.85,17,FALL
18305,34.52,16,FALL
18306,21.50,13,FALL
18307,-1.36,5,FALL
18308,21.70,13,FALL
18309,120.44,46,FALL
18310,55.99,24,FALL
18311,31.56,16,FALL
18312,8.77,8,FALL
18313,22.04,12,FALL
18314,20.79,12,FALL
18315,27.63,15,FALL
18316,14.25,10,FALL
18317,30.65,16,FALL
18318,27.31,15,FALL
18319,25.34,14,FALL
18320,31.36,16,FALL
18321,30.63,16,FALL
18322,17.66,12,FALL
18323,36.18,17,FALL
18324,32.35,17,FALL
18325,29.96,16,FALL
18326,-1.73,5,FALL
18327,-3.45,4,FALL
18328,38.49,18,FALL
18329,6.69,7,FALL
18330,33.01,17,FALL
18331,4.79,8,FALL
18332,-0.84,5,FALL
18333,108.83,41,FALL
18334,2.83,7,FALL
18335,43.02,19,FALL
18336,15.32,10,FALL
18337,83.40,33,FALL
18338,37.96,17,FALL
18339,7.51,8,FALL
18340,23.56,14,FALL
18341,12.49,9,FALL
18342,32.88,16,FALL
18343,-1.36,5,FALL
18344,30.83,16,FALL
18345,8.16,8,FALL
18346,6.21,7,FALL
18347,32.09,16,FALL
18348,28.01,15,FALL
18349,110.41,42,FALL
18350,2.79,7,FALL
18351,16.21,11,FALL
18352,9.58,9,FALL
18353,14.67,10,FALL
18354,18.71,11,FALL
18355,20.52,12,FALL
18356,27.86,16,FALL
18357,21.38,13,FALL
18358,9.58,9,FALL
18359,28.94,15,FALL
18360,21.72,12,FALL
18361,28.38,15,FALL
18362,35.92,17,FALL
18363,31.75,15,FALL
18364,11.15,9,FALL
18365,34.83,17,FALL
18366,32.30,16,FALL
18367,34.74,17,FALL
18368,11.20,10,FALL
18369,36.12,17,FALL
18370,80.11,33,FALL
18371,37.55,17,FALL
18372,34.69,16,FALL
18373,47.49,20,FALL
18374,14.08,10,FALL
18375,26.44,14,FALL
18376,28.00,15,FALL
18377,30.87,17,FALL
18378,1.70,6,FALL
18379,-0.32,5,FALL
18380,32.40,16,FALL
18381,29.44,16,FALL
18382,11.99,9,FALL
18383,41.99,18,FALL
18384,44.68,19,FALL
18385,13.46,10,FALL
18386,37.27,18,FALL
18387,16.41,11,FALL
18388,23.54,13,FALL
18389,28.89,15,FALL
18390,-1.21,5,FALL
18391,33.33,16,FALL
18392,33.54,16,FALL
18393,32.31,16,FALL
18394,12.15,11,FALL
18395,29.70,15,FALL
18396,30.81,15,FALL
18397,13.12,10,FALL
18398,92.02,35,FALL
18399,121.19,45,FALL
18400,10.72,9,FALL
18401,38.26,17,FALL
18402,3.89,7,FALL
18403,-0.62,5,FALL
18404,37.53,18,FALL
18405,9.67,8,FALL
18406,18.84,12,FALL
18407,47.71,20,FALL
18408,58.39,24,FALL
18409,25.19,14,FALL
18410,-1.98,4,FALL
18411,31.86,16,FALL
18412,28.38,15,FALL
18413,64.67,28,FALL
18414,27.58,15,FALL
18415,9.40,9,FALL
18416,33.01,17,FALL
18417,30.57,15,FALL
18418,34.87,17,FALL
18419,32.34,16,FALL
18420,33.82,17,FALL
18421,31.14,15,FALL
18422,17.22,12,FALL
18423,38.15,18,FALL
18424,31.34,16,FALL
18425,83.69,33,FALL
18426,25.64,14,FALL
18427,5.16,6,FALL
18428,35.06,17,FALL
18429,86.25,33,FALL
18430,32.69,17,FALL
18431,41.06,18,FALL
18432,34.59,18,FALL
18433,-3.50,4,FALL
18434,69.28,29,FALL
18435,32.63,16,FALL
18436,46.05,20,FALL
18437,31.88,16,FALL
18438,35.55,17,FALL
18439,20.46,12,FALL
18440,12.32,10,FALL
18441,13.45,10,FALL
18442,33.11,17,FALL
18443,32.06,16,FALL
18444,33.55,16,FALL
18445,37.04,18,FALL
18446,83.45,33,FALL
18447,33.52,17,FALL
18448,32.20,16,FALL
18449,106.40,42,FALL
18450,31.69,16,FALL
18451,10.27,9,FALL
18452,31.39,16,FALL
18453,29.03,15,FALL
18454,40.65,18,FALL
18455,8.28,8,FALL
18456,37.88,17,FALL
18457,31.19,15,FALL
18458,20.22,12,FALL
18459,35.80,17,FALL
18460,29.23,15,FALL
18461,-3.04,4,FALL
18462,34.86,17,FALL
18463,37.25,17,FALL
18464,36.68,17,FALL
18465,-3.78,4,FALL
18466,58.71,25,FALL
18467,13.65,11,FALL
18468,17.22,12,FALL
18469,37.61,19,FALL
18470,33.24,16,FALL
18471,8.34,8,FALL
18472,11.13,9,FALL
18473,32.73,16,FALL
18474,33.53,16,FALL
18475,25.94,14,FALL
18476,3.80,6,FALL
18477,35.95,17,FALL
18478,-0.95,5,FALL
18479,32.46,16,FALL
18480,38.61,18,FALL
18481,-5.55,3,FALL
18482,19.98,12,FALL
18483,15.58,12,FALL
18484,32.09,16,FALL
18485,23.20,14,FALL
18486,41.52,18,FALL
18487,31.56,16,FALL
18488,26.09,15,FALL
18489,15.34,10,FALL
18490,25.53,14,FALL
18491,12.78,10,FALL
18492,33.79,16,FALL
18493,35.04,17,FALL
18494,18.26,12,FALL
18495,40.00,19,FALL
18496,2.45,6,FALL
18497,12.78,10,FALL
18498,31.05,16,FALL
18499,5.72,7,FALL
18500,63.43,27,FALL
18501,11.42,9,FALL
18502,17.31,11,FALL
18503,31.82,15,FALL
18504,11.61,10,FALL
18505,18.41,12,FALL
18506,32.70,16,FALL
18507,74.91,31,FALL
18508,3.13,7,FALL
18509,32.00,16,FALL
18510,19.64,12,FALL
18511,32.56,16,FALL
18512,16.04,10,FALL
18513,-0.91,5,FALL
18514,10.17,9,FALL
18515,38.93,18,FALL
18516,81.25,33,FALL
18517,-1.07,5,FALL
18518,10.47,9,FALL
18519,8.42,8,FALL
18520,19.61,12,FALL
18521,29.97,16,FALL
18522,39.59,18,FALL
18523,56.56,24,FALL
18524,20.54,12,FALL
18525,50.39,22,FALL
18526,14.82,10,FALL
18527,14.19,10,FALL
18528,27.38,15,FALL
18529,32.83,16,FALL
18530,29.68,15,FALL
18531,44.08,20,FALL
18532,13.82,10,FALL
18533,32.09,16,FALL
18534,22.47,13,FALL
18535,39.36,18,FALL
18536,22.79,13,FALL
18537,60.32,24,FALL
18538,29.80,15,FALL
18539,35.16,16,FALL
18540,24.87,14,FALL
18541,20.48,13,FALL
18542,28.68,15,FALL
18543,44.58,19,FALL
18544,-3.52,4,FALL
18545,0.74,6,FALL
18546,1.26,6,FALL
18547,30.58,16,FALL
18548,2.41,7,FALL
18549,5.41,7,FALL
18550,32.95,16,FALL
18551,37.96,18,FALL
18552,13.19,9,FALL
18553,2.53,6,FALL
18554,1.30,6,FALL
18555,33.57,16,FALL
18556,20.01,12,FALL
18557,6.95,8,FALL
18558,-1.37,5,FALL
18559,45.83,19,FALL
18560,19.57,12,FALL
18561,30.10,15,FALL
18562,71.53,30,FALL
18563,21.45,12,FALL
18564,36.11,18,FALL
18565,15.12,11,FALL
18566,41.37,19,FALL
18567,-0.65,4,FALL
18568,44.42,20,FALL
18569,34.98,17,FALL
18570,-0.34,5,FALL
18571,10.95,9,FALL
18572,29.36,15,FALL
18573,49.32,22,FALL
18574,21.21,12,FALL
18575,21.58,13,FALL
18576,9.75,8,FALL
18577,35.56,17,FALL
18578,-0.93,5,FALL
18579,31.37,16,FALL
18580,31.36,16,FALL
18581,29.74,15,FALL
18582,23.46,14,FALL
18583,10.94,10,FALL
18584,36.02,16,FALL
18585,3.42,6,FALL
18586,36.15,17,FALL
18587,40.35,19,FALL
18588,32.20,16,FALL
18589,39.24,18,FALL
18590,41.84,19,FALL
18591,24.27,14,FALL
18592,34.59,16,FALL
18593,8.60,8,FALL
18594,32.31,16,FALL
18595,31.05,16,FALL
18596,11.72,10,FALL
18597,31.70,16,FALL
18598,-3.03,4,FALL
18599,32.27,17,FALL
18600,33.47,16,FALL
18601,-0.97,5,FALL
18602,2.30,6,FALL
18603,18.10,12,FALL
18604,34.29,17,FALL
18605,22.22,13,FALL
18606,32.20,16,FALL
18607,58.04,24,FALL
18608,7.49,8,FALL
18609,96.41,37,FALL
18610,47.93,21,FALL
18611,24.90,14,FALL
18612,36.73,17,FALL
18613,30.30,16,FALL
18614,6.78,8,FALL
18615,35.64,17,FALL
18616,8.90,8,FALL
18617,28.46,15,FALL
18618,32.24,16,FALL
18619,34.14,17,FALL
18620,220.79,79,FALL
18621,-2.29,5,FALL
18622,57.09,24,FALL
18623,24.08,13,FALL
18624,0.83,6,FALL
18625,13.58,10,FALL
18626,9.98,8,FALL
18627,34.24,18,FALL
18628,11.38,9,FALL
18629,47.95,20,FALL
18630,17.69,11,FALL
18631,35.63,17,FALL
18632,48.43,21,FALL
18633,31.24,16,FALL
18634,28.52,15,FALL
18635,32.83,17,FALL
18636,27.12,15,FALL
18637,28.92,15,FALL
18638,40.88,19,FALL
18639,-0.45,5,FALL
18640,-1.26,5,FALL
18641,29.82,16,FALL
18642,44.76,20,FALL
18643,26.45,15,FALL
18644,16.63,11,FALL
18645,-3.43,4,FALL
18646,15.45,11,FALL
18647,30.78,16,FALL
18648,30.59,16,FALL
18649,36.31,17,FALL
18650,42.59,21,FALL
18651,4.13,6,FALL
18652,73.35,32,FALL
18653,19.96,12,FALL
18654,33.30,16,FALL
18655,129.14,46,FALL
18656,32.44,16,FALL
18657,22.50,12,FALL
18658,18.81,12,FALL
18659,31.93,16,FALL
18660,5.32,8,FALL
18661,32.10,16,FALL
18662,18.01,12,FALL
18663,20.59,12,FALL
18664,51.13,21,FALL
18665,29.78,15,FALL
18666,9.68,7,FALL
18667,31.02,16,FALL
18668,3.85,7,FALL
18669,67.97,29,FALL
18670,30.47,15,FALL
18671,34.68,18,FALL
18672,28.99,15,FALL
18673,11.40,9,FALL
18674,12.13,9,FALL
18675,57.42,24,FALL
18676,12.98,10,FALL
18677,1.32,6,FALL
18678,26.74,14,FALL
18679,54.38,23,FALL
18680,31.65,16,FALL
18681,71.68,30,FALL
18682,12.75,10,FALL
18683,-1.04,5,FALL
18684,21.44,13,FALL
18685,24.87,14,FALL
18686,32.15,16,FALL
18687,32.15,16,FALL
18688,-3.58,4,FALL
18689,49.27,21,FALL
18690,32.61,16,FALL
18691,15.85,11,FALL
18692,30.92,16,FALL
18693,4.68,7,FALL
18694,15.51,10,FALL
18695,13.52,10,FALL
18696,17.12,11,FALL
18697,29.00,16,FALL
18698,-0.68,5,FALL
18699,25.67,15,FALL
18700,32.15,16,FALL
18701,31.72,16,FALL
18702,73.33,29,FALL
18703,27.47,16,FALL
18704,16.47,11,FALL
18705,3.50,6,FALL
18706,19.12,13,FALL
18707,7.36,7,FALL
18708,35.80,17,FALL
18709,9.92,10,FALL
18710,-2.86,4,FALL
18711,82.59,32,FALL
18712,23.63,12,FALL
18713,10.07,8,FALL
18714,4.89,7,FALL
18715,37.81,18,FALL
18716,9.24,8,FALL
18717,24.92,14,FALL
18718,30.05,15,FALL
18719,32.03,16,FALL
18720,10.08,8,FALL
18721,55.49,24,FALL
18722,26.54,14,FALL
18723,87.06,34,FALL
18724,3.14,6,FALL
18725,36.11,17,FALL
18726,35.32,17,FALL
18727,13.72,10,FALL
18728,57.35,24,FALL
18729,46.58,19,FALL
18730,37.20,18,FALL
18731,-1.39,5,FALL
18732,30.50,15,FALL
18733,25.04,14,FALL
18734,59.61,26,FALL
18735,9.18,9,FALL
18736,18.61,11,FALL
18737,11.17,10,FALL
18738,30.00,15,FALL
18739,32.95,16,FALL
18740,124.46,46,FALL
18741,15.51,11,FALL
18742,47.76,20,FALL
18743,-1.79,5,FALL
18744,-0.94,5,FALL
18745,37.36,18,FALL
18746,13.71,10,FALL
18747,34.77,16,FALL
18748,46.46,20,FALL
18749,36.82,17,FALL
18750,42.43,19,FALL
18751,18.43,11,FALL
18752,30.72,16,FALL
18753,22.44,13,FALL
18754,30.04,15,FALL
18755,53.19,22,FALL
18756,40.34,18,FALL
18757,24.47,14,FALL
18758,17.84,12,FALL
18759,24.82,14,FALL
18760,35.52,17,FALL
18761,29.76,16,FALL
18762,34.26,17,FALL
18763,39.47,19,FALL
18764,19.32,12,FALL
18765,81.25,33,FALL
18766,35.51,17,FALL
18767,0.02,6,FALL
18768,31.82,15,FALL
18769,37.05,18,FALL
18770,42.46,19,FALL
18771,29.50,16,FALL
18772,47.15,21,FALL
18773,32.57,16,FALL
18774,46.25,21,FALL
18775,0.52,6,FALL
18776,34.48,17,FALL
18777,-4.45,4,FALL
18778,30.14,16,FALL
18779,7.25,8,FALL
18780,144.47,52,FALL
18781,52.65,23,FALL
18782,63.26,28,FALL
18783,-4.97,3,FALL
18784,-0.89,5,FALL
18785,21.69,14,FALL
18786,36.76,17,FALL
18787,27.36,15,FALL
18788,32.90,16,FALL
18789,25.51,14,FALL
18790,35.77,17,FALL
18791,40.46,17,FALL
18792,216.40,76,FALL
18793,16.85,11,FALL
18794,34.45,17,FALL
18795,34.12,17,FALL
18796,58.17,25,FALL
18797,31.76,15,FALL
18798,6.72,8,FALL
18799,-2.97,4,FALL
18800,31.17,16,FALL
18801,-3.36,4,FALL
18802,-0.08,5,FALL
18803,-0.29,5,FALL
18804,88.75,33,FALL
18805,0.50,6,FALL
18806,45.27,20,FALL
18807,4.45,6,FALL
18808,34.49,17,FALL
18809,-0.61,5,FALL
18810,36.86,16,FALL
18811,121.23,46,FALL
18812,34.06,17,FALL
18813,46.60,20,FALL
18814,131.18,48,FALL
18815,32.86,16,FALL
18816,32.32,16,FALL
18817,67.30,27,FALL
18818,36.86,16,FALL
18819,1.30,6,FALL
18820,34.33,17,FALL
18821,-3.04,4,FALL
18822,31.54,16,FALL
18823,35.00,17,FALL
18824,35.00,17,FALL
18825,26.25,15,FALL
18826,32.25,16,FALL
18827,-1.27,5,FALL
18828,35.52,17,FALL
18829,1.76,6,FALL
18830,29.69,15,FALL
18831,31.19,16,FALL
18832,13.60,10,FALL
18833,6.64,7,FALL
18834,30.86,16,FALL
18835,26.86,14,FALL
18836,29.37,16,FALL
18837,14.83,10,FALL
18838,37.72,19,FALL
18839,40.17,18,FALL
18840,1.14,6,FALL
18841,58.96,26,FALL
18842,11.35,9,FALL
18843,43.50,20,FALL
18844,42.43,20,FALL
18845,35.42,17,FALL
18846,12.97,10,FALL
18847,32.87,16,FALL
18848,15.73,11,FALL
18849,5.60,7,FALL
18850,21.71,13,FALL
18851,18.17,12,FALL
18852,3.17,6,FALL
18853,28.27,15,FALL
18854,29.87,16,FALL
18855,35.43,17,FALL
18856,78.96,31,FALL
18857,117.64,47,FALL
18858,29.32,16,FALL
18859,0.92,6,FALL
18860,32.23,16,FALL
18861,35.75,18,FALL
18862,8.51,8,FALL
18863,29.15,15,FALL
18864,25.70,14,FALL
18865,10.73,9,FALL
18866,-3.18,4,FALL
18867,33.90,18,FALL
18868,3.94,7,FALL
18869,28.10,15,FALL
18870,29.48,18,FALL
18871,25.04,14,FALL
18872,18.44,11,FALL
18873,31.43,16,FALL
18874,33.42,16,FALL
18875,26.64,14,FALL
18876,10.04,9,FALL
18877,31.38,16,FALL
18878,-2.58,4,FALL
18879,-3.13,4,FALL
18880,21.65,12,FALL
18881,37.04,19,FALL
18882,34.72,17,FALL
18883,11.44,9,FALL
18884,13.84,10,FALL
18885,37.22,18,FALL
18886,0.31,5,FALL
18887,36.36,18,FALL
18888,39.22,18,FALL
18889,28.09,16,FALL
18890,91.76,36,FALL
18891,14.16,10,FALL
18892,11.88,9,FALL
18893,16.56,12,FALL
18894,19.94,11,FALL
18895,125.43,46,FALL
18896,23.52,13,FALL
18897,31.10,16,FALL
18898,77.21,33,FALL
18899,42.43,20,FALL
18900,24.25,14,FALL
18901,54.57,24,FALL
18902,33.10,17,FALL
18903,70.93,29,FALL
18904,24.08,13,FALL
18905,34.55,17,FALL
18906,9.49,8,FALL
18907,9.11,8,FALL
18908,33.02,16,FALL
18909,32.86,16,FALL
18910,33.32,16,FALL
18911,57.83,24,FALL
18912,36.72,18,FALL
18913,-2.71,4,FALL
18914,26.92,14,FALL
18915,0.90,6,FALL
18916,68.31,28,FALL
18917,45.30,21,FALL
18918,31.54,16,FALL
18919,83.80,32,FALL
18920,40.80,18,FALL
18921,38.23,17,FALL
18922,22.33,14,FALL
18923,1.43,6,FALL
18924,18.33,11,FALL
18925,31.64,17,FALL
18926,31.37,16,FALL
18927,32.61,16,FALL
18928,32.87,16,FALL
18929,36.69,17,FALL
18930,35.95,17,FALL
18931,85.20,34,FALL
18932,29.23,16,FALL
18933,30.97,16,FALL
18934,46.82,20,FALL
18935,74.13,30,FALL
18936,32.91,16,FALL
18937,34.78,17,FALL
18938,139.25,51,FALL
18939,33.74,17,FALL
18940,26.20,14,FALL
18941,63.09,26,FALL
18942,15.85,11,FALL
18943,33.73,17,FALL
18944,51.38,22,FALL
18945,45.49,21,FALL
18946,107.85,44,FALL
18947,1.40,6,FALL
18948,106.24,39,FALL
18949,12.08,9,FALL
18950,9.83,9,FALL
18951,-1.38,5,FALL
18952,-1.25,5,FALL
18953,22.66,13,FALL
18954,28.15,15,FALL
18955,6.40,7,FALL
18956,49.95,21,FALL
18957,32.36,17,FALL
18958,37.35,17,FALL
18959,-0.42,5,FALL
18960,10.36,9,FALL
18961,34.32,17,FALL
18962,12.96,9,FALL
18963,-2.66,4,FALL
18964,10.80,9,FALL
18965,19.92,12,FALL
18966,34.44,16,FALL
18967,32.87,16,FALL
18968,32.14,16,FALL
18969,12.84,10,FALL
18970,39.17,19,FALL
18971,1.56,5,FALL
18972,31.63,16,FALL
18973,67.41,27,FALL
18974,86.06,34,FALL
18975,28.85,15,FALL
18976,36.65,17,FALL
18977,-5.98,3,FALL
18978,28.63,15,FALL
18979,91.16,35,FALL
18980,12.67,9,FALL
18981,35.20,17,FALL
18982,31.25,16,FALL
18983,9.21,8,FALL
18984,32.21,16,FALL
18985,40.11,19,FALL
18986,29.89,15,FALL
18987,2.42,6,FALL
18988,45.49,20,FALL
18989,28.11,15,FALL
18990,28.37,16,FALL
18991,5.67,7,FALL
18992,36.63,18,FALL
18993,37.09,18,FALL
18994,38.18,18,FALL
18995,4.58,7,FALL
18996,52.96,22,FALL
18997,-3.04,4,FALL
18998,17.12,14,FALL
18999,33.85,16,FALL
19000,24.44,14,FALL
19001,27.45,14,FALL
19002,21.03,12,FALL
19003,8.48,8,FALL
19004,44.84,19,FALL
19005,27.39,15,FALL
19006,36.02,17,FALL
19007,9.56,8,FALL
19008,32.02,16,FALL
19009,39.47,18,FALL
19010,27.71,15,FALL
19011,12.56,9,FALL
19012,24.35,13,FALL
19013,32.06,16,FALL
19014,47.04,20,FALL
19015,23.94,14,FALL
19016,6.10,7,FALL
19017,17.30,11,FALL
19018,78.25,30,FALL
19019,8.43,9,FALL
19020,71.81,29,FALL
19021,34.25,17,FALL
19022,29.26,15,FALL
19023,16.80,11,FALL
19024,37.63,18,FALL
19025,34.24,16,FALL
19026,18.57,11,FALL
19027,5.16,7,FALL
19028,-1.09,5,FALL
19029,29.70,15,FALL
19030,-1.86,5,FALL
19031,33.11,16,FALL
19032,19.64,12,FALL
19033,18.13,11,FALL
19034,17.95,11,FALL
19035,34.60,17,FALL
19036,15.56,11,FALL
19037,1.43,6,FALL
19038,28.59,16,FALL
19039,-0.60,5,FALL
19040,11.91,9,FALL
19041,17.57,11,FALL
19042,31.33,16,FALL
19043,31.86,16,FALL
19044,22.85,13,FALL
19045,32.51,16,FALL
19046,-0.21,5,FALL
19047,22.17,13,FALL
19048,18.32,12,FALL
19049,-3.05,4,FALL
19050,38.64,18,FALL
19051,49.15,22,FALL
19052,65.95,27,FALL
19053,30.51,16,FALL
19054,41.81,20,FALL
19055,-0.43,5,FALL
19056,26.85,15,FALL
19057,82.40,33,FALL
19058,39.11,17,FALL
19059,19.18,12,FALL
19060,34.45,16,FALL
19061,33.45,16,FALL
19062,20.89,12,FALL
19063,6.37,7,FALL
19064,53.64,23,FALL
19065,-0.70,5,FALL
19066,29.67,15,FALL
19067,31.47,16,FALL
19068,22.82,13,FALL
19069,42.59,20,FALL
19070,31.95,16,FALL
19071,31.26,15,FALL
19072,5.10,7,FALL
19073,26.92,15,FALL
19074,33.83,16,FALL
19075,113.78,44,FALL
19076,26.28,13,FALL
19077,2.40,6,FALL
19078,83.43,34,FALL
19079,81.76,32,FALL
19080,27.85,15,FALL
19081,31.55,16,FALL
19082,23.38,13,FALL
19083,-6.12,4,FALL
19084,32.95,16,FALL
19085,31.92,16,FALL
19086,24.77,14,FALL
19087,29.02,15,FALL
19088,15.97,10,FALL
19089,16.25,11,FALL
19090,26.63,15,FALL
19091,-2.82,4,FALL
19092,50.21,21,FALL
19093,129.44,48,FALL
19094,46.33,20,FALL
19095,34.96,17,FALL
19096,-1.08,5,FALL
19097,7.63,7,FALL
19098,7.08,8,FALL
19099,8.44,9,FALL
19100,29.07,15,FALL
19101,26.77,16,FALL
19102,-0.49,5,FALL
19103,-0.38,4,FALL
19104,45.57,20,FALL
19105,90.89,35,FALL
19106,29.70,15,FALL
19107,31.45,16,FALL
19108,34.00,17,FALL
19109,-3.17,4,FALL
19110,3.67,7,FALL
19111,-2.34,4,FALL
19112,47.39,22,FALL
19113,6.35,8,FALL
19114,29.88,15,FALL
19115,18.96,11,FALL
19116,37.12,18,FALL
19117,31.16,15,FALL
19118,6.49,7,FALL
19119,12.98,10,FALL
19120,-0.21,5,FALL
19121,-4.39,4,FALL
19122,11.39,8,FALL
19123,1.21,7,FALL
19124,23.66,13,FALL
19125,35.44,16,FALL
19126,17.61,11,FALL
19127,3.23,7,FALL
19128,22.02,13,FALL
19129,-0.99,5,FALL
19130,35.58,17,FALL
19131,31.44,15,FALL
19132,32.06,16,FALL
19133,4.59,6,FALL
19134,-3.71,4,FALL
19135,-0.83,5,FALL
19136,5.85,7,FALL
19137,33.62,16,FALL
19138,55.01,23,FALL
19139,26.48,16,FALL
19140,28.65,15,FALL
19141,78.37,30,FALL
19142,23.45,13,FALL
19143,48.24,21,FALL
19144,119.86,45,FALL
19145,33.18,16,FALL
19146,10.38,9,FALL
19147,35.22,17,FALL
19148,30.95,16,FALL
19149,-2.94,4,FALL
19150,0.90,6,FALL
19151,27.11,15,FALL
19152,46.03,20,FALL
19153,2.08,6,FALL
19154,5.91,7,FALL
19155,31.01,16,FALL
19156,31.27,15,FALL
19157,22.25,13,FALL
19158,28.82,16,FALL
19159,30.77,17,FALL
19160,50.40,20,FALL
19161,32.17,16,FALL
19162,32.93,16,FALL
19163,5.87,7,FALL
19164,37.61,18,FALL
19165,34.39,17,FALL
19166,54.61,24,FALL
19167,30.03,16,FALL
19168,5.71,7,FALL
19169,35.80,17,FALL
19170,15.57,10,FALL
19171,35.68,17,FALL
19172,7.90,8,FALL
19173,34.14,17,FALL
19174,103.78,41,FALL
19175,9.29,8,FALL
19176,35.38,17,FALL
19177,20.13,12,FALL
19178,14.32,9,FALL
19179,50.70,21,FALL
19180,28.99,15,FALL
19181,23.60,13,FALL
19182,22.01,12,FALL
19183,31.45,16,FALL
19184,36.58,18,FALL
19185,16.08,11,FALL
19186,24.96,14,FALL
19187,69.07,31,FALL
19188,59.70,25,FALL
19189,39.30,18,FALL
19190,32.49,16,FALL
19191,14.89,10,FALL
19192,17.56,11,FALL
19193,40.11,18,FALL
19194,21.49,13,FALL
19195,9.34,8,FALL
19196,23.52,14,FALL
19197,35.62,17,FALL
19198,21.34,12,FALL
19199,77.51,30,FALL
19200,30.72,16,FALL
19201,47.30,20,FALL
19202,58.09,24,FALL
19203,15.82,12,FALL
19204,11.28,9,FALL
19205,10.63,9,FALL
19206,-3.26,4,FALL
19207,159.12,58,FALL
19208,34.29,16,FALL
19209,1.28,6,FALL
19210,38.82,18,FALL
19211,67.60,27,FALL
19212,1.14,6,FALL
19213,-1.17,5,FALL
19214,37.57,18,FALL
19215,34.68,17,FALL
19216,43.99,19,FALL
19217,56.16,23,FALL
19218,126.82,47,FALL
19219,27.45,14,FALL
19220,11.88,9,FALL
19221,110.86,41,FALL
19222,30.90,15,FALL
19223,32.02,16,FALL
19224,48.87,21,FALL
19225,-2.86,4,FALL
19226,13.05,9,FALL
19227,97.60,37,FALL
19228,-1.27,5,FALL
19229,32.51,16,FALL
19230,24.29,14,FALL
19231,33.10,16,FALL
19232,41.44,19,FALL
19233,22.45,13,FALL
19234,-3.16,4,FALL
19235,76.52,32,FALL
19236,2.65,6,FALL
19237,-3.50,4,FALL
19238,42.48,19,FALL
19239,40.65,18,FALL
19240,2.99,6,FALL
19241,24.64,15,FALL
19242,14.06,10,FALL
19243,16.41,10,FALL
19244,29.40,15,FALL
19245,59.48,25,FALL
19246,47.01,21,FALL
19247,22.20,13,FALL
19248,23.67,13,FALL
19249,31.72,16,FALL
19250,-3.26,4,FALL
19251,36.50,17,FALL
19252,24.35,13,FALL
19253,28.00,15,FALL
19254,28.96,16,FALL
19255,19.53,12,FALL
19256,16.21,11,FALL
19257,78.43,31,FALL
19258,1.91,6,FALL
19259,33.15,16,FALL
19260,10.73,10,FALL
19261,9.59,9,FALL
19262,118.19,45,FALL
19263,7.08,9,FALL
19264,11.23,10,FALL
19265,27.78,14,FALL
19266,32.59,16,FALL
19267,34.66,16,FALL
19268,37.84,18,FALL
19269,22.01,13,FALL
19270,0.05,5,FALL
19271,86.53,33,FALL
19272,-3.89,4,FALL
19273,19.75,12,FALL
19274,31.63,16,FALL
19275,3.25,7,FALL
19276,36.10,18,FALL
19277,-1.19,5,FALL
19278,26.88,15,FALL
19279,12.95,10,FALL
19280,74.33,30,FALL
19281,-1.82,4,FALL
19282,36.57,18,FALL
19283,17.96,11,FALL
19284,7.73,8,FALL
19285,14.68,10,FALL
19286,-3.29,4,FALL
19287,28.92,16,FALL
19288,10.90,11,FALL
19289,43.86,20,FALL
19290,32.76,16,FALL
19291,8.38,8,FALL
19292,17.10,12,FALL
19293,115.91,46,FALL
19294,14.14,10,FALL
19295,4.27,6,FALL
19296,33.65,16,FALL
19297,13.58,9,FALL
19298,39.37,18,FALL
19299,22.07,13,FALL
19300,133.30,48,FALL
19301,31.66,17,FALL
19302,28.80,15,FALL
19303,39.73,19,FALL
19304,5.25,7,FALL
19305,31.98,16,FALL
19306,123.24,46,FALL
19307,30.85,16,FALL
19308,15.17,11,FALL
19309,4.99,7,FALL
19310,23.58,13,FALL
19311,76.95,31,FALL
19312,-3.85,4,FALL
19313,-4.05,4,FALL
19314,29.21,15,FALL
19315,31.73,16,FALL
19316,134.40,51,FALL
19317,60.23,25,FALL
19318,30.57,16,FALL
19319,31.20,16,FALL
19320,22.27,13,FALL
19321,-1.89,4,FALL
19322,18.01,11,FALL
19323,35.79,17,FALL
19324,17.00,12,FALL
19325,-1.43,5,FALL
19326,0.82,5,FALL
19327,33.72,17,FALL
19328,12.71,11,FALL
19329,34.74,16,FALL
19330,30.22,15,FALL
19331,22.13,13,FALL
19332,45.86,20,FALL
19333,46.24,21,FALL
19334,30.99,17,FALL
19335,60.59,26,FALL
19336,24.76,14,FALL
19337,122.82,46,FALL
19338,30.62,16,FALL
19339,37.27,18,FALL
19340,92.38,37,FALL
19341,35.30,17,FALL
19342,39.19,18,FALL
19343,7.05,8,FALL
19344,9.17,9,FALL
19345,38.11,18,FALL
19346,64.10,26,FALL
19347,13.54,10,FALL
19348,48.37,21,FALL
19349,40.33,19,FALL
19350,22.92,12,FALL
19351,18.24,11,FALL
19352,15.25,10,FALL
19353,46.65,20,FALL
19354,6.40,7,FALL
19355,105.03,40,FALL
19356,40.46,18,FALL
19357,32.04,16,FALL
19358,30.58,16,FALL
19359,58.85,25,FALL
19360,40.23,18,FALL
19361,4.57,7,FALL
19362,19.62,12,FALL
19363,31.09,16,FALL
19364,31.07,16,FALL
19365,32.52,17,FALL
19366,25.60,15,FALL
19367,31.42,16,FALL
19368,8.61,8,FALL
19369,39.07,19,FALL
19370,28.40,15,FALL
19371,58.83,26,FALL
19372,31.89,16,FALL
19373,24.49,14,FALL
19374,72.07,30,FALL
19375,34.34,16,FALL
19376,-0.91,5,FALL
19377,23.00,14,FALL
19378,25.60,14,FALL
19379,11.82,9,FALL
19380,50.29,21,FALL
19381,1.48,6,FALL
19382,22.39,13,FALL
19383,5.51,7,FALL
19384,35.48,17,FALL
19385,1.03,5,FALL
19386,3.14,7,FALL
19387,38.05,18,FALL
19388,32.38,16,FALL
19389,13.18,10,FALL
19390,39.82,18,FALL
19391,95.38,36,FALL
19392,34.37,17,FALL
19393,32.34,16,FALL
19394,34.01,17,FALL
19395,81.96,33,FALL
19396,35.38,18,FALL
19397,12.52,9,FALL
19398,45.61,20,FALL
19399,16.48,12,FALL
19400,30.97,16,FALL
19401,26.48,15,FALL
19402,13.24,10,FALL
19403,13.78,9,FALL
19404,33.66,16,FALL
19405,9.79,9,FALL
19406,16.45,11,FALL
19407,32.11,16,FALL
19408,-2.53,4,FALL
19409,90.37,35,FALL
19410,35.10,17,FALL
19411,43.62,19,FALL
19412,35.03,17,FALL
19413,32.37,17,FALL
19414,31.79,16,FALL
19415,16.29,10,FALL
19416,28.72,15,FALL
19417,31.05,15,FALL
19418,-3.01,4,FALL
19419,40.19,19,FALL
19420,25.44,14,FALL
19421,30.25,16,FALL
19422,22.81,13,FALL
19423,35.15,18,FALL
19424,27.46,14,FALL
19425,38.38,18,FALL
19426,31.42,16,FALL
19427,13.08,10,FALL
19428,16.62,11,FALL
19429,4.70,8,FALL
19430,45.82,21,FALL
19431,6.92,7,FALL
19432,55.06,23,FALL
19433,5.70,7,FALL
19434,38.00,18,FALL
19435,24.38,14,FALL
19436,3.03,7,FALL
19437,15.47,10,FALL
19438,2.91,6,FALL
19439,39.12,18,FALL
19440,11.32,9,FALL
19441,10.70,9,FALL
19442,1.15,5,FALL
19443,42.19,18,FALL
19444,-3.05,4,FALL
19445,134.62,50,FALL
19446,35.33,17,FALL
19447,31.08,17,FALL
19448,30.16,16,FALL
19449,33.71,17,FALL
19450,47.86,20,FALL
19451,35.91,17,FALL
19452,39.13,18,FALL
19453,26.11,14,FALL
19454,4.23,7,FALL
19455,16.48,10,FALL
19456,76.14,30,FALL
19457,0.59,6,FALL
19458,36.85,18,FALL
19459,35.93,17,FALL
19460,31.67,16,FALL
19461,30.65,16,FALL
19462,33.90,16,FALL
19463,38.91,18,FALL
19464,14.73,10,FALL
19465,27.79,15,FALL
19466,79.52,33,FALL
19467,47.36,20,FALL
19468,-1.22,5,FALL
19469,-3.07,4,FALL
19470,-3.38,4,FALL
19471,18.49,11,FALL
19472,18.49,11,FALL
19473,-0.79,5,FALL
19474,32.69,16,FALL
19475,34.58,17,FALL
19476,30.48,16,FALL
19477,-1.16,4,FALL
19478,5.68,7,FALL
19479,31.25,16,FALL
19480,15.02,11,FALL
19481,22.69,13,FALL
19482,38.83,18,FALL
19483,32.03,16,FALL
19484,31.58,15,FALL
19485,23.02,13,FALL
19486,60.55,28,FALL
19487,32.90,16,FALL
19488,20.04,12,FALL
19489,27.31,14,FALL
19490,13.38,10,FALL
19491,20.27,12,FALL
19492,58.52,25,FALL
19493,21.04,13,FALL
19494,27.42,15,FALL
19495,20.62,12,FALL
19496,30.07,15,FALL
19497,17.57,11,FALL
19498,23.40,13,FALL
19499,84.97,32,FALL
19500,1.16,6,FALL
19501,27.86,15,FALL
19502,32.13,17,FALL
19503,0.83,6,FALL
19504,36.39,17,FALL
19505,27.32,15,FALL
19506,31.26,16,FALL
19507,19.49,12,FALL
19508,3.36,6,FALL
19509,35.05,17,FALL
19510,41.31,21,FALL
19511,-3.82,4,FALL
19512,33.50,17,FALL
19513,45.47,20,FALL
19514,14.27,10,FALL
19515,84.97,33,FALL
19516,-3.82,4,FALL
19517,39.20,18,FALL
19518,38.14,18,FALL
19519,8.60,8,FALL
19520,14.97,10,FALL
19521,30.66,17,FALL
19522,37.53,18,FALL
19523,32.71,16,FALL
19524,-0.90,5,FALL
19525,6.64,7,FALL
19526,11.95,10,FALL
19527,27.09,15,FALL
19528,15.30,12,FALL
19529,38.55,19,FALL
19530,28.16,15,FALL
19531,4.81,7,FALL
19532,34.98,17,FALL
19533,16.72,11,FALL
19534,31.77,15,FALL
19535,34.42,17,FALL
19536,2.86,6,FALL
19537,5.72,7,FALL
19538,21.82,13,FALL
19539,22.95,13,FALL
19540,6.32,7,FALL
19541,36.00,17,FALL
19542,-3.19,4,FALL
19543,28.87,16,FALL
19544,32.20,16,FALL
19545,32.31,16,FALL
19546,50.97,21,FALL
19547,52.92,23,FALL
19548,16.73,10,FALL
19549,164.49,59,FALL
19550,25.23,14,FALL
19551,83.18,33,FALL
19552,34.32,16,FALL
19553,22.24,13,FALL
19554,25.79,14,FALL
19555,7.24,7,FALL
19556,96.33,35,FALL
19557,13.41,10,FALL
19558,29.89,15,FALL
19559,30.52,16,FALL
19560,35.27,17,FALL
19561,31.86,17,FALL
19562,32.42,16,FALL
19563,31.07,16,FALL
19564,6.46,7,FALL
19565,35.74,17,FALL
19566,6.90,7,FALL
19567,25.49,14,FALL
19568,15.62,11,FALL
19569,1.27,5,FALL
19570,-3.44,4,FALL
19571,28.29,15,FALL
19572,26.25,13,FALL
19573,-2.92,4,FALL
19574,30.65,16,FALL
19575,4.38,7,FALL
19576,37.79,20,FALL
19577,24.48,14,FALL
19578,15.12,10,FALL
19579,1.01,6,FALL
19580,31.08,16,FALL
19581,16.50,10,FALL
19582,28.99,15,FALL
19583,36.70,17,FALL
19584,75.43,31,FALL
19585,25.73,15,FALL
19586,164.39,62,FALL
19587,32.66,17,FALL
19588,37.15,18,FALL
19589,0.92,4,FALL
19590,36.39,18,FALL
19591,11.32,10,FALL
19592,23.55,14,FALL
19593,5.44,7,FALL
19594,2.99,7,FALL
19595,32.30,16,FALL
19596,29.44,15,FALL
19597,28.83,16,FALL
19598,0.12,6,FALL
19599,4.40,5,FALL
19600,42.99,20,FALL
19601,-1.84,5,FALL
19602,33.57,16,FALL
19603,32.08,16,FALL
19604,63.06,26,FALL
19605,35.48,17,FALL
19606,15.46,10,FALL
19607,31.23,17,FALL
19608,32.05,17,FALL
19609,89.18,34,FALL
19610,30.97,15,FALL
19611,32.50,16,FALL
19612,52.54,23,FALL
19613,26.41,15,FALL
19614,36.96,17,FALL
19615,13.61,10,FALL
19616,28.01,15,FALL
19617,31.46,15,FALL
19618,35.43,17,FALL
19619,29.26,15,FALL
19620,33.78,16,FALL
19621,17.17,12,FALL
19622,14.50,10,FALL
19623,48.77,21,FALL
19624,13.37,10,FALL
19625,15.25,11,FALL
19626,0.70,5,FALL
19627,11.05,9,FALL
19628,-0.70,5,FALL
19629,98.28,36,FALL
19630,50.88,21,FALL
19631,50.07,22,FALL
19632,29.58,16,FALL
19633,16.85,11,FALL
19634,41.41,19,FALL
19635,32.12,16,FALL
19636,17.00,11,FALL
19637,30.23,16,FALL
19638,37.64,17,FALL
19639,35.61,17,FALL
19640,0.08,5,FALL
19641,10.05,8,FALL
19642,7.73,8,FALL
19643,28.35,15,FALL
19644,33.49,16,FALL
19645,10.21,9,FALL
19646,29.45,15,FALL
19647,41.38,19,FALL
19648,20.09,11,FALL
19649,34.50,17,FALL
19650,65.02,26,FALL
19651,38.13,18,FALL
19652,24.12,14,FALL
19653,33.26,16,FALL
19654,26.39,14,FALL
19655,29.52,16,FALL
19656,20.82,12,FALL
19657,33.15,17,FALL
19658,31.48,16,FALL
19659,33.72,17,FALL
19660,11.66,8,FALL
19661,-1.08,5,FALL
19662,10.46,9,FALL
19663,32.20,16,FALL
19664,32.23,16,FALL
19665,29.87,15,FALL
19666,32.71,16,FALL
19667,31.02,16,FALL
19668,6.93,7,FALL
19669,-1.15,5,FALL
19670,35.52,17,FALL
19671,-3.03,4,FALL
19672,32.67,17,FALL
19673,35.00,16,FALL
19674,13.21,9,FALL
19675,32.53,16,FALL
19676,0.27,6,FALL
19677,36.15,18,FALL
19678,10.32,9,FALL
19679,29.87,15,FALL
19680,25.99,14,FALL
19681,19.63,12,FALL
19682,0.97,6,FALL
19683,21.38,13,FALL
19684,63.04,25,FALL
19685,36.47,18,FALL
19686,42.05,18,FALL
19687,30.84,16,FALL
19688,19.65,11,FALL
19689,64.55,26,FALL
19690,13.28,10,FALL
19691,43.40,21,FALL
19692,38.18,18,FALL
19693,34.30,17,FALL
19694,33.13,17,FALL
19695,7.84,7,FALL
19696,35.65,18,FALL
19697,37.26,18,FALL
19698,9.09,8,FALL
19699,31.18,16,FALL
19700,38.41,17,FALL
19701,5.31,7,FALL
19702,33.23,16,FALL
19703,50.20,21,FALL
19704,7.68,8,FALL
19705,10.06,9,FALL
19706,34.76,17,FALL
19707,21.39,12,FALL
19708,11.57,9,FALL
19709,28.63,15,FALL
19710,33.61,16,FALL
19711,7.03,8,FALL
19712,31.88,17,FALL
19713,31.33,16,FALL
19714,39.43,19,FALL
19715,13.51,10,FALL
19716,14.76,10,FALL
19717,32.73,16,FALL
19718,37.50,17,FALL
19719,36.30,17,FALL
19720,23.95,13,FALL
19721,19.73,13,FALL
19722,49.09,23,FALL
19723,32.52,16,FALL
19724,41.71,19,FALL
19725,77.87,31,FALL
19726,-1.11,5,FALL
19727,9.51,10,FALL
19728,8.11,8,FALL
19729,-2.71,4,FALL
19730,32.21,16,FALL
19731,35.44,17,FALL
19732,29.78,16,FALL
19733,35.05,17,FALL
19734,-1.40,5,FALL
19735,30.23,15,FALL
19736,33.07,17,FALL
19737,24.24,14,FALL
19738,31.18,16,FALL
19739,172.33,63,FALL
19740,28.32,15,FALL
19741,27.71,14,FALL
19742,34.20,16,FALL
19743,19.85,11,FALL
19744,37.57,18,FALL
19745,20.55,11,FALL
19746,20.15,11,FALL
19747,13.86,10,FALL
19748,9.89,9,FALL
19749,4.15,7,FALL
19750,48.73,21,FALL
19751,35.20,17,FALL
19752,79.16,31,FALL
19753,-2.84,4,FALL
19754,0.30,6,FALL
19755,29.86,15,FALL
19756,41.57,20,FALL
19757,49.30,21,FALL
19758,45.80,20,FALL
19759,31.70,16,FALL
19760,51.84,22,FALL
19761,31.44,16,FALL
19762,33.39,16,FALL
19763,42.22,18,FALL
19764,23.98,13,FALL
19765,74.53,30,FALL
19766,37.73,18,FALL
19767,25.63,14,FALL
19768,9.61,9,FALL
19769,14.31,10,FALL
19770,32.72,16,FALL
19771,19.35,12,FALL
19772,-1.09,5,FALL
19773,32.90,16,FALL
19774,29.35,15,FALL
19775,17.61,11,FALL
19776,32.33,16,FALL
19777,28.44,16,FALL
19778,39.87,19,FALL
19779,26.65,15,FALL
19780,4.02,6,FALL
19781,23.23,13,FALL
19782,124.10,49,FALL
19783,35.76,17,FALL
19784,85.52,33,FALL
19785,32.37,16,FALL
19786,29.49,16,FALL
19787,31.08,15,FALL
19788,35.12,17,FALL
19789,-1.46,5,FALL
19790,6.67,7,FALL
19791,45.88,20,FALL
19792,0.49,6,FALL
19793,43.14,19,FALL
19794,33.72,17,FALL
19795,41.89,18,FALL
19796,33.14,16,FALL
19797,13.83,10,FALL
19798,31.53,16,FALL
19799,18.78,12,FALL
19800,21.82,13,FALL
19801,35.42,16,FALL
19802,92.04,35,FALL
19803,31.13,16,FALL
19804,32.05,16,FALL
19805,34.51,17,FALL
19806,-0.69,5,FALL
19807,21.40,13,FALL
19808,13.92,9,FALL
19809,20.24,12,FALL
19810,-3.13,4,FALL
19811,15.36,11,FALL
19812,29.34,16,FALL
19813,9.14,8,FALL
19814,40.00,18,FALL
19815,33.36,16,FALL
19816,125.58,47,FALL
19817,198.32,74,FALL
19818,39.13,18,FALL
19819,10.94,9,FALL
19820,31.47,16,FALL
19821,40.77,19,FALL
19822,11.91,9,FALL
19823,32.39,16,FALL
19824,9.38,8,FALL
19825,1.98,6,FALL
19826,-1.45,5,FALL
19827,8.20,7,FALL
19828,42.13,18,FALL
19829,28.73,15,FALL
19830,46.88,21,FALL
19831,36.76,17,FALL
19832,14.79,10,FALL
19833,46.13,20,FALL
19834,6.45,8,FALL
19835,24.03,14,FALL
19836,-0.80,5,FALL
19837,114.77,45,FALL
19838,18.22,13,FALL
19839,32.99,16,FALL
19840,23.70,13,FALL
19841,36.75,17,FALL
19842,11.64,9,FALL
19843,22.93,13,FALL
19844,7.02,8,FALL
19845,2.65,5,FALL
19846,9.73,8,FALL
19847,19.32,12,FALL
19848,41.55,19,FALL
19849,33.00,16,FALL
19850,52.59,23,FALL
19851,30.56,15,FALL
19852,27.79,15,FALL
19853,4.88,6,FALL
19854,69.87,29,FALL
19855,27.96,15,FALL
19856,19.99,14,FALL
19857,12.41,9,FALL
19858,36.37,17,FALL
19859,31.78,16,FALL
19860,3.16,6,FALL
19861,43.25,18,FALL
19862,25.13,14,FALL
19863,33.45,16,FALL
19864,33.54,17,FALL
19865,54.24,23,FALL
19866,31.63,16,FALL
19867,11.81,10,FALL
19868,35.99,17,FALL
19869,26.76,14,FALL
19870,30.85,15,FALL
19871,46.55,20,FALL
19872,32.78,16,FALL
19873,76.90,30,FALL
19874,33.11,16,FALL
19875,31.11,16,FALL
19876,28.90,15,FALL
19877,10.03,9,FALL
19878,27.88,15,FALL
19879,31.61,16,FALL
19880,25.42,13,FALL
19881,27.31,15,FALL
19882,35.83,18,FALL
19883,0.22,5,FALL
19884,122.91,46,FALL
19885,49.95,20,FALL
19886,28.12,15,FALL
19887,38.49,19,FALL
19888,47.84,20,FALL
19889,34.38,17,FALL
19890,33.10,17,FALL
19891,62.06,26,FALL
19892,33.84,16,FALL
19893,37.67,18,FALL
19894,15.77,10,FALL
19895,35.44,17,FALL
19896,96.86,39,FALL
19897,3.32,6,FALL
19898,-4.26,4,FALL
19899,-3.11,4,FALL
19900,-2.16,5,FALL
19901,44.02,20,FALL
19902,84.63,34,FALL
19903,26.71,14,FALL
19904,29.60,15,FALL
19905,22.83,14,FALL
19906,31.95,16,FALL
19907,11.98,9,FALL
19908,14.45,10,FALL
19909,22.82,12,FALL
19910,19.85,12,FALL
19911,127.04,46,FALL
19912,30.88,16,FALL
19913,10.55,9,FALL
19914,-3.70,4,FALL
19915,29.14,16,FALL
19916,-1.41,5,FALL
19917,44.55,20,FALL
19918,29.69,16,FALL
19919,92.40,34,FALL
19920,19.74,12,FALL
19921,2.38,7,FALL
19922,1.17,6,FALL
19923,16.84,10,FALL
19924,15.22,10,FALL
19925,18.57,13,FALL
19926,17.93,11,FALL
19927,12.09,9,FALL
19928,24.91,14,FALL
19929,28.24,15,FALL
19930,77.54,30,FALL
19931,0.58,6,FALL
19932,8.89,9,FALL
19933,54.01,23,FALL
19934,23.94,13,FALL
19935,28.96,15,FALL
19936,15.35,10,FALL
19937,15.97,11,FALL
19938,26.58,14,FALL
19939,28.70,16,FALL
19940,75.49,30,FALL
19941,50.21,23,FALL
19942,35.76,17,FALL
19943,42.73,19,FALL
19944,-2.76,4,FALL
19945,119.12,46,FALL
19946,10.92,9,FALL
19947,28.38,15,FALL
19948,68.53,27,FALL
19949,33.04,16,FALL
19950,-4.21,4,FALL
19951,44.19,20,FALL
19952,-2.70,4,FALL
19953,47.17,21,FALL
19954,8.38,8,FALL
19955,32.90,16,FALL
19956,35.37,17,FALL
19957,6.34,6,FALL
19958,24.46,14,FALL
19959,44.85,20,FALL
19960,28.21,15,FALL
19961,31.72,16,FALL
19962,5.32,6,FALL
19963,31.72,16,FALL
19964,29.85,15,FALL
19965,41.84,19,FALL
19966,32.01,16,FALL
19967,32.15,16,FALL
19968,11.76,9,FALL
19969,8.35,8,FALL
19970,32.25,16,FALL
19971,36.40,17,FALL
19972,8.74,8,FALL
19973,16.90,12,FALL
19974,25.25,14,FALL
19975,36.49,18,FALL
19976,32.43,16,FALL
19977,35.85,17,FALL
19978,-4.19,4,FALL
19979,8.54,8,FALL
19980,9.28,8,FALL
19981,16.39,11,FALL
19982,29.11,15,FALL
19983,12.35,10,FALL
19984,44.16,19,FALL
19985,40.74,18,FALL
19986,69.70,30,FALL
19987,11.84,10,FALL
19988,31.94,16,FALL
19989,25.49,14,FALL
19990,32.37,16,FALL
19991,23.19,13,FALL
19992,19.85,11,FALL
19993,29.13,15,FALL
19994,49.15,21,FALL
19995,23.01,13,FALL
19996,45.75,20,FALL
19997,31.17,16,FALL
19998,8.85,8,FALL
19999,19.79,12,FALL
20000,27.38,16,FALL
20001,15.21,11,FALL
20002,4.78,6,FALL
20003,31.23,16,FALL
20004,36.12,17,FALL
20005,-1.25,5,FALL
20006,31.13,16,FALL
20007,3.90,7,FALL
20008,11.91,9,FALL
20009,19.12,11,FALL
20010,34.29,17,FALL
20011,38.19,18,FALL
20012,35.58,17,FALL
20013,36.78,17,FALL
20014,30.46,16,FALL
20015,25.11,14,FALL
20016,-0.47,5,FALL
20017,29.98,16,FALL
20018,80.47,31,FALL
20019,32.33,16,FALL
20020,-2.96,4,FALL
20021,33.06,17,FALL
20022,78.64,31,FALL
20023,-1.21,5,FALL
20024,29.73,15,FALL
20025,9.33,9,FALL
20026,23.00,13,FALL
20027,25.91,15,FALL
20028,23.57,14,FALL
20029,44.45,20,FALL
20030,22.73,13,FALL
20031,15.62,10,FALL
20032,79.68,31,FALL
20033,47.01,22,FALL
20034,43.56,19,FALL
20035,41.71,18,FALL
20036,34.03,17,FALL
20037,30.36,16,FALL
20038,8.34,8,FALL
20039,46.85,20,FALL
20040,31.72,16,FALL
20041,3.47,6,FALL
20042,32.60,16,FALL
20043,10.13,9,FALL
20044,32.13,16,FALL
20045,14.13,10,FALL
20046,27.77,16,FALL
20047,87.40,33,FALL
20048,47.62,21,FALL
20049,103.59,38,FALL
20050,31.22,16,FALL
20051,-3.14,4,FALL
20052,28.30,15,FALL
20053,29.47,15,FALL
20054,15.31,11,FALL
20055,-2.78,4,FALL
20056,-1.69,5,FALL
20057,40.46,18,FALL
20058,10.67,9,FALL
20059,14.56,10,FALL
20060,31.97,16,FALL
20061,5.07,7,FALL
20062,10.80,9,FALL
20063,27.06,15,FALL
20064,-1.10,5,FALL
20065,31.92,16,FALL
20066,-2.23,5,FALL
20067,-1.00,5,FALL
20068,19.88,13,FALL
20069,32.55,17,FALL
20070,14.50,10,FALL
20071,33.64,16,FALL
20072,13.75,11,FALL
20073,13.25,10,FALL
20074,2.72,6,FALL
20075,54.68,23,FALL
20076,28.31,15,FALL
20077,16.45,10,FALL
20078,-2.98,4,FALL
20079,8.28,9,FALL
20080,13.53,11,FALL
20081,27.92,15,FALL
20082,16.41,10,FALL
20083,110.14,40,FALL
20084,-3.02,4,FALL
20085,14.26,11,FALL
20086,32.84,16,FALL
20087,-4.83,3,FALL
20088,29.73,16,FALL
20089,1.20,5,FALL
20090,35.71,17,FALL
20091,6.30,7,FALL
20092,36.29,17,FALL
20093,28.71,15,FALL
20094,34.20,17,FALL
20095,32.96,16,FALL
20096,34.28,17,FALL
20097,13.94,10,FALL
20098,0.91,6,FALL
20099,34.63,16,FALL
20100,-3.10,4,FALL
20101,32.03,16,FALL
20102,7.00,8,FALL
20103,88.88,35,FALL
20104,31.83,16,FALL
20105,34.93,17,FALL
20106,21.30,13,FALL
20107,-3.49,4,FALL
20108,21.19,12,FALL
20109,43.43,19,FALL
20110,97.18,36,FALL
20111,19.49,12,FALL
20112,49.39,21,FALL
20113,82.45,32,FALL
20114,18.53,11,FALL
20115,32.08,16,FALL
20116,48.21,22,FALL
20117,33.68,17,FALL
20118,41.27,19,FALL
20119,-1.60,5,FALL
20120,31.62,16,FALL
20121,19.40,12,FALL
20122,34.44,17,FALL
20123,29.06,16,FALL
20124,113.10,47,FALL
20125,31.60,16,FALL
20126,-3.73,4,FALL
20127,38.75,18,FALL
20128,36.36,17,FALL
20129,19.71,13,FALL
20130,31.43,16,FALL
20131,19.26,12,FALL
20132,36.52,17,FALL
20133,0.66,6,FALL
20134,29.57,15,FALL
20135,43.75,19,FALL
20136,122.93,47,FALL
20137,32.97,16,FALL
20138,15.14,10,FALL
20139,-3.33,4,FALL
20140,33.04,16,FALL
20141,11.46,9,FALL
20142,36.48,17,FALL
20143,14.15,9,FALL
20144,21.15,13,FALL
20145,30.15,16,FALL
20146,28.23,15,FALL
20147,-1.39,5,FALL
20148,8.11,8,FALL
20149,-1.20,5,FALL
20150,16.88,12,FALL
20151,4.05,7,FALL
20152,1.14,6,FALL
20153,4.12,7,FALL
20154,32.47,17,FALL
20155,0.68,6,FALL
20156,29.76,16,FALL
20157,40.79,18,FALL
20158,-3.92,4,FALL
20159,33.14,16,FALL
20160,-2.01,5,FALL
20161,35.82,17,FALL
20162,30.50,16,FALL
20163,3.98,7,FALL
20164,19.51,12,FALL
20165,29.19,15,FALL
20166,25.61,15,FALL
20167,33.61,16,FALL
20168,38.30,18,FALL
20169,31.46,16,FALL
20170,33.53,17,FALL
20171,20.71,12,FALL
20172,40.57,18,FALL
20173,33.92,17,FALL
20174,227.83,79,FALL
20175,11.79,9,FALL
20176,52.59,23,FALL
20177,12.65,10,FALL
20178,30.76,16,FALL
20179,24.55,14,FALL
20180,85.67,35,FALL
20181,34.74,17,FALL
20182,3.83,6,FALL
20183,35.14,17,FALL
20184,-3.58,4,FALL
20185,22.90,13,FALL
20186,32.00,16,FALL
20187,24.77,14,FALL
20188,3.74,6,FALL
20189,33.28,16,FALL
20190,3.60,6,FALL
20191,29.26,16,FALL
20192,-2.12,5,FALL
20193,4.17,7,FALL
20194,29.94,15,FALL
20195,32.60,17,FALL
20196,11.78,10,FALL
20197,27.69,15,FALL
20198,41.80,19,FALL
20199,31.30,16,FALL
20200,34.46,17,FALL
20201,31.73,16,FALL
20202,19.06,12,FALL
20203,-3.84,4,FALL
20204,28.46,15,FALL
20205,65.27,25,FALL
20206,44.59,20,FALL
20207,30.21,15,FALL
20208,31.51,16,FALL
20209,32.55,16,FALL
20210,49.09,21,FALL
20211,26.28,15,FALL
20212,23.51,13,FALL
20213,37.58,18,FALL
20214,10.29,9,FALL
20215,12.46,9,FALL
20216,86.45,35,FALL
20217,40.35,19,FALL
20218,3.54,7,FALL
20219,9.08,9,FALL
20220,8.60,8,FALL
20221,33.90,16,FALL
20222,30.10,15,FALL
20223,30.47,16,FALL
20224,35.75,17,FALL
20225,34.47,17,FALL
20226,29.59,16,FALL
20227,34.87,17,FALL
20228,30.94,16,FALL
20229,36.02,18,FALL
20230,7.68,7,FALL
20231,36.22,17,FALL
20232,30.83,16,FALL
20233,-3.84,4,FALL
20234,-1.35,5,FALL
20235,31.37,16,FALL
20236,15.41,10,FALL
20237,32.45,16,FALL
20238,19.96,12,FALL
20239,36.76,18,FALL
20240,16.30,11,FALL
20241,32.27,16,FALL
20242,29.61,15,FALL
20243,15.46,10,FALL
20244,7.80,8,FALL
20245,6.77,7,FALL
20246,28.98,16,FALL
20247,27.29,14,FALL
20248,12.84,9,FALL
20249,31.51,16,FALL
20250,33.95,17,FALL
20251,9.11,8,FALL
20252,34.94,17,FALL
20253,13.77,10,FALL
20254,33.05,16,FALL
20255,35.66,17,FALL
20256,46.91,21,FALL
20257,9.85,8,FALL
20258,63.79,29,FALL
20259,-0.13,5,FALL
20260,37.45,18,FALL
20261,59.74,27,FALL
20262,16.31,11,FALL
20263,26.41,14,FALL
20264,37.63,18,FALL
20265,31.25,16,FALL
20266,70.77,28,FALL
20267,32.73,16,FALL
20268,32.21,16,FALL
20269,31.01,16,FALL
20270,6.98,7,FALL
20271,25.21,14,FALL
20272,23.66,15,FALL
20273,41.00,18,FALL
20274,35.33,17,FALL
20275,32.46,16,FALL
20276,35.42,17,FALL
20277,20.15,12,FALL
20278,31.78,17,FALL
20279,38.74,18,FALL
20280,6.21,7,FALL
20281,35.09,17,FALL
20282,33.91,19,FALL
20283,36.95,17,FALL
20284,31.14,16,FALL
20285,11.37,9,FALL
20286,-1.22,5,FALL
20287,1.24,6,FALL
20288,37.02,18,FALL
20289,31.61,16,FALL
20290,5.03,7,FALL
20291,-3.19,4,FALL
20292,2.48,6,FALL
20293,66.07,27,FALL
20294,28.79,16,FALL
20295,9.53,8,FALL
20296,28.74,15,FALL
20297,20.49,12,FALL
20298,19.57,12,FALL
20299,21.10,13,FALL
20300,-0.75,5,FALL
20301,26.43,15,FALL
20302,37.87,18,FALL
20303,28.64,16,FALL
20304,30.49,16,FALL
20305,80.28,31,FALL
20306,8.42,8,FALL
20307,31.74,16,FALL
20308,89.53,36,FALL
20309,71.14,29,FALL
20310,58.05,24,FALL
20311,8.58,8,FALL
20312,24.38,14,FALL
20313,-3.61,4,FALL
20314,39.39,18,FALL
20315,34.52,17,FALL
20316,2.20,7,FALL
20317,8.35,7,FALL
20318,26.25,14,FALL
20319,9.88,9,FALL
20320,27.51,15,FALL
20321,10.58,8,FALL
20322,22.74,13,FALL
20323,33.91,17,FALL
20324,31.82,16,FALL
20325,40.02,18,FALL
20326,32.75,17,FALL
20327,31.67,16,FALL
20328,9.50,8,FALL
20329,125.29,46,FALL
20330,27.89,15,FALL
20331,35.11,17,FALL
20332,-0.38,5,FALL
20333,127.25,46,FALL
20334,55.88,23,FALL
20335,71.28,28,FALL
20336,39.33,18,FALL
20337,40.65,19,FALL
20338,35.26,17,FALL
20339,8.53,8,FALL
20340,28.46,15,FALL
20341,34.70,16,FALL
20342,13.95,10,FALL
20343,66.68,28,FALL
20344,6.57,8,FALL
20345,-3.02,4,FALL
20346,32.91,16,FALL
20347,28.38,15,FALL
20348,22.41,14,FALL
20349,3.16,6,FALL
20350,22.94,13,FALL
20351,32.27,16,FALL
20352,18.20,11,FALL
20353,-3.51,4,FALL
20354,35.04,16,FALL
20355,10.71,9,FALL
20356,6.17,7,FALL
20357,34.74,17,FALL
20358,43.10,19,FALL
20359,7.38,8,FALL
20360,46.30,21,FALL
20361,57.53,24,FALL
20362,20.32,12,FALL
20363,31.58,16,FALL
20364,34.35,17,FALL
20365,36.05,17,FALL
20366,6.79,7,FALL
20367,-0.36,5,FALL
20368,29.13,16,FALL
20369,5.68,8,FALL
20370,52.31,22,FALL
20371,21.12,12,FALL
20372,15.24,10,FALL
20373,89.17,34,FALL
20374,13.93,10,FALL
20375,29.65,16,FALL
20376,40.11,19,FALL
20377,33.10,16,FALL
20378,40.56,19,FALL
20379,42.13,19,FALL
20380,11.54,9,FALL
20381,-1.85,5,FALL
20382,29.75,15,FALL
20383,29.71,15,FALL
20384,46.53,20,FALL
20385,32.93,16,FALL
20386,13.69,10,FALL
20387,-1.77,5,FALL
20388,33.89,16,FALL
20389,24.31,13,FALL
20390,-3.41,4,FALL
20391,2.59,7,FALL
20392,31.37,16,FALL
20393,28.77,15,FALL
20394,32.24,16,FALL
20395,18.00,11,FALL
20396,-1.62,5,FALL
20397,19.10,12,FALL
20398,-3.65,4,FALL
20399,8.35,8,FALL
20400,7.64,8,FALL
20401,27.43,16,FALL
20402,8.65,8,FALL
20403,27.84,15,FALL
20404,19.26,11,FALL
20405,18.80,12,FALL
20406,32.49,16,FALL
20407,24.82,14,FALL
20408,36.16,17,FALL
20409,22.75,13,FALL
20410,16.26,11,FALL
20411,33.70,17,FALL
20412,5.22,8,FALL
20413,33.51,16,FALL
20414,32.79,16,FALL
20415,8.42,7,FALL
20416,33.42,16,FALL
20417,32.07,16,FALL
20418,10.15,8,FALL
20419,13.72,10,FALL
20420,59.65,25,FALL
20421,93.59,36,FALL
20422,28.29,15,FALL
20423,29.38,15,FALL
20424,10.13,8,FALL
20425,-0.09,6,FALL
20426,40.69,19,FALL
20427,26.90,16,FALL
20428,55.16,24,FALL
20429,56.61,24,FALL
20430,33.73,16,FALL
20431,17.38,11,FALL
20432,-1.83,5,FALL
20433,15.10,11,FALL
20434,27.26,15,FALL
20435,99.48,36,FALL
20436,35.44,17,FALL
20437,1.28,5,FALL
20438,29.52,16,FALL
20439,51.46,22,FALL
20440,30.09,16,FALL
20441,94.03,35,FALL
20442,33.19,16,FALL
20443,5.01,7,FALL
20444,40.26,18,FALL
20445,30.65,16,FALL
20446,31.05,16,FALL
20447,20.86,12,FALL
20448,59.66,24,FALL
20449,7.63,8,FALL
20450,30.54,16,FALL
20451,14.17,9,FALL
20452,21.75,13,FALL
20453,30.95,19,FALL
20454,-4.04,4,FALL
20455,35.94,17,FALL
20456,27.51,15,FALL
20457,36.81,17,FALL
20458,8.17,8,FALL
20459,-1.57,5,FALL
20460,26.93,13,FALL
20461,20.86,12,FALL
20462,43.06,19,FALL
20463,136.54,50,FALL
20464,44.60,20,FALL
20465,28.50,15,FALL
20466,121.15,46,FALL
20467,20.31,12,FALL
20468,44.10,19,FALL
20469,73.63,28,FALL
20470,18.04,11,FALL
20471,27.14,14,FALL
20472,-2.85,4,FALL
20473,16.48,11,FALL
20474,73.77,31,FALL
20475,7.66,8,FALL
20476,66.92,28,FALL
20477,42.69,19,FALL
20478,37.01,17,FALL
20479,61.68,26,FALL
20480,32.31,16,FALL
20481,32.01,16,FALL
20482,30.29,16,FALL
20483,-2.19,4,FALL
20484,27.36,15,FALL
20485,31.87,16,FALL
20486,2.44,6,FALL
20487,13.91,10,FALL
20488,73.79,30,FALL
20489,35.57,17,FALL
20490,3.58,6,FALL
20491,30.91,16,FALL
20492,30.93,16,FALL
20493,-1.38,5,FALL
20494,13.95,10,FALL
20495,37.34,18,FALL
20496,7.19,9,FALL
20497,15.72,10,FALL
20498,-0.50,5,FALL
20499,48.38,21,FALL
20500,31.26,15,FALL
20501,15.51,11,FALL
20502,32.17,16,FALL
20503,25.54,14,FALL
20504,31.11,16,FALL
20505,46.20,21,FALL
20506,-0.82,5,FALL
20507,46.57,20,FALL
20508,34.34,17,FALL
20509,4.78,6,FALL
20510,32.55,17,FALL
20511,33.56,17,FALL
20512,35.80,17,FALL
20513,50.85,23,FALL
20514,23.16,13,FALL
20515,12.75,10,FALL
20516,22.94,13,FALL
20517,10.43,9,FALL
20518,30.37,16,FALL
20519,28.08,15,FALL
20520,32.65,16,FALL
20521,2.56,6,FALL
20522,12.27,10,FALL
20523,32.29,16,FALL
20524,-3.89,4,FALL
20525,6.92,8,FALL
20526,34.75,17,FALL
20527,19.49,13,FALL
20528,-5.63,3,FALL
20529,128.91,48,FALL
20530,45.85,20,FALL
20531,34.34,17,FALL
20532,28.89,15,FALL
20533,19.89,12,FALL
20534,36.64,16,FALL
20535,50.11,21,FALL
20536,7.24,8,FALL
20537,23.95,14,FALL
20538,31.00,16,FALL
20539,37.09,17,FALL
20540,14.07,10,FALL
20541,30.10,15,FALL
20542,7.53,7,FALL
20543,3.11,6,FALL
20544,16.80,11,FALL
20545,43.91,19,FALL
20546,20.02,12,FALL
20547,35.55,18,FALL
20548,-1.71,5,FALL
20549,32.17,16,FALL
20550,17.51,11,FALL
20551,8.65,8,FALL
20552,30.44,16,FALL
20553,25.41,15,FALL
20554,30.05,16,FALL
20555,43.94,19,FALL
20556,26.60,15,FALL
20557,23.84,13,FALL
20558,38.55,18,FALL
20559,11.19,9,FALL
20560,26.29,14,FALL
20561,45.51,19,FALL
20562,53.58,22,FALL
20563,-1.58,5,FALL
20564,37.33,18,FALL
20565,30.84,16,FALL
20566,22.06,13,FALL
20567,80.81,32,FALL
20568,33.30,16,FALL
20569,-1.17,5,FALL
20570,3.26,7,FALL
20571,26.43,15,FALL
20572,13.56,10,FALL
20573,31.25,16,FALL
20574,34.06,16,FALL
20575,117.96,46,FALL
20576,32.20,16,FALL
20577,89.71,34,FALL
20578,8.62,9,FALL
20579,30.31,16,FALL
20580,39.45,18,FALL
20581,20.79,11,FALL
20582,-0.92,5,FALL
20583,16.82,11,FALL
20584,9.09,9,FALL
20585,33.09,16,FALL
20586,11.01,10,FALL
20587,20.49,14,FALL
20588,28.58,15,FALL
20589,17.61,12,FALL
20590,49.16,22,FALL
20591,14.30,10,FALL
20592,42.46,18,FALL
20593,8.43,9,FALL
20594,33.36,17,FALL
20595,31.89,17,FALL
20596,11.75,9,FALL
20597,26.84,15,FALL
20598,34.06,16,FALL
20599,31.72,16,FALL
20600,31.33,16,FALL
20601,0.55,6,FALL
20602,14.68,12,FALL
20603,-2.94,4,FALL
20604,14.11,10,FALL
20605,32.00,16,FALL
20606,-0.72,5,FALL
20607,28.28,15,FALL
20608,29.91,16,FALL
20609,31.17,16,FALL
20610,70.53,29,FALL
20611,-2.56,4,FALL
20612,32.52,16,FALL
20613,25.87,14,FALL
20614,32.21,16,FALL
20615,23.05,13,FALL
20616,86.84,34,FALL
20617,-1.05,5,FALL
20618,32.93,17,FALL
20619,60.18,25,FALL
20620,27.95,15,FALL
20621,33.13,16,FALL
20622,83.43,33,FALL
20623,26.28,16,FALL
20624,19.33,12,FALL
20625,29.59,15,FALL
20626,32.49,16,FALL
20627,33.07,16,FALL
20628,36.51,17,FALL
20629,15.94,11,FALL
20630,39.14,18,FALL
20631,34.86,16,FALL
20632,1.19,6,FALL
20633,8.88,8,FALL
20634,12.15,10,FALL
20635,23.85,14,FALL
20636,41.97,18,FALL
20637,9.52,8,FALL
20638,-3.24,4,FALL
20639,19.15,12,FALL
20640,42.05,19,FALL
20641,30.89,16,FALL
20642,120.19,45,FALL
20643,36.56,17,FALL
20644,1.00,5,FALL
20645,50.77,21,FALL
20646,24.81,15,FALL
20647,14.55,10,FALL
20648,28.40,16,FALL
20649,34.88,16,FALL
20650,28.52,15,FALL
20651,31.90,16,FALL
20652,32.05,16,FALL
20653,-0.84,5,FALL
20654,70.36,29,FALL
20655,31.29,16,FALL
20656,35.29,17,FALL
20657,16.38,11,FALL
20658,1.14,6,FALL
20659,27.20,14,FALL
20660,12.36,11,FALL
20661,41.47,19,FALL
20662,7.77,7,FALL
20663,31.52,16,FALL
20664,19.39,12,FALL
20665,-0.24,5,FALL
20666,17.34,11,FALL
20667,40.50,18,FALL
20668,12.19,9,FALL
20669,24.13,13,FALL
20670,27.28,14,FALL
20671,36.62,17,FALL
20672,31.59,16,FALL
20673,33.73,17,FALL
20674,38.90,18,FALL
20675,30.51,16,FALL
20676,-3.70,4,FALL
20677,34.03,16,FALL
20678,31.66,16,FALL
20679,34.88,17,FALL
20680,64.29,28,FALL
20681,40.04,18,FALL
20682,36.23,17,FALL
20683,21.36,12,FALL
20684,30.15,16,FALL
20685,33.70,16,FALL
20686,6.45,7,FALL
20687,35.62,17,FALL
20688,31.00,15,FALL
20689,14.94,10,FALL
20690,29.19,15,FALL
20691,31.54,15,FALL
20692,14.06,10,FALL
20693,33.98,17,FALL
20694,6.88,8,FALL
20695,27.87,15,FALL
20696,29.88,15,FALL
20697,34.71,17,FALL
20698,29.90,16,FALL
20699,90.63,36,FALL
20700,43.20,19,FALL
20701,-4.61,3,FALL
20702,18.46,13,FALL
20703,21.46,13,FALL
20704,10.79,8,FALL
20705,10.72,9,FALL
20706,38.91,18,FALL
20707,18.18,12,FALL
20708,32.48,16,FALL
20709,40.35,18,FALL
20710,29.69,15,FALL
20711,-0.43,5,FALL
20712,15.49,11,FALL
20713,26.56,15,FALL
20714,21.64,13,FALL
20715,20.98,13,FALL
20716,43.04,19,FALL
20717,0.19,5,FALL
20718,37.09,17,FALL
20719,66.58,27,FALL
20720,30.70,16,FALL
20721,18.96,12,FALL
20722,4.06,6,FALL
20723,29.62,15,FALL
20724,31.91,16,FALL
20725,5.65,8,FALL
20726,28.11,16,FALL
20727,29.81,16,FALL
20728,46.84,21,FALL
20729,9.63,9,FALL
20730,13.58,10,FALL
20731,33.84,16,FALL
20732,11.42,9,FALL
20733,13.77,10,FALL
20734,-3.76,4,FALL
20735,36.38,17,FALL
20736,85.68,33,FALL
20737,5.98,7,FALL
20738,34.98,17,FALL
20739,31.26,16,FALL
20740,27.31,15,FALL
20741,3.95,5,FALL
20742,26.62,15,FALL
20743,2.49,6,FALL
20744,0.83,6,FALL
20745,106.56,41,FALL
20746,-1.77,5,FALL
20747,-0.90,5,FALL
20748,31.06,15,FALL
20749,30.86,15,FALL
20750,31.28,15,FALL
20751,-0.90,5,FALL
20752,24.12,13,FALL
20753,-3.33,4,FALL
20754,32.43,16,FALL
20755,33.14,16,FALL
20756,33.43,16,FALL
20757,-2.84,4,FALL
20758,19.15,12,FALL
20759,9.52,9,FALL
20760,22.97,13,FALL
20761,121.83,46,FALL
20762,32.30,16,FALL
20763,34.25,17,FALL
20764,36.41,17,FALL
20765,-0.88,5,FALL
20766,42.87,19,FALL
20767,33.59,16,FALL
20768,31.42,16,FALL
20769,33.47,16,FALL
20770,21.51,13,FALL
20771,31.10,16,FALL
20772,26.62,15,FALL
20773,26.00,14,FALL
20774,31.91,16,FALL
20775,17.42,11,FALL
20776,-5.45,3,FALL
20777,2.76,6,FALL
20778,-0.48,5,FALL
20779,14.62,10,FALL
20780,34.57,17,FALL
20781,12.39,9,FALL
20782,16.62,11,FALL
20783,36.27,18,FALL
20784,18.43,12,FALL
20785,29.02,15,FALL
20786,17.21,12,FALL
20787,115.51,44,FALL
20788,17.49,11,FALL
20789,50.77,23,FALL
20790,36.39,17,FALL
20791,27.84,15,FALL
20792,28.97,16,FALL
20793,24.01,13,FALL
20794,-5.74,3,FALL
20795,40.10,18,FALL
20796,77.35,30,FALL
20797,27.94,15,FALL
20798,-0.76,5,FALL
20799,120.24,46,FALL
20800,22.76,13,FALL
20801,17.25,11,FALL
20802,20.17,12,FALL
20803,25.16,13,FALL
20804,34.55,17,FALL
20805,26.06,14,FALL
20806,78.52,31,FALL
20807,38.80,18,FALL
20808,9.85,8,FALL
20809,26.28,16,FALL
20810,35.92,17,FALL
20811,27.47,15,FALL
20812,29.27,15,FALL
20813,30.86,16,FALL
20814,28.88,15,FALL
20815,31.33,16,FALL
20816,29.28,15,FALL
20817,-3.86,4,FALL
20818,29.74,16,FALL
20819,30.63,16,FALL
20820,26.63,14,FALL
20821,4.88,7,FALL
20822,20.90,13,FALL
20823,3.03,5,FALL
20824,33.29,16,FALL
20825,49.87,21,FALL
20826,29.82,16,FALL
20827,33.62,16,FALL
20828,21.19,13,FALL
20829,0.21,5,FALL
20830,32.46,16,FALL
20831,14.06,10,FALL
20832,4.89,7,FALL
20833,-1.27,5,FALL
20834,75.53,32,FALL
20835,2.23,7,FALL
20836,14.94,10,FALL
20837,124.06,46,FALL
20838,31.36,16,FALL
20839,88.10,34,FALL
20840,41.64,19,FALL
20841,8.83,9,FALL
20842,10.45,9,FALL
20843,30.68,16,FALL
20844,-1.04,5,FALL
20845,40.05,19,FALL
20846,28.63,15,FALL
20847,118.01,47,FALL
20848,42.91,18,FALL
20849,62.43,26,FALL
20850,14.08,10,FALL
20851,47.53,21,FALL
20852,32.20,16,FALL
20853,28.52,16,FALL
20854,4.07,7,FALL
20855,29.65,15,FALL
20856,35.24,17,FALL
20857,30.12,16,FALL
20858,9.48,8,FALL
20859,32.75,16,FALL
20860,0.28,5,FALL
20861,25.22,14,FALL
20862,28.34,15,FALL
20863,18.09,11,FALL
20864,27.95,15,FALL
20865,29.29,15,FALL
20866,118.86,46,FALL
20867,34.60,17,FALL
20868,6.25,7,FALL
20869,119.91,45,FALL
20870,59.09,24,FALL
20871,-0.29,5,FALL
20872,27.19,14,FALL
20873,22.40,13,FALL
20874,20.35,11,FALL
20875,1.75,6,FALL
20876,36.47,17,FALL
20877,79.30,31,FALL
20878,35.38,17,FALL
20879,35.18,17,FALL
20880,20.03,12,FALL
20881,-1.29,5,FALL
20882,-3.80,4,FALL
20883,24.20,14,FALL
20884,17.13,11,FALL
20885,27.27,15,FALL
20886,2.90,6,FALL
20887,27.82,15,FALL
20888,30.25,16,FALL
20889,22.57,14,FALL
20890,4.82,7,FALL
20891,11.73,8,FALL
20892,3.66,7,FALL
20893,36.35,18,FALL
20894,14.07,10,FALL
20895,26.27,14,FALL
20896,27.19,15,FALL
20897,27.73,15,FALL
20898,52.79,23,FALL
20899,5.80,7,FALL
20900,37.99,18,FALL
20901,30.87,16,FALL
20902,29.34,16,FALL
20903,40.02,18,FALL
20904,-2.57,4,FALL
20905,41.48,19,FALL
20906,3.70,6,FALL
20907,3.56,7,FALL
20908,18.06,11,FALL
20909,29.18,15,FALL
20910,40.15,20,FALL
20911,-0.49,5,FALL
20912,11.44,9,FALL
20913,6.33,7,FALL
20914,25.09,14,FALL
20915,31.73,16,FALL
20916,2.59,6,FALL
20917,11.45,9,FALL
20918,8.81,8,FALL
20919,27.99,16,FALL
20920,44.03,20,FALL
20921,2.50,7,FALL
20922,2.92,6,FALL
20923,45.63,20,FALL
20924,4.47,7,FALL
20925,53.94,24,FALL
20926,30.73,16,FALL
20927,32.55,16,FALL
20928,37.23,18,FALL
20929,34.38,17,FALL
20930,16.59,11,FALL
20931,31.48,16,FALL
20932,26.68,14,FALL
20933,33.73,17,FALL
20934,8.19,8,FALL
20935,34.92,17,FALL
20936,10.81,9,FALL
20937,23.24,14,FALL
20938,65.53,26,FALL
20939,16.50,10,FALL
20940,34.15,16,FALL
20941,167.28,61,FALL
20942,124.75,46,FALL
20943,20.89,12,FALL
20944,32.08,16,FALL
20945,49.03,22,FALL
20946,42.07,19,FALL
20947,22.10,13,FALL
20948,32.22,16,FALL
20949,48.39,21,FALL
20950,7.38,8,FALL
20951,48.66,20,FALL
20952,49.97,21,FALL
20953,73.51,28,FALL
20954,22.63,14,FALL
20955,3.88,6,FALL
20956,33.53,18,FALL
20957,28.74,15,FALL
20958,47.55,20,FALL
20959,26.57,15,FALL
20960,21.32,13,FALL
20961,31.55,16,FALL
20962,1.39,6,FALL
20963,5.33,6,FALL
20964,35.68,17,FALL
20965,49.29,21,FALL
20966,21.52,13,FALL
20967,11.61,9,FALL
20968,-2.53,4,FALL
20969,-0.11,5,FALL
20970,9.77,8,FALL
20971,6.07,7,FALL
20972,26.84,14,FALL
20973,7.43,7,FALL
20974,20.10,13,FALL
20975,-1.79,4,FALL
20976,32.52,16,FALL
20977,41.99,19,FALL
20978,34.72,17,FALL
20979,72.83,30,FALL
20980,13.16,9,FALL
20981,-2.24,4,FALL
20982,44.66,20,FALL
20983,-1.43,5,FALL
20984,24.66,16,FALL
20985,17.92,11,FALL
20986,50.37,22,FALL
20987,121.94,45,FALL
20988,32.92,16,FALL
20989,92.07,35,FALL
20990,48.98,22,FALL
20991,-2.98,4,FALL
20992,-0.86,5,FALL
20993,20.90,12,FALL
20994,28.14,15,FALL
20995,15.78,10,FALL
20996,34.61,16,FALL
20997,43.08,19,FALL
20998,52.95,23,FALL
20999,35.82,17,FALL
21000,32.88,16,FALL
21001,36.81,17,FALL
21002,26.11,15,FALL
21003,63.30,27,FALL
21004,-3.26,4,FALL
21005,30.87,15,FALL
21006,28.32,15,FALL
21007,-3.76,4,FALL
21008,-2.59,4,FALL
21009,29.58,15,FALL
21010,61.43,26,FALL
21011,36.57,17,FALL
21012,33.12,16,FALL
21013,10.68,9,FALL
21014,32.87,17,FALL
21015,32.04,16,FALL
21016,46.51,21,FALL
21017,23.86,14,FALL
21018,8.48,8,FALL
21019,31.43,16,FALL
21020,80.39,32,FALL
21021,-1.23,5,FALL
21022,32.10,18,FALL
21023,36.89,18,FALL
21024,-2.47,4,FALL
21025,41.21,19,FALL
21026,14.79,11,FALL
21027,32.38,16,FALL
21028,10.94,9,FALL
21029,29.19,15,FALL
21030,33.21,16,FALL
21031,81.47,31,FALL
21032,1.43,6,FALL
21033,30.45,15,FALL
21034,59.86,25,FALL
21035,31.87,16,FALL
21036,12.75,10,FALL
21037,51.32,22,FALL
21038,-0.87,5,FALL
21039,89.99,36,FALL
21040,33.36,16,FALL
21041,24.32,13,FALL
21042,35.67,17,FALL
21043,38.53,18,FALL
21044,88.69,35,FALL
21045,16.54,12,FALL
21046,32.86,17,FALL
21047,2.63,7,FALL
21048,52.26,22,FALL
21049,33.00,16,FALL
21050,30.81,16,FALL
21051,50.15,21,FALL
21052,-1.41,5,FALL
21053,35.51,17,FALL
21054,7.89,6,FALL
21055,39.18,18,FALL
21056,28.16,15,FALL
21057,31.04,16,FALL
21058,25.62,14,FALL
21059,27.91,15,FALL
21060,32.99,16,FALL
21061,-0.80,5,FALL
21062,34.77,16,FALL
21063,31.28,16,FALL
21064,-3.18,4,FALL
21065,82.41,33,FALL
21066,103.31,40,FALL
21067,32.89,16,FALL
21068,8.16,8,FALL
21069,22.76,13,FALL
21070,29.00,15,FALL
21071,-0.62,5,FALL
21072,39.39,18,FALL
21073,32.57,16,FALL
21074,0.76,6,FALL
21075,32.81,16,FALL
21076,34.49,17,FALL
21077,8.14,9,FALL
21078,-0.45,5,FALL
21079,29.96,16,FALL
21080,13.50,10,FALL
21081,45.83,20,FALL
21082,29.22,16,FALL
21083,31.48,16,FALL
21084,31.88,16,FALL
21085,83.49,32,FALL
21086,-0.01,5,FALL
21087,35.21,17,FALL
21088,29.71,15,FALL
21089,33.79,17,FALL
21090,45.17,21,FALL
21091,29.59,16,FALL
21092,32.78,16,FALL
21093,26.07,14,FALL
21094,20.95,12,FALL
21095,121.09,45,FALL
21096,31.44,16,FALL
21097,9.76,8,FALL
21098,3.31,7,FALL
21099,25.92,15,FALL
21100,33.27,17,FALL
21101,8.53,8,FALL
21102,9.84,8,FALL
21103,3.97,6,FALL
21104,4.59,6,FALL
21105,26.67,15,FALL
21106,39.49,18,FALL
21107,32.57,16,FALL
21108,47.58,21,FALL
21109,30.73,16,FALL
21110,43.50,20,FALL
21111,32.89,17,FALL
21112,43.95,19,FALL
21113,174.55,64,FALL
21114,4.26,6,FALL
21115,6.86,9,FALL
21116,1.98,7,FALL
21117,29.07,16,FALL
21118,30.62,16,FALL
21119,31.29,16,FALL
21120,11.82,9,FALL
21121,39.06,18,FALL
21122,2.87,6,FALL
21123,35.46,17,FALL
21124,27.79,14,FALL
21125,35.49,17,FALL
21126,31.86,16,FALL
21127,2.85,6,FALL
21128,3.59,7,FALL
21129,3.81,6,FALL
21130,13.82,11,FALL
21131,32.17,16,FALL
21132,7.90,8,FALL
21133,85.26,33,FALL
21134,15.80,11,FALL
21135,-4.00,4,FALL
21136,33.42,16,FALL
21137,0.51,6,FALL
21138,32.20,16,FALL
21139,35.72,17,FALL
21140,36.49,18,FALL
21141,-1.04,5,FALL
21142,31.70,16,FALL
21143,10.71,9,FALL
21144,128.67,47,FALL
21145,51.59,21,FALL
21146,2.10,7,FALL
21147,41.39,19,FALL
21148,27.18,14,FALL
21149,-0.73,5,FALL
21150,30.41,17,FALL
21151,11.77,9,FALL
21152,25.53,13,FALL
21153,32.85,16,FALL
21154,32.48,16,FALL
21155,32.78,17,FALL
21156,9.56,8,FALL
21157,32.36,16,FALL
21158,26.73,14,FALL
21159,34.97,17,FALL
21160,76.79,32,FALL
21161,29.35,16,FALL
21162,8.95,8,FALL
21163,13.48,10,FALL
21164,10.22,8,FALL
21165,36.61,18,FALL
21166,37.30,18,FALL
21167,20.96,14,FALL
21168,-2.22,5,FALL
21169,10.04,8,FALL
21170,15.23,10,FALL
21171,-1.22,5,FALL
21172,13.53,10,FALL
21173,18.41,11,FALL
21174,3.92,8,FALL
21175,38.70,18,FALL
21176,36.23,17,FALL
21177,3.41,6,FALL
21178,34.88,17,FALL
21179,116.93,47,FALL
21180,21.12,12,FALL
21181,32.58,16,FALL
21182,-4.25,4,FALL
21183,29.59,16,FALL
21184,24.35,14,FALL
21185,1.79,6,FALL
21186,45.01,21,FALL
21187,1.32,6,FALL
21188,1.18,6,FALL
21189,50.38,22,FALL
21190,19.08,12,FALL
21191,6.98,8,FALL
21192,-3.02,4,FALL
21193,30.68,16,FALL
21194,26.15,14,FALL
21195,2.07,6,FALL
21196,25.56,14,FALL
21197,0.51,5,FALL
21198,32.94,16,FALL
21199,35.46,17,FALL
21200,31.36,16,FALL
21201,5.09,7,FALL
21202,22.34,13,FALL
21203,36.02,18,FALL
21204,11.52,10,FALL
21205,9.61,9,FALL
21206,7.68,8,FALL
21207,22.36,12,FALL
21208,38.99,18,FALL
21209,49.12,21,FALL
21210,32.92,16,FALL
21211,30.18,15,FALL
21212,10.54,9,FALL
21213,67.26,28,FALL
21214,18.43,11,FALL
21215,50.02,22,FALL
21216,30.97,15,FALL
21217,29.93,15,FALL
21218,28.80,15,FALL
21219,19.72,12,FALL
21220,44.33,19,FALL
21221,35.62,17,FALL
21222,64.82,27,FALL
21223,-3.89,4,FALL
21224,0.60,6,FALL
21225,32.52,16,FALL
21226,-0.21,5,FALL
21227,21.87,13,FALL
21228,35.34,17,FALL
21229,37.58,17,FALL
21230,-1.13,5,FALL
21231,29.28,15,FALL
21232,46.43,20,FALL
21233,35.69,17,FALL
21234,-0.65,5,FALL
21235,36.00,17,FALL
21236,32.23,16,FALL
21237,33.12,16,FALL
21238,-0.62,5,FALL
21239,-1.20,5,FALL
21240,26.22,15,FALL
21241,48.86,21,FALL
21242,-3.47,4,FALL
21243,27.92,15,FALL
21244,2.49,6,FALL
21245,34.73,17,FALL
21246,9.91,8,FALL
21247,42.12,19,FALL
21248,30.75,15,FALL
21249,49.13,21,FALL
21250,-3.36,4,FALL
21251,3.05,5,FALL
21252,27.86,15,FALL
21253,32.51,16,FALL
21254,33.15,16,FALL
21255,16.83,11,FALL
21256,34.21,16,FALL
21257,40.03,18,FALL
21258,40.46,18,FALL
21259,1.38,6,FALL
21260,20.52,12,FALL
21261,10.40,9,FALL
21262,38.29,18,FALL
21263,-0.49,5,FALL
21264,63.63,26,FALL
21265,16.83,11,FALL
21266,7.07,8,FALL
21267,11.33,10,FALL
21268,22.90,14,FALL
21269,22.39,13,FALL
21270,21.47,13,FALL
21271,13.42,10,FALL
21272,0.81,6,FALL
21273,19.22,12,FALL
21274,89.96,36,FALL
21275,34.86,17,FALL
21276,36.52,17,FALL
21277,46.92,20,FALL
21278,4.55,8,FALL
21279,35.45,17,FALL
21280,21.52,13,FALL
21281,61.21,26,FALL
21282,14.44,10,FALL
21283,33.59,17,FALL
21284,32.21,16,FALL
21285,12.24,9,FALL
21286,60.31,25,FALL
21287,2.15,6,FALL
21288,33.82,17,FALL
21289,18.11,11,FALL
21290,38.78,18,FALL
21291,29.87,15,FALL
21292,15.75,10,FALL
21293,8.98,9,FALL
21294,81.94,31,FALL
21295,0.79,6,FALL
21296,7.62,8,FALL
21297,42.21,19,FALL
21298,14.93,11,FALL
21299,124.75,46,FALL
21300,150.35,54,FALL
21301,31.33,16,FALL
21302,20.23,12,FALL
21303,9.02,9,FALL
21304,31.86,16,FALL
21305,7.02,7,FALL
21306,14.24,10,FALL
21307,32.73,16,FALL
21308,0.19,6,FALL
21309,36.57,17,FALL
21310,30.19,16,FALL
21311,-1.04,5,FALL
21312,-1.20,5,FALL
21313,22.35,13,FALL
21314,6.24,7,FALL
21315,35.56,17,FALL
21316,-3.33,4,FALL
21317,25.88,15,FALL
21318,36.78,17,FALL
21319,47.78,20,FALL
21320,-2.98,4,FALL
21321,36.89,17,FALL
21322,-0.34,5,FALL
21323,30.87,15,FALL
21324,16.78,11,FALL
21325,33.76,16,FALL
21326,16.20,10,FALL
21327,28.08,15,FALL
21328,29.49,15,FALL
21329,30.49,16,FALL
21330,12.48,9,FALL
21331,34.11,17,FALL
21332,30.09,16,FALL
21333,36.04,17,FALL
21334,35.03,17,FALL
21335,-3.57,4,FALL
21336,40.30,18,FALL
21337,28.55,16,FALL
21338,5.37,7,FALL
21339,6.91,6,FALL
21340,35.77,17,FALL
21341,29.35,16,FALL
21342,-2.71,4,FALL
21343,8.19,8,FALL
21344,39.26,18,FALL
21345,16.98,11,FALL
21346,31.60,16,FALL
21347,28.03,14,FALL
21348,37.85,18,FALL
21349,-1.40,5,FALL
21350,33.35,16,FALL
21351,10.71,8,FALL
21352,18.93,12,FALL
21353,29.46,16,FALL
21354,19.98,14,FALL
21355,31.01,16,FALL
21356,17.54,11,FALL
21357,2.26,7,FALL
21358,39.17,18,FALL
21359,9.46,8,FALL
21360,26.22,14,FALL
21361,27.39,15,FALL
21362,15.02,11,FALL
21363,34.44,17,FALL
21364,31.39,16,FALL
21365,3.32,7,FALL
21366,73.71,29,FALL
21367,31.60,16,FALL
21368,43.92,19,FALL
21369,25.10,14,FALL
21370,28.05,16,FALL
21371,7.93,8,FALL
21372,2.84,7,FALL
21373,-1.08,5,FALL
21374,6.53,7,FALL
21375,32.09,16,FALL
21376,7.96,8,FALL
21377,0.76,5,FALL
21378,43.54,19,FALL
21379,33.81,17,FALL
21380,17.75,12,FALL
21381,41.11,19,FALL
21382,25.45,14,FALL
21383,29.84,16,FALL
21384,32.50,16,FALL
21385,37.50,18,FALL
21386,39.97,19,FALL
21387,18.48,13,FALL
21388,1.19,6,FALL
21389,13.16,11,FALL
21390,8.42,8,FALL
21391,12.32,10,FALL
21392,27.86,15,FALL
21393,32.17,16,FALL
21394,16.41,10,FALL
21395,41.56,19,FALL
21396,33.90,16,FALL
21397,31.96,16,FALL
21398,16.81,11,FALL
21399,-0.60,5,FALL
21400,33.99,16,FALL
21401,-1.12,5,FALL
21402,-3.14,4,FALL
21403,21.94,12,FALL
21404,36.08,17,FALL
21405,11.38,9,FALL
21406,8.69,8,FALL
21407,34.87,17,FALL
21408,73.35,29,FALL
21409,32.46,16,FALL
21410,-1.23,5,FALL
21411,96.90,39,FALL
21412,37.47,17,FALL
21413,28.10,15,FALL
21414,33.42,16,FALL
21415,38.50,18,FALL
21416,2.33,6,FALL
21417,21.76,12,FALL
21418,33.93,17,FALL
21419,34.38,16,FALL
21420,42.05,20,FALL
21421,30.36,16,FALL
21422,33.54,16,FALL
21423,19.12,13,FALL
21424,33.32,16,FALL
21425,18.09,12,FALL
21426,31.96,16,FALL
21427,17.89,11,FALL
21428,10.91,8,FALL
21429,4.25,7,FALL
21430,44.60,20,FALL
21431,2.29,6,FALL
21432,33.37,16,FALL
21433,31.35,16,FALL
21434,30.90,16,FALL
21435,33.38,17,FALL
21436,31.98,16,FALL
21437,89.83,35,FALL
21438,50.12,22,FALL
21439,120.56,44,FALL
21440,59.39,25,FALL
21441,14.87,10,FALL
21442,2.88,6,FALL
21443,32.94,17,FALL
21444,36.05,18,FALL
21445,74.70,31,FALL
21446,19.94,12,FALL
21447,0.62,5,FALL
21448,32.36,16,FALL
21449,-3.32,4,FALL
21450,10.09,8,FALL
21451,8.09,8,FALL
21452,-3.57,4,FALL
21453,36.19,17,FALL
21454,32.65,16,FALL
21455,34.35,16,FALL
21456,24.01,14,FALL
21457,35.27,18,FALL
21458,31.56,16,FALL
21459,42.10,20,FALL
21460,36.06,17,FALL
21461,32.76,16,FALL
21462,30.10,16,FALL
21463,46.79,20,FALL
21464,48.17,20,FALL
21465,-0.75,5,FALL
21466,28.79,16,FALL
21467,5.46,7,FALL
21468,16.63,10,FALL
21469,31.06,15,FALL
21470,9.86,9,FALL
21471,29.04,16,FALL
21472,30.03,16,FALL
21473,35.77,17,FALL
21474,27.30,15,FALL
21475,23.65,14,FALL
21476,8.45,8,FALL
21477,21.07,12,FALL
21478,61.84,27,FALL
21479,33.66,16,FALL
21480,26.59,14,FALL
21481,1.22,6,FALL
21482,-1.25,5,FALL
21483,-2.68,5,FALL
21484,5.77,7,FALL
21485,44.70,20,FALL
21486,18.30,11,FALL
21487,11.82,9,FALL
21488,29.92,15,FALL
21489,27.68,15,FALL
21490,33.50,16,FALL
21491,14.63,10,FALL
21492,30.51,15,FALL
21493,6.18,7,FALL
21494,9.12,8,FALL
21495,19.83,13,FALL
21496,32.05,16,FALL
21497,19.54,12,FALL
21498,71.94,31,FALL
21499,79.47,30,FALL
21500,-0.40,5,FALL
21501,31.90,16,FALL
21502,33.91,17,FALL
21503,-0.49,5,FALL
21504,125.12,46,FALL
21505,145.64,52,FALL
21506,33.81,17,FALL
21507,20.11,12,FALL
21508,24.91,13,FALL
21509,21.73,13,FALL
21510,-3.50,4,FALL
21511,8.97,9,FALL
21512,7.88,8,FALL
21513,16.96,12,FALL
21514,0.35,5,FALL
21515,31.26,16,FALL
21516,82.51,32,FALL
21517,0.61,5,FALL
21518,30.81,16,FALL
21519,31.15,16,FALL
21520,40.40,18,FALL
21521,-5.63,3,FALL
21522,16.26,12,FALL
21523,25.42,13,FALL
21524,44.32,18,FALL
21525,35.58,17,FALL
21526,18.93,13,FALL
21527,44.66,20,FALL
21528,28.06,15,FALL
21529,70.33,29,FALL
21530,11.28,10,FALL
21531,35.81,17,FALL
21532,34.50,17,FALL
21533,9.20,8,FALL
21534,-4.65,3,FALL
21535,26.58,15,FALL
21536,128.34,47,FALL
21537,4.13,6,FALL
21538,43.75,20,FALL
21539,10.82,9,FALL
21540,8.72,8,FALL
21541,23.00,14,FALL
21542,29.81,16,FALL
21543,29.71,16,FALL
21544,35.27,18,FALL
21545,-2.85,4,FALL
21546,45.54,20,FALL
21547,28.30,15,FALL
21548,30.83,16,FALL
21549,26.54,14,FALL
21550,4.74,7,FALL
21551,95.93,36,FALL
21552,44.83,19,FALL
21553,32.49,16,FALL
21554,31.99,16,FALL
21555,38.76,18,FALL
21556,-2.45,4,FALL
21557,6.91,8,FALL
21558,9.40,8,FALL
21559,7.78,8,FALL
21560,30.56,16,FALL
21561,32.54,16,FALL
21562,24.44,14,FALL
21563,31.63,16,FALL
21564,35.67,17,FALL
21565,35.78,18,FALL
21566,18.45,12,FALL
21567,33.29,17,FALL
21568,38.38,18,FALL
21569,30.51,15,FALL
21570,30.21,16,FALL
21571,26.21,14,FALL
21572,23.76,14,FALL
21573,-1.39,5,FALL
21574,-0.78,5,FALL
21575,2.15,6,FALL
21576,77.88,31,FALL
21577,31.40,16,FALL
21578,29.91,16,FALL
21579,42.82,19,FALL
21580,28.92,16,FALL
21581,30.90,15,FALL
21582,43.59,19,FALL
21583,34.11,16,FALL
21584,22.73,13,FALL
21585,32.83,16,FALL
21586,46.11,20,FALL
21587,14.45,10,FALL
21588,25.02,14,FALL
21589,-3.17,4,FALL
21590,16.78,11,FALL
21591,2.51,5,FALL
21592,14.07,10,FALL
21593,9.41,8,FALL
21594,28.28,15,FALL
21595,25.63,14,FALL
21596,1.10,5,FALL
21597,42.72,19,FALL
21598,25.29,14,FALL
21599,32.61,16,FALL
21600,-3.44,4,FALL
21601,34.14,17,FALL
21602,26.84,14,FALL
21603,18.84,11,FALL
21604,74.33,31,FALL
21605,32.32,16,FALL
21606,22.53,14,FALL
21607,46.92,19,FALL
21608,46.83,21,FALL
21609,33.61,17,FALL
21610,11.31,9,FALL
21611,33.32,16,FALL
21612,17.21,11,FALL
21613,21.22,13,FALL
21614,32.77,15,FALL
21615,119.66,45,FALL
21616,66.61,27,FALL
21617,48.63,21,FALL
21618,36.17,17,FALL
21619,37.25,18,FALL
21620,14.12,10,FALL
21621,40.37,18,FALL
21622,-3.73,4,FALL
21623,-3.78,4,FALL
21624,30.50,16,FALL
21625,3.82,6,FALL
21626,-1.27,5,FALL
21627,-0.38,4,FALL
21628,16.30,11,FALL
21629,5.46,7,FALL
21630,13.38,10,FALL
21631,33.47,16,FALL
21632,27.78,15,FALL
21633,18.40,11,FALL
21634,17.01,11,FALL
21635,-3.15,4,FALL
21636,0.45,5,FALL
21637,34.60,16,FALL
21638,32.62,16,FALL
21639,32.09,16,FALL
21640,44.41,19,FALL
21641,24.52,14,FALL
21642,32.32,16,FALL
21643,37.60,17,FALL
21644,8.00,8,FALL
21645,-1.49,4,FALL
21646,7.40,7,FALL
21647,33.12,16,FALL
21648,34.68,17,FALL
21649,13.78,10,FALL
21650,28.45,14,FALL
21651,32.82,16,FALL
21652,8.04,8,FALL
21653,27.72,15,FALL
21654,18.13,11,FALL
21655,36.31,18,FALL
21656,15.27,10,FALL
21657,11.01,9,FALL
21658,30.69,16,FALL
21659,31.62,16,FALL
21660,31.82,16,FALL
21661,14.95,10,FALL
21662,32.82,16,FALL
21663,25.06,15,FALL
21664,1.13,6,FALL
21665,33.02,17,FALL
21666,27.96,15,FALL
21667,-3.72,4,FALL
21668,24.14,15,FALL
21669,33.16,17,FALL
21670,32.13,16,FALL
21671,35.20,17,FALL
21672,19.28,12,FALL
21673,30.89,16,FALL
21674,47.88,20,FALL
21675,14.48,11,FALL
21676,85.35,33,FALL
21677,25.57,14,FALL
21678,34.86,16,FALL
21679,-3.49,4,FALL
21680,37.20,18,FALL
21681,9.88,8,FALL
21682,46.43,22,FALL
21683,31.92,16,FALL
21684,9.99,8,FALL
21685,40.44,20,FALL
21686,43.44,19,FALL
21687,41.38,18,FALL
21688,81.70,31,FALL
21689,35.70,17,FALL
21690,41.95,19,FALL
21691,36.22,17,FALL
21692,17.59,11,FALL
21693,44.63,20,FALL
21694,31.42,15,FALL
21695,-1.57,5,FALL
21696,12.24,10,FALL
21697,30.32,15,FALL
21698,12.44,10,FALL
21699,-1.44,5,FALL
21700,32.03,16,FALL
21701,15.24,10,FALL
21702,10.05,9,FALL
21703,31.60,16,FALL
21704,-0.88,5,FALL
21705,38.46,18,FALL
21706,0.72,6,FALL
21707,1.18,5,FALL
21708,25.36,14,FALL
21709,33.96,16,FALL
21710,25.12,14,FALL
21711,39.50,19,FALL
21712,31.54,15,FALL
21713,36.88,18,FALL
21714,31.91,16,FALL
21715,78.85,32,FALL
21716,29.09,15,FALL
21717,33.24,16,FALL
21718,75.59,30,FALL
21719,43.92,19,FALL
21720,21.08,13,FALL
21721,9.01,8,FALL
21722,4.22,7,FALL
21723,3.65,6,FALL
21724,26.55,15,FALL
21725,32.82,16,FALL
21726,34.03,16,FALL
21727,31.19,15,FALL
21728,12.94,10,FALL
21729,8.02,7,FALL
21730,33.95,17,FALL
21731,29.57,15,FALL
21732,10.70,9,FALL
21733,33.60,16,FALL
21734,30.15,16,FALL
21735,20.28,12,FALL
21736,37.82,18,FALL
21737,-2.86,4,FALL
21738,44.35,19,FALL
21739,32.68,16,FALL
21740,111.81,46,FALL
21741,24.93,14,FALL
21742,30.48,16,FALL
21743,1.09,6,FALL
21744,49.10,23,FALL
21745,37.77,18,FALL
21746,28.84,15,FALL
21747,85.31,34,FALL
21748,26.59,14,FALL
21749,36.41,17,FALL
21750,30.86,15,FALL
21751,33.14,16,FALL
21752,127.10,47,FALL
21753,38.58,18,FALL
21754,21.45,13,FALL
21755,-1.41,5,FALL
21756,36.07,17,FALL
21757,10.24,8,FALL
21758,31.67,16,FALL
21759,33.10,16,FALL
21760,35.72,17,FALL
21761,53.63,23,FALL
21762,10.13,8,FALL
21763,2.14,6,FALL
21764,27.82,16,FALL
21765,5.68,7,FALL
21766,20.44,13,FALL
21767,9.62,9,FALL
21768,2.59,6,FALL
21769,-0.85,5,FALL
21770,19.01,11,FALL
21771,123.33,47,FALL
21772,65.84,27,FALL
21773,32.06,16,FALL
21774,31.28,16,FALL
21775,32.34,16,FALL
21776,-0.11,5,FALL
21777,52.05,21,FALL
21778,68.06,27,FALL
21779,35.34,17,FALL
21780,33.45,18,FALL
21781,29.85,15,FALL
21782,41.61,19,FALL
21783,16.17,11,FALL
21784,18.49,12,FALL
21785,32.05,16,FALL
21786,11.29,9,FALL
21787,83.94,33,FALL
21788,27.79,15,FALL
21789,34.64,17,FALL
21790,117.64,45,FALL
21791,10.78,9,FALL
21792,25.54,14,FALL
21793,37.38,17,FALL
21794,-3.83,4,FALL
21795,45.90,20,FALL
21796,24.12,14,FALL
21797,1.83,5,FALL
21798,33.20,16,FALL
21799,2.88,6,FALL
21800,70.34,29,FALL
21801,35.83,17,FALL
21802,25.52,14,FALL
21803,31.11,16,FALL
21804,21.50,13,FALL
21805,32.15,16,FALL
21806,35.66,17,FALL
21807,15.92,11,FALL
21808,28.17,15,FALL
21809,29.65,15,FALL
21810,61.67,25,FALL
21811,12.38,9,FALL
21812,35.52,17,FALL
21813,41.21,19,FALL
21814,29.11,15,FALL
21815,4.95,6,FALL
21816,23.67,13,FALL
21817,11.31,9,FALL
21818,39.35,18,FALL
21819,5.99,7,FALL
21820,23.39,13,FALL
21821,-0.67,5,FALL
21822,18.59,12,FALL
21823,0.73,6,FALL
21824,14.57,11,FALL
21825,33.45,16,FALL
21826,67.22,27,FALL
21827,11.38,9,FALL
21828,37.39,17,FALL
21829,26.47,15,FALL
21830,-0.57,5,FALL
21831,14.22,10,FALL
21832,9.92,10,FALL
21833,42.34,19,FALL
21834,5.80,8,FALL
21835,19.86,12,FALL
21836,32.40,16,FALL
21837,29.96,15,FALL
21838,11.23,9,FALL
21839,21.26,13,FALL
21840,15.02,11,FALL
21841,32.00,16,FALL
21842,34.76,16,FALL
21843,30.90,17,FALL
21844,29.05,16,FALL
21845,49.78,22,FALL
21846,17.94,11,FALL
21847,-6.70,3,FALL
21848,41.77,20,FALL
21849,121.91,45,FALL
21850,38.32,18,FALL
21851,18.66,13,FALL
21852,30.37,16,FALL
21853,44.21,20,FALL
21854,32.69,17,FALL
21855,23.50,13,FALL
21856,26.13,14,FALL
21857,108.80,41,FALL
21858,29.69,16,FALL
21859,-1.66,5,FALL
21860,32.16,16,FALL
21861,36.30,18,FALL
21862,0.47,6,FALL
21863,6.29,7,FALL
21864,24.24,13,FALL
21865,5.77,7,FALL
21866,3.49,6,FALL
21867,30.08,15,FALL
21868,13.14,10,FALL
21869,25.83,14,FALL
21870,31.31,16,FALL
21871,25.70,14,FALL
21872,53.40,22,FALL
21873,2.91,6,FALL
21874,7.84,7,FALL
21875,4.90,7,FALL
21876,29.60,16,FALL
21877,51.14,22,FALL
21878,35.68,17,FALL
21879,38.99,18,FALL
21880,16.44,11,FALL
21881,26.09,14,FALL
21882,35.60,17,FALL
21883,31.37,16,FALL
21884,32.34,17,FALL
21885,29.01,15,FALL
21886,17.57,11,FALL
21887,29.55,15,FALL
21888,32.91,16,FALL
21889,33.83,17,FALL
21890,79.42,32,FALL
21891,16.69,11,FALL
21892,2.80,6,FALL
21893,33.10,17,FALL
21894,23.83,13,FALL
21895,32.82,16,FALL
21896,84.03,34,FALL
21897,7.41,7,FALL
21898,10.10,9,FALL
21899,31.74,16,FALL
21900,35.98,16,FALL
21901,55.83,24,FALL
21902,57.49,25,FALL
21903,29.56,15,FALL
21904,19.08,11,FALL
21905,21.97,13,FALL
21906,19.80,12,FALL
21907,7.53,7,FALL
21908,12.51,9,FALL
21909,16.47,12,FALL
21910,51.14,22,FALL
21911,33.02,16,FALL
21912,16.80,11,FALL
21913,3.52,6,FALL
21914,26.32,16,FALL
21915,26.84,14,FALL
21916,-2.34,4,FALL
21917,18.70,10,FALL
21918,31.88,16,FALL
21919,35.95,17,FALL
21920,24.95,14,FALL
21921,79.97,34,FALL
21922,8.07,8,FALL
21923,23.47,13,FALL
21924,34.06,17,FALL
21925,80.28,32,FALL
21926,15.70,11,FALL
21927,7.06,8,FALL
21928,18.34,12,FALL
21929,35.77,18,FALL
21930,3.35,7,FALL
21931,36.33,19,FALL
21932,37.27,18,FALL
21933,31.27,16,FALL
21934,35.19,17,FALL
21935,20.08,12,FALL
21936,14.23,10,FALL
21937,-3.74,4,FALL
21938,7.34,9,FALL
21939,9.31,8,FALL
21940,35.47,17,FALL
21941,-0.52,5,FALL
21942,39.44,19,FALL
21943,45.93,20,FALL
21944,-1.65,4,FALL
21945,35.44,18,FALL
21946,12.30,10,FALL
21947,31.25,16,FALL
21948,35.84,17,FALL
21949,35.48,17,FALL
21950,33.54,17,FALL
21951,-2.12,4,FALL
21952,34.11,16,FALL
21953,34.64,16,FALL
21954,11.66,9,FALL
21955,4.57,7,FALL
21956,33.05,16,FALL
21957,16.35,12,FALL
21958,61.38,24,FALL
21959,33.39,16,FALL
21960,-2.25,5,FALL
21961,8.68,8,FALL
21962,33.14,16,FALL
21963,3.41,7,FALL
21964,48.98,21,FALL
21965,29.57,16,FALL
21966,17.00,11,FALL
21967,119.81,46,FALL
21968,20.15,11,FALL
21969,22.85,13,FALL
21970,86.11,34,FALL
21971,30.95,16,FALL
21972,23.63,14,FALL
21973,9.37,10,FALL
21974,25.93,14,FALL
21975,15.61,10,FALL
21976,32.72,16,FALL
21977,-3.38,4,FALL
21978,123.88,46,FALL
21979,27.82,16,FALL
21980,32.16,16,FALL
21981,38.97,18,FALL
21982,25.01,14,FALL
21983,13.63,10,FALL
21984,8.68,9,FALL
21985,9.26,7,FALL
21986,0.83,6,FALL
21987,47.70,20,FALL
21988,56.76,24,FALL
21989,29.13,16,FALL
21990,50.46,22,FALL
21991,31.79,16,FALL
21992,29.32,15,FALL
21993,31.48,16,FALL
21994,21.90,12,FALL
21995,7.13,8,FALL
21996,44.16,21,FALL
21997,8.67,8,FALL
21998,31.15,16,FALL
21999,4.88,6,FALL
22000,-1.31,5,FALL
22001,0.22,5,FALL
22002,-1.08,5,FALL
22003,31.44,16,FALL
22004,-1.51,5,FALL
22005,32.82,17,FALL
22006,32.90,16,FALL
22007,29.68,16,FALL
22008,32.51,16,FALL
22009,39.73,18,FALL
22010,27.34,15,FALL
22011,37.09,18,FALL
22012,27.40,15,FALL
22013,35.48,17,FALL
22014,38.13,18,FALL
22015,27.22,15,FALL
22016,27.48,15,FALL
22017,41.60,19,FALL
22018,-1.30,5,FALL
22019,78.11,32,FALL
22020,85.93,38,FALL
22021,30.66,16,FALL
22022,29.87,15,FALL
22023,62.85,26,FALL
22024,39.63,18,FALL
22025,7.47,8,FALL
22026,61.92,25,FALL
22027,38.30,18,FALL
22028,125.31,46,FALL
22029,52.54,21,FALL
22030,-3.24,4,FALL
22031,10.50,9,FALL
22032,28.88,15,FALL
22033,128.67,46,FALL
22034,31.01,16,FALL
22035,21.24,12,FALL
22036,120.58,46,FALL
22037,15.38,12,FALL
22038,-1.61,4,FALL
22039,31.25,16,FALL
22040,42.97,20,FALL
22041,120.37,47,FALL
22042,40.79,18,FALL
22043,48.28,21,FALL
22044,28.76,15,FALL
22045,30.75,16,FALL
22046,-2.78,4,FALL
22047,1.52,6,FALL
22048,-3.92,4,FALL
22049,22.22,13,FALL
22050,32.81,16,FALL
22051,-2.48,4,FALL
22052,10.78,8,FALL
22053,34.22,16,FALL
22054,30.49,16,FALL
22055,1.69,5,FALL
22056,24.07,13,FALL
22057,3.67,6,FALL
22058,33.63,17,FALL
22059,64.12,26,FALL
22060,-0.94,5,FALL
22061,71.20,27,FALL
22062,35.08,16,FALL
22063,-1.71,5,FALL
22064,80.87,32,FALL
22065,74.78,30,FALL
22066,-5.19,3,FALL
22067,36.88,17,FALL
22068,8.56,9,FALL
22069,31.30,16,FALL
22070,22.40,14,FALL
22071,35.40,17,FALL
22072,32.80,16,FALL
22073,27.53,15,FALL
22074,16.17,11,FALL
22075,17.32,11,FALL
22076,25.34,14,FALL
22077,42.17,18,FALL
22078,35.66,17,FALL
22079,68.11,27,FALL
22080,14.42,10,FALL
22081,-5.97,4,FALL
22082,5.13,7,FALL
22083,55.11,23,FALL
22084,26.82,15,FALL
22085,26.28,15,FALL
22086,-3.39,4,FALL
22087,-0.23,5,FALL
22088,33.78,16,FALL
22089,34.71,17,FALL
22090,65.07,27,FALL
22091,-3.90,4,FALL
22092,26.01,15,FALL
22093,7.08,8,FALL
22094,118.39,46,FALL
22095,5.89,7,FALL
22096,31.03,16,FALL
22097,43.58,20,FALL
22098,32.90,16,FALL
22099,31.30,15,FALL
22100,6.76,8,FALL
22101,27.65,15,FALL
22102,31.08,16,FALL
22103,13.87,11,FALL
22104,-1.19,5,FALL
22105,127.42,47,FALL
22106,31.03,16,FALL
22107,21.83,13,FALL
22108,63.80,25,FALL
22109,32.57,16,FALL
22110,27.33,15,FALL
22111,38.01,18,FALL
22112,6.52,7,FALL
22113,13.06,10,FALL
22114,34.32,17,FALL
22115,4.97,6,FALL
22116,12.24,11,FALL
22117,33.04,16,FALL
22118,17.62,11,FALL
22119,46.16,20,FALL
22120,18.17,11,FALL
22121,33.27,16,FALL
22122,-3.77,4,FALL
22123,28.64,15,FALL
22124,42.82,19,FALL
22125,86.72,33,FALL
22126,26.15,14,FALL
22127,11.49,8,FALL
22128,34.72,17,FALL
22129,11.22,8,FALL
22130,103.63,39,FALL
22131,31.43,16,FALL
22132,32.81,17,FALL
22133,35.84,17,FALL
22134,4.80,7,FALL
22135,13.14,10,FALL
22136,30.03,15,FALL
22137,38.64,19,FALL
22138,28.84,15,FALL
22139,35.61,16,FALL
22140,33.08,16,FALL
22141,27.82,14,FALL
22142,40.64,18,FALL
22143,30.72,16,FALL
22144,31.32,16,FALL
22145,30.91,16,FALL
22146,47.71,21,FALL
22147,41.25,19,FALL
22148,56.69,24,FALL
22149,33.74,16,FALL
22150,38.84,18,FALL
22151,8.01,8,FALL
22152,15.48,12,FALL
22153,-5.73,3,FALL
22154,2.30,6,FALL
22155,32.20,16,FALL
22156,78.04,33,FALL
22157,26.59,15,FALL
22158,44.54,19,FALL
22159,37.45,17,FALL
22160,15.99,10,FALL
22161,17.46,11,FALL
22162,46.27,21,FALL
22163,34.61,17,FALL
22164,24.47,13,FALL
22165,35.26,17,FALL
22166,25.23,14,FALL
22167,0.72,6,FALL
22168,30.27,15,FALL
22169,23.80,14,FALL
22170,34.77,17,FALL
22171,20.95,12,FALL
22172,37.17,17,FALL
22173,24.92,14,FALL
22174,27.82,15,FALL
22175,31.92,16,FALL
22176,71.70,29,FALL
22177,20.87,12,FALL
22178,32.38,16,FALL
22179,79.88,33,FALL
22180,35.06,17,FALL
22181,34.68,17,FALL
22182,31.28,16,FALL
22183,19.29,11,FALL
22184,33.11,16,FALL
22185,33.05,16,FALL
22186,39.60,18,FALL
22187,22.82,13,FALL
22188,28.92,15,FALL
22189,-3.29,4,FALL
22190,19.90,12,FALL
22191,33.83,16,FALL
22192,19.79,12,FALL
22193,5.59,8,FALL
22194,29.76,15,FALL
22195,18.88,11,FALL
22196,48.81,22,FALL
22197,31.41,16,FALL
22198,55.93,24,FALL
22199,13.89,9,FALL
22200,138.46,50,FALL
22201,-1.62,5,FALL
22202,44.82,20,FALL
22203,24.21,15,FALL
22204,33.55,16,FALL
22205,27.44,15,FALL
22206,1.28,5,FALL
22207,34.76,17,FALL
22208,17.88,11,FALL
22209,3.71,6,FALL
22210,32.99,17,FALL
22211,8.25,8,FALL
22212,47.63,20,FALL
22213,43.71,19,FALL
22214,39.50,18,FALL
22215,-3.24,4,FALL
22216,34.38,17,FALL
22217,66.20,27,FALL
22218,32.74,16,FALL
22219,43.15,20,FALL
22220,15.07,11,FALL
22221,0.45,5,FALL
22222,26.49,15,FALL
22223,9.38,8,FALL
22224,32.09,16,FALL
22225,15.87,10,FALL
22226,11.51,9,FALL
22227,-1.07,5,FALL
22228,31.16,16,FALL
22229,36.68,17,FALL
22230,64.14,27,FALL
22231,21.44,12,FALL
22232,2.33,6,FALL
22233,28.86,16,FALL
22234,9.42,8,FALL
22235,31.62,16,FALL
22236,98.51,37,FALL
22237,7.96,8,FALL
22238,77.43,32,FALL
22239,-1.11,5,FALL
22240,19.26,12,FALL
22241,19.00,13,FALL
22242,6.43,8,FALL
22243,33.28,16,FALL
22244,4.73,6,FALL
22245,29.10,15,FALL
22246,29.20,15,FALL
22247,44.62,20,FALL
22248,-2.92,4,FALL
22249,121.77,46,FALL
22250,7.55,7,FALL
22251,29.51,15,FALL
22252,15.48,10,FALL
22253,39.16,19,FALL
22254,44.29,19,FALL
22255,35.16,17,FALL
22256,52.50,24,FALL
22257,37.31,17,FALL
22258,17.03,12,FALL
22259,34.25,16,FALL
22260,38.38,17,FALL
22261,22.38,12,FALL
22262,52.82,22,FALL
22263,35.35,17,FALL
22264,16.52,11,FALL
22265,-1.48,5,FALL
22266,23.44,13,FALL
22267,25.55,14,FALL
22268,25.98,14,FALL
22269,3.29,7,FALL
22270,29.82,16,FALL
22271,9.38,8,FALL
22272,2.65,6,FALL
22273,81.62,33,FALL
22274,30.60,16,FALL
22275,30.61,16,FALL
22276,29.92,16,FALL
22277,31.03,16,FALL
22278,17.66,11,FALL
22279,26.14,14,FALL
22280,9.09,8,FALL
22281,37.19,17,FALL
22282,30.29,15,FALL
22283,22.40,13,FALL
22284,-3.48,4,FALL
22285,11.12,8,FALL
22286,35.71,18,FALL
22287,31.34,16,FALL
22288,45.14,20,FALL
22289,35.93,17,FALL
22290,34.17,16,FALL
22291,5.78,7,FALL
22292,26.23,14,FALL
22293,32.11,16,FALL
22294,18.37,12,FALL
22295,23.54,13,FALL
22296,103.34,40,FALL
22297,30.25,16,FALL
22298,27.36,16,FALL
22299,-1.70,5,FALL
22300,25.25,14,FALL
22301,7.16,7,FALL
22302,31.13,16,FALL
22303,9.05,8,FALL
22304,35.30,17,FALL
22305,0.83,6,FALL
22306,72.25,30,FALL
22307,0.31,5,FALL
22308,35.61,18,FALL
22309,30.53,16,FALL
22310,31.88,16,FALL
22311,9.95,8,FALL
22312,-2.63,4,FALL
22313,40.66,18,FALL
22314,91.20,34,FALL
22315,82.64,32,FALL
22316,84.65,33,FALL
22317,-3.37,4,FALL
22318,3.40,6,FALL
22319,59.56,26,FALL
22320,40.37,18,FALL
22321,12.84,9,FALL
22322,4.96,7,FALL
22323,53.39,23,FALL
22324,18.61,12,FALL
22325,51.59,20,FALL
22326,11.26,9,FALL
22327,4.35,7,FALL
22328,-1.60,5,FALL
22329,101.55,39,FALL
22330,33.51,18,FALL
22331,11.89,10,FALL
22332,12.89,10,FALL
22333,7.27,8,FALL
22334,24.19,13,FALL
22335,-0.79,5,FALL
22336,6.39,7,FALL
22337,38.73,19,FALL
22338,-1.12,5,FALL
22339,25.44,15,FALL
22340,18.62,11,FALL
22341,18.23,11,FALL
22342,39.04,18,FALL
22343,7.30,7,FALL
22344,47.86,22,FALL
22345,-0.43,5,FALL
22346,34.28,16,FALL
22347,30.48,15,FALL
22348,33.71,17,FALL
22349,32.85,16,FALL
22350,3.44,6,FALL
22351,26.65,15,FALL
22352,36.05,17,FALL
22353,25.62,14,FALL
22354,28.18,15,FALL
22355,53.71,23,FALL
22356,78.39,31,FALL
22357,8.05,8,FALL
22358,28.94,15,FALL
22359,24.71,14,FALL
22360,32.22,16,FALL
22361,2.80,6,FALL
22362,24.60,14,FALL
22363,6.34,7,FALL
22364,34.15,17,FALL
22365,32.29,16,FALL
22366,24.37,13,FALL
22367,31.38,16,FALL
22368,31.20,16,FALL
22369,-1.47,5,FALL
22370,40.52,18,FALL
22371,-3.70,4,FALL
22372,1.05,6,FALL
22373,41.82,18,FALL
22374,14.14,10,FALL
22375,7.96,8,FALL
22376,18.99,11,FALL
22377,38.98,18,FALL
22378,1.71,5,FALL
22379,38.10,18,FALL
22380,-1.51,5,FALL
22381,28.45,16,FALL
22382,12.05,9,FALL
22383,33.69,16,FALL
22384,32.02,16,FALL
22385,33.32,16,FALL
22386,37.84,18,FALL
22387,74.55,30,FALL
22388,27.80,14,FALL
22389,3.38,7,FALL
22390,31.56,16,FALL
22391,-0.59,5,FALL
22392,0.58,5,FALL
22393,19.64,12,FALL
22394,10.58,9,FALL
22395,35.38,17,FALL
22396,14.32,10,FALL
22397,-1.50,5,FALL
22398,22.48,12,FALL
22399,7.79,8,FALL
22400,18.53,12,FALL
22401,-0.07,6,FALL
22402,38.08,18,FALL
22403,19.96,12,FALL
22404,33.06,16,FALL
22405,-3.86,4,FALL
22406,4.18,7,FALL
22407,29.14,16,FALL
22408,28.40,15,FALL
22409,9.71,8,FALL
22410,6.35,7,FALL
22411,36.71,18,FALL
22412,9.74,9,FALL
22413,28.23,15,FALL
22414,-1.03,5,FALL
22415,31.05,15,FALL
22416,38.65,18,FALL
22417,35.23,17,FALL
22418,41.49,19,FALL
22419,26.83,14,FALL
22420,37.15,17,FALL
22421,35.19,17,FALL
22422,32.97,16,FALL
22423,34.18,16,FALL
22424,-0.01,5,FALL
22425,84.39,34,FALL
22426,48.02,21,FALL
22427,83.91,32,FALL
22428,30.24,16,FALL
22429,13.28,10,FALL
22430,33.54,17,FALL
22431,2.22,5,FALL
22432,39.27,18,FALL
22433,38.29,18,FALL
22434,-1.53,5,FALL
22435,31.63,16,FALL
22436,0.25,5,FALL
22437,33.43,16,FALL
22438,25.91,14,FALL
22439,24.37,13,FALL
22440,7.07,7,FALL
22441,50.32,20,FALL
22442,3.14,7,FALL
22443,48.94,22,FALL
22444,26.86,14,FALL
22445,31.58,15,FALL
22446,33.38,16,FALL
22447,33.17,16,FALL
22448,53.38,22,FALL
22449,33.73,17,FALL
22450,-3.89,4,FALL
22451,36.02,17,FALL
22452,31.17,16,FALL
22453,2.57,6,FALL
22454,25.52,14,FALL
22455,34.32,16,FALL
22456,140.00,52,FALL
22457,63.11,25,FALL
22458,29.47,15,FALL
22459,32.24,16,FALL
22460,33.58,16,FALL
22461,10.22,8,FALL
22462,26.28,14,FALL
22463,32.92,16,FALL
22464,29.59,15,FALL
22465,33.30,17,FALL
22466,27.84,15,FALL
22467,-0.52,5,FALL
22468,14.92,10,FALL
22469,-3.46,4,FALL
22470,21.44,12,FALL
22471,3.63,6,FALL
22472,23.34,14,FALL
22473,1.28,5,FALL
22474,39.29,18,FALL
22475,23.16,14,FALL
22476,32.10,16,FALL
22477,83.27,34,FALL
22478,29.14,15,FALL
22479,38.26,18,FALL
22480,28.70,15,FALL
22481,13.10,10,FALL
22482,7.35,7,FALL
22483,15.35,11,FALL
22484,33.42,16,FALL
22485,37.25,18,FALL
22486,-4.04,4,FALL
22487,22.53,13,FALL
22488,19.06,11,FALL
22489,34.72,17,FALL
22490,15.30,11,FALL
22491,33.07,16,FALL
22492,30.03,15,FALL
22493,14.22,10,FALL
22494,91.77,37,FALL
22495,132.83,51,FALL
22496,30.93,16,FALL
22497,36.21,17,FALL
22498,-0.86,5,FALL
22499,75.63,29,FALL
22500,113.02,45,FALL
22501,38.65,18,FALL
22502,32.98,16,FALL
22503,15.38,10,FALL
22504,-0.89,5,FALL
22505,26.01,14,FALL
22506,27.07,15,FALL
22507,27.91,15,FALL
22508,17.16,11,FALL
22509,25.34,13,FALL
22510,26.94,15,FALL
22511,26.79,15,FALL
22512,35.43,18,FALL
22513,121.40,45,FALL
22514,94.98,36,FALL
22515,31.47,16,FALL
22516,5.96,7,FALL
22517,29.38,15,FALL
22518,33.02,17,FALL
22519,42.26,18,FALL
22520,35.89,17,FALL
22521,34.65,17,FALL
22522,32.19,16,FALL
22523,30.45,16,FALL
22524,34.76,17,FALL
22525,49.44,21,FALL
22526,32.05,16,FALL
22527,30.73,17,FALL
22528,35.37,17,FALL
22529,32.02,16,FALL
22530,32.47,17,FALL
22531,28.66,15,FALL
22532,32.31,16,FALL
22533,10.94,10,FALL
22534,51.82,22,FALL
22535,10.65,9,FALL
22536,31.45,16,FALL
22537,34.29,17,FALL
22538,4.64,6,FALL
22539,31.15,16,FALL
22540,45.16,19,FALL
22541,29.48,15,FALL
22542,32.31,16,FALL
22543,35.04,17,FALL
22544,34.12,17,FALL
22545,32.40,17,FALL
22546,7.30,7,FALL
22547,39.80,18,FALL
22548,6.99,8,FALL
22549,14.02,9,FALL
22550,8.19,8,FALL
22551,0.60,6,FALL
22552,-3.69,4,FALL
22553,0.44,5,FALL
22554,7.49,8,FALL
22555,14.85,11,FALL
22556,6.75,7,FALL
22557,22.59,13,FALL
22558,57.69,24,FALL
22559,32.99,17,FALL
22560,23.58,13,FALL
22561,27.63,15,FALL
22562,26.49,14,FALL
22563,29.80,16,FALL
22564,40.42,19,FALL
22565,32.43,17,FALL
22566,87.79,35,FALL
22567,26.00,13,FALL
22568,35.00,17,FALL
22569,37.45,18,FALL
22570,36.57,18,FALL
22571,24.74,15,FALL
22572,17.48,10,FALL
22573,25.37,15,FALL
22574,-1.10,5,FALL
22575,35.71,17,FALL
22576,27.50,15,FALL
22577,15.74,10,FALL
22578,8.81,8,FALL
22579,22.17,13,FALL
22580,35.55,17,FALL
22581,82.81,32,FALL
22582,-3.10,4,FALL
22583,28.62,15,FALL
22584,30.62,16,FALL
22585,31.12,15,FALL
22586,-1.52,4,FALL
22587,19.96,12,FALL
22588,34.57,16,FALL
22589,-0.25,5,FALL
22590,31.91,16,FALL
22591,32.42,16,FALL
22592,-0.59,5,FALL
22593,37.85,18,FALL
22594,-1.09,5,FALL
22595,34.13,16,FALL
22596,0.38,6,FALL
22597,21.51,13,FALL
22598,20.39,12,FALL
22599,33.04,16,FALL
22600,53.30,22,FALL
22601,24.92,14,FALL
22602,-4.10,4,FALL
22603,0.44,5,FALL
22604,31.49,16,FALL
22605,31.26,16,FALL
22606,33.67,17,FALL
22607,82.51,33,FALL
22608,40.72,19,FALL
22609,29.05,16,FALL
22610,32.58,17,FALL
22611,14.51,10,FALL
22612,22.93,13,FALL
22613,79.24,32,FALL
22614,13.63,11,FALL
22615,6.51,7,FALL
22616,32.79,16,FALL
22617,20.07,13,FALL
22618,31.18,16,FALL
22619,-2.95,4,FALL
22620,35.66,17,FALL
22621,30.53,15,FALL
22622,24.90,14,FALL
22623,33.26,16,FALL
22624,36.45,17,FALL
22625,34.04,18,FALL
22626,37.82,18,FALL
22627,3.48,6,FALL
22628,120.62,45,FALL
22629,4.74,7,FALL
22630,32.43,16,FALL
22631,35.13,17,FALL
22632,10.81,9,FALL
22633,50.11,21,FALL
22634,28.51,16,FALL
22635,14.90,10,FALL
22636,21.61,13,FALL
22637,45.05,20,FALL
22638,30.15,15,FALL
22639,17.03,12,FALL
22640,17.12,11,FALL
22641,5.13,7,FALL
22642,32.36,16,FALL
22643,18.56,12,FALL
22644,32.08,16,FALL
22645,40.30,18,FALL
22646,7.71,8,FALL
22647,20.48,12,FALL
22648,32.25,16,FALL
22649,1.91,6,FALL
22650,36.89,17,FALL
22651,12.25,9,FALL
22652,76.37,32,FALL
22653,27.63,13,FALL
22654,1.03,6,FALL
22655,12.98,10,FALL
22656,32.06,17,FALL
22657,19.50,13,FALL
22658,61.56,26,FALL
22659,-0.56,5,FALL
22660,24.75,14,FALL
22661,31.54,16,FALL
22662,34.39,16,FALL
22663,32.33,16,FALL
22664,28.99,15,FALL
22665,23.82,14,FALL
22666,22.49,13,FALL
22667,-1.12,5,FALL
22668,10.18,9,FALL
22669,8.87,9,FALL
22670,-3.31,4,FALL
22671,-3.04,4,FALL
22672,16.56,10,FALL
22673,16.92,11,FALL
22674,33.20,16,FALL
22675,11.46,9,FALL
22676,31.60,16,FALL
22677,40.73,18,FALL
22678,11.32,8,FALL
22679,26.03,14,FALL
22680,32.39,16,FALL
22681,13.07,10,FALL
22682,127.71,46,FALL
22683,35.04,17,FALL
22684,6.57,7,FALL
22685,28.76,15,FALL
22686,7.46,7,FALL
22687,36.06,17,FALL
22688,25.81,14,FALL
22689,-3.03,4,FALL
22690,29.21,15,FALL
22691,32.97,16,FALL
22692,14.56,10,FALL
22693,33.87,16,FALL
22694,43.21,19,FALL
22695,32.33,17,FALL
22696,18.54,12,FALL
22697,-1.38,5,FALL
22698,2.17,6,FALL
22699,12.28,9,FALL
22700,16.90,11,FALL
22701,40.25,18,FALL
22702,12.80,9,FALL
22703,31.96,16,FALL
22704,30.07,16,FALL
22705,27.87,15,FALL
22706,4.91,8,FALL
22707,0.19,5,FALL
22708,-5.88,3,FALL
22709,3.79,7,FALL
22710,33.33,16,FALL
22711,39.86,19,FALL
22712,44.50,19,FALL
22713,34.04,17,FALL
22714,45.57,20,FALL
22715,31.71,16,FALL
22716,20.41,12,FALL
22717,89.81,34,FALL
22718,-0.71,5,FALL
22719,59.84,24,FALL
22720,17.82,11,FALL
22721,2.94,6,FALL
22722,33.95,16,FALL
22723,36.22,17,FALL
22724,27.79,15,FALL
22725,34.31,16,FALL
22726,31.66,16,FALL
22727,17.03,12,FALL
22728,58.81,26,FALL
22729,25.21,13,FALL
22730,28.85,15,FALL
22731,28.01,15,FALL
22732,32.15,16,FALL
22733,32.05,16,FALL
22734,18.64,11,FALL
22735,0.72,6,FALL
22736,30.30,16,FALL
22737,-1.55,5,FALL
22738,30.52,16,FALL
22739,27.44,15,FALL
22740,-2.64,4,FALL
22741,48.72,21,FALL
22742,79.92,31,FALL
22743,1.21,6,FALL
22744,37.12,18,FALL
22745,30.13,15,FALL
22746,50.90,22,FALL
22747,48.71,21,FALL
22748,65.89,26,FALL
22749,28.01,15,FALL
22750,28.05,16,FALL
22751,23.96,13,FALL
22752,27.89,15,FALL
22753,1.65,5,FALL
22754,-1.44,5,FALL
22755,-2.95,4,FALL
22756,22.92,13,FALL
22757,15.03,11,FALL
22758,36.18,17,FALL
22759,33.96,17,FALL
22760,48.58,22,FALL
22761,30.92,16,FALL
22762,22.00,13,FALL
22763,33.62,16,FALL
22764,11.89,9,FALL
22765,22.75,13,FALL
22766,24.72,14,FALL
22767,4.94,7,FALL
22768,32.37,16,FALL
22769,6.29,6,FALL
22770,35.39,17,FALL
22771,-2.96,4,FALL
22772,63.72,26,FALL
22773,52.84,23,FALL
22774,10.13,8,FALL
22775,30.38,16,FALL
22776,36.18,17,FALL
22777,32.19,16,FALL
22778,31.04,16,FALL
22779,13.73,10,FALL
22780,34.06,16,FALL
22781,7.39,8,FALL
22782,18.40,12,FALL
22783,28.89,15,FALL
22784,4.87,7,FALL
22785,1.54,6,FALL
22786,6.87,7,FALL
22787,4.01,8,FALL
22788,35.28,17,FALL
22789,32.34,17,FALL
22790,55.10,24,FALL
22791,28.77,16,FALL
22792,30.20,16,FALL
22793,21.81,13,FALL
22794,33.63,17,FALL
22795,97.11,37,FALL
22796,26.88,15,FALL
22797,0.41,5,FALL
22798,-0.60,5,FALL
22799,38.11,17,FALL
22800,84.81,33,FALL
22801,28.91,16,FALL
22802,4.10,7,FALL
22803,34.78,16,FALL
22804,34.01,16,FALL
22805,0.15,5,FALL
22806,36.14,17,FALL
22807,21.38,12,FALL
22808,19.89,13,FALL
22809,-3.05,4,FALL
22810,31.20,16,FALL
22811,44.54,19,FALL
22812,34.38,17,FALL
22813,11.94,10,FALL
22814,-5.47,3,FALL
22815,32.46,16,FALL
22816,32.05,16,FALL
22817,33.38,16,FALL
22818,0.30,5,FALL
22819,-3.39,4,FALL
22820,65.42,27,FALL
22821,66.12,27,FALL
22822,36.80,17,FALL
22823,27.08,15,FALL
22824,-3.78,4,FALL
22825,33.18,16,FALL
22826,42.03,19,FALL
22827,17.32,11,FALL
22828,-2.09,4,FALL
22829,128.53,47,FALL
22830,26.54,15,FALL
22831,10.69,9,FALL
22832,64.44,27,FALL
22833,31.63,15,FALL
22834,35.97,17,FALL
22835,85.19,34,FALL
22836,174.10,62,FALL
22837,33.45,16,FALL
22838,35.09,17,FALL
22839,21.11,12,FALL
22840,96.88,35,FALL
22841,106.15,42,FALL
22842,1.90,7,FALL
22843,27.80,15,FALL
22844,7.40,8,FALL
22845,19.76,13,FALL
22846,29.03,14,FALL
22847,-3.34,4,FALL
22848,25.87,15,FALL
22849,34.71,16,FALL
22850,47.67,21,FALL
22851,40.01,18,FALL
22852,29.83,16,FALL
22853,31.76,16,FALL
22854,34.57,17,FALL
22855,31.45,16,FALL
22856,2.14,6,FALL
22857,16.86,11,FALL
22858,5.98,7,FALL
22859,32.33,16,FALL
22860,31.38,16,FALL
22861,23.10,13,FALL
22862,26.18,15,FALL
22863,86.34,32,FALL
22864,-0.91,5,FALL
22865,38.45,18,FALL
22866,33.42,16,FALL
22867,-1.80,5,FALL
22868,35.39,17,FALL
22869,-1.45,5,FALL
22870,30.58,15,FALL
22871,52.96,24,FALL
22872,39.52,19,FALL
22873,35.62,17,FALL
22874,32.31,16,FALL
22875,-0.80,5,FALL
22876,32.09,16,FALL
22877,90.93,34,FALL
22878,35.59,17,FALL
22879,30.50,15,FALL
22880,15.55,11,FALL
22881,-0.17,5,FALL
22882,19.41,13,FALL
22883,37.62,18,FALL
22884,32.67,16,FALL
22885,9.05,8,FALL
22886,2.73,7,FALL
22887,1.02,6,FALL
22888,34.93,16,FALL
22889,30.72,16,FALL
22890,29.28,15,FALL
22891,31.76,16,FALL
22892,31.59,16,FALL
22893,31.71,16,FALL
22894,31.31,16,FALL
22895,38.22,18,FALL
22896,45.49,20,FALL
22897,29.31,16,FALL
22898,37.57,18,FALL
22899,12.39,9,FALL
22900,30.31,16,FALL
22901,-0.97,5,FALL
22902,8.52,8,FALL
22903,33.84,16,FALL
22904,25.90,15,FALL
22905,1.13,6,FALL
22906,31.18,16,FALL
22907,10.38,9,FALL
22908,32.23,16,FALL
22909,26.67,15,FALL
22910,2.35,6,FALL
22911,0.85,6,FALL
22912,26.21,14,FALL
22913,36.00,17,FALL
22914,37.26,18,FALL
22915,73.67,30,FALL
22916,3.90,6,FALL
22917,33.30,16,FALL
22918,30.30,15,FALL
22919,78.32,31,FALL
22920,16.87,11,FALL
22921,18.92,12,FALL
22922,14.94,10,FALL
22923,28.02,15,FALL
22924,10.81,9,FALL
22925,31.60,16,FALL
22926,31.81,16,FALL
22927,30.83,16,FALL
22928,11.56,9,FALL
22929,33.91,17,FALL
22930,40.02,19,FALL
22931,83.30,33,FALL
22932,-1.34,4,FALL
22933,5.70,7,FALL
22934,12.81,10,FALL
22935,43.23,20,FALL
22936,52.05,23,FALL
22937,7.05,8,FALL
22938,65.23,27,FALL
22939,12.16,9,FALL
22940,74.14,27,FALL
22941,17.88,12,FALL
22942,9.75,8,FALL
22943,7.69,8,FALL
22944,28.45,16,FALL
22945,35.56,17,FALL
22946,5.11,7,FALL
22947,31.19,16,FALL
22948,36.13,17,FALL
22949,17.32,11,FALL
22950,3.13,7,FALL
22951,18.35,11,FALL
22952,33.58,16,FALL
22953,-1.53,5,FALL
22954,35.62,17,FALL
22955,5.05,7,FALL
22956,48.88,21,FALL
22957,33.10,17,FALL
22958,122.67,45,FALL
22959,24.44,13,FALL
22960,35.40,17,FALL
22961,10.88,9,FALL
22962,42.46,19,FALL
22963,84.67,34,FALL
22964,30.40,16,FALL
22965,14.23,9,FALL
22966,-0.72,5,FALL
22967,8.80,9,FALL
22968,7.02,7,FALL
22969,-3.75,4,FALL
22970,32.77,16,FALL
22971,34.83,17,FALL
22972,42.86,20,FALL
22973,47.47,20,FALL
22974,34.47,16,FALL
22975,32.83,16,FALL
22976,27.05,14,FALL
22977,49.73,22,FALL
22978,7.60,7,FALL
22979,0.99,5,FALL
22980,35.90,17,FALL
22981,33.96,17,FALL
22982,-2.89,4,FALL
22983,6.48,7,FALL
22984,36.51,16,FALL
22985,-3.67,4,FALL
22986,-0.99,5,FALL
22987,81.16,32,FALL
22988,32.87,16,FALL
22989,31.48,15,FALL
22990,25.64,14,FALL
22991,31.90,15,FALL
22992,37.86,19,FALL
22993,50.39,21,FALL
22994,33.06,16,FALL
22995,30.63,15,FALL
22996,31.44,16,FALL
22997,42.21,19,FALL
22998,33.23,16,FALL
22999,28.77,15,FALL
23000,29.07,16,FALL
23001,26.67,15,FALL
23002,32.22,16,FALL
23003,31.17,16,FALL
23004,10.15,8,FALL
23005,35.89,17,FALL
23006,-0.92,5,FALL
23007,30.17,15,FALL
23008,30.49,15,FALL
23009,32.88,16,FALL
23010,12.03,9,FALL
23011,5.09,7,FALL
23012,30.56,15,FALL
23013,28.53,16,FALL
23014,45.86,20,FALL
23015,3.91,7,FALL
23016,48.95,21,FALL
23017,39.19,18,FALL
23018,-0.50,5,FALL
23019,-3.17,4,FALL
23020,42.08,19,FALL
23021,33.78,17,FALL
23022,20.86,13,FALL
23023,-1.48,5,FALL
23024,41.75,20,FALL
23025,32.59,16,FALL
23026,35.40,17,FALL
23027,1.16,6,FALL
23028,61.46,26,FALL
23029,28.05,15,FALL
23030,12.78,10,FALL
23031,24.99,13,FALL
23032,42.00,19,FALL
23033,28.47,15,FALL
23034,26.37,14,FALL
23035,32.91,15,FALL
23036,84.60,34,FALL
23037,11.97,8,FALL
23038,29.87,15,FALL
23039,30.06,16,FALL
23040,41.04,18,FALL
23041,7.53,7,FALL
23042,4.84,7,FALL
23043,36.71,17,FALL
23044,123.88,47,FALL
23045,7.84,8,FALL
23046,36.49,17,FALL
23047,40.59,18,FALL
23048,31.23,16,FALL
23049,31.94,17,FALL
23050,123.64,47,FALL
23051,8.18,8,FALL
23052,17.84,12,FALL
23053,13.13,9,FALL
23054,47.32,21,FALL
23055,38.56,18,FALL
23056,2.26,5,FALL
23057,29.43,15,FALL
23058,0.90,5,FALL
23059,12.94,9,FALL
23060,27.35,15,FALL
23061,40.46,18,FALL
23062,5.84,7,FALL
23063,6.88,7,FALL
23064,17.24,11,FALL
23065,34.86,17,FALL
23066,-0.73,5,FALL
23067,15.73,11,FALL
23068,27.03,15,FALL
23069,17.57,11,FALL
23070,25.19,13,FALL
23071,48.96,21,FALL
23072,29.63,15,FALL
23073,19.78,12,FALL
23074,8.08,9,FALL
23075,122.36,46,FALL
23076,-1.11,5,FALL
23077,131.47,47,FALL
23078,-1.45,5,FALL
23079,65.39,27,FALL
23080,30.19,15,FALL
23081,11.47,10,FALL
23082,62.32,25,FALL
23083,31.38,16,FALL
23084,33.63,16,FALL
23085,7.07,7,FALL
23086,-2.90,4,FALL
23087,12.14,9,FALL
23088,35.54,17,FALL
23089,30.53,16,FALL
23090,4.53,7,FALL
23091,-0.06,5,FALL
23092,5.77,8,FALL
23093,12.20,9,FALL
23094,4.83,7,FALL
23095,33.88,17,FALL
23096,5.59,6,FALL
23097,-2.15,4,FALL
23098,20.35,11,FALL
23099,38.68,18,FALL
23100,25.97,15,FALL
23101,27.46,14,FALL
23102,16.97,10,FALL
23103,32.51,16,FALL
23104,-3.81,4,FALL
23105,7.21,8,FALL
23106,17.00,11,FALL
23107,23.40,13,FALL
23108,34.74,17,FALL
23109,30.77,16,FALL
23110,35.72,17,FALL
23111,14.73,11,FALL
23112,1.82,6,FALL
23113,24.23,14,FALL
23114,13.49,10,FALL
23115,30.23,16,FALL
23116,122.80,46,FALL
23117,14.23,10,FALL
23118,50.61,21,FALL
23119,29.91,15,FALL
23120,36.10,17,FALL
23121,37.09,17,FALL
23122,33.93,16,FALL
23123,0.93,5,FALL
23124,37.36,17,FALL
23125,35.91,17,FALL
23126,30.76,16,FALL
23127,34.52,17,FALL
23128,44.66,19,FALL
23129,23.61,14,FALL
23130,27.76,13,FALL
23131,49.52,21,FALL
23132,22.40,13,FALL
23133,-3.58,4,FALL
23134,31.32,16,FALL
23135,13.46,9,FALL
23136,35.98,17,FALL
23137,30.31,16,FALL
23138,8.41,8,FALL
23139,33.64,16,FALL
23140,31.96,16,FALL
23141,38.88,18,FALL
23142,67.38,27,FALL
23143,9.80,8,FALL
23144,16.73,11,FALL
23145,91.74,35,FALL
23146,51.54,23,FALL
23147,30.70,17,FALL
23148,51.45,22,FALL
23149,79.34,32,FALL
23150,5.42,7,FALL
23151,107.42,42,FALL
23152,31.81,16,FALL
23153,-1.68,5,FALL
23154,30.00,16,FALL
23155,22.41,12,FALL
23156,34.26,17,FALL
23157,32.02,16,FALL
23158,32.81,16,FALL
23159,69.15,30,FALL
23160,32.00,16,FALL
23161,-2.76,4,FALL
23162,50.47,20,FALL
23163,37.98,17,FALL
23164,99.99,38,FALL
23165,51.00,20,FALL
23166,61.23,25,FALL
23167,8.56,8,FALL
23168,33.98,16,FALL
23169,29.53,15,FALL
23170,40.98,18,FALL
23171,31.73,16,FALL
23172,33.70,16,FALL
23173,30.62,16,FALL
23174,-3.51,4,FALL
23175,14.32,10,FALL
23176,31.65,16,FALL
23177,55.29,24,FALL
23178,30.34,16,FALL
23179,60.03,25,FALL
23180,73.19,29,FALL
23181,55.53,23,FALL
23182,35.78,18,FALL
23183,20.60,12,FALL
23184,44.48,21,FALL
23185,14.63,10,FALL
23186,48.24,21,FALL
23187,-1.22,5,FALL
23188,13.85,10,FALL
23189,4.64,6,FALL
23190,-3.48,4,FALL
23191,-1.27,4,FALL
23192,55.95,25,FALL
23193,125.03,46,FALL
23194,6.20,7,FALL
23195,6.45,6,FALL
23196,24.01,13,FALL
23197,41.59,19,FALL
23198,31.36,15,FALL
23199,31.15,17,FALL
23200,112.02,44,FALL
23201,45.38,19,FALL
23202,34.64,17,FALL
23203,31.38,16,FALL
23204,43.58,20,FALL
23205,23.60,14,FALL
23206,47.56,22,FALL
23207,31.14,16,FALL
23208,40.85,19,FALL
23209,32.38,16,FALL
23210,11.06,9,FALL
23211,32.00,17,FALL
23212,10.22,9,FALL
23213,120.20,44,FALL
23214,69.71,29,FALL
23215,86.86,34,FALL
23216,82.66,32,FALL
23217,42.08,18,FALL
23218,30.45,17,FALL
23219,27.72,15,FALL
23220,11.81,9,FALL
23221,16.74,11,FALL
23222,13.01,10,FALL
23223,-3.86,5,FALL
23224,33.96,17,FALL
23225,29.03,16,FALL
23226,-1.71,4,FALL
23227,18.96,13,FALL
23228,11.26,9,FALL
23229,2.73,6,FALL
23230,34.28,17,FALL
23231,33.52,16,FALL
23232,32.92,17,FALL
23233,33.64,17,FALL
23234,27.95,15,FALL
23235,6.96,8,FALL
23236,9.03,8,FALL
23237,83.52,33,FALL
23238,28.10,15,FALL
23239,47.59,20,FALL
23240,31.72,16,FALL
23241,17.26,11,FALL
23242,34.62,17,FALL
23243,67.64,28,FALL
23244,36.63,18,FALL
23245,31.24,16,FALL
23246,2.36,5,FALL
23247,73.17,27,FALL
23248,22.29,13,FALL
23249,34.44,17,FALL
23250,-3.22,4,FALL
23251,0.64,6,FALL
23252,25.56,13,FALL
23253,17.07,11,FALL
23254,33.99,16,FALL
23255,60.64,25,FALL
23256,1.25,6,FALL
23257,33.13,16,FALL
23258,48.20,21,FALL
23259,51.34,21,FALL
23260,33.25,16,FALL
23261,1.51,5,FALL
23262,27.05,15,FALL
23263,85.69,34,FALL
23264,59.32,25,FALL
23265,29.52,16,FALL
23266,43.40,19,FALL
23267,31.98,16,FALL
23268,28.80,16,FALL
23269,29.33,16,FALL
23270,2.45,6,FALL
23271,29.40,15,FALL
23272,31.93,16,FALL
23273,123.60,46,FALL
23274,60.60,26,FALL
23275,36.11,17,FALL
23276,51.65,22,FALL
23277,31.35,15,FALL
23278,35.83,17,FALL
23279,20.34,12,FALL
23280,36.35,17,FALL
23281,44.56,21,FALL
23282,33.50,16,FALL
23283,9.61,9,FALL
23284,27.93,15,FALL
23285,43.67,20,FALL
23286,30.00,16,FALL
23287,21.31,12,FALL
23288,48.15,20,FALL
23289,39.04,18,FALL
23290,28.77,15,FALL
23291,19.76,12,FALL
23292,6.03,6,FALL
23293,23.63,13,FALL
23294,34.09,16,FALL
23295,27.28,15,FALL
23296,28.60,15,FALL
23297,29.88,16,FALL
23298,45.97,20,FALL
23299,29.17,15,FALL
23300,36.65,17,FALL
23301,96.77,35,FALL
23302,26.98,14,FALL
23303,32.72,16,FALL
23304,-1.27,5,FALL
23305,9.83,8,FALL
23306,51.47,21,FALL
23307,8.65,8,FALL
23308,71.80,28,FALL
23309,60.30,25,FALL
23310,28.06,15,FALL
23311,52.68,23,FALL
23312,12.90,10,FALL
23313,17.61,11,FALL
23314,26.65,15,FALL
23315,32.49,16,FALL
23316,45.67,19,FALL
23317,17.18,11,FALL
23318,121.44,46,FALL
23319,7.34,8,FALL
23320,0.90,5,FALL
23321,9.40,9,FALL
23322,2.13,7,FALL
23323,33.73,16,FALL
23324,32.38,16,FALL
23325,32.28,16,FALL
23326,21.45,12,FALL
23327,25.33,15,FALL
23328,93.63,36,FALL
23329,32.11,16,FALL
23330,29.04,15,FALL
23331,32.17,16,FALL
23332,36.24,17,FALL
23333,35.53,17,FALL
23334,52.10,22,FALL
23335,5.49,7,FALL
23336,30.56,15,FALL
23337,34.01,16,FALL
23338,30.17,16,FALL
23339,32.00,16,FALL
23340,23.09,13,FALL
23341,31.64,16,FALL
23342,31.08,15,FALL
23343,27.71,15,FALL
23344,65.60,27,FALL
23345,7.12,7,FALL
23346,30.90,16,FALL
23347,28.54,15,FALL
23348,2.13,6,FALL
23349,103.45,40,FALL
23350,47.10,20,FALL
23351,5.36,7,FALL
23352,29.43,16,FALL
23353,43.93,19,FALL
23354,35.94,18,FALL
23355,25.25,15,FALL
23356,31.81,16,FALL
23357,29.28,15,FALL
23358,64.33,25,FALL
23359,14.56,10,FALL
23360,28.19,15,FALL
23361,3.34,7,FALL
23362,6.47,7,FALL
23363,-2.89,4,FALL
23364,8.29,8,FALL
23365,22.21,13,FALL
23366,-2.67,4,FALL
23367,22.68,13,FALL
23368,26.86,14,FALL
23369,34.35,16,FALL
23370,28.79,15,FALL
23371,35.21,17,FALL
23372,31.02,16,FALL
23373,0.66,6,FALL
23374,5.40,7,FALL
23375,34.55,17,FALL
23376,29.38,16,FALL
23377,36.13,17,FALL
23378,31.41,16,FALL
23379,16.08,10,FALL
23380,27.33,16,FALL
23381,32.50,16,FALL
23382,34.06,17,FALL
23383,13.82,9,FALL
23384,22.34,13,FALL
23385,39.67,18,FALL
23386,32.67,16,FALL
23387,69.53,29,FALL
23388,29.38,16,FALL
23389,80.35,32,FALL
23390,32.42,16,FALL
23391,22.35,12,FALL
23392,5.12,7,FALL
23393,45.66,20,FALL
23394,32.19,16,FALL
23395,29.63,15,FALL
23396,29.55,16,FALL
23397,26.13,15,FALL
23398,32.21,16,FALL
23399,18.68,12,FALL
23400,28.64,15,FALL
23401,29.24,16,FALL
23402,1.11,5,FALL
23403,10.50,9,FALL
23404,0.79,5,FALL
23405,33.01,16,FALL
23406,35.21,17,FALL
23407,-2.97,4,FALL
23408,125.12,47,FALL
23409,29.92,16,FALL
23410,31.38,16,FALL
23411,32.80,16,FALL
23412,22.43,12,FALL
23413,-1.13,5,FALL
23414,63.76,27,FALL
23415,1.54,6,FALL
23416,18.61,11,FALL
23417,119.56,46,FALL
23418,10.61,8,FALL
23419,-1.78,5,FALL
23420,31.78,16,FALL
23421,19.25,13,FALL
23422,29.61,15,FALL
23423,32.84,16,FALL
23424,29.26,15,FALL
23425,5.86,8,FALL
23426,10.38,9,FALL
23427,39.22,17,FALL
23428,4.32,7,FALL
23429,33.31,16,FALL
23430,-0.29,5,FALL
23431,1.81,6,FALL
23432,121.45,45,FALL
23433,32.44,16,FALL
23434,7.50,8,FALL
23435,68.94,28,FALL
23436,28.73,16,FALL
23437,13.60,10,FALL
23438,14.97,10,FALL
23439,33.08,16,FALL
23440,18.20,11,FALL
23441,20.65,11,FALL
23442,89.67,35,FALL
23443,113.81,43,FALL
23444,1.26,7,FALL
23445,35.64,18,FALL
23446,20.38,13,FALL
23447,5.67,7,FALL
23448,6.43,7,FALL
23449,56.07,24,FALL
23450,32.76,16,FALL
23451,6.42,7,FALL
23452,14.90,10,FALL
23453,24.54,14,FALL
23454,32.81,16,FALL
23455,33.26,17,FALL
23456,12.16,10,FALL
23457,33.46,16,FALL
23458,27.72,15,FALL
23459,31.99,16,FALL
23460,29.77,16,FALL
23461,-1.12,5,FALL
23462,17.13,11,FALL
23463,-0.89,4,FALL
23464,46.66,21,FALL
23465,1.53,5,FALL
23466,34.96,17,FALL
23467,75.92,31,FALL
23468,27.22,16,FALL
23469,44.99,20,FALL
23470,30.04,15,FALL
23471,34.30,17,FALL
23472,124.61,46,FALL
23473,33.46,16,FALL
23474,18.50,12,FALL
23475,50.28,22,FALL
23476,36.35,17,FALL
23477,46.58,20,FALL
23478,127.10,47,FALL
23479,-6.80,3,FALL
23480,9.92,8,FALL
23481,26.84,14,FALL
23482,-1.48,5,FALL
23483,30.37,15,FALL
23484,37.82,19,FALL
23485,29.66,16,FALL
23486,14.73,10,FALL
23487,55.25,23,FALL
23488,25.41,15,FALL
23489,38.72,18,FALL
23490,22.30,13,FALL
23491,33.64,17,FALL
23492,47.66,20,FALL
23493,41.63,19,FALL
23494,37.11,18,FALL
23495,29.92,16,FALL
23496,33.93,17,FALL
23497,10.77,9,FALL
23498,29.62,16,FALL
23499,27.35,15,FALL
23500,33.08,16,FALL
23501,36.64,17,FALL
23502,61.30,26,FALL
23503,11.28,9,FALL
23504,37.28,17,FALL
23505,27.58,15,FALL
23506,19.68,12,FALL
23507,32.49,16,FALL
23508,31.29,16,FALL
23509,26.94,15,FALL
23510,2.46,5,FALL
23511,29.01,16,FALL
23512,31.09,16,FALL
23513,43.99,19,FALL
23514,15.92,11,FALL
23515,14.25,10,FALL
23516,85.65,34,FALL
23517,30.98,15,FALL
23518,38.65,18,FALL
23519,11.58,10,FALL
23520,40.22,18,FALL
23521,67.88,26,FALL
23522,24.76,14,FALL
23523,12.74,10,FALL
23524,24.63,14,FALL
23525,34.08,16,FALL
23526,19.80,12,FALL
23527,43.58,20,FALL
23528,21.71,13,FALL
23529,44.92,19,FALL
23530,31.60,16,FALL
23531,-4.49,4,FALL
23532,46.70,20,FALL
23533,29.31,15,FALL
23534,18.28,11,FALL
23535,31.90,17,FALL
23536,18.80,12,FALL
23537,18.71,12,FALL
23538,0.67,5,FALL
23539,37.67,18,FALL
23540,40.26,18,FALL
23541,27.07,14,FALL
23542,14.03,10,FALL
23543,29.80,15,FALL
23544,-0.71,5,FALL
23545,30.16,16,FALL
23546,28.77,15,FALL
23547,42.33,19,FALL
23548,5.25,7,FALL
23549,96.23,38,FALL
23550,4.86,7,FALL
23551,36.62,17,FALL
23552,30.23,16,FALL
23553,15.27,10,FALL
23554,33.25,16,FALL
23555,29.66,15,FALL
23556,10.84,9,FALL
23557,-2.72,4,FALL
23558,19.11,12,FALL
23559,27.57,14,FALL
23560,3.25,7,FALL
23561,60.38,25,FALL
23562,-3.31,4,FALL
23563,27.26,14,FALL
23564,-0.91,5,FALL
23565,24.69,14,FALL
23566,37.09,18,FALL
23567,11.14,9,FALL
23568,16.25,11,FALL
23569,126.38,46,FALL
23570,8.90,8,FALL
23571,8.32,8,FALL
23572,30.90,16,FALL
23573,37.82,18,FALL
23574,30.08,15,FALL
23575,29.74,15,FALL
23576,95.97,37,FALL
23577,18.73,12,FALL
23578,32.60,16,FALL
23579,78.17,31,FALL
23580,0.27,5,FALL
23581,54.19,24,FALL
23582,36.21,17,FALL
23583,-3.56,4,FALL
23584,11.35,9,FALL
23585,36.49,17,FALL
23586,37.28,18,FALL
23587,35.65,17,FALL
23588,26.77,14,FALL
23589,27.07,15,FALL
23590,10.49,9,FALL
23591,49.18,21,FALL
23592,34.18,16,FALL
23593,32.73,16,FALL
23594,32.39,16,FALL
23595,86.04,33,FALL
23596,30.87,16,FALL
23597,18.11,12,FALL
23598,31.74,16,FALL
23599,34.21,16,FALL
23600,12.05,9,FALL
23601,38.49,18,FALL
23602,63.82,28,FALL
23603,26.21,15,FALL
23604,116.68,44,FALL
23605,32.97,16,FALL
23606,-3.31,4,FALL
23607,8.82,8,FALL
23608,24.17,15,FALL
23609,4.76,7,FALL
23610,42.25,18,FALL
23611,79.13,31,FALL
23612,26.88,16,FALL
23613,37.87,17,FALL
23614,36.35,17,FALL
23615,134.47,49,FALL
23616,32.53,16,FALL
23617,31.59,16,FALL
23618,53.64,22,FALL
23619,-0.18,5,FALL
23620,35.05,17,FALL
23621,5.26,6,FALL
23622,25.94,15,FALL
23623,35.39,16,FALL
23624,2.44,7,FALL
23625,3.51,7,FALL
23626,24.38,13,FALL
23627,60.25,26,FALL
23628,130.49,47,FALL
23629,84.79,34,FALL
23630,8.90,8,FALL
23631,33.10,16,FALL
23632,14.66,12,FALL
23633,25.15,14,FALL
23634,31.98,16,FALL
23635,7.07,8,FALL
23636,36.83,17,FALL
23637,27.92,15,FALL
23638,16.66,11,FALL
23639,10.59,9,FALL
23640,10.39,9,FALL
23641,25.63,15,FALL
23642,27.36,15,FALL
23643,29.54,16,FALL
23644,39.29,18,FALL
23645,33.60,16,FALL
23646,34.28,16,FALL
23647,26.79,16,FALL
23648,32.71,16,FALL
23649,-3.55,4,FALL
23650,27.99,16,FALL
23651,12.35,9,FALL
23652,71.25,28,FALL
23653,3.46,6,FALL
23654,23.37,13,FALL
23655,79.39,31,FALL
23656,-3.75,4,FALL
23657,37.02,18,FALL
23658,32.10,16,FALL
23659,7.04,8,FALL
23660,157.43,58,FALL
23661,35.06,16,FALL
23662,44.13,19,FALL
23663,30.38,16,FALL
23664,37.81,17,FALL
23665,19.12,11,FALL
23666,25.80,14,FALL
23667,31.92,16,FALL
23668,33.69,16,FALL
23669,-0.93,4,FALL
23670,54.32,22,FALL
23671,39.89,18,FALL
23672,1.00,5,FALL
23673,30.47,16,FALL
23674,12.88,10,FALL
23675,-2.98,4,FALL
23676,38.89,18,FALL
23677,8.51,9,FALL
23678,43.04,20,FALL
23679,33.89,16,FALL
23680,40.65,19,FALL
23681,38.84,17,FALL
23682,-1.63,5,FALL
23683,30.99,16,FALL
23684,32.58,16,FALL
23685,34.90,16,FALL
23686,17.97,11,FALL
23687,32.55,16,FALL
23688,31.47,16,FALL
23689,34.51,16,FALL
23690,29.72,16,FALL
23691,34.37,16,FALL
23692,17.73,12,FALL
23693,30.56,15,FALL
23694,29.89,16,FALL
23695,7.29,8,FALL
23696,13.02,9,FALL
23697,9.37,8,FALL
23698,34.84,17,FALL
23699,1.89,6,FALL
23700,33.03,16,FALL
23701,77.00,30,FALL
23702,16.01,11,FALL
23703,32.06,16,FALL
23704,26.68,14,FALL
23705,2.71,6,FALL
23706,43.36,20,FALL
23707,-2.07,5,FALL
23708,13.99,10,FALL
23709,33.37,16,FALL
23710,32.25,16,FALL
23711,30.80,16,FALL
23712,76.40,30,FALL
23713,31.25,15,FALL
23714,36.26,18,FALL
23715,1.75,6,FALL
23716,34.72,16,FALL
23717,31.82,16,FALL
23718,30.61,15,FALL
23719,44.28,19,FALL
23720,36.04,17,FALL
23721,9.63,8,FALL
23722,34.25,16,FALL
23723,33.71,17,FALL
23724,15.66,10,FALL
23725,32.28,16,FALL
23726,7.31,8,FALL
23727,-2.87,4,FALL
23728,8.21,9,FALL
23729,34.19,17,FALL
23730,40.38,19,FALL
23731,32.27,16,FALL
23732,0.01,5,FALL
23733,26.39,16,FALL
23734,4.72,6,FALL
23735,45.01,19,FALL
23736,28.93,16,FALL
23737,31.31,16,FALL
23738,-1.54,5,FALL
23739,40.96,18,FALL
23740,-2.67,4,FALL
23741,1.64,5,FALL
23742,69.26,27,FALL
23743,-0.60,5,FALL
23744,19.00,12,FALL
23745,-3.83,4,FALL
23746,0.67,6,FALL
23747,27.80,14,FALL
23748,-4.18,4,FALL
23749,3.10,7,FALL
23750,32.11,16,FALL
23751,36.67,17,FALL
23752,11.89,9,FALL
23753,-2.67,4,FALL
23754,27.73,15,FALL
23755,34.25,17,FALL
23756,4.58,7,FALL
23757,-3.36,4,FALL
23758,28.79,17,FALL
23759,51.59,22,FALL
23760,29.45,15,FALL
23761,33.33,17,FALL
23762,19.22,12,FALL
23763,32.22,16,FALL
23764,-1.36,4,FALL
23765,31.70,16,FALL
23766,-2.54,4,FALL
23767,29.75,16,FALL
23768,103.71,41,FALL
23769,24.36,14,FALL
23770,34.25,17,FALL
23771,21.01,13,FALL
23772,74.37,29,FALL
23773,30.43,16,FALL
23774,42.36,20,FALL
23775,42.55,19,FALL
23776,25.73,15,FALL
23777,44.45,20,FALL
23778,23.84,13,FALL
23779,32.39,16,FALL
23780,20.97,13,FALL
23781,33.77,16,FALL
23782,26.65,15,FALL
23783,33.51,16,FALL
23784,6.82,8,FALL
23785,30.40,16,FALL
23786,33.01,16,FALL
23787,30.63,15,FALL
23788,47.73,22,FALL
23789,1.44,6,FALL
23790,6.14,8,FALL
23791,34.62,17,FALL
23792,-2.93,4,FALL
23793,-3.42,4,FALL
23794,16.77,11,FALL
23795,34.32,17,FALL
23796,10.99,9,FALL
23797,36.99,17,FALL
23798,17.98,12,FALL
23799,5.95,7,FALL
23800,33.30,17,FALL
23801,-2.70,4,FALL
23802,33.78,16,FALL
23803,33.47,16,FALL
23804,15.89,10,FALL
23805,33.54,16,FALL
23806,9.18,9,FALL
23807,32.26,16,FALL
23808,36.11,17,FALL
23809,6.46,7,FALL
23810,38.80,18,FALL
23811,4.88,7,FALL
23812,5.55,7,FALL
23813,14.29,10,FALL
23814,30.26,15,FALL
23815,28.01,15,FALL
23816,5.35,6,FALL
23817,55.37,24,FALL
23818,73.37,30,FALL
23819,49.41,21,FALL
23820,25.65,14,FALL
23821,12.26,9,FALL
23822,21.35,13,FALL
23823,14.90,10,FALL
23824,-1.48,5,FALL
23825,65.92,26,FALL
23826,29.29,15,FALL
23827,26.04,15,FALL
23828,127.77,48,FALL
23829,32.45,16,FALL
23830,43.38,19,FALL
23831,30.77,16,FALL
23832,30.21,15,FALL
23833,26.65,15,FALL
23834,35.37,17,FALL
23835,30.92,16,FALL
23836,29.46,16,FALL
23837,25.03,14,FALL
23838,74.16,28,FALL
23839,0.66,6,FALL
23840,41.77,20,FALL
23841,29.02,15,FALL
23842,35.98,18,FALL
23843,13.87,10,FALL
23844,81.25,33,FALL
23845,16.22,10,FALL
23846,26.49,14,FALL
23847,35.72,17,FALL
23848,29.87,15,FALL
23849,29.85,15,FALL
23850,6.76,7,FALL
23851,40.42,19,FALL
23852,11.34,11,FALL
23853,10.03,9,FALL
23854,28.70,16,FALL
23855,32.73,16,FALL
23856,33.42,16,FALL
23857,32.73,17,FALL
23858,33.09,16,FALL
23859,17.41,11,FALL
23860,15.96,11,FALL
23861,32.01,16,FALL
23862,24.76,14,FALL
23863,48.39,21,FALL
23864,3.54,6,FALL
23865,-1.29,5,FALL
23866,39.34,19,FALL
23867,33.28,16,FALL
23868,34.92,17,FALL
23869,73.78,30,FALL
23870,10.43,10,FALL
23871,13.78,11,FALL
23872,12.67,9,FALL
23873,31.91,16,FALL
23874,44.88,19,FALL
23875,29.12,15,FALL
23876,13.98,11,FALL
23877,5.01,7,FALL
23878,23.60,14,FALL
23879,39.42,18,FALL
23880,32.00,16,FALL
23881,7.33,7,FALL
23882,83.62,33,FALL
23883,16.34,11,FALL
23884,27.24,16,FALL
23885,10.03,8,FALL
23886,43.28,20,FALL
23887,5.85,7,FALL
23888,29.48,16,FALL
23889,1.61,6,FALL
23890,38.22,18,FALL
23891,39.10,18,FALL
23892,3.58,7,FALL
23893,38.63,19,FALL
23894,28.73,15,FALL
23895,28.28,14,FALL
23896,-1.70,5,FALL
23897,81.52,34,FALL
23898,34.59,16,FALL
23899,39.03,20,FALL
23900,32.28,16,FALL
23901,39.64,19,FALL
23902,33.13,16,FALL
23903,30.53,16,FALL
23904,40.60,18,FALL
23905,22.62,13,FALL
23906,16.45,11,FALL
23907,41.44,18,FALL
23908,21.64,12,FALL
23909,42.05,18,FALL
23910,33.95,17,FALL
23911,33.02,16,FALL
23912,3.20,6,FALL
23913,39.95,18,FALL
23914,57.97,25,FALL
23915,37.63,19,FALL
23916,34.65,17,FALL
23917,41.51,19,FALL
23918,25.57,14,FALL
23919,35.82,18,FALL
23920,6.33,7,FALL
23921,27.70,14,FALL
23922,30.32,16,FALL
23923,87.69,33,FALL
23924,-2.76,4,FALL
23925,13.72,11,FALL
23926,22.04,13,FALL
23927,36.38,17,FALL
23928,82.05,34,FALL
23929,31.76,16,FALL
23930,33.23,17,FALL
23931,40.57,18,FALL
23932,26.28,15,FALL
23933,17.12,11,FALL
23934,78.68,32,FALL
23935,27.39,16,FALL
23936,31.44,15,FALL
23937,55.07,23,FALL
23938,36.16,17,FALL
23939,20.90,12,FALL
23940,18.03,12,FALL
23941,15.71,11,FALL
23942,-2.85,4,FALL
23943,7.99,9,FALL
23944,23.79,14,FALL
23945,3.43,6,FALL
23946,79.92,34,FALL
23947,4.70,7,FALL
23948,27.32,14,FALL
23949,-0.78,5,FALL
23950,16.47,10,FALL
23951,0.08,5,FALL
23952,14.13,10,FALL
23953,5.75,8,FALL
23954,0.33,6,FALL
23955,31.36,16,FALL
23956,34.62,16,FALL
23957,34.70,17,FALL
23958,-1.79,5,FALL
23959,13.10,11,FALL
23960,14.37,11,FALL
23961,32.92,17,FALL
23962,0.87,6,FALL
23963,-1.09,5,FALL
23964,6.99,7,FALL
23965,20.99,12,FALL
23966,38.30,18,FALL
23967,33.24,16,FALL
23968,83.25,32,FALL
23969,22.62,12,FALL
23970,-3.59,4,FALL
23971,5.39,7,FALL
23972,11.55,9,FALL
23973,31.77,16,FALL
23974,23.02,13,FALL
23975,20.46,12,FALL
23976,35.62,17,FALL
23977,-1.01,5,FALL
23978,12.66,9,FALL
23979,-3.13,4,FALL
23980,27.84,15,FALL
23981,27.68,15,FALL
23982,15.50,11,FALL
23983,26.88,15,FALL
23984,30.04,15,FALL
23985,97.17,36,FALL
23986,32.66,16,FALL
23987,22.54,12,FALL
23988,1.28,5,FALL
23989,23.81,14,FALL
23990,20.34,12,FALL
23991,-0.78,5,FALL
23992,26.85,14,FALL
23993,13.56,9,FALL
23994,29.46,15,FALL
23995,24.29,14,FALL
23996,33.36,16,FALL
23997,9.65,8,FALL
23998,33.10,16,FALL
23999,43.98,19,FALL
24000,5.14,8,FALL
24001,44.13,20,FALL
24002,36.55,17,FALL
24003,25.32,15,FALL
24004,-3.52,4,FALL
24005,1.23,6,FALL
24006,30.21,16,FALL
24007,11.45,9,FALL
24008,-3.68,4,FALL
24009,43.54,21,FALL
24010,47.10,20,FALL
24011,42.51,19,FALL
24012,11.47,9,FALL
24013,32.74,17,FALL
24014,32.47,16,FALL
24015,-1.23,5,FALL
24016,13.14,9,FALL
24017,-1.24,5,FALL
24018,48.98,20,FALL
24019,1.29,6,FALL
24020,28.55,15,FALL
24021,43.44,19,FALL
24022,30.53,16,FALL
24023,30.13,15,FALL
24024,-3.15,4,FALL
24025,20.65,13,FALL
24026,19.53,12,FALL
24027,69.64,26,FALL
24028,31.44,16,FALL
24029,54.29,24,FALL
24030,25.86,14,FALL
24031,29.16,15,FALL
24032,40.21,18,FALL
24033,32.80,16,FALL
24034,15.06,10,FALL
24035,8.82,8,FALL
24036,30.66,15,FALL
24037,23.41,13,FALL
24038,8.18,8,FALL
24039,78.84,30,FALL
24040,29.44,16,FALL
24041,117.23,45,FALL
24042,8.53,8,FALL
24043,28.16,15,FALL
24044,29.97,16,FALL
24045,26.61,15,FALL
24046,20.53,11,FALL
24047,36.83,17,FALL
24048,14.19,10,FALL
24049,32.31,16,FALL
24050,35.32,17,FALL
24051,123.24,47,FALL
24052,31.87,16,FALL
24053,31.86,16,FALL
24054,31.96,16,FALL
24055,31.84,16,FALL
24056,45.41,19,FALL
24057,33.51,16,FALL
24058,33.84,16,FALL
24059,-1.91,5,FALL
24060,34.81,16,FALL
24061,23.17,14,FALL
24062,48.34,19,FALL
24063,32.82,16,FALL
24064,18.22,12,FALL
24065,-1.69,5,FALL
24066,56.01,24,FALL
24067,3.06,6,FALL
24068,32.42,16,FALL
24069,26.10,14,FALL
24070,2.72,6,FALL
24071,20.76,12,FALL
24072,47.15,20,FALL
24073,33.95,17,FALL
24074,26.06,14,FALL
24075,17.95,11,FALL
24076,44.68,20,FALL
24077,32.74,16,FALL
24078,-0.94,5,FALL
24079,11.49,10,FALL
24080,37.08,17,FALL
24081,3.31,6,FALL
24082,47.73,20,FALL
24083,33.45,16,FALL
24084,9.09,8,FALL
24085,-4.91,3,FALL
24086,13.94,10,FALL
24087,12.18,9,FALL
24088,30.57,15,FALL
24089,29.56,16,FALL
24090,17.35,11,FALL
24091,33.36,16,FALL
24092,31.83,16,FALL
24093,92.02,36,FALL
24094,30.14,16,FALL
24095,45.66,20,FALL
24096,32.27,16,FALL
24097,9.52,8,FALL
24098,12.78,9,FALL
24099,26.86,14,FALL
24100,22.61,13,FALL
24101,29.25,16,FALL
24102,37.86,18,FALL
24103,28.98,15,FALL
24104,38.41,18,FALL
24105,4.63,7,FALL
24106,32.50,16,FALL
24107,39.09,18,FALL
24108,29.40,16,FALL
24109,26.12,14,FALL
24110,32.70,16,FALL
24111,-1.88,5,FALL
24112,1.48,6,FALL
24113,36.59,17,FALL
24114,35.39,17,FALL
24115,4.14,7,FALL
24116,7.27,8,FALL
24117,30.90,16,FALL
24118,24.44,13,FALL
24119,29.01,15,FALL
24120,4.33,6,FALL
24121,9.87,9,FALL
24122,19.79,11,FALL
24123,31.63,16,FALL
24124,17.17,11,FALL
24125,5.05,7,FALL
24126,10.50,9,FALL
24127,31.20,15,FALL
24128,55.38,24,FALL
24129,7.09,7,FALL
24130,36.07,17,FALL
24131,32.43,16,FALL
24132,15.74,11,FALL
24133,32.03,16,FALL
24134,44.64,21,FALL
24135,18.90,11,FALL
24136,29.29,15,FALL
24137,42.29,19,FALL
24138,28.91,16,FALL
24139,144.55,52,FALL
24140,5.39,7,FALL
24141,53.59,22,FALL
24142,34.00,17,FALL
24143,43.19,19,FALL
24144,26.87,15,FALL
24145,6.58,8,FALL
24146,15.45,11,FALL
24147,30.36,16,FALL
24148,24.53,14,FALL
24149,13.71,11,FALL
24150,31.03,16,FALL
24151,16.09,10,FALL
24152,-1.18,5,FALL
24153,24.78,13,FALL
24154,14.34,12,FALL
24155,23.68,13,FALL
24156,32.96,16,FALL
24157,83.38,32,FALL
24158,30.61,16,FALL
24159,-1.65,5,FALL
24160,0.94,5,FALL
24161,34.27,16,FALL
24162,18.38,10,FALL
24163,13.32,11,FALL
24164,31.21,16,FALL
24165,-2.00,5,FALL
24166,26.40,14,FALL
24167,43.75,18,FALL
24168,35.86,16,FALL
24169,14.70,11,FALL
24170,-3.40,4,FALL
24171,27.01,15,FALL
24172,33.56,17,FALL
24173,30.21,15,FALL
24174,31.84,16,FALL
24175,31.82,16,FALL
24176,31.46,15,FALL
24177,5.70,8,FALL
24178,31.88,16,FALL
24179,48.14,20,FALL
24180,4.30,6,FALL
24181,1.75,5,FALL
24182,28.08,15,FALL
24183,31.42,16,FALL
24184,2.85,6,FALL
24185,33.25,16,FALL
24186,14.86,11,FALL
24187,18.48,13,FALL
24188,107.70,41,FALL
24189,70.16,28,FALL
24190,31.66,16,FALL
24191,31.61,16,FALL
24192,76.01,28,FALL
24193,25.41,14,FALL
24194,14.98,11,FALL
24195,8.25,8,FALL
24196,11.77,9,FALL
24197,24.24,14,FALL
24198,79.29,33,FALL
24199,59.28,25,FALL
24200,1.17,6,FALL
24201,10.18,10,FALL
24202,-2.98,4,FALL
24203,28.93,15,FALL
24204,55.61,24,FALL
24205,27.65,15,FALL
24206,34.28,17,FALL
24207,45.28,20,FALL
24208,33.56,16,FALL
24209,31.14,15,FALL
24210,-2.59,5,FALL
24211,8.24,8,FALL
24212,24.46,13,FALL
24213,24.68,14,FALL
24214,37.77,18,FALL
24215,36.40,16,FALL
24216,-1.56,5,FALL
24217,33.55,17,FALL
24218,30.92,16,FALL
24219,32.12,16,FALL
24220,78.21,31,FALL
24221,35.38,17,FALL
24222,31.27,16,FALL
24223,7.12,8,FALL
24224,32.33,16,FALL
24225,-1.11,5,FALL
24226,0.54,6,FALL
24227,27.26,15,FALL
24228,-1.62,5,FALL
24229,16.27,10,FALL
24230,7.85,8,FALL
24231,80.77,32,FALL
24232,33.98,16,FALL
24233,45.35,20,FALL
24234,31.81,16,FALL
24235,24.74,14,FALL
24236,-0.23,5,FALL
24237,16.97,11,FALL
24238,40.94,18,FALL
24239,-3.01,4,FALL
24240,26.43,14,FALL
24241,50.91,23,FALL
24242,58.16,24,FALL
24243,0.80,6,FALL
24244,34.67,17,FALL
24245,90.98,36,FALL
24246,26.62,14,FALL
24247,15.11,11,FALL
24248,5.77,7,FALL
24249,8.13,8,FALL
24250,50.72,22,FALL
24251,33.52,16,FALL
24252,39.65,18,FALL
24253,34.71,17,FALL
24254,58.59,24,FALL
24255,37.44,17,FALL
24256,41.55,18,FALL
24257,-1.18,5,FALL
24258,2.22,6,FALL
24259,-0.84,5,FALL
24260,32.29,16,FALL
24261,15.42,10,FALL
24262,90.37,34,FALL
24263,9.21,8,FALL
24264,29.33,15,FALL
24265,7.89,8,FALL
24266,10.84,9,FALL
24267,7.35,8,FALL
24268,12.53,9,FALL
24269,28.91,15,FALL
24270,25.77,14,FALL
24271,15.26,10,FALL
24272,124.94,46,FALL
24273,31.76,16,FALL
24274,92.40,35,FALL
24275,19.61,11,FALL
24276,38.82,18,FALL
24277,26.76,13,FALL
24278,7.93,8,FALL
24279,35.06,17,FALL
24280,31.02,16,FALL
24281,27.14,14,FALL
24282,40.23,18,FALL
24283,33.06,16,FALL
24284,-1.50,5,FALL
24285,3.70,7,FALL
24286,54.85,24,FALL
24287,31.49,16,FALL
24288,31.32,16,FALL
24289,35.92,17,FALL
24290,85.13,34,FALL
24291,22.42,13,FALL
24292,29.64,15,FALL
24293,31.26,16,FALL
24294,1.16,6,FALL
24295,12.90,10,FALL
24296,-5.00,3,FALL
24297,41.76,19,FALL
24298,8.12,8,FALL
24299,30.71,16,FALL
24300,0.26,6,FALL
24301,31.46,16,FALL
24302,4.73,7,FALL
24303,31.60,16,FALL
24304,33.52,17,FALL
24305,34.89,16,FALL
24306,34.86,16,FALL
24307,-1.27,5,FALL
24308,50.49,21,FALL
24309,16.31,11,FALL
24310,2.51,7,FALL
24311,34.72,17,FALL
24312,39.40,18,FALL
24313,30.10,15,FALL
24314,34.17,16,FALL
24315,16.50,11,FALL
24316,5.31,7,FALL
24317,-1.15,5,FALL
24318,8.63,9,FALL
24319,32.88,16,FALL
24320,4.17,7,FALL
24321,9.59,9,FALL
24322,20.22,12,FALL
24323,37.10,17,FALL
24324,9.98,9,FALL
24325,15.21,10,FALL
24326,26.28,15,FALL
24327,28.93,15,FALL
24328,-3.46,4,FALL
24329,29.11,15,FALL
24330,37.12,17,FALL
24331,24.77,14,FALL
24332,26.18,15,FALL
24333,71.77,29,FALL
24334,-1.32,5,FALL
24335,30.43,15,FALL
24336,26.84,14,FALL
24337,39.09,18,FALL
24338,30.32,15,FALL
24339,33.60,17,FALL
24340,39.76,19,FALL
24341,29.81,15,FALL
24342,-3.06,4,FALL
24343,6.39,7,FALL
24344,51.10,22,FALL
24345,35.46,16,FALL
24346,15.98,11,FALL
24347,30.40,16,FALL
24348,42.66,20,FALL
24349,7.97,8,FALL
24350,21.04,13,FALL
24351,179.09,64,FALL
24352,32.90,16,FALL
24353,1.96,6,FALL
24354,32.40,16,FALL
24355,30.48,16,FALL
24356,33.56,16,FALL
24357,-1.12,5,FALL
24358,96.66,37,FALL
24359,0.99,5,FALL
24360,13.73,10,FALL
24361,30.33,16,FALL
24362,6.14,7,FALL
24363,2.02,6,FALL
24364,32.66,16,FALL
24365,-2.82,4,FALL
24366,-1.25,4,FALL
24367,69.30,29,FALL
24368,30.60,16,FALL
24369,23.68,13,FALL
24370,33.68,17,FALL
24371,7.18,7,FALL
24372,37.40,18,FALL
24373,95.19,35,FALL
24374,30.14,15,FALL
24375,33.45,16,FALL
24376,42.20,19,FALL
24377,31.37,17,FALL
24378,32.04,15,FALL
24379,27.10,14,FALL
24380,34.31,16,FALL
24381,10.71,8,FALL
24382,96.91,38,FALL
24383,1.20,5,FALL
24384,27.52,15,FALL
24385,27.75,15,FALL
24386,5.25,7,FALL
24387,74.37,30,FALL
24388,69.53,28,FALL
24389,3.35,7,FALL
24390,-1.61,5,FALL
24391,40.15,18,FALL
24392,31.48,16,FALL
24393,-0.12,5,FALL
24394,25.35,14,FALL
24395,26.78,14,FALL
24396,6.12,8,FALL
24397,31.99,16,FALL
24398,25.51,14,FALL
24399,20.99,14,FALL
24400,29.55,15,FALL
24401,43.93,20,FALL
24402,-1.69,4,FALL
24403,35.14,17,FALL
24404,30.86,16,FALL
24405,2.17,6,FALL
24406,48.62,21,FALL
24407,36.26,17,FALL
24408,9.77,8,FALL
24409,35.38,16,FALL
24410,35.02,17,FALL
24411,-1.69,5,FALL
24412,31.92,16,FALL
24413,46.72,21,FALL
24414,103.35,39,FALL
24415,18.32,11,FALL
24416,13.31,9,FALL
24417,33.60,17,FALL
24418,32.79,16,FALL
24419,35.08,17,FALL
24420,36.46,17,FALL
24421,0.22,5,FALL
24422,37.60,18,FALL
24423,50.55,21,FALL
24424,33.41,16,FALL
24425,32.50,16,FALL
24426,24.68,14,FALL
24427,43.12,19,FALL
24428,30.35,15,FALL
24429,51.82,22,FALL
24430,32.83,16,FALL
24431,29.94,15,FALL
24432,35.53,16,FALL
24433,35.41,17,FALL
24434,20.32,12,FALL
24435,31.68,17,FALL
24436,17.34,11,FALL
24437,4.68,7,FALL
24438,2.78,6,FALL
24439,82.77,33,FALL
24440,11.76,9,FALL
24441,31.09,16,FALL
24442,129.52,49,FALL
24443,20.05,13,FALL
24444,32.57,16,FALL
24445,14.81,10,FALL
24446,30.20,16,FALL
24447,-3.66,4,FALL
24448,6.88,7,FALL
24449,10.77,8,FALL
24450,29.55,15,FALL
24451,5.61,7,FALL
24452,35.42,17,FALL
24453,10.98,10,FALL
24454,36.68,17,FALL
24455,84.19,33,FALL
24456,-2.57,4,FALL
24457,33.96,17,FALL
24458,19.91,10,FALL
24459,31.80,16,FALL
24460,33.94,17,FALL
24461,37.36,19,FALL
24462,35.27,17,FALL
24463,32.54,16,FALL
24464,29.01,15,FALL
24465,27.85,15,FALL
24466,33.00,16,FALL
24467,30.65,16,FALL
24468,32.76,16,FALL
24469,14.54,10,FALL
24470,-3.31,4,FALL
24471,38.65,18,FALL
24472,28.96,16,FALL
24473,22.88,12,FALL
24474,32.43,16,FALL
24475,29.56,16,FALL
24476,29.82,16,FALL
24477,27.41,15,FALL
24478,24.18,13,FALL
24479,24.79,14,FALL
24480,17.33,11,FALL
24481,2.27,5,FALL
24482,42.96,20,FALL
24483,10.94,9,FALL
24484,7.47,7,FALL
24485,-1.21,5,FALL
24486,31.52,16,FALL
24487,35.50,17,FALL
24488,27.81,15,FALL
24489,43.42,20,FALL
24490,9.62,8,FALL
24491,29.24,15,FALL
24492,121.78,47,FALL
24493,47.65,20,FALL
24494,20.95,12,FALL
24495,45.29,19,FALL
24496,9.87,9,FALL
24497,22.23,13,FALL
24498,122.97,46,FALL
24499,4.81,7,FALL
24500,33.93,16,FALL
24501,29.46,15,FALL
24502,28.91,16,FALL
24503,9.07,8,FALL
24504,43.72,19,FALL
24505,35.49,16,FALL
24506,28.07,15,FALL
24507,-0.45,5,FALL
24508,23.18,13,FALL
24509,19.77,12,FALL
24510,8.85,8,FALL
24511,28.39,15,FALL
24512,21.47,13,FALL
24513,9.37,8,FALL
24514,40.12,19,FALL
24515,8.09,8,FALL
24516,28.71,15,FALL
24517,34.13,16,FALL
24518,29.12,15,FALL
24519,119.07,46,FALL
24520,21.18,13,FALL
24521,42.74,19,FALL
24522,-3.24,4,FALL
24523,112.43,44,FALL
24524,8.12,8,FALL
24525,33.83,16,FALL
24526,31.92,16,FALL
24527,36.80,18,FALL
24528,4.51,7,FALL
24529,28.43,15,FALL
24530,54.06,23,FALL
24531,31.10,16,FALL
24532,39.10,18,FALL
24533,26.33,14,FALL
24534,32.85,16,FALL
24535,10.50,10,FALL
24536,-1.00,5,FALL
24537,16.16,10,FALL
24538,2.68,6,FALL
24539,9.71,8,FALL
24540,39.41,19,FALL
24541,8.93,8,FALL
24542,-3.92,4,FALL
24543,73.14,30,FALL
24544,30.95,16,FALL
24545,67.00,27,FALL
24546,-3.51,4,FALL
24547,96.83,37,FALL
24548,30.39,16,FALL
24549,10.06,9,FALL
24550,1.32,5,FALL
24551,29.60,15,FALL
24552,75.58,29,FALL
24553,127.65,46,FALL
24554,35.42,17,FALL
24555,16.83,11,FALL
24556,31.00,16,FALL
24557,7.48,8,FALL
24558,0.56,6,FALL
24559,34.24,16,FALL
24560,9.76,9,FALL
24561,32.07,16,FALL
24562,31.19,16,FALL
24563,2.19,6,FALL
24564,98.18,36,FALL
24565,47.21,21,FALL
24566,-0.78,5,FALL
24567,20.40,12,FALL
24568,30.74,16,FALL
24569,30.66,16,FALL
24570,74.39,31,FALL
24571,18.92,12,FALL
24572,-1.02,5,FALL
24573,35.48,16,FALL
24574,29.88,15,FALL
24575,13.92,10,FALL
24576,15.66,10,FALL
24577,0.64,5,FALL
24578,87.68,33,FALL
24579,32.49,16,FALL
24580,32.35,16,FALL
24581,31.38,16,FALL
24582,7.98,8,FALL
24583,5.76,7,FALL
24584,36.08,17,FALL
24585,29.33,15,FALL
24586,109.00,42,FALL
24587,129.31,51,FALL
24588,17.19,12,FALL
24589,120.19,45,FALL
24590,3.90,7,FALL
24591,27.93,15,FALL
24592,39.62,18,FALL
24593,14.29,11,FALL
24594,35.69,17,FALL
24595,30.51,16,FALL
24596,28.18,15,FALL
24597,21.47,13,FALL
24598,30.73,17,FALL
24599,31.86,15,FALL
24600,26.38,14,FALL
24601,32.07,16,FALL
24602,15.71,11,FALL
24603,28.88,15,FALL
24604,37.09,18,FALL
24605,8.13,8,FALL
24606,11.44,9,FALL
24607,36.45,17,FALL
24608,2.10,6,FALL
24609,42.46,19,FALL
24610,-4.43,4,FALL
24611,12.24,9,FALL
24612,90.22,38,FALL
24613,11.90,9,FALL
24614,6.54,7,FALL
24615,44.24,20,FALL
24616,33.89,17,FALL
24617,25.59,14,FALL
24618,25.34,14,FALL
24619,33.26,16,FALL
24620,30.37,15,FALL
24621,87.58,34,FALL
24622,-0.71,5,FALL
24623,34.73,17,FALL
24624,42.54,19,FALL
24625,37.00,17,FALL
24626,37.00,18,FALL
24627,10.29,9,FALL
24628,27.96,15,FALL
24629,43.60,19,FALL
24630,15.54,10,FALL
24631,32.50,17,FALL
24632,10.10,9,FALL
24633,33.19,16,FALL
24634,33.91,17,FALL
24635,35.53,17,FALL
24636,20.72,12,FALL
24637,37.44,18,FALL
24638,-3.11,4,FALL
24639,-1.19,5,FALL
24640,26.48,14,FALL
24641,1.49,5,FALL
24642,62.86,25,FALL
24643,32.73,16,FALL
24644,31.11,16,FALL
24645,8.33,8,FALL
24646,29.69,15,FALL
24647,38.78,18,FALL
24648,32.80,16,FALL
24649,31.89,16,FALL
24650,28.79,15,FALL
24651,67.93,29,FALL
24652,29.45,15,FALL
24653,18.84,12,FALL
24654,37.49,18,FALL
24655,42.26,21,FALL
24656,2.85,6,FALL
24657,-2.65,4,FALL
24658,86.18,34,FALL
24659,32.51,16,FALL
24660,34.17,16,FALL
24661,21.47,13,FALL
24662,76.60,31,FALL
24663,22.59,13,FALL
24664,10.73,9,FALL
24665,11.99,9,FALL
24666,4.92,7,FALL
24667,19.36,12,FALL
24668,30.40,16,FALL
24669,41.31,18,FALL
24670,19.40,12,FALL
24671,37.50,18,FALL
24672,35.28,17,FALL
24673,51.73,21,FALL
24674,45.66,20,FALL
24675,31.71,16,FALL
24676,36.44,17,FALL
24677,33.71,16,FALL
24678,46.77,21,FALL
24679,16.35,12,FALL
24680,2.23,5,FALL
24681,35.98,17,FALL
24682,33.91,16,FALL
24683,-0.87,5,FALL
24684,29.43,16,FALL
24685,31.94,16,FALL
24686,1.92,7,FALL
24687,31.37,16,FALL
24688,23.12,14,FALL
24689,37.99,18,FALL
24690,30.68,16,FALL
24691,33.02,18,FALL
24692,35.97,17,FALL
24693,-2.54,4,FALL
24694,45.81,20,FALL
24695,29.44,15,FALL
24696,42.22,18,FALL
24697,-1.35,5,FALL
24698,33.51,17,FALL
24699,35.28,17,FALL
24700,13.44,9,FALL
24701,26.64,15,FALL
24702,-1.12,5,FALL
24703,21.05,13,FALL
24704,130.96,48,FALL
24705,29.99,16,FALL
24706,24.84,15,FALL
24707,46.46,20,FALL
24708,31.55,16,FALL
24709,3.17,7,FALL
24710,18.38,12,FALL
24711,31.37,16,FALL
24712,35.08,17,FALL
24713,-2.43,4,FALL
24714,55.72,22,FALL
24715,22.84,15,FALL
24716,1.07,6,FALL
24717,30.47,15,FALL
24718,36.87,18,FALL
24719,21.08,12,FALL
24720,94.96,37,FALL
24721,22.37,13,FALL
24722,27.71,15,FALL
24723,41.65,19,FALL
24724,19.75,12,FALL
24725,32.49,16,FALL
24726,40.96,18,FALL
24727,36.65,17,FALL
24728,45.18,19,FALL
24729,36.89,18,FALL
24730,79.20,31,FALL
24731,27.72,15,FALL
24732,30.29,16,FALL
24733,38.53,18,FALL
24734,52.23,23,FALL
24735,2.91,7,FALL
24736,96.43,39,FALL
24737,-0.02,5,FALL
24738,30.69,16,FALL
24739,26.16,14,FALL
24740,-3.33,4,FALL
24741,6.89,8,FALL
24742,13.05,9,FALL
24743,31.07,15,FALL
24744,33.43,16,FALL
24745,16.39,10,FALL
24746,20.26,13,FALL
24747,-0.59,5,FALL
24748,20.84,13,FALL
24749,-1.18,5,FALL
24750,33.69,17,FALL
24751,15.33,10,FALL
24752,68.85,26,FALL
24753,39.88,18,FALL
24754,36.38,17,FALL
24755,-1.22,5,FALL
24756,-0.32,5,FALL
24757,38.28,18,FALL
24758,0.78,5,FALL
24759,33.74,16,FALL
24760,32.76,16,FALL
24761,23.32,13,FALL
24762,33.73,17,FALL
24763,123.86,47,FALL
24764,66.03,25,FALL
24765,38.97,18,FALL
24766,9.52,8,FALL
24767,40.30,18,FALL
24768,30.62,16,FALL
24769,7.66,8,FALL
24770,34.84,16,FALL
24771,25.62,14,FALL
24772,35.94,17,FALL
24773,30.53,15,FALL
24774,17.06,11,FALL
24775,1.97,6,FALL
24776,40.44,18,FALL
24777,40.34,18,FALL
24778,33.87,16,FALL
24779,30.76,15,FALL
24780,29.90,15,FALL
24781,33.41,18,FALL
24782,25.83,14,FALL
24783,32.90,16,FALL
24784,18.86,12,FALL
24785,30.64,16,FALL
24786,32.13,16,FALL
24787,41.84,19,FALL
24788,9.17,8,FALL
24789,7.84,8,FALL
24790,17.20,11,FALL
24791,11.97,9,FALL
24792,-0.99,5,FALL
24793,16.54,10,FALL
24794,84.65,32,FALL
24795,33.87,17,FALL
24796,24.23,14,FALL
24797,-1.73,5,FALL
24798,1.14,5,FALL
24799,128.04,46,FALL
24800,31.84,16,FALL
24801,29.48,15,FALL
24802,15.94,11,FALL
24803,45.26,20,FALL
24804,28.63,15,FALL
24805,35.26,16,FALL
24806,-1.26,5,FALL
24807,35.19,18,FALL
24808,16.68,11,FALL
24809,-1.13,5,FALL
24810,35.59,17,FALL
24811,-1.28,5,FALL
24812,26.75,14,FALL
24813,33.50,16,FALL
24814,31.99,16,FALL
24815,19.38,12,FALL
24816,-1.39,5,FALL
24817,9.45,8,FALL
24818,6.91,9,FALL
24819,72.55,29,FALL
24820,41.73,18,FALL
24821,28.62,15,FALL
24822,19.41,12,FALL
24823,-3.08,4,FALL
24824,1.03,6,FALL
24825,9.39,8,FALL
24826,29.63,16,FALL
24827,23.84,13,FALL
24828,0.23,5,FALL
24829,11.62,9,FALL
24830,23.83,13,FALL
24831,25.79,15,FALL
24832,36.89,19,FALL
24833,9.62,9,FALL
24834,31.89,16,FALL
24835,32.23,16,FALL
24836,30.87,16,FALL
24837,28.96,15,FALL
24838,30.24,15,FALL
24839,7.05,8,FALL
24840,1.35,6,FALL
24841,41.40,19,FALL
24842,13.42,10,FALL
24843,103.03,39,FALL
24844,14.36,10,FALL
24845,55.15,23,FALL
24846,33.49,16,FALL
24847,35.89,17,FALL
24848,10.07,9,FALL
24849,41.28,18,FALL
24850,28.56,16,FALL
24851,32.65,16,FALL
24852,27.02,15,FALL
24853,54.07,22,FALL
24854,27.24,15,FALL
24855,28.93,16,FALL
24856,7.01,7,FALL
24857,31.94,16,FALL
24858,29.93,15,FALL
24859,-2.75,4,FALL
24860,35.07,17,FALL
24861,14.34,10,FALL
24862,47.81,21,FALL
24863,29.13,15,FALL
24864,-3.98,4,FALL
24865,30.57,16,FALL
24866,21.22,12,FALL
24867,30.70,16,FALL
24868,30.61,15,FALL
24869,2.28,6,FALL
24870,0.48,6,FALL
24871,30.59,16,FALL
24872,47.51,20,FALL
24873,29.78,16,FALL
24874,14.74,10,FALL
24875,15.96,13,FALL
24876,28.71,15,FALL
24877,31.93,16,FALL
24878,2.79,6,FALL
24879,30.06,16,FALL
24880,25.42,14,FALL
24881,79.63,32,FALL
24882,47.68,20,FALL
24883,11.01,10,FALL
24884,28.02,15,FALL
24885,124.12,45,FALL
24886,-3.76,4,FALL
24887,71.99,30,FALL
24888,42.27,19,FALL
24889,47.02,20,FALL
24890,0.17,5,FALL
24891,33.62,16,FALL
24892,18.90,11,FALL
24893,34.14,16,FALL
24894,49.88,22,FALL
24895,-3.40,4,FALL
24896,2.31,6,FALL
24897,14.44,10,FALL
24898,45.07,19,FALL
24899,18.94,11,FALL
24900,75.62,29,FALL
24901,33.57,16,FALL
24902,10.71,9,FALL
24903,13.32,10,FALL
24904,6.37,7,FALL
24905,-0.56,5,FALL
24906,78.69,31,FALL
24907,64.16,26,FALL
24908,35.91,17,FALL
24909,44.68,20,FALL
24910,7.20,8,FALL
24911,33.80,16,FALL
24912,-2.36,5,FALL
24913,16.45,11,FALL
24914,4.78,7,FALL
24915,4.24,6,FALL
24916,50.65,22,FALL
24917,18.08,11,FALL
24918,33.29,16,FALL
24919,82.35,32,FALL
24920,38.37,19,FALL
24921,35.42,17,FALL
24922,37.31,18,FALL
24923,35.02,17,FALL
24924,17.44,11,FALL
24925,29.70,15,FALL
24926,30.32,15,FALL
24927,10.07,9,FALL
24928,31.56,16,FALL
24929,2.50,7,FALL
24930,32.83,16,FALL
24931,34.54,17,FALL
24932,3.98,7,FALL
24933,18.92,11,FALL
24934,36.19,17,FALL
24935,16.25,11,FALL
24936,95.31,35,FALL
24937,25.00,13,FALL
24938,18.98,12,FALL
24939,33.13,16,FALL
24940,31.57,16,FALL
24941,58.11,24,FALL
24942,32.46,16,FALL
24943,6.00,8,FALL
24944,107.92,40,FALL
24945,32.00,16,FALL
24946,30.03,15,FALL
24947,6.05,7,FALL
24948,57.55,23,FALL
24949,5.81,7,FALL
24950,37.59,17,FALL
24951,20.19,12,FALL
24952,26.05,14,FALL
24953,41.94,19,FALL
24954,25.26,15,FALL
24955,51.01,21,FALL
24956,3.47,6,FALL
24957,29.47,17,FALL
24958,2.80,6,FALL
24959,33.46,16,FALL
24960,35.67,17,FALL
24961,30.02,17,FALL
24962,7.04,8,FALL
24963,14.65,10,FALL
24964,5.09,7,FALL
24965,36.51,17,FALL
24966,30.33,16,FALL
24967,12.21,10,FALL
24968,61.92,25,FALL
24969,21.64,12,FALL
24970,26.30,15,FALL
24971,30.36,15,FALL
24972,89.39,34,FALL
24973,46.05,19,FALL
24974,16.52,10,FALL
24975,34.92,17,FALL
24976,8.03,8,FALL
24977,28.87,16,FALL
24978,31.71,16,FALL
24979,8.50,7,FALL
24980,83.84,32,FALL
24981,28.94,16,FALL
24982,128.24,46,FALL
24983,37.82,18,FALL
24984,33.85,16,FALL
24985,14.45,10,FALL
24986,34.31,17,FALL
24987,31.54,16,FALL
24988,-2.58,4,FALL
24989,123.64,47,FALL
24990,9.08,8,FALL
24991,3.99,6,FALL
24992,-0.89,5,FALL
24993,31.79,17,FALL
24994,-2.80,4,FALL
24995,23.39,13,FALL
24996,58.93,24,FALL
24997,8.56,8,FALL
24998,19.15,11,FALL
24999,-0.91,5,FALL
25000,0.84,5,FALL
25001,32.81,16,FALL
25002,35.41,17,FALL
25003,46.75,20,FALL
25004,19.64,12,FALL
25005,4.43,6,FALL
25006,43.62,19,FALL
25007,75.41,31,FALL
25008,35.38,17,FALL
25009,11.61,9,FALL
25010,32.97,16,FALL
25011,-0.09,5,FALL
25012,55.80,24,FALL
25013,21.15,13,FALL
25014,37.70,17,FALL
25015,20.87,12,FALL
25016,38.13,17,FALL
25017,33.01,16,FALL
25018,9.30,9,FALL
25019,51.43,22,FALL
25020,23.22,14,FALL
25021,31.91,16,FALL
25022,35.60,17,FALL
25023,26.74,14,FALL
25024,53.59,22,FALL
25025,-1.51,5,FALL
25026,19.30,12,FALL
25027,-0.08,5,FALL
25028,33.07,17,FALL
25029,25.77,15,FALL
25030,35.20,17,FALL
25031,35.21,17,FALL
25032,35.08,17,FALL
25033,31.08,16,FALL
25034,14.04,10,FALL
25035,19.85,13,FALL
25036,16.38,11,FALL
25037,7.03,8,FALL
25038,36.00,17,FALL
25039,31.50,16,FALL
25040,53.47,23,FALL
25041,30.62,15,FALL
25042,35.14,17,FALL
25043,11.03,9,FALL
25044,-5.95,3,FALL
25045,5.43,7,FALL
25046,12.54,9,FALL
25047,89.09,35,FALL
25048,32.99,16,FALL
25049,9.74,8,FALL
25050,4.89,6,FALL
25051,-5.55,3,FALL
25052,32.69,16,FALL
25053,30.34,15,FALL
25054,14.61,10,FALL
25055,28.29,16,FALL
25056,32.78,16,FALL
25057,32.90,16,FALL
25058,5.18,7,FALL
25059,33.41,16,FALL
25060,32.48,16,FALL
25061,36.24,18,FALL
25062,22.45,13,FALL
25063,29.91,15,FALL
25064,27.92,14,FALL
25065,-1.86,5,FALL
25066,31.75,16,FALL
25067,-1.94,5,FALL
25068,31.36,16,FALL
25069,31.73,17,FALL
25070,33.25,18,FALL
25071,9.30,8,FALL
25072,123.78,46,FALL
25073,26.76,15,FALL
25074,0.77,5,FALL
25075,79.04,31,FALL
25076,10.01,9,FALL
25077,12.72,10,FALL
25078,36.59,18,FALL
25079,0.28,5,FALL
25080,30.31,16,FALL
25081,20.99,12,FALL
25082,20.86,13,FALL
25083,1.94,6,FALL
25084,11.03,9,FALL
25085,32.44,16,FALL
25086,33.78,16,FALL
25087,11.41,9,FALL
25088,28.70,15,FALL
25089,6.45,7,FALL
25090,28.96,15,FALL
25091,32.75,16,FALL
25092,30.75,16,FALL
25093,31.35,16,FALL
25094,29.90,15,FALL
25095,30.17,16,FALL
25096,39.74,18,FALL
25097,48.86,21,FALL
25098,93.31,34,FALL
25099,40.69,19,FALL
25100,34.62,17,FALL
25101,-0.80,5,FALL
25102,37.31,18,FALL
25103,29.25,15,FALL
25104,25.39,14,FALL
25105,14.39,9,FALL
25106,14.89,11,FALL
25107,38.32,18,FALL
25108,31.81,16,FALL
25109,30.90,16,FALL
25110,9.48,9,FALL
25111,28.47,16,FALL
25112,4.85,6,FALL
25113,8.35,8,FALL
25114,30.89,15,FALL
25115,-0.75,5,FALL
25116,123.11,48,FALL
25117,14.58,10,FALL
25118,29.31,16,FALL
25119,19.60,12,FALL
25120,31.43,16,FALL
25121,32.81,16,FALL
25122,32.47,16,FALL
25123,36.40,18,FALL
25124,34.56,17,FALL
25125,33.01,16,FALL
25126,6.14,7,FALL
25127,35.18,17,FALL
25128,16.41,11,FALL
25129,11.37,9,FALL
25130,27.49,15,FALL
25131,25.29,14,FALL
25132,22.46,13,FALL
25133,35.23,17,FALL
25134,32.46,16,FALL
25135,31.29,16,FALL
25136,11.25,9,FALL
25137,31.88,16,FALL
25138,6.86,8,FALL
25139,17.21,11,FALL
25140,30.48,16,FALL
25141,35.59,17,FALL
25142,36.15,17,FALL
25143,13.09,10,FALL
25144,2.59,6,FALL
25145,27.75,15,FALL
25146,2.68,6,FALL
25147,33.89,17,FALL
25148,31.39,16,FALL
25149,13.84,10,FALL
25150,122.92,46,FALL
25151,30.24,15,FALL
25152,12.11,9,FALL
25153,27.43,15,FALL
25154,18.99,12,FALL
25155,125.78,46,FALL
25156,21.12,12,FALL
25157,32.73,16,FALL
25158,58.17,24,FALL
25159,31.59,15,FALL
25160,25.30,14,FALL
25161,15.26,11,FALL
25162,36.79,17,FALL
25163,44.23,20,FALL
25164,32.85,17,FALL
25165,38.05,18,FALL
25166,41.95,20,FALL
25167,88.76,35,FALL
25168,52.50,24,FALL
25169,36.76,17,FALL
25170,34.84,17,FALL
25171,11.80,9,FALL
25172,10.54,9,FALL
25173,28.45,16,FALL
25174,28.71,15,FALL
25175,42.26,19,FALL
25176,27.93,15,FALL
25177,47.52,21,FALL
25178,20.90,13,FALL
25179,32.26,16,FALL
25180,13.59,10,FALL
25181,38.67,18,FALL
25182,0.71,5,FALL
25183,46.68,21,FALL
25184,57.95,24,FALL
25185,37.60,18,FALL
25186,32.81,16,FALL
25187,30.15,16,FALL
25188,5.19,7,FALL
25189,26.91,15,FALL
25190,-2.50,4,FALL
25191,3.32,6,FALL
25192,32.88,17,FALL
25193,-1.18,5,FALL
25194,49.85,22,FALL
25195,50.77,22,FALL
25196,33.42,16,FALL
25197,-1.66,5,FALL
25198,32.99,16,FALL
25199,17.13,10,FALL
25200,35.99,17,FALL
25201,-2.52,4,FALL
25202,42.29,19,FALL
25203,3.76,7,FALL
25204,34.06,16,FALL
25205,0.58,6,FALL
25206,11.55,9,FALL
25207,34.61,17,FALL
25208,32.87,16,FALL
25209,32.53,16,FALL
25210,31.01,16,FALL
25211,31.19,16,FALL
25212,33.83,16,FALL
25213,38.78,18,FALL
25214,24.09,14,FALL
25215,27.88,16,FALL
25216,32.19,16,FALL
25217,-3.71,4,FALL
25218,5.88,7,FALL
25219,38.26,18,FALL
25220,-2.94,4,FALL
25221,8.80,9,FALL
25222,33.58,16,FALL
25223,-0.90,5,FALL
25224,19.49,12,FALL
25225,34.23,16,FALL
25226,29.13,14,FALL
25227,34.70,16,FALL
25228,31.19,16,FALL
25229,-0.57,5,FALL
25230,21.35,14,FALL
25231,33.42,16,FALL
25232,23.02,13,FALL
25233,28.81,16,FALL
25234,32.63,16,FALL
25235,31.61,16,FALL
25236,-0.60,5,FALL
25237,32.20,16,FALL
25238,2.90,6,FALL
25239,39.25,19,FALL
25240,45.02,19,FALL
25241,31.21,16,FALL
25242,-3.11,4,FALL
25243,11.96,10,FALL
25244,39.77,19,FALL
25245,31.85,16,FALL
25246,32.75,16,FALL
25247,35.12,17,FALL
25248,65.98,27,FALL
25249,22.15,13,FALL
25250,26.78,15,FALL
25251,33.21,16,FALL
25252,20.65,12,FALL
25253,31.74,16,FALL
25254,33.55,16,FALL
25255,68.50,27,FALL
25256,9.16,8,FALL
25257,-2.20,5,FALL
25258,13.19,10,FALL
25259,31.90,16,FALL
25260,44.52,19,FALL
25261,18.20,11,FALL
25262,24.58,13,FALL
25263,15.99,11,FALL
25264,26.59,15,FALL
25265,54.02,22,FALL
25266,32.24,16,FALL
25267,14.60,10,FALL
25268,32.61,16,FALL
25269,31.52,16,FALL
25270,0.41,5,FALL
25271,27.91,16,FALL
25272,-4.79,3,FALL
25273,24.44,13,FALL
25274,32.58,15,FALL
25275,101.77,39,FALL
25276,-1.61,4,FALL
25277,18.80,12,FALL
25278,22.60,13,FALL
25279,41.68,19,FALL
25280,92.68,35,FALL
25281,33.47,17,FALL
25282,38.42,19,FALL
25283,-3.84,4,FALL
25284,29.62,16,FALL
25285,54.15,22,FALL
25286,5.59,7,FALL
25287,30.39,16,FALL
25288,6.88,7,FALL
25289,26.22,14,FALL
25290,14.07,10,FALL
25291,26.83,15,FALL
25292,31.00,16,FALL
25293,96.81,36,FALL
25294,30.52,15,FALL
25295,27.33,15,FALL
25296,36.75,17,FALL
25297,33.05,16,FALL
25298,44.27,19,FALL
25299,7.53,8,FALL
25300,41.49,18,FALL
25301,33.22,16,FALL
25302,28.92,15,FALL
25303,29.81,15,FALL
25304,-4.57,3,FALL
25305,36.21,17,FALL
25306,33.38,16,FALL
25307,14.09,10,FALL
25308,57.16,24,FALL
25309,35.11,17,FALL
25310,10.91,9,FALL
25311,77.13,29,FALL
25312,5.42,8,FALL
25313,17.40,11,FALL
25314,6.34,7,FALL
25315,32.33,16,FALL
25316,7.55,8,FALL
25317,34.72,17,FALL
25318,32.50,16,FALL
25319,46.05,20,FALL
25320,28.96,15,FALL
25321,-1.35,5,FALL
25322,36.62,18,FALL
25323,9.98,9,FALL
25324,30.97,15,FALL
25325,37.36,18,FALL
25326,33.41,16,FALL
25327,31.09,16,FALL
25328,7.90,7,FALL
25329,34.70,17,FALL
25330,14.56,10,FALL
25331,4.32,7,FALL
25332,16.93,11,FALL
25333,-3.46,4,FALL
25334,34.45,17,FALL
25335,8.04,8,FALL
25336,-3.22,4,FALL
25337,31.01,15,FALL
25338,21.50,14,FALL
25339,1.38,5,FALL
25340,50.05,22,FALL
25341,55.71,23,FALL
25342,44.17,19,FALL
25343,35.13,17,FALL
25344,29.26,15,FALL
25345,11.67,9,FALL
25346,25.11,14,FALL
25347,31.36,16,FALL
25348,23.88,14,FALL
25349,32.72,17,FALL
25350,62.62,25,FALL
25351,16.46,12,FALL
25352,6.23,7,FALL
25353,5.25,6,FALL
25354,22.99,13,FALL
25355,8.20,8,FALL
25356,75.64,30,FALL
25357,3.67,6,FALL
25358,4.58,6,FALL
25359,5.91,7,FALL
25360,76.57,32,FALL
25361,32.39,16,FALL
25362,32.35,17,FALL
25363,8.92,9,FALL
25364,2.91,6,FALL
25365,54.23,23,FALL
25366,31.95,16,FALL
25367,48.04,21,FALL
25368,1.80,5,FALL
25369,33.49,16,FALL
25370,47.84,21,FALL
25371,32.05,16,FALL
25372,-4.04,4,FALL
25373,36.91,17,FALL
25374,35.22,17,FALL
25375,32.43,16,FALL
25376,-1.92,5,FALL
25377,8.38,8,FALL
25378,50.37,22,FALL
25379,26.39,15,FALL
25380,58.04,23,FALL
25381,61.62,25,FALL
25382,40.08,18,FALL
25383,15.30,12,FALL
25384,36.01,17,FALL
25385,28.39,15,FALL
25386,32.51,16,FALL
25387,57.59,23,FALL
25388,1.94,6,FALL
25389,50.72,22,FALL
25390,30.92,15,FALL
25391,32.60,16,FALL
25392,22.82,14,FALL
25393,61.36,25,FALL
25394,43.19,19,FALL
25395,49.78,21,FALL
25396,33.07,17,FALL
25397,12.00,9,FALL
25398,14.61,10,FALL
25399,33.86,17,FALL
25400,30.97,16,FALL
25401,31.36,15,FALL
25402,4.80,7,FALL
25403,35.98,16,FALL
25404,131.49,50,FALL
25405,50.46,22,FALL
25406,38.78,19,FALL
25407,5.67,7,FALL
25408,-0.38,5,FALL
25409,33.75,16,FALL
25410,29.08,16,FALL
25411,102.82,40,FALL
25412,29.54,15,FALL
25413,12.12,9,FALL
25414,20.67,12,FALL
25415,119.68,44,FALL
25416,19.50,11,FALL
25417,51.82,22,FALL
25418,-1.78,4,FALL
25419,-0.30,5,FALL
25420,34.99,17,FALL
25421,13.70,11,FALL
25422,31.22,15,FALL
25423,17.83,11,FALL
25424,33.02,16,FALL
25425,32.72,16,FALL
25426,49.59,20,FALL
25427,32.15,16,FALL
25428,17.82,11,FALL
25429,10.36,8,FALL
25430,34.30,17,FALL
25431,130.81,47,FALL
25432,39.09,18,FALL
25433,51.56,23,FALL
25434,32.92,17,FALL
25435,28.19,15,FALL
25436,87.44,36,FALL
25437,1.52,6,FALL
25438,-3.18,4,FALL
25439,-3.93,4,FALL
25440,46.82,20,FALL
25441,81.66,32,FALL
25442,64.47,26,FALL
25443,48.65,20,FALL
25444,15.38,10,FALL
25445,41.38,18,FALL
25446,46.64,20,FALL
25447,24.99,14,FALL
25448,27.98,15,FALL
25449,29.87,17,FALL
25450,75.31,29,FALL
25451,29.37,15,FALL
25452,15.00,10,FALL
25453,45.08,20,FALL
25454,11.80,9,FALL
25455,13.73,10,FALL
25456,9.49,9,FALL
25457,-2.36,4,FALL
25458,2.00,6,FALL
25459,37.10,18,FALL
25460,9.93,8,FALL
25461,48.13,20,FALL
25462,13.66,10,FALL
25463,41.44,19,FALL
25464,-1.06,5,FALL
25465,7.48,7,FALL
25466,9.36,8,FALL
25467,7.00,8,FALL
25468,3.42,7,FALL
25469,18.04,12,FALL
25470,36.12,17,FALL
25471,32.54,16,FALL
25472,32.12,16,FALL
25473,-2.32,4,FALL
25474,0.70,5,FALL
25475,7.05,8,FALL
25476,46.11,19,FALL
25477,6.98,7,FALL
25478,22.84,13,FALL
25479,28.61,15,FALL
25480,26.30,15,FALL
25481,75.13,32,FALL
25482,97.10,37,FALL
25483,-3.70,4,FALL
25484,27.80,14,FALL
25485,40.56,19,FALL
25486,-0.75,5,FALL
25487,36.15,17,FALL
25488,31.36,16,FALL
25489,35.16,17,FALL
25490,5.10,6,FALL
25491,24.12,14,FALL
25492,4.68,6,FALL
25493,-1.08,5,FALL
25494,35.48,18,FALL
25495,32.54,16,FALL
25496,31.65,16,FALL
25497,37.47,18,FALL
25498,32.70,16,FALL
25499,45.02,21,FALL
25500,22.47,13,FALL
25501,79.18,31,FALL
25502,19.83,13,FALL
25503,33.12,17,FALL
25504,9.10,8,FALL
25505,57.71,26,FALL
25506,33.58,16,FALL
25507,11.69,10,FALL
25508,35.78,17,FALL
25509,24.51,14,FALL
25510,33.66,17,FALL
25511,8.49,7,FALL
25512,34.18,17,FALL
25513,25.37,14,FALL
25514,42.41,19,FALL
25515,-0.88,5,FALL
25516,32.86,16,FALL
25517,118.33,46,FALL
25518,1.41,5,FALL
25519,-1.19,5,FALL
25520,-1.43,5,FALL
25521,44.65,21,FALL
25522,27.97,14,FALL
25523,47.21,20,FALL
25524,40.10,18,FALL
25525,9.61,9,FALL
25526,49.10,21,FALL
25527,-0.61,5,FALL
25528,21.11,12,FALL
25529,3.40,7,FALL
25530,31.10,15,FALL
25531,32.97,16,FALL
25532,29.09,15,FALL
25533,34.82,17,FALL
25534,45.51,19,FALL
25535,29.05,16,FALL
25536,10.61,9,FALL
25537,18.38,11,FALL
25538,34.58,16,FALL
25539,-0.29,5,FALL
25540,26.89,14,FALL
25541,2.50,6,FALL
25542,119.88,46,FALL
25543,15.80,10,FALL
25544,18.73,12,FALL
25545,48.04,20,FALL
25546,2.23,6,FALL
25547,81.05,32,FALL
25548,15.66,10,FALL
25549,31.44,16,FALL
25550,23.17,13,FALL
25551,26.33,14,FALL
25552,92.96,35,FALL
25553,25.37,15,FALL
25554,102.73,38,FALL
25555,22.06,13,FALL
25556,32.66,16,FALL
25557,31.03,16,FALL
25558,122.61,46,FALL
25559,34.44,16,FALL
25560,11.75,9,FALL
25561,125.60,47,FALL
25562,63.59,25,FALL
25563,-3.45,4,FALL
25564,16.99,11,FALL
25565,1.53,5,FALL
25566,29.23,15,FALL
25567,-3.69,4,FALL
25568,47.18,19,FALL
25569,4.34,7,FALL
25570,29.26,16,FALL
25571,1.26,6,FALL
25572,42.69,20,FALL
25573,-4.74,3,FALL
25574,9.06,9,FALL
25575,-0.55,5,FALL
25576,30.75,15,FALL
25577,-4.86,3,FALL
25578,24.75,13,FALL
25579,31.13,16,FALL
25580,12.26,9,FALL
25581,30.80,15,FALL
25582,37.90,17,FALL
25583,16.21,11,FALL
25584,-1.20,5,FALL
25585,34.02,16,FALL
25586,5.18,7,FALL
25587,15.63,10,FALL
25588,85.99,35,FALL
25589,38.35,18,FALL
25590,28.89,15,FALL
25591,36.41,17,FALL
25592,35.90,17,FALL
25593,31.54,16,FALL
25594,11.43,9,FALL
25595,34.43,17,FALL
25596,29.32,16,FALL
25597,47.14,20,FALL
25598,5.18,7,FALL
25599,15.24,10,FALL
25600,9.77,9,FALL
25601,13.61,10,FALL
25602,-3.50,4,FALL
25603,34.87,17,FALL
25604,4.60,7,FALL
25605,27.48,15,FALL
25606,17.70,11,FALL
25607,30.04,16,FALL
25608,31.16,16,FALL
25609,71.00,28,FALL
25610,26.57,15,FALL
25611,30.08,15,FALL
25612,22.85,13,FALL
25613,84.50,33,FALL
25614,33.17,16,FALL
25615,25.37,14,FALL
25616,33.56,16,FALL
25617,21.18,12,FALL
25618,37.53,17,FALL
25619,5.29,8,FALL
25620,34.29,16,FALL
25621,33.47,17,FALL
25622,1.16,6,FALL
25623,44.46,19,FALL
25624,31.57,16,FALL
25625,-2.87,4,FALL
25626,80.23,32,FALL
25627,30.09,15,FALL
25628,9.57,9,FALL
25629,-2.68,4,FALL
25630,29.56,15,FALL
25631,28.94,16,FALL
25632,25.85,15,FALL
25633,119.61,45,FALL
25634,38.88,18,FALL
25635,33.69,16,FALL
25636,4.09,6,FALL
25637,16.82,11,FALL
25638,30.59,16,FALL
25639,-2.13,5,FALL
25640,2.09,6,FALL
25641,44.80,21,FALL
25642,24.67,14,FALL
25643,9.19,9,FALL
25644,26.78,15,FALL
25645,3.97,7,FALL
25646,24.96,14,FALL
25647,3.27,7,FALL
25648,36.19,17,FALL
25649,11.01,9,FALL
25650,19.21,12,FALL
25651,31.84,16,FALL
25652,35.16,17,FALL
25653,41.70,19,FALL
25654,11.53,10,FALL
25655,4.32,7,FALL
25656,30.10,15,FALL
25657,18.68,11,FALL
25658,3.20,6,FALL
25659,22.26,14,FALL
25660,63.37,26,FALL
25661,10.49,8,FALL
25662,34.09,17,FALL
25663,12.97,9,FALL
25664,32.52,16,FALL
25665,60.66,26,FALL
25666,19.19,12,FALL
25667,25.12,14,FALL
25668,33.35,16,FALL
25669,40.84,18,FALL
25670,8.54,8,FALL
25671,45.60,20,FALL
25672,32.21,16,FALL
25673,40.24,18,FALL
25674,2.95,6,FALL
25675,20.65,13,FALL
25676,33.05,16,FALL
25677,39.91,18,FALL
25678,32.01,16,FALL
25679,19.09,12,FALL
25680,34.89,16,FALL
25681,6.12,7,FALL
25682,35.02,17,FALL
25683,0.13,5,FALL
25684,15.53,10,FALL
25685,-1.22,5,FALL
25686,-2.85,4,FALL
25687,-3.46,4,FALL
25688,31.19,16,FALL
25689,64.03,27,FALL
25690,-1.61,5,FALL
25691,-1.00,5,FALL
25692,35.07,17,FALL
25693,32.26,16,FALL
25694,1.75,5,FALL
25695,38.53,18,FALL
25696,32.96,16,FALL
25697,19.90,13,FALL
25698,2.52,6,FALL
25699,2.51,7,FALL
25700,42.61,19,FALL
25701,20.76,13,FALL
25702,122.55,47,FALL
25703,79.12,32,FALL
25704,42.57,19,FALL
25705,78.39,31,FALL
25706,36.84,18,FALL
25707,7.95,8,FALL
25708,23.32,13,FALL
25709,-2.77,4,FALL
25710,72.38,31,FALL
25711,30.65,16,FALL
25712,-2.96,4,FALL
25713,15.05,10,FALL
25714,32.86,16,FALL
25715,34.27,17,FALL
25716,51.05,21,FALL
25717,0.00,6,FALL
25718,78.18,32,FALL
25719,39.67,18,FALL
25720,-5.86,3,FALL
25721,35.24,17,FALL
25722,57.01,25,FALL
25723,81.30,33,FALL
25724,1.76,6,FALL
25725,41.94,18,FALL
25726,-0.27,5,FALL
25727,25.03,13,FALL
25728,16.08,10,FALL
25729,31.26,16,FALL
25730,32.80,16,FALL
25731,50.61,21,FALL
25732,-2.84,4,FALL
25733,5.34,7,FALL
25734,7.02,8,FALL
25735,32.79,16,FALL
25736,35.58,17,FALL
25737,29.52,16,FALL
25738,10.53,9,FALL
25739,0.91,6,FALL
25740,13.25,10,FALL
25741,37.38,18,FALL
25742,21.49,14,FALL
25743,25.93,15,FALL
25744,29.66,15,FALL
25745,7.99,7,FALL
25746,50.00,22,FALL
25747,33.54,16,FALL
25748,31.45,15,FALL
25749,12.78,9,FALL
25750,18.00,11,FALL
25751,29.76,16,FALL
25752,71.52,29,FALL
25753,25.96,14,FALL
25754,28.41,15,FALL
25755,2.89,6,FALL
25756,17.79,11,FALL
25757,24.33,14,FALL
25758,29.93,15,FALL
25759,28.08,15,FALL
25760,2.62,6,FALL
25761,37.35,18,FALL
25762,56.46,23,FALL
25763,11.32,10,FALL
25764,22.90,13,FALL
25765,31.19,16,FALL
25766,33.99,17,FALL
25767,2.66,6,FALL
25768,24.19,13,FALL
25769,-3.10,4,FALL
25770,7.37,8,FALL
25771,-0.89,5,FALL
25772,26.67,14,FALL
25773,26.01,15,FALL
25774,8.01,8,FALL
25775,141.07,52,FALL
25776,132.92,49,FALL
25777,1.59,6,FALL
25778,11.95,9,FALL
25779,17.10,11,FALL
25780,35.12,17,FALL
25781,13.95,10,FALL
25782,32.33,16,FALL
25783,37.21,17,FALL
25784,78.17,31,FALL
25785,8.08,8,FALL
25786,26.67,14,FALL
25787,13.51,9,FALL
25788,30.71,16,FALL
25789,0.70,6,FALL
25790,28.05,15,FALL
25791,120.24,45,FALL
25792,66.12,28,FALL
25793,32.20,16,FALL
25794,35.65,17,FALL
25795,6.51,7,FALL
25796,33.25,16,FALL
25797,79.66,31,FALL
25798,31.80,15,FALL
25799,11.10,10,FALL
25800,42.35,19,FALL
25801,23.66,14,FALL
25802,26.42,16,FALL
25803,29.26,15,FALL
25804,31.13,16,FALL
25805,-3.28,4,FALL
25806,7.10,8,FALL
25807,40.08,18,FALL
25808,7.05,8,FALL
25809,29.56,16,FALL
25810,33.09,16,FALL
25811,33.73,17,FALL
25812,30.58,15,FALL
25813,31.76,16,FALL
25814,5.84,6,FALL
25815,2.73,6,FALL
25816,-1.12,5,FALL
25817,31.62,16,FALL
25818,-3.04,4,FALL
25819,13.71,10,FALL
25820,0.49,6,FALL
25821,35.75,17,FALL
25822,14.87,11,FALL
25823,56.20,23,FALL
25824,3.86,6,FALL
25825,32.06,16,FALL
25826,21.84,13,FALL
25827,-4.94,3,FALL
25828,31.04,16,FALL
25829,16.85,10,FALL
25830,2.79,7,FALL
25831,6.90,7,FALL
25832,76.94,31,FALL
25833,30.96,16,FALL
25834,26.66,15,FALL
25835,15.76,12,FALL
25836,6.90,8,FALL
25837,41.98,21,FALL
25838,48.84,21,FALL
25839,34.09,17,FALL
25840,75.96,29,FALL
25841,7.54,8,FALL
25842,33.77,17,FALL
25843,19.46,12,FALL
25844,76.96,31,FALL
25845,2.68,7,FALL
25846,31.14,16,FALL
25847,15.92,11,FALL
25848,10.94,9,FALL
25849,33.94,16,FALL
25850,35.46,16,FALL
25851,31.33,16,FALL
25852,33.99,16,FALL
25853,3.30,6,FALL
25854,43.72,19,FALL
25855,2.26,6,FALL
25856,0.93,6,FALL
25857,0.12,5,FALL
25858,32.65,16,FALL
25859,31.85,16,FALL
25860,17.74,11,FALL
25861,23.10,14,FALL
25862,135.48,48,FALL
25863,-2.49,4,FALL
25864,20.01,11,FALL
25865,-3.85,4,FALL
25866,-3.46,4,FALL
25867,42.35,19,FALL
25868,30.26,16,FALL
25869,45.63,19,FALL
25870,18.04,11,FALL
25871,39.11,18,FALL
25872,27.98,16,FALL
25873,32.59,16,FALL
25874,32.88,16,FALL
25875,31.35,16,FALL
25876,-4.29,4,FALL
25877,26.34,14,FALL
25878,27.40,15,FALL
25879,13.18,10,FALL
25880,28.61,15,FALL
25881,29.29,16,FALL
25882,20.98,12,FALL
25883,44.10,20,FALL
25884,35.97,17,FALL
25885,2.70,7,FALL
25886,27.44,15,FALL
25887,18.57,12,FALL
25888,55.21,22,FALL
25889,17.44,11,FALL
25890,20.86,12,FALL
25891,2.39,6,FALL
25892,31.86,16,FALL
25893,25.45,14,FALL
25894,1.35,6,FALL
25895,32.16,16,FALL
25896,30.39,16,FALL
25897,41.80,19,FALL
25898,32.79,16,FALL
25899,7.82,8,FALL
25900,35.69,17,FALL
25901,0.47,6,FALL
25902,26.26,14,FALL
25903,32.61,16,FALL
25904,-0.50,5,FALL
25905,31.81,16,FALL
25906,46.95,20,FALL
25907,38.67,18,FALL
25908,32.10,16,FALL
25909,1.22,6,FALL
25910,33.28,16,FALL
25911,33.69,16,FALL
25912,33.11,16,FALL
25913,31.25,16,FALL
25914,6.97,7,FALL
25915,11.17,10,FALL
25916,-2.26,4,FALL
25917,32.11,16,FALL
25918,26.00,14,FALL
25919,37.49,18,FALL
25920,25.46,14,FALL
25921,18.85,11,FALL
25922,33.69,17,FALL
25923,30.35,16,FALL
25924,29.01,15,FALL
25925,8.66,8,FALL
25926,30.72,16,FALL
25927,32.65,16,FALL
25928,8.46,8,FALL
25929,32.00,16,FALL
25930,27.09,15,FALL
25931,10.44,9,FALL
25932,-1.23,5,FALL
25933,27.70,15,FALL
25934,33.68,17,FALL
25935,28.63,15,FALL
25936,25.62,14,FALL
25937,36.01,17,FALL
25938,35.08,16,FALL
25939,8.90,8,FALL
25940,24.43,14,FALL
25941,18.30,11,FALL
25942,49.63,21,FALL
25943,-0.83,5,FALL
25944,27.17,15,FALL
25945,31.75,16,FALL
25946,15.80,11,FALL
25947,-3.14,4,FALL
25948,152.08,53,FALL
25949,-0.44,5,FALL
25950,44.64,20,FALL
25951,45.47,19,FALL
25952,17.78,11,FALL
25953,67.29,28,FALL
25954,34.80,17,FALL
25955,23.01,14,FALL
25956,37.87,17,FALL
25957,35.98,17,FALL
25958,29.41,16,FALL
25959,56.03,23,FALL
25960,31.53,16,FALL
25961,34.05,16,FALL
25962,54.32,24,FALL
25963,24.43,13,FALL
25964,9.37,8,FALL
25965,3.43,6,FALL
25966,30.60,16,FALL
25967,16.06,10,FALL
25968,12.93,10,FALL
25969,47.35,21,FALL
25970,33.64,16,FALL
25971,34.49,16,FALL
25972,32.45,16,FALL
25973,30.63,15,FALL
25974,40.85,18,FALL
25975,30.54,16,FALL
25976,29.20,16,FALL
25977,-3.31,4,FALL
25978,21.93,13,FALL
25979,-0.17,5,FALL
25980,0.91,5,FALL
25981,13.14,10,FALL
25982,33.77,17,FALL
25983,9.47,8,FALL
25984,41.69,18,FALL
25985,-3.81,4,FALL
25986,9.42,9,FALL
25987,67.17,28,FALL
25988,-0.79,5,FALL
25989,31.17,16,FALL
25990,21.20,13,FALL
25991,35.64,17,FALL
25992,4.72,7,FALL
25993,24.50,14,FALL
25994,9.23,8,FALL
25995,116.15,46,FALL
25996,3.72,6,FALL
25997,18.22,12,FALL
25998,121.65,45,FALL
25999,19.86,12,FALL
26000,30.51,15,FALL
26001,31.34,16,FALL
26002,4.37,7,FALL
26003,26.94,15,FALL
26004,25.68,15,FALL
26005,48.89,21,FALL
26006,20.63,13,FALL
26007,31.40,16,FALL
26008,16.99,10,FALL
26009,34.46,17,FALL
26010,-3.73,4,FALL
26011,-2.72,4,FALL
26012,42.97,19,FALL
26013,30.51,16,FALL
26014,31.36,15,FALL
26015,24.87,14,FALL
26016,9.90,9,FALL
26017,6.09,7,FALL
26018,30.20,16,FALL
26019,32.94,16,FALL
26020,40.10,18,FALL
26021,7.04,8,FALL
26022,12.54,9,FALL
26023,34.47,16,FALL
26024,76.74,30,FALL
26025,95.91,36,FALL
26026,46.86,20,FALL
26027,22.61,13,FALL
26028,27.46,15,FALL
26029,14.65,10,FALL
26030,21.95,12,FALL
26031,-0.73,5,FALL
26032,108.30,41,FALL
26033,36.25,18,FALL
26034,21.07,13,FALL
26035,91.69,36,FALL
26036,0.46,5,FALL
26037,-2.93,4,FALL
26038,0.39,5,FALL
26039,72.87,29,FALL
26040,31.86,15,FALL
26041,0.62,5,FALL
26042,10.90,10,FALL
26043,34.46,17,FALL
26044,11.19,9,FALL
26045,58.45,25,FALL
26046,7.59,8,FALL
26047,20.04,13,FALL
26048,8.42,9,FALL
26049,29.69,15,FALL
26050,-2.84,4,FALL
26051,28.50,15,FALL
26052,32.72,17,FALL
26053,34.94,17,FALL
26054,26.12,15,FALL
26055,4.89,7,FALL
26056,19.20,12,FALL
26057,34.39,17,FALL
26058,32.79,16,FALL
26059,35.97,17,FALL
26060,43.10,19,FALL
26061,35.66,17,FALL
26062,54.80,25,FALL
26063,7.93,8,FALL
26064,39.15,18,FALL
26065,46.73,20,FALL
26066,21.83,13,FALL
26067,35.80,17,FALL
26068,34.35,17,FALL
26069,33.50,16,FALL
26070,18.28,11,FALL
26071,40.93,21,FALL
26072,-2.28,4,FALL
26073,30.39,16,FALL
26074,35.48,17,FALL
26075,-2.31,4,FALL
26076,11.80,9,FALL
26077,29.29,15,FALL
26078,11.74,9,FALL
26079,13.09,10,FALL
26080,21.74,13,FALL
26081,6.09,7,FALL
26082,8.80,8,FALL
26083,43.06,20,FALL
26084,24.44,13,FALL
26085,35.56,17,FALL
26086,36.96,18,FALL
26087,58.72,24,FALL
26088,-1.27,5,FALL
26089,0.37,6,FALL
26090,96.67,38,FALL
26091,-3.93,4,FALL
26092,10.06,9,FALL
26093,27.52,15,FALL
26094,34.56,17,FALL
26095,41.78,18,FALL
26096,34.77,17,FALL
26097,30.54,15,FALL
26098,15.95,10,FALL
26099,10.37,9,FALL
26100,13.29,9,FALL
26101,34.89,17,FALL
26102,78.26,31,FALL
26103,18.70,12,FALL
26104,-1.95,5,FALL
26105,5.34,6,FALL
26106,13.21,10,FALL
26107,64.75,26,FALL
26108,32.68,16,FALL
26109,32.34,16,FALL
26110,7.76,8,FALL
26111,28.09,14,FALL
26112,30.82,15,FALL
26113,61.27,26,FALL
26114,-1.62,5,FALL
26115,26.00,14,FALL
26116,19.96,12,FALL
26117,-0.93,5,FALL
26118,32.05,16,FALL
26119,25.77,16,FALL
26120,27.95,15,FALL
26121,7.19,8,FALL
26122,25.74,15,FALL
26123,18.34,11,FALL
26124,41.44,19,FALL
26125,34.46,16,FALL
26126,42.11,18,FALL
26127,28.85,15,FALL
26128,18.80,12,FALL
26129,10.46,9,FALL
26130,2.16,6,FALL
26131,13.30,11,FALL
26132,57.61,24,FALL
26133,2.67,6,FALL
26134,32.19,16,FALL
26135,30.49,16,FALL
26136,90.74,34,FALL
26137,39.37,18,FALL
26138,69.83,27,FALL
26139,4.55,7,FALL
26140,42.12,19,FALL
26141,20.47,12,FALL
26142,10.23,9,FALL
26143,4.38,6,FALL
26144,58.73,24,FALL
26145,27.15,15,FALL
26146,28.06,15,FALL
26147,3.96,7,FALL
26148,9.80,9,FALL
26149,51.30,21,FALL
26150,13.49,10,FALL
26151,34.63,17,FALL
26152,-2.96,4,FALL
26153,4.86,7,FALL
26154,62.61,25,FALL
26155,49.20,21,FALL
26156,19.47,13,FALL
26157,-2.85,4,FALL
26158,20.24,12,FALL
26159,28.74,15,FALL
26160,41.18,18,FALL
26161,47.60,21,FALL
26162,35.28,17,FALL
26163,36.53,18,FALL
26164,25.41,14,FALL
26165,119.53,46,FALL
26166,38.50,19,FALL
26167,29.74,16,FALL
26168,10.03,8,FALL
26169,30.83,16,FALL
26170,24.58,13,FALL
26171,2.87,7,FALL
26172,49.11,22,FALL
26173,44.27,20,FALL
26174,18.45,11,FALL
26175,36.46,17,FALL
26176,49.24,21,FALL
26177,30.81,16,FALL
26178,-0.93,5,FALL
26179,47.08,20,FALL
26180,27.49,15,FALL
26181,34.51,17,FALL
26182,133.11,49,FALL
26183,33.11,16,FALL
26184,41.55,20,FALL
26185,-1.08,4,FALL
26186,26.44,15,FALL
26187,37.10,17,FALL
26188,23.68,14,FALL
26189,31.88,16,FALL
26190,30.43,15,FALL
26191,42.64,20,FALL
26192,32.10,16,FALL
26193,29.28,15,FALL
26194,0.75,6,FALL
26195,24.68,13,FALL
26196,32.17,16,FALL
26197,31.88,16,FALL
26198,32.07,16,FALL
26199,24.81,13,FALL
26200,33.87,16,FALL
26201,21.76,12,FALL
26202,13.44,10,FALL
26203,9.53,8,FALL
26204,27.92,15,FALL
26205,1.11,5,FALL
26206,29.64,15,FALL
26207,7.17,8,FALL
26208,12.71,10,FALL
26209,29.39,16,FALL
26210,7.29,8,FALL
26211,9.57,9,FALL
26212,5.68,7,FALL
26213,-0.31,5,FALL
26214,46.52,21,FALL
26215,22.80,13,FALL
26216,11.56,10,FALL
26217,19.42,12,FALL
26218,38.56,18,FALL
26219,38.17,18,FALL
26220,1.29,5,FALL
26221,32.78,16,FALL
26222,33.29,17,FALL
26223,17.47,11,FALL
26224,31.15,16,FALL
26225,47.70,20,FALL
26226,-0.42,5,FALL
26227,-2.89,4,FALL
26228,35.10,17,FALL
26229,33.58,16,FALL
26230,18.52,11,FALL
26231,68.59,28,FALL
26232,25.16,15,FALL
26233,30.89,16,FALL
26234,51.82,21,FALL
26235,36.90,18,FALL
26236,31.41,16,FALL
26237,124.70,46,FALL
26238,26.66,14,FALL
26239,-2.95,4,FALL
26240,32.17,16,FALL
26241,12.75,9,FALL
26242,30.60,15,FALL
26243,79.85,33,FALL
26244,25.03,14,FALL
26245,34.93,17,FALL
26246,31.58,16,FALL
26247,27.13,15,FALL
26248,113.32,43,FALL
26249,4.11,7,FALL
26250,17.57,11,FALL
26251,32.10,16,FALL
26252,32.39,16,FALL
26253,31.32,15,FALL
26254,4.36,7,FALL
26255,9.64,9,FALL
26256,33.98,17,FALL
26257,1.13,6,FALL
26258,17.07,10,FALL
26259,2.61,5,FALL
26260,36.87,17,FALL
26261,0.72,6,FALL
26262,14.00,10,FALL
26263,13.57,10,FALL
26264,10.47,8,FALL
26265,38.18,18,FALL
26266,95.73,35,FALL
26267,23.56,14,FALL
26268,49.83,21,FALL
26269,-2.89,4,FALL
26270,31.43,16,FALL
26271,82.63,32,FALL
26272,2.71,6,FALL
26273,33.07,16,FALL
26274,28.34,15,FALL
26275,5.04,7,FALL
26276,37.12,18,FALL
26277,19.25,12,FALL
26278,44.46,20,FALL
26279,30.69,16,FALL
26280,73.38,29,FALL
26281,12.90,9,FALL
26282,179.61,66,FALL
26283,17.15,11,FALL
26284,11.20,9,FALL
26285,30.74,16,FALL
26286,41.10,18,FALL
26287,28.44,15,FALL
26288,45.27,20,FALL
26289,32.36,16,FALL
26290,42.07,20,FALL
26291,5.69,7,FALL
26292,-2.88,4,FALL
26293,31.91,17,FALL
26294,4.36,7,FALL
26295,9.52,8,FALL
26296,33.97,16,FALL
26297,1.31,6,FALL
26298,60.70,24,FALL
26299,32.79,16,FALL
26300,24.47,14,FALL
26301,-3.30,4,FALL
26302,14.82,10,FALL
26303,2.58,5,FALL
26304,31.06,16,FALL
26305,-3.45,4,FALL
26306,88.20,33,FALL
26307,-1.78,5,FALL
26308,24.77,14,FALL
26309,90.23,34,FALL
26310,31.52,16,FALL
26311,12.12,9,FALL
26312,34.00,16,FALL
26313,47.94,21,FALL
26314,-1.18,5,FALL
26315,32.97,16,FALL
26316,27.25,14,FALL
26317,9.31,9,FALL
26318,34.53,16,FALL
26319,46.47,20,FALL
26320,15.70,10,FALL
26321,37.74,18,FALL
26322,75.08,31,FALL
26323,47.95,21,FALL
26324,7.30,8,FALL
26325,24.25,13,FALL
26326,32.11,16,FALL
26327,28.28,15,FALL
26328,31.39,16,FALL
26329,7.33,8,FALL
26330,33.37,16,FALL
26331,13.18,9,FALL
26332,8.65,8,FALL
26333,-2.28,4,FALL
26334,4.25,8,FALL
26335,3.81,6,FALL
26336,22.16,13,FALL
26337,13.54,10,FALL
26338,32.35,16,FALL
26339,-4.39,4,FALL
26340,37.84,17,FALL
26341,15.90,10,FALL
26342,64.24,26,FALL
26343,17.21,12,FALL
26344,14.74,10,FALL
26345,32.04,16,FALL
26346,33.32,16,FALL
26347,32.09,16,FALL
26348,-3.02,4,FALL
26349,34.47,16,FALL
26350,30.82,16,FALL
26351,31.73,16,FALL
26352,33.79,17,FALL
26353,42.89,19,FALL
26354,109.69,41,FALL
26355,7.75,8,FALL
26356,34.50,16,FALL
26357,26.32,14,FALL
26358,29.20,15,FALL
26359,15.81,10,FALL
26360,23.20,14,FALL
26361,15.82,11,FALL
26362,3.92,6,FALL
26363,27.99,15,FALL
26364,32.75,16,FALL
26365,29.16,16,FALL
26366,31.17,16,FALL
26367,12.36,10,FALL
26368,27.33,15,FALL
26369,32.33,16,FALL
26370,44.14,20,FALL
26371,30.33,16,FALL
26372,33.24,16,FALL
26373,37.76,17,FALL
26374,121.90,45,FALL
26375,33.04,16,FALL
26376,4.26,6,FALL
26377,31.42,16,FALL
26378,-4.16,4,FALL
26379,8.12,8,FALL
26380,94.82,35,FALL
26381,10.02,9,FALL
26382,24.84,14,FALL
26383,2.07,6,FALL
26384,46.89,21,FALL
26385,42.15,18,FALL
26386,-1.61,5,FALL
26387,32.95,17,FALL
26388,8.86,8,FALL
26389,22.34,13,FALL
26390,32.57,17,FALL
26391,32.62,16,FALL
26392,26.49,14,FALL
26393,20.72,14,FALL
26394,8.25,9,FALL
26395,13.56,10,FALL
26396,-0.02,5,FALL
26397,2.94,6,FALL
26398,11.33,9,FALL
26399,32.06,16,FALL
26400,54.42,23,FALL
26401,47.80,20,FALL
26402,32.37,16,FALL
26403,16.85,11,FALL
26404,26.63,14,FALL
26405,33.50,16,FALL
26406,34.81,18,FALL
26407,10.71,9,FALL
26408,9.42,9,FALL
26409,39.34,18,FALL
26410,-1.61,5,FALL
26411,23.16,14,FALL
26412,13.24,10,FALL
26413,11.58,9,FALL
26414,26.06,14,FALL
26415,32.17,16,FALL
26416,32.17,17,FALL
26417,12.32,9,FALL
26418,29.37,15,FALL
26419,-0.15,5,FALL
26420,15.23,10,FALL
26421,28.42,15,FALL
26422,46.38,20,FALL
26423,31.43,17,FALL
26424,54.71,23,FALL
26425,19.36,12,FALL
26426,20.42,12,FALL
26427,-2.21,4,FALL
26428,76.55,30,FALL
26429,30.42,16,FALL
26430,28.67,15,FALL
26431,80.30,32,FALL
26432,27.98,15,FALL
26433,27.58,15,FALL
26434,32.03,16,FALL
26435,9.95,9,FALL
26436,0.86,5,FALL
26437,39.40,18,FALL
26438,28.00,15,FALL
26439,-3.26,4,FALL
26440,35.80,17,FALL
26441,43.44,20,FALL
26442,42.78,19,FALL
26443,-1.77,5,FALL
26444,-0.86,5,FALL
26445,9.19,8,FALL
26446,7.16,8,FALL
26447,2.70,6,FALL
26448,10.58,10,FALL
26449,14.96,10,FALL
26450,46.64,20,FALL
26451,-1.64,5,FALL
26452,73.32,29,FALL
26453,30.42,15,FALL
26454,4.71,7,FALL
26455,42.35,21,FALL
26456,99.96,36,FALL
26457,23.84,14,FALL
26458,59.96,25,FALL
26459,31.61,16,FALL
26460,22.23,13,FALL
26461,-0.50,4,FALL
26462,60.92,25,FALL
26463,24.36,15,FALL
26464,36.55,18,FALL
26465,18.17,11,FALL
26466,32.66,16,FALL
26467,26.44,15,FALL
26468,37.79,18,FALL
26469,31.27,16,FALL
26470,9.75,9,FALL
26471,24.95,14,FALL
26472,34.25,17,FALL
26473,31.04,16,FALL
26474,27.49,15,FALL
26475,38.52,18,FALL
26476,64.47,26,FALL
26477,24.07,13,FALL
26478,62.18,26,FALL
26479,35.92,17,FALL
26480,47.27,20,FALL
26481,4.93,7,FALL
26482,15.36,11,FALL
26483,35.49,17,FALL
26484,45.17,19,FALL
26485,31.35,16,FALL
26486,4.56,7,FALL
26487,29.15,15,FALL
26488,47.42,21,FALL
26489,23.80,13,FALL
26490,-3.68,4,FALL
26491,46.68,21,FALL
26492,-0.06,5,FALL
26493,32.97,16,FALL
26494,28.44,15,FALL
26495,31.25,16,FALL
26496,35.51,16,FALL
26497,3.70,7,FALL
26498,47.14,20,FALL
26499,13.66,9,FALL
26500,-0.65,5,FALL
26501,30.76,15,FALL
26502,23.61,13,FALL
26503,34.68,17,FALL
26504,4.91,8,FALL
26505,16.08,10,FALL
26506,48.57,20,FALL
26507,26.67,14,FALL
26508,1.04,6,FALL
26509,26.31,14,FALL
26510,34.51,17,FALL
26511,13.55,10,FALL
26512,40.31,19,FALL
26513,35.29,18,FALL
26514,17.06,11,FALL
26515,32.36,16,FALL
26516,36.65,17,FALL
26517,27.10,15,FALL
26518,76.51,32,FALL
26519,8.18,7,FALL
26520,39.24,20,FALL
26521,47.13,21,FALL
26522,28.90,16,FALL
26523,6.68,8,FALL
26524,5.86,8,FALL
26525,24.19,14,FALL
26526,38.66,18,FALL
26527,34.57,17,FALL
26528,89.21,34,FALL
26529,31.59,16,FALL
26530,34.18,17,FALL
26531,28.88,16,FALL
26532,93.80,38,FALL
26533,24.77,15,FALL
26534,4.98,7,FALL
26535,60.99,25,FALL
26536,22.49,13,FALL
26537,22.67,13,FALL
26538,17.40,11,FALL
26539,34.23,16,FALL
26540,33.85,16,FALL
26541,7.00,8,FALL
26542,30.30,17,FALL
26543,-1.53,5,FALL
26544,65.39,26,FALL
26545,44.86,19,FALL
26546,30.84,16,FALL
26547,33.05,16,FALL
26548,121.50,46,FALL
26549,29.15,15,FALL
26550,32.33,16,FALL
26551,36.61,18,FALL
26552,-0.51,5,FALL
26553,20.06,12,FALL
26554,23.74,14,FALL
26555,52.96,22,FALL
26556,18.34,12,FALL
26557,1.16,6,FALL
26558,41.60,19,FALL
26559,15.71,10,FALL
26560,30.06,16,FALL
26561,14.09,10,FALL
26562,-1.42,5,FALL
26563,33.55,17,FALL
26564,33.73,17,FALL
26565,-1.33,5,FALL
26566,-1.34,5,FALL
26567,-3.10,4,FALL
26568,-3.08,4,FALL
26569,33.45,16,FALL
26570,14.94,11,FALL
26571,5.63,7,FALL
26572,30.96,15,FALL
26573,28.41,14,FALL
26574,41.62,19,FALL
26575,95.31,37,FALL
26576,29.77,16,FALL
26577,36.75,17,FALL
26578,-2.48,4,FALL
26579,-4.12,4,FALL
26580,29.14,16,FALL
26581,40.02,19,FALL
26582,20.79,13,FALL
26583,52.62,22,FALL
26584,38.76,18,FALL
26585,11.73,9,FALL
26586,2.88,7,FALL
26587,9.67,8,FALL
26588,29.70,16,FALL
26589,7.55,8,FALL
26590,18.87,11,FALL
26591,35.28,16,FALL
26592,36.56,17,FALL
26593,4.51,8,FALL
26594,22.74,13,FALL
26595,26.58,15,FALL
26596,7.15,7,FALL
26597,31.09,16,FALL
26598,37.98,18,FALL
26599,31.03,16,FALL
26600,117.29,46,FALL
26601,37.17,18,FALL
26602,28.94,15,FALL
26603,56.54,23,FALL
26604,-3.09,4,FALL
26605,25.50,15,FALL
26606,35.20,17,FALL
26607,23.89,13,FALL
26608,29.62,15,FALL
26609,25.50,13,FALL
26610,39.15,18,FALL
26611,44.08,19,FALL
26612,53.22,22,FALL
26613,7.45,8,FALL
26614,16.36,10,FALL
26615,47.14,21,FALL
26616,37.20,18,FALL
26617,23.29,13,FALL
26618,57.43,23,FALL
26619,27.79,15,FALL
26620,31.54,16,FALL
26621,29.90,16,FALL
26622,29.69,15,FALL
26623,46.37,20,FALL
26624,42.64,19,FALL
26625,41.47,19,FALL
26626,20.83,12,FALL
26627,11.77,10,FALL
26628,31.88,16,FALL
26629,40.79,20,FALL
26630,12.35,9,FALL
26631,33.98,16,FALL
26632,6.32,7,FALL
26633,29.38,16,FALL
26634,32.42,16,FALL
26635,33.74,17,FALL
26636,63.65,26,FALL
26637,58.64,24,FALL
26638,29.20,15,FALL
26639,31.16,15,FALL
26640,29.50,15,FALL
26641,27.51,15,FALL
26642,21.02,13,FALL
26643,-3.60,4,FALL
26644,78.73,30,FALL
26645,13.55,10,FALL
26646,31.57,16,FALL
26647,18.71,12,FALL
26648,10.56,9,FALL
26649,29.78,15,FALL
26650,11.10,8,FALL
26651,5.59,6,FALL
26652,31.95,16,FALL
26653,32.38,16,FALL
26654,125.08,46,FALL
26655,11.79,9,FALL
26656,72.92,28,FALL
26657,8.43,8,FALL
26658,34.80,17,FALL
26659,33.87,16,FALL
26660,63.75,25,FALL
26661,27.81,16,FALL
26662,27.04,14,FALL
26663,12.94,10,FALL
26664,145.76,53,FALL
26665,4.92,7,FALL
26666,7.82,8,FALL
26667,22.11,13,FALL
26668,24.15,14,FALL
26669,-1.44,5,FALL
26670,37.53,17,FALL
26671,30.93,15,FALL
26672,5.29,7,FALL
26673,30.82,16,FALL
26674,70.55,30,FALL
26675,96.10,36,FALL
26676,34.04,16,FALL
26677,20.49,13,FALL
26678,47.15,20,FALL
26679,6.83,7,FALL
26680,92.94,35,FALL
26681,32.10,16,FALL
26682,43.42,20,FALL
26683,39.12,18,FALL
26684,43.17,19,FALL
26685,67.26,28,FALL
26686,29.71,15,FALL
26687,-4.65,3,FALL
26688,29.06,15,FALL
26689,29.75,15,FALL
26690,1.03,6,FALL
26691,10.66,8,FALL
26692,40.97,19,FALL
26693,31.28,16,FALL
26694,40.19,18,FALL
26695,26.16,14,FALL
26696,33.55,18,FALL
26697,74.27,33,FALL
26698,35.20,17,FALL
26699,32.24,16,FALL
26700,31.98,17,FALL
26701,29.79,15,FALL
26702,28.27,15,FALL
26703,27.95,15,FALL
26704,30.83,15,FALL
26705,32.50,16,FALL
26706,29.32,16,FALL
26707,2.60,5,FALL
26708,63.37,26,FALL
26709,29.86,15,FALL
26710,34.80,17,FALL
26711,40.80,18,FALL
26712,12.96,10,FALL
26713,4.04,6,FALL
26714,29.95,15,FALL
26715,9.85,8,FALL
26716,-1.40,5,FALL
26717,122.35,45,FALL
26718,27.77,14,FALL
26719,-2.44,4,FALL
26720,41.51,19,FALL
26721,-3.51,4,FALL
26722,33.14,16,FALL
26723,34.45,17,FALL
26724,37.18,17,FALL
26725,25.82,14,FALL
26726,7.47,8,FALL
26727,22.94,13,FALL
26728,33.14,16,FALL
26729,31.95,17,FALL
26730,32.79,16,FALL
26731,32.41,16,FALL
26732,47.38,20,FALL
26733,37.34,17,FALL
26734,37.60,18,FALL
26735,48.17,21,FALL
26736,35.52,17,FALL
26737,29.82,15,FALL
26738,31.75,16,FALL
26739,36.56,17,FALL
26740,-3.24,4,FALL
26741,-3.30,4,FALL
26742,90.25,34,FALL
26743,-2.82,4,FALL
26744,6.64,7,FALL
26745,1.12,6,FALL
26746,14.65,10,FALL
26747,35.41,17,FALL
26748,7.29,8,FALL
26749,32.29,16,FALL
26750,70.29,28,FALL
26751,34.32,17,FALL
26752,30.79,16,FALL
26753,33.32,16,FALL
26754,14.86,10,FALL
26755,103.29,39,FALL
26756,32.54,17,FALL
26757,16.44,12,FALL
26758,31.28,15,FALL
26759,39.80,19,FALL
26760,14.72,10,FALL
26761,15.72,9,FALL
26762,31.61,16,FALL
26763,-1.46,5,FALL
26764,43.80,20,FALL
26765,32.99,16,FALL
26766,48.65,22,FALL
26767,7.16,8,FALL
26768,70.56,29,FALL
26769,12.42,9,FALL
26770,32.99,16,FALL
26771,78.73,30,FALL
26772,35.22,17,FALL
26773,9.73,8,FALL
26774,14.86,10,FALL
26775,32.89,16,FALL
26776,98.55,37,FALL
26777,20.99,12,FALL
26778,-1.02,5,FALL
26779,30.65,16,FALL
26780,97.19,36,FALL
26781,8.84,7,FALL
26782,30.91,15,FALL
26783,24.82,13,FALL
26784,42.52,19,FALL
26785,33.61,17,FALL
26786,120.75,45,FALL
26787,28.39,15,FALL
26788,31.35,15,FALL
26789,49.15,20,FALL
26790,8.66,7,FALL
26791,-0.06,5,FALL
26792,17.44,11,FALL
26793,32.39,16,FALL
26794,32.70,16,FALL
26795,-3.40,4,FALL
26796,30.50,15,FALL
26797,49.76,22,FALL
26798,0.61,6,FALL
26799,11.73,9,FALL
26800,13.26,10,FALL
26801,-2.14,4,FALL
26802,59.69,25,FALL
26803,34.41,17,FALL
26804,-3.44,4,FALL
26805,32.97,17,FALL
26806,33.12,17,FALL
26807,45.53,19,FALL
26808,68.44,28,FALL
26809,6.34,7,FALL
26810,7.12,6,FALL
26811,1.03,6,FALL
26812,35.10,17,FALL
26813,14.72,10,FALL
26814,45.35,21,FALL
26815,3.73,6,FALL
26816,138.53,49,FALL
26817,5.93,6,FALL
26818,34.26,17,FALL
26819,4.53,6,FALL
26820,34.83,17,FALL
26821,27.95,15,FALL
26822,34.77,17,FALL
26823,32.28,16,FALL
26824,16.15,11,FALL
26825,38.40,17,FALL
26826,29.59,16,FALL
26827,30.08,15,FALL
26828,38.51,18,FALL
26829,36.84,16,FALL
26830,4.43,6,FALL
26831,3.41,6,FALL
26832,15.49,10,FALL
26833,116.76,45,FALL
26834,33.15,16,FALL
26835,30.93,16,FALL
26836,33.25,16,FALL
26837,-0.06,5,FALL
26838,37.38,18,FALL
26839,46.08,20,FALL
26840,12.62,10,FALL
26841,48.76,21,FALL
26842,41.88,19,FALL
26843,30.35,15,FALL
26844,31.34,15,FALL
26845,39.29,18,FALL
26846,39.07,19,FALL
26847,15.17,10,FALL
26848,7.14,8,FALL
26849,30.05,15,FALL
26850,-4.33,4,FALL
26851,17.88,11,FALL
26852,45.38,22,FALL
26853,79.05,32,FALL
26854,33.36,16,FALL
26855,-3.45,4,FALL
26856,15.75,11,FALL
26857,87.06,33,FALL
26858,19.86,12,FALL
26859,50.84,23,FALL
26860,75.97,30,FALL
26861,16.99,11,FALL
26862,6.86,7,FALL
26863,32.62,16,FALL
26864,32.80,17,FALL
26865,29.18,15,FALL
26866,8.25,8,FALL
26867,27.80,16,FALL
26868,31.78,16,FALL
26869,24.95,14,FALL
26870,16.62,11,FALL
26871,29.75,16,FALL
26872,63.06,26,FALL
26873,0.82,6,FALL
26874,5.48,7,FALL
26875,14.75,10,FALL
26876,-1.69,5,FALL
26877,36.55,17,FALL
26878,33.32,16,FALL
26879,-3.97,4,FALL
26880,-1.50,5,FALL
26881,82.19,33,FALL
26882,28.66,15,FALL
26883,16.74,11,FALL
26884,30.87,16,FALL
26885,34.17,17,FALL
26886,34.88,17,FALL
26887,27.22,15,FALL
26888,32.38,16,FALL
26889,52.43,21,FALL
26890,-3.48,4,FALL
26891,31.70,16,FALL
26892,32.00,16,FALL
26893,33.11,16,FALL
26894,33.87,17,FALL
26895,29.71,15,FALL
26896,25.64,14,FALL
26897,100.38,37,FALL
26898,11.04,10,FALL
26899,27.81,15,FALL
26900,35.71,18,FALL
26901,20.67,12,FALL
26902,29.45,16,FALL
26903,24.82,14,FALL
26904,11.22,9,FALL
26905,-0.82,5,FALL
26906,37.00,17,FALL
26907,12.76,10,FALL
26908,23.17,13,FALL
26909,-0.37,5,FALL
26910,17.63,10,FALL
26911,5.93,7,FALL
26912,19.81,12,FALL
26913,36.19,17,FALL
26914,-1.31,5,FALL
26915,29.67,15,FALL
26916,-1.43,5,FALL
26917,8.92,9,FALL
26918,-1.12,5,FALL
26919,35.29,17,FALL
26920,7.24,8,FALL
26921,2.86,6,FALL
26922,33.93,16,FALL
26923,35.23,17,FALL
26924,0.48,6,FALL
26925,41.33,19,FALL
26926,30.48,15,FALL
26927,22.96,13,FALL
26928,33.47,17,FALL
26929,54.92,23,FALL
26930,33.33,16,FALL
26931,92.10,35,FALL
26932,35.72,18,FALL
26933,27.59,16,FALL
26934,12.61,9,FALL
26935,30.74,15,FALL
26936,7.58,7,FALL
26937,10.25,9,FALL
26938,28.07,15,FALL
26939,33.38,16,FALL
26940,-0.84,5,FALL
26941,-1.12,5,FALL
26942,54.43,23,FALL
26943,31.82,16,FALL
26944,1.83,5,FALL
26945,126.75,47,FALL
26946,34.42,17,FALL
26947,29.05,15,FALL
26948,40.97,19,FALL
26949,23.31,13,FALL
26950,6.50,8,FALL
26951,28.90,15,FALL
26952,-0.90,5,FALL
26953,33.90,16,FALL
26954,39.65,18,FALL
26955,31.17,16,FALL
26956,48.95,21,FALL
26957,29.54,16,FALL
26958,33.84,16,FALL
26959,14.25,10,FALL
26960,31.88,15,FALL
26961,38.61,18,FALL
26962,16.26,10,FALL
26963,26.52,14,FALL
26964,26.93,15,FALL
26965,32.78,16,FALL
26966,34.64,17,FALL
26967,37.57,18,FALL
26968,87.18,35,FALL
26969,12.50,9,FALL
26970,-3.52,4,FALL
26971,18.49,12,FALL
26972,39.28,18,FALL
26973,35.86,17,FALL
26974,2.84,6,FALL
26975,33.41,16,FALL
26976,32.37,16,FALL
26977,27.01,14,FALL
26978,10.84,9,FALL
26979,30.88,16,FALL
26980,38.20,18,FALL
26981,15.38,11,FALL
26982,32.51,16,FALL
26983,24.18,14,FALL
26984,-3.64,4,FALL
26985,31.69,16,FALL
26986,-1.16,4,FALL
26987,0.03,5,FALL
26988,122.90,46,FALL
26989,25.75,14,FALL
26990,-1.41,5,FALL
26991,109.31,41,FALL
26992,32.80,16,FALL
26993,34.49,17,FALL
26994,13.88,9,FALL
26995,37.57,17,FALL
26996,56.69,24,FALL
26997,8.37,8,FALL
26998,35.03,17,FALL
26999,34.52,16,FALL
27000,5.41,7,FALL
27001,23.18,13,FALL
27002,7.83,8,FALL
27003,15.50,10,FALL
27004,5.16,7,FALL
27005,14.15,11,FALL
27006,57.65,24,FALL
27007,26.42,16,FALL
27008,44.13,20,FALL
27009,29.98,15,FALL
27010,29.53,15,FALL
27011,32.45,16,FALL
27012,3.24,6,FALL
27013,21.17,13,FALL
27014,21.07,13,FALL
27015,34.56,16,FALL
27016,32.75,16,FALL
27017,14.95,10,FALL
27018,28.16,15,FALL
27019,14.14,9,FALL
27020,91.63,36,FALL
27021,34.78,17,FALL
27022,31.61,16,FALL
27023,2.46,6,FALL
27024,46.61,20,FALL
27025,6.44,7,FALL
27026,29.27,15,FALL
27027,38.63,18,FALL
27028,41.57,19,FALL
27029,19.38,12,FALL
27030,15.85,11,FALL
27031,1.91,6,FALL
27032,21.00,12,FALL
27033,31.81,16,FALL
27034,85.62,36,FALL
27035,27.43,15,FALL
27036,49.22,21,FALL
27037,-1.36,5,FALL
27038,30.36,16,FALL
27039,25.07,14,FALL
27040,12.79,10,FALL
27041,30.20,16,FALL
27042,24.31,14,FALL
27043,8.86,8,FALL
27044,16.70,11,FALL
27045,68.34,28,FALL
27046,28.75,15,FALL
27047,2.17,5,FALL
27048,12.51,9,FALL
27049,-2.79,4,FALL
27050,5.88,8,FALL
27051,19.58,12,FALL
27052,23.83,13,FALL
27053,11.16,9,FALL
27054,17.09,10,FALL
27055,38.50,19,FALL
27056,37.58,17,FALL
27057,102.72,40,FALL
27058,31.20,17,FALL
27059,-0.61,5,FALL
27060,29.37,15,FALL
27061,18.54,11,FALL
27062,32.14,16,FALL
27063,33.26,17,FALL
27064,15.78,11,FALL
27065,33.39,16,FALL
27066,48.75,21,FALL
27067,105.44,42,FALL
27068,33.44,16,FALL
27069,33.65,16,FALL
27070,42.03,19,FALL
27071,27.63,15,FALL
27072,12.43,9,FALL
27073,12.36,10,FALL
27074,38.45,18,FALL
27075,29.19,15,FALL
27076,62.92,27,FALL
27077,29.73,15,FALL
27078,1.98,5,FALL
27079,23.79,13,FALL
27080,-1.49,5,FALL
27081,67.79,27,FALL
27082,31.49,16,FALL
27083,125.52,47,FALL
27084,8.72,8,FALL
27085,24.94,14,FALL
27086,32.78,16,FALL
27087,46.29,20,FALL
27088,25.41,15,FALL
27089,-3.07,4,FALL
27090,30.79,16,FALL
27091,38.11,17,FALL
27092,27.73,15,FALL
27093,19.08,12,FALL
27094,8.62,8,FALL
27095,35.08,16,FALL
27096,10.73,9,FALL
27097,33.95,17,FALL
27098,35.98,17,FALL
27099,15.70,10,FALL
27100,-3.81,4,FALL
27101,27.64,15,FALL
27102,34.30,16,FALL
27103,35.68,17,FALL
27104,35.38,17,FALL
27105,5.40,7,FALL
27106,30.79,16,FALL
27107,16.74,10,FALL
27108,-3.13,4,FALL
27109,35.83,17,FALL
27110,-0.62,4,FALL
27111,46.66,21,FALL
27112,25.08,14,FALL
27113,50.63,21,FALL
27114,1.78,6,FALL
27115,31.10,16,FALL
27116,31.07,16,FALL
27117,34.08,16,FALL
27118,29.09,15,FALL
27119,40.88,18,FALL
27120,33.82,16,FALL
27121,40.08,18,FALL
27122,35.70,17,FALL
27123,50.04,22,FALL
27124,3.98,6,FALL
27125,22.91,13,FALL
27126,21.01,13,FALL
27127,34.98,16,FALL
27128,32.46,16,FALL
27129,1.36,5,FALL
27130,30.79,16,FALL
27131,30.31,16,FALL
27132,33.40,17,FALL
27133,30.04,16,FALL
27134,32.97,16,FALL
27135,32.37,16,FALL
27136,24.08,13,FALL
27137,38.02,18,FALL
27138,2.31,6,FALL
27139,36.04,18,FALL
27140,29.67,15,FALL
27141,39.34,18,FALL
27142,34.49,17,FALL
27143,4.87,7,FALL
27144,168.90,60,FALL
27145,-1.70,5,FALL
27146,27.18,15,FALL
27147,37.61,18,FALL
27148,15.82,10,FALL
27149,23.46,13,FALL
27150,-1.39,4,FALL
27151,35.83,17,FALL
27152,14.12,10,FALL
27153,36.75,18,FALL
27154,28.99,16,FALL
27155,32.63,16,FALL
27156,84.74,33,FALL
27157,15.70,11,FALL
27158,-1.73,5,FALL
27159,46.61,21,FALL
27160,24.75,13,FALL
27161,37.06,17,FALL
27162,16.22,11,FALL
27163,8.20,8,FALL
27164,54.87,22,FALL
27165,28.68,15,FALL
27166,30.97,16,FALL
27167,20.42,13,FALL
27168,124.69,46,FALL
27169,-3.30,4,FALL
27170,79.09,30,FALL
27171,10.17,8,FALL
27172,123.26,46,FALL
27173,-0.53,5,FALL
27174,17.96,11,FALL
27175,18.23,10,FALL
27176,34.45,16,FALL
27177,12.11,9,FALL
27178,27.85,15,FALL
27179,22.79,13,FALL
27180,1.93,6,FALL
27181,33.80,17,FALL
27182,-0.41,5,FALL
27183,35.23,17,FALL
27184,-4.25,4,FALL
27185,32.42,16,FALL
27186,32.66,16,FALL
27187,36.54,17,FALL
27188,20.20,12,FALL
27189,98.08,37,FALL
27190,47.15,21,FALL
27191,31.87,16,FALL
27192,28.37,15,FALL
27193,15.94,11,FALL
27194,31.00,16,FALL
27195,14.69,10,FALL
27196,36.40,18,FALL
27197,-1.70,5,FALL
27198,34.47,16,FALL
27199,16.11,11,FALL
27200,28.88,15,FALL
27201,45.84,20,FALL
27202,7.55,8,FALL
27203,33.06,16,FALL
27204,33.17,16,FALL
27205,109.14,41,FALL
27206,35.99,17,FALL
27207,35.71,17,FALL
27208,41.89,18,FALL
27209,10.28,10,FALL
27210,51.88,22,FALL
27211,35.62,17,FALL
27212,4.82,6,FALL
27213,71.53,28,FALL
27214,35.17,18,FALL
27215,31.23,16,FALL
27216,13.23,10,FALL
27217,2.83,5,FALL
27218,40.09,18,FALL
27219,29.46,15,FALL
27220,41.61,19,FALL
27221,32.01,16,FALL
27222,23.23,14,FALL
27223,40.81,19,FALL
27224,35.31,17,FALL
27225,76.23,30,FALL
27226,38.19,19,FALL
27227,36.47,18,FALL
27228,30.66,16,FALL
27229,84.51,32,FALL
27230,-1.50,5,FALL
27231,39.95,19,FALL
27232,10.22,8,FALL
27233,26.32,14,FALL
27234,16.69,11,FALL
27235,-2.69,4,FALL
27236,-3.40,4,FALL
27237,10.79,9,FALL
27238,3.31,6,FALL
27239,22.65,14,FALL
27240,32.02,16,FALL
27241,35.09,16,FALL
27242,83.36,32,FALL
27243,47.24,20,FALL
27244,-1.33,5,FALL
27245,16.96,11,FALL
27246,31.06,16,FALL
27247,21.21,12,FALL
27248,116.97,43,FALL
27249,6.53,7,FALL
27250,36.79,17,FALL
27251,10.42,9,FALL
27252,9.89,8,FALL
27253,-3.30,4,FALL
27254,90.52,36,FALL
27255,26.11,15,FALL
27256,25.04,15,FALL
27257,33.03,16,FALL
27258,125.05,46,FALL
27259,24.58,14,FALL
27260,31.41,16,FALL
27261,6.46,7,FALL
27262,51.03,22,FALL
27263,27.97,15,FALL
27264,45.73,20,FALL
27265,-3.81,4,FALL
27266,33.70,16,FALL
27267,1.64,6,FALL
27268,30.32,15,FALL
27269,33.91,16,FALL
27270,36.35,18,FALL
27271,2.84,7,FALL
27272,45.32,20,FALL
27273,38.25,18,FALL
27274,30.16,16,FALL
27275,8.70,8,FALL
27276,77.10,30,FALL
27277,20.06,12,FALL
27278,25.21,14,FALL
27279,8.39,8,FALL
27280,2.86,6,FALL
27281,72.99,29,FALL
27282,6.03,7,FALL
27283,18.34,11,FALL
27284,33.65,16,FALL
27285,17.80,11,FALL
27286,18.93,11,FALL
27287,38.39,18,FALL
27288,17.45,10,FALL
27289,28.73,16,FALL
27290,5.04,8,FALL
27291,8.38,8,FALL
27292,24.72,13,FALL
27293,27.69,14,FALL
27294,52.91,22,FALL
27295,37.48,18,FALL
27296,34.23,16,FALL
27297,9.74,8,FALL
27298,1.41,6,FALL
27299,12.03,9,FALL
27300,-0.80,5,FALL
27301,34.80,17,FALL
27302,27.01,15,FALL
27303,16.40,11,FALL
27304,15.52,11,FALL
27305,38.11,18,FALL
27306,8.47,8,FALL
27307,42.68,19,FALL
27308,30.77,16,FALL
27309,3.21,7,FALL
27310,12.90,10,FALL
27311,1.71,6,FALL
27312,27.92,15,FALL
27313,29.86,15,FALL
27314,117.68,43,FALL
27315,-1.61,5,FALL
27316,-3.04,4,FALL
27317,36.47,17,FALL
27318,9.05,9,FALL
27319,4.30,6,FALL
27320,114.22,42,FALL
27321,48.18,21,FALL
27322,1.75,6,FALL
27323,17.21,12,FALL
27324,54.72,23,FALL
27325,32.20,16,FALL
27326,30.37,15,FALL
27327,4.28,6,FALL
27328,72.05,30,FALL
27329,4.37,7,FALL
27330,30.45,15,FALL
27331,39.44,18,FALL
27332,31.99,16,FALL
27333,31.70,16,FALL
27334,32.78,16,FALL
27335,30.97,16,FALL
27336,34.44,17,FALL
27337,54.16,24,FALL
27338,41.57,19,FALL
27339,3.48,6,FALL
27340,38.50,19,FALL
27341,21.14,13,FALL
27342,-3.15,4,FALL
27343,33.65,16,FALL
27344,32.03,16,FALL
27345,44.93,20,FALL
27346,72.48,29,FALL
27347,5.64,8,FALL
27348,20.00,13,FALL
27349,36.78,17,FALL
27350,38.39,17,FALL
27351,33.61,16,FALL
27352,4.30,6,FALL
27353,8.47,8,FALL
27354,6.59,8,FALL
27355,6.96,8,FALL
27356,36.43,17,FALL
27357,32.69,19,FALL
27358,6.05,7,FALL
27359,39.37,18,FALL
27360,7.64,8,FALL
27361,24.89,14,FALL
27362,36.02,17,FALL
27363,82.81,32,FALL
27364,4.60,6,FALL
27365,28.88,16,FALL
27366,18.96,12,FALL
27367,4.52,7,FALL
27368,44.85,20,FALL
27369,13.28,10,FALL
27370,-2.51,4,FALL
27371,42.84,19,FALL
27372,32.29,16,FALL
27373,34.40,17,FALL
27374,43.55,19,FALL
27375,49.10,22,FALL
27376,6.42,7,FALL
27377,25.82,14,FALL
27378,8.23,8,FALL
27379,-3.54,4,FALL
27380,7.18,8,FALL
27381,15.60,11,FALL
27382,30.87,16,FALL
27383,33.76,16,FALL
27384,1.33,6,FALL
27385,32.32,16,FALL
27386,28.78,15,FALL
27387,30.42,15,FALL
27388,37.97,18,FALL
27389,35.81,17,FALL
27390,31.90,16,FALL
27391,11.07,9,FALL
27392,18.26,12,FALL
27393,-1.07,5,FALL
27394,26.30,15,FALL
27395,32.36,16,FALL
27396,31.08,16,FALL
27397,10.29,9,FALL
27398,18.24,12,FALL
27399,9.46,9,FALL
27400,36.07,17,FALL
27401,34.60,17,FALL
27402,40.29,18,FALL
27403,19.79,12,FALL
27404,34.84,17,FALL
27405,13.75,10,FALL
27406,21.42,14,FALL
27407,12.29,9,FALL
27408,14.96,10,FALL
27409,13.11,9,FALL
27410,24.46,13,FALL
27411,34.14,16,FALL
27412,20.22,13,FALL
27413,34.42,17,FALL
27414,26.20,15,FALL
27415,31.54,16,FALL
27416,35.56,17,FALL
27417,18.01,12,FALL
27418,36.04,17,FALL
27419,122.61,45,FALL
27420,14.20,10,FALL
27421,-0.65,5,FALL
27422,48.09,21,FALL
27423,3.75,6,FALL
27424,-3.15,4,FALL
27425,-0.24,5,FALL
27426,37.47,19,FALL
27427,13.86,11,FALL
27428,30.73,15,FALL
27429,32.31,16,FALL
27430,-3.97,4,FALL
27431,33.91,17,FALL
27432,31.30,17,FALL
27433,-0.85,5,FALL
27434,-4.41,4,FALL
27435,31.69,16,FALL
27436,-3.19,4,FALL
27437,1.52,6,FALL
27438,29.54,15,FALL
27439,49.96,22,FALL
27440,39.69,18,FALL
27441,28.11,15,FALL
27442,64.21,26,FALL
27443,33.51,16,FALL
27444,34.32,16,FALL
27445,5.80,7,FALL
27446,28.38,15,FALL
27447,25.75,14,FALL
27448,14.72,11,FALL
27449,44.31,20,FALL
27450,28.49,14,FALL
27451,28.23,15,FALL
27452,33.84,16,FALL
27453,219.37,76,FALL
27454,-1.11,5,FALL
27455,9.02,8,FALL
27456,-3.90,4,FALL
27457,30.39,16,FALL
27458,88.46,34,FALL
27459,12.64,9,FALL
27460,11.63,9,FALL
27461,29.45,15,FALL
27462,32.63,16,FALL
27463,195.67,68,FALL
27464,114.15,43,FALL
27465,43.29,19,FALL
27466,-2.81,4,FALL
27467,33.86,16,FALL
27468,35.25,17,FALL
27469,32.07,17,FALL
27470,16.76,10,FALL
27471,125.37,45,FALL
27472,31.38,16,FALL
27473,-0.71,5,FALL
27474,33.42,16,FALL
27475,29.20,15,FALL
27476,4.24,7,FALL
27477,39.07,18,FALL
27478,35.95,17,FALL
27479,29.16,16,FALL
27480,26.15,15,FALL
27481,37.50,18,FALL
27482,27.65,14,FALL
27483,-3.29,4,FALL
27484,9.49,9,FALL
27485,34.84,17,FALL
27486,35.44,17,FALL
27487,2.84,6,FALL
27488,36.58,17,FALL
27489,29.15,14,FALL
27490,7.87,8,FALL
27491,75.40,29,FALL
27492,29.70,15,FALL
27493,33.01,16,FALL
27494,36.99,17,FALL
27495,32.92,16,FALL
27496,0.50,6,FALL
27497,17.34,11,FALL
27498,35.51,17,FALL
27499,50.79,21,FALL
27500,33.46,16,FALL
27501,34.96,17,FALL
27502,32.32,17,FALL
27503,31.53,16,FALL
27504,8.07,8,FALL
27505,34.60,18,FALL
27506,33.73,16,FALL
27507,20.22,12,FALL
27508,37.54,17,FALL
27509,16.40,10,FALL
27510,-1.06,5,FALL
27511,29.99,15,FALL
27512,11.57,10,FALL
27513,23.53,13,FALL
27514,6.39,6,FALL
27515,46.66,19,FALL
27516,29.07,15,FALL
27517,40.52,19,FALL
27518,6.65,7,FALL
27519,32.07,16,FALL
27520,4.19,6,FALL
27521,14.08,9,FALL
27522,20.63,13,FALL
27523,67.66,27,FALL
27524,2.92,7,FALL
27525,53.38,22,FALL
27526,52.78,23,FALL
27527,1.59,5,FALL
27528,18.50,11,FALL
27529,22.38,12,FALL
27530,24.85,14,FALL
27531,39.52,19,FALL
27532,24.96,14,FALL
27533,33.47,16,FALL
27534,32.12,16,FALL
27535,-0.32,5,FALL
27536,16.63,11,FALL
27537,30.83,17,FALL
27538,30.56,15,FALL
27539,105.59,40,FALL
27540,39.38,18,FALL
27541,28.25,15,FALL
27542,31.25,15,FALL
27543,44.78,19,FALL
27544,33.42,16,FALL
27545,38.67,18,FALL
27546,13.59,10,FALL
27547,35.20,17,FALL
27548,22.71,13,FALL
27549,32.18,16,FALL
27550,16.06,10,FALL
27551,11.68,9,FALL
27552,33.45,16,FALL
27553,51.12,22,FALL
27554,41.92,19,FALL
27555,35.70,18,FALL
27556,40.73,18,FALL
27557,13.34,9,FALL
27558,-3.64,4,FALL
27559,32.26,16,FALL
27560,3.40,6,FALL
27561,1.06,6,FALL
27562,55.62,23,FALL
27563,38.03,18,FALL
27564,5.77,7,FALL
27565,45.40,20,FALL
27566,31.91,16,FALL
27567,36.84,18,FALL
27568,29.02,16,FALL
27569,-0.79,4,FALL
27570,8.97,9,FALL
27571,2.42,6,FALL
27572,31.18,16,FALL
27573,32.88,16,FALL
27574,0.74,5,FALL
27575,8.92,8,FALL
27576,9.75,9,FALL
27577,81.22,33,FALL
27578,0.37,6,FALL
27579,25.47,14,FALL
27580,21.38,12,FALL
27581,36.98,17,FALL
27582,2.17,6,FALL
27583,27.56,15,FALL
27584,13.54,10,FALL
27585,15.89,11,FALL
27586,39.71,18,FALL
27587,29.27,16,FALL
27588,131.69,48,FALL
27589,30.46,16,FALL
27590,29.99,16,FALL
27591,5.49,7,FALL
27592,14.15,9,FALL
27593,32.25,16,FALL
27594,32.64,16,FALL
27595,5.52,7,FALL
27596,33.23,16,FALL
27597,19.64,12,FALL
27598,33.54,16,FALL
27599,25.84,16,FALL
27600,6.35,7,FALL
27601,36.08,17,FALL
27602,36.54,17,FALL
27603,20.10,13,FALL
27604,5.94,7,FALL
27605,-2.38,4,FALL
27606,19.87,11,FALL
27607,26.71,15,FALL
27608,32.69,16,FALL
27609,12.89,10,FALL
27610,30.55,16,FALL
27611,29.63,16,FALL
27612,18.99,11,FALL
27613,34.53,17,FALL
27614,17.21,11,FALL
27615,10.87,9,FALL
27616,35.03,17,FALL
27617,37.65,17,FALL
27618,2.85,6,FALL
27619,36.49,17,FALL
27620,24.98,14,FALL
27621,35.18,17,FALL
27622,11.12,9,FALL
27623,38.35,17,FALL
27624,34.55,17,FALL
27625,18.26,12,FALL
27626,28.07,15,FALL
27627,11.63,10,FALL
27628,3.17,6,FALL
27629,34.43,18,FALL
27630,33.16,16,FALL
27631,87.92,35,FALL
27632,34.81,17,FALL
27633,35.14,17,FALL
27634,24.45,14,FALL
27635,67.65,28,FALL
27636,29.01,16,FALL
27637,25.11,14,FALL
27638,29.35,15,FALL
27639,29.81,16,FALL
27640,22.43,13,FALL
27641,42.09,19,FALL
27642,22.67,14,FALL
27643,51.06,22,FALL
27644,12.35,9,FALL
27645,9.73,8,FALL
27646,15.60,10,FALL
27647,127.13,46,FALL
27648,33.47,16,FALL
27649,33.27,16,FALL
27650,-0.74,5,FALL
27651,28.65,15,FALL
27652,23.04,13,FALL
27653,32.05,16,FALL
27654,25.50,14,FALL
27655,24.22,14,FALL
27656,9.66,9,FALL
27657,13.19,10,FALL
27658,13.15,10,FALL
27659,37.15,17,FALL
27660,92.56,35,FALL
27661,5.76,8,FALL
27662,3.40,6,FALL
27663,6.72,7,FALL
27664,28.90,15,FALL
27665,37.39,18,FALL
27666,27.64,15,FALL
27667,-1.48,5,FALL
27668,32.58,16,FALL
27669,24.18,13,FALL
27670,33.68,16,FALL
27671,28.21,15,FALL
27672,34.25,17,FALL
27673,29.24,16,FALL
27674,34.46,16,FALL
27675,33.35,16,FALL
27676,5.95,7,FALL
27677,45.43,20,FALL
27678,32.34,16,FALL
27679,11.20,9,FALL
27680,-3.99,4,FALL
27681,64.85,26,FALL
27682,9.79,8,FALL
27683,15.98,11,FALL
27684,38.59,18,FALL
27685,14.01,11,FALL
27686,29.70,15,FALL
27687,-2.95,4,FALL
27688,25.02,14,FALL
27689,32.11,16,FALL
27690,7.58,8,FALL
27691,-1.09,5,FALL
27692,36.35,17,FALL
27693,23.78,13,FALL
27694,25.47,14,FALL
27695,31.37,16,FALL
27696,29.54,16,FALL
27697,13.48,10,FALL
27698,48.12,22,FALL
27699,28.56,15,FALL
27700,31.34,14,FALL
27701,34.71,16,FALL
27702,2.93,7,FALL
27703,28.42,15,FALL
27704,77.01,31,FALL
27705,28.62,15,FALL
27706,53.42,22,FALL
27707,23.96,13,FALL
27708,35.13,17,FALL
27709,-1.31,5,FALL
27710,76.27,30,FALL
27711,36.54,17,FALL
27712,33.87,17,FALL
27713,29.09,15,FALL
27714,38.60,18,FALL
27715,-3.56,4,FALL
27716,14.10,10,FALL
27717,30.40,16,FALL
27718,33.96,16,FALL
27719,25.78,14,FALL
27720,30.17,16,FALL
27721,33.19,16,FALL
27722,8.64,8,FALL
27723,22.42,13,FALL
27724,55.52,23,FALL
27725,22.32,12,FALL
27726,26.95,14,FALL
27727,42.48,19,FALL
27728,31.48,16,FALL
27729,77.75,31,FALL
27730,33.13,16,FALL
27731,40.04,18,FALL
27732,31.79,16,FALL
27733,126.30,47,FALL
27734,-2.90,4,FALL
27735,32.43,16,FALL
27736,40.69,19,FALL
27737,89.98,35,FALL
27738,34.62,17,FALL
27739,-1.22,5,FALL
27740,29.87,15,FALL
27741,39.53,19,FALL
27742,32.26,16,FALL
27743,31.05,16,FALL
27744,34.21,16,FALL
27745,80.88,32,FALL
27746,18.14,12,FALL
27747,27.84,15,FALL
27748,44.42,20,FALL
27749,3.43,7,FALL
27750,-5.53,3,FALL
27751,17.73,11,FALL
27752,32.28,16,FALL
27753,2.94,7,FALL
27754,32.36,16,FALL
27755,32.00,16,FALL
27756,33.06,16,FALL
27757,21.80,12,FALL
27758,32.72,16,FALL
27759,66.32,27,FALL
27760,14.51,10,FALL
27761,32.43,15,FALL
27762,1.17,6,FALL
27763,-2.37,4,FALL
27764,20.30,12,FALL
27765,32.92,16,FALL
27766,31.11,15,FALL
27767,49.60,21,FALL
27768,4.96,7,FALL
27769,89.79,35,FALL
27770,9.64,8,FALL
27771,97.62,36,FALL
27772,36.93,17,FALL
27773,32.08,16,FALL
27774,15.06,10,FALL
27775,14.58,10,FALL
27776,52.31,23,FALL
27777,15.43,10,FALL
27778,90.04,37,FALL
27779,13.83,10,FALL
27780,26.52,15,FALL
27781,47.24,21,FALL
27782,32.82,16,FALL
27783,34.88,17,FALL
27784,12.33,10,FALL
27785,38.40,17,FALL
27786,-2.46,4,FALL
27787,4.02,7,FALL
27788,39.31,19,FALL
27789,33.13,16,FALL
27790,34.60,16,FALL
27791,32.64,16,FALL
27792,31.46,16,FALL
27793,133.89,50,FALL
27794,36.73,17,FALL
27795,31.98,16,FALL
27796,71.03,28,FALL
27797,31.69,15,FALL
27798,18.60,12,FALL
27799,76.97,31,FALL
27800,116.11,44,FALL
27801,24.63,13,FALL
27802,-1.71,5,FALL
27803,31.70,16,FALL
27804,92.34,36,FALL
27805,-1.99,4,FALL
27806,39.68,18,FALL
27807,39.93,19,FALL
27808,36.38,17,FALL
27809,28.47,15,FALL
27810,10.56,9,FALL
27811,32.73,16,FALL
27812,39.64,18,FALL
27813,2.27,6,FALL
27814,6.17,7,FALL
27815,35.62,17,FALL
27816,30.51,15,FALL
27817,19.08,11,FALL
27818,32.03,16,FALL
27819,4.33,7,FALL
27820,35.52,17,FALL
27821,31.76,16,FALL
27822,24.23,13,FALL
27823,34.71,17,FALL
27824,36.13,17,FALL
27825,32.80,16,FALL
27826,17.10,10,FALL
27827,34.87,17,FALL
27828,32.69,16,FALL
27829,30.25,16,FALL
27830,-4.79,3,FALL
27831,24.97,14,FALL
27832,-2.97,4,FALL
27833,33.66,16,FALL
27834,40.66,18,FALL
27835,7.58,8,FALL
27836,-2.96,4,FALL
27837,35.50,16,FALL
27838,44.78,19,FALL
27839,12.00,9,FALL
27840,-6.38,3,FALL
27841,34.20,16,FALL
27842,12.11,9,FALL
27843,31.05,16,FALL
27844,14.48,10,FALL
27845,20.65,12,FALL
27846,23.44,14,FALL
27847,41.68,18,FALL
27848,25.25,15,FALL
27849,37.92,17,FALL
27850,44.28,20,FALL
27851,29.19,16,FALL
27852,3.65,7,FALL
27853,96.08,36,FALL
27854,26.16,14,FALL
27855,-1.37,5,FALL
27856,121.84,46,FALL
27857,15.20,10,FALL
27858,31.01,16,FALL
27859,-0.49,5,FALL
27860,24.39,14,FALL
27861,33.86,16,FALL
27862,17.94,11,FALL
27863,14.29,10,FALL
27864,16.31,11,FALL
27865,56.01,24,FALL
27866,20.03,12,FALL
27867,-1.00,5,FALL
27868,31.26,16,FALL
27869,37.33,18,FALL
27870,10.36,9,FALL
27871,-3.66,4,FALL
27872,-1.60,5,FALL
27873,5.38,7,FALL
27874,22.16,12,FALL
27875,31.19,16,FALL
27876,32.90,16,FALL
27877,20.26,12,FALL
27878,-3.84,4,FALL
27879,5.66,7,FALL
27880,32.42,16,FALL
27881,38.94,18,FALL
27882,20.16,11,FALL
27883,33.92,17,FALL
27884,-1.09,4,FALL
27885,8.04,8,FALL
27886,14.49,11,FALL
27887,31.61,16,FALL
27888,42.03,19,FALL
27889,-2.69,4,FALL
27890,-3.76,4,FALL
27891,97.12,36,FALL
27892,120.79,46,FALL
27893,18.42,12,FALL
27894,23.31,13,FALL
27895,-1.11,5,FALL
27896,6.33,7,FALL
27897,14.92,10,FALL
27898,26.56,14,FALL
27899,2.14,6,FALL
27900,34.69,17,FALL
27901,-3.35,4,FALL
27902,-3.30,4,FALL
27903,28.40,15,FALL
27904,29.40,15,FALL
27905,31.13,16,FALL
27906,59.86,25,FALL
27907,30.42,15,FALL
27908,33.26,16,FALL
27909,72.42,31,FALL
27910,7.90,8,FALL
27911,-1.78,5,FALL
27912,42.78,20,FALL
27913,5.39,7,FALL
27914,2.79,5,FALL
27915,68.38,28,FALL
27916,29.48,16,FALL
27917,33.95,16,FALL
27918,31.00,15,FALL
27919,39.46,18,FALL
27920,79.56,31,FALL
27921,5.39,8,FALL
27922,30.39,15,FALL
27923,32.22,15,FALL
27924,30.53,16,FALL
27925,2.95,6,FALL
27926,35.66,17,FALL
27927,22.34,13,FALL
27928,17.99,11,FALL
27929,29.17,15,FALL
27930,8.00,8,FALL
27931,67.39,28,FALL
27932,8.30,8,FALL
27933,14.22,10,FALL
27934,28.59,15,FALL
27935,1.06,6,FALL
27936,36.49,18,FALL
27937,18.54,13,FALL
27938,7.71,8,FALL
27939,14.74,10,FALL
27940,8.63,9,FALL
27941,35.38,17,FALL
27942,22.24,13,FALL
27943,17.63,12,FALL
27944,31.11,16,FALL
27945,32.66,16,FALL
27946,32.30,16,FALL
27947,11.95,8,FALL
27948,24.41,13,FALL
27949,28.05,15,FALL
27950,82.47,32,FALL
27951,20.93,13,FALL
27952,48.09,20,FALL
27953,22.58,14,FALL
27954,2.65,7,FALL
27955,33.71,16,FALL
27956,72.22,29,FALL
27957,11.04,9,FALL
27958,41.31,18,FALL
27959,9.43,8,FALL
27960,31.74,16,FALL
27961,12.04,9,FALL
27962,79.67,32,FALL
27963,80.85,31,FALL
27964,31.46,16,FALL
27965,47.72,22,FALL
27966,60.94,27,FALL
27967,21.24,12,FALL
27968,43.20,18,FALL
27969,28.01,15,FALL
27970,37.29,17,FALL
27971,-2.42,4,FALL
27972,7.97,9,FALL
27973,6.97,7,FALL
27974,0.47,5,FALL
27975,45.61,20,FALL
27976,33.24,16,FALL
27977,13.10,10,FALL
27978,29.26,15,FALL
27979,75.98,31,FALL
27980,32.53,16,FALL
27981,78.45,31,FALL
27982,-4.05,4,FALL
27983,3.18,6,FALL
27984,22.19,13,FALL
27985,51.24,20,FALL
27986,114.13,44,FALL
27987,17.02,11,FALL
27988,86.19,33,FALL
27989,3.90,6,FALL
27990,-2.79,4,FALL
27991,14.25,11,FALL
27992,18.07,11,FALL
27993,21.08,13,FALL
27994,26.81,15,FALL
27995,42.39,20,FALL
27996,30.40,16,FALL
27997,23.75,14,FALL
27998,36.10,17,FALL
27999,15.01,10,FALL
28000,36.36,18,FALL
28001,28.70,15,FALL
28002,33.65,17,FALL
28003,11.56,10,FALL
28004,31.73,16,FALL
28005,29.90,15,FALL
28006,120.27,45,FALL
28007,29.52,15,FALL
28008,30.85,16,FALL
28009,34.93,17,FALL
28010,29.88,15,FALL
28011,123.18,46,FALL
28012,12.33,10,FALL
28013,6.71,8,FALL
28014,45.21,20,FALL
28015,43.78,19,FALL
28016,29.15,15,FALL
28017,-0.76,5,FALL
28018,75.53,31,FALL
28019,29.41,16,FALL
28020,26.63,14,FALL
28021,26.14,13,FALL
28022,29.92,15,FALL
28023,32.88,16,FALL
28024,41.51,20,FALL
28025,27.04,14,FALL
28026,30.93,16,FALL
28027,39.91,18,FALL
28028,84.11,33,FALL
28029,27.35,15,FALL
28030,28.71,15,FALL
28031,31.82,16,FALL
28032,35.35,16,FALL
28033,7.06,7,FALL
28034,46.04,20,FALL
28035,29.97,16,FALL
28036,39.38,19,FALL
28037,1.94,6,FALL
28038,32.88,16,FALL
28039,2.24,6,FALL
28040,34.58,16,FALL
28041,10.19,9,FALL
28042,25.93,14,FALL
28043,36.33,17,FALL
28044,29.99,15,FALL
28045,34.62,17,FALL
28046,30.81,16,FALL
28047,67.42,28,FALL
28048,33.89,17,FALL
28049,58.37,25,FALL
28050,32.81,16,FALL
28051,10.67,9,FALL
28052,129.44,47,FALL
28053,9.96,9,FALL
28054,11.99,10,FALL
28055,44.55,20,FALL
28056,34.03,16,FALL
28057,28.86,15,FALL
28058,3.25,6,FALL
28059,17.28,11,FALL
28060,40.57,19,FALL
28061,11.73,9,FALL
28062,39.73,19,FALL
28063,10.65,8,FALL
28064,30.71,15,FALL
28065,-0.75,5,FALL
28066,-2.71,4,FALL
28067,53.99,23,FALL
28068,13.99,10,FALL
28069,64.32,26,FALL
28070,35.83,17,FALL
28071,31.69,16,FALL
28072,33.77,16,FALL
28073,22.31,13,FALL
28074,73.38,29,FALL
28075,24.44,14,FALL
28076,35.53,17,FALL
28077,35.60,17,FALL
28078,80.63,32,FALL
28079,-3.30,4,FALL
28080,38.52,18,FALL
28081,30.18,15,FALL
28082,8.36,8,FALL
28083,36.53,17,FALL
28084,17.91,11,FALL
28085,62.32,26,FALL
28086,34.53,17,FALL
28087,18.97,11,FALL
28088,27.46,15,FALL
28089,17.64,13,FALL
28090,13.71,10,FALL
28091,31.00,16,FALL
28092,31.62,16,FALL
28093,42.96,18,FALL
28094,62.73,26,FALL
28095,20.14,12,FALL
28096,25.05,14,FALL
28097,35.03,16,FALL
28098,18.71,11,FALL
28099,93.49,35,FALL
28100,77.95,31,FALL
28101,34.39,16,FALL
28102,26.19,14,FALL
28103,31.75,16,FALL
28104,34.50,16,FALL
28105,34.26,17,FALL
28106,33.06,16,FALL
28107,-0.60,5,FALL
28108,36.01,17,FALL
28109,2.50,5,FALL
28110,12.41,9,FALL
28111,33.54,17,FALL
28112,31.54,16,FALL
28113,-1.93,4,FALL
28114,7.05,8,FALL
28115,30.81,16,FALL
28116,84.57,33,FALL
28117,4.72,7,FALL
28118,29.55,15,FALL
28119,30.13,15,FALL
28120,41.44,20,FALL
28121,43.54,19,FALL
28122,25.24,14,FALL
28123,34.16,17,FALL
28124,41.43,18,FALL
28125,31.00,16,FALL
28126,-1.44,5,FALL
28127,35.78,17,FALL
28128,33.24,17,FALL
28129,125.65,47,FALL
28130,22.90,13,FALL
28131,27.83,15,FALL
28132,35.69,17,FALL
28133,24.30,14,FALL
28134,29.25,15,FALL
28135,52.96,21,FALL
28136,7.10,8,FALL
28137,32.44,16,FALL
28138,30.41,16,FALL
28139,24.75,14,FALL
28140,9.34,8,FALL
28141,0.64,5,FALL
28142,61.40,26,FALL
28143,36.88,17,FALL
28144,32.98,16,FALL
28145,14.91,10,FALL
28146,8.93,8,FALL
28147,3.50,6,FALL
28148,11.86,10,FALL
28149,34.38,17,FALL
28150,23.01,13,FALL
28151,32.39,16,FALL
28152,29.83,16,FALL
28153,31.78,16,FALL
28154,25.84,14,FALL
28155,13.76,9,FALL
28156,39.50,18,FALL
28157,74.85,31,FALL
28158,0.85,6,FALL
28159,59.87,25,FALL
28160,39.68,18,FALL
28161,9.26,8,FALL
28162,35.28,17,FALL
28163,13.06,10,FALL
28164,-0.84,5,FALL
28165,38.02,18,FALL
28166,-3.41,4,FALL
28167,36.19,17,FALL
28168,29.99,16,FALL
28169,32.28,16,FALL
28170,32.12,16,FALL
28171,-3.23,4,FALL
28172,15.60,11,FALL
28173,34.49,16,FALL
28174,29.70,16,FALL
28175,37.15,17,FALL
28176,27.96,14,FALL
28177,36.67,17,FALL
28178,11.96,10,FALL
28179,37.18,18,FALL
28180,45.91,21,FALL
28181,1.92,6,FALL
28182,34.29,17,FALL
28183,-3.03,4,FALL
28184,26.70,15,FALL
28185,27.75,15,FALL
28186,34.14,17,FALL
28187,4.06,6,FALL
28188,32.17,16,FALL
28189,61.43,26,FALL
28190,17.27,11,FALL
28191,27.56,14,FALL
28192,0.81,6,FALL
28193,36.82,18,FALL
28194,29.28,16,FALL
28195,8.53,9,FALL
28196,30.29,16,FALL
28197,-1.49,5,FALL
28198,34.24,17,FALL
28199,37.14,18,FALL
28200,10.71,9,FALL
28201,5.70,7,FALL
28202,36.43,17,FALL
28203,12.37,10,FALL
28204,29.67,16,FALL
28205,23.76,13,FALL
28206,11.25,10,FALL
28207,59.68,23,FALL
28208,21.33,13,FALL
28209,29.34,16,FALL
28210,24.89,15,FALL
28211,18.44,12,FALL
28212,27.99,15,FALL
28213,36.41,17,FALL
28214,6.82,8,FALL
28215,48.77,20,FALL
28216,34.06,17,FALL
28217,69.63,28,FALL
28218,20.37,12,FALL
28219,43.59,19,FALL
28220,31.56,16,FALL
28221,31.60,16,FALL
28222,34.00,17,FALL
28223,27.35,15,FALL
28224,46.86,20,FALL
28225,2.29,6,FALL
28226,1.17,6,FALL
28227,32.16,16,FALL
28228,8.07,8,FALL
28229,18.69,11,FALL
28230,44.59,19,FALL
28231,45.32,20,FALL
28232,17.65,12,FALL
28233,37.93,18,FALL
28234,52.80,22,FALL
28235,12.98,9,FALL
28236,19.83,12,FALL
28237,38.78,18,FALL
28238,29.17,15,FALL
28239,31.26,16,FALL
28240,28.26,15,FALL
28241,38.95,19,FALL
28242,-1.58,5,FALL
28243,14.65,10,FALL
28244,32.44,16,FALL
28245,46.27,20,FALL
28246,48.45,22,FALL
28247,11.84,9,FALL
28248,33.96,17,FALL
28249,26.10,14,FALL
28250,83.58,33,FALL
28251,19.21,11,FALL
28252,24.15,14,FALL
28253,30.94,16,FALL
28254,68.25,28,FALL
28255,61.39,24,FALL
28256,38.38,18,FALL
28257,15.24,11,FALL
28258,31.76,16,FALL
28259,35.70,17,FALL
28260,38.50,18,FALL
28261,32.53,16,FALL
28262,33.20,16,FALL
28263,88.50,35,FALL
28264,4.78,7,FALL
28265,52.75,23,FALL
28266,34.42,17,FALL
28267,27.08,15,FALL
28268,13.63,10,FALL
28269,32.37,16,FALL
28270,28.72,15,FALL
28271,41.84,18,FALL
28272,-3.14,4,FALL
28273,31.42,16,FALL
28274,30.16,15,FALL
28275,37.18,17,FALL
28276,0.12,6,FALL
28277,9.71,9,FALL
28278,33.15,17,FALL
28279,36.56,18,FALL
28280,29.64,15,FALL
28281,7.88,7,FALL
28282,11.42,9,FALL
28283,31.74,16,FALL
28284,23.72,13,FALL
28285,3.61,6,FALL
28286,35.61,16,FALL
28287,33.38,16,FALL
28288,-1.38,5,FALL
28289,21.13,13,FALL
28290,16.38,11,FALL
28291,27.88,14,FALL
28292,31.77,16,FALL
28293,-4.15,4,FALL
28294,25.07,14,FALL
28295,37.24,18,FALL
28296,11.34,9,FALL
28297,32.93,16,FALL
28298,32.04,16,FALL
28299,44.79,20,FALL
28300,25.76,16,FALL
28301,96.10,38,FALL
28302,9.86,8,FALL
28303,36.35,17,FALL
28304,12.17,10,FALL
28305,39.25,19,FALL
28306,4.07,6,FALL
28307,32.29,16,FALL
28308,-2.87,4,FALL
28309,32.96,16,FALL
28310,41.26,18,FALL
28311,34.02,17,FALL
28312,60.99,25,FALL
28313,9.56,8,FALL
28314,30.46,16,FALL
28315,39.93,18,FALL
28316,33.40,16,FALL
28317,17.60,12,FALL
28318,49.44,22,FALL
28319,21.90,13,FALL
28320,26.78,14,FALL
28321,90.03,34,FALL
28322,5.54,8,FALL
28323,32.45,16,FALL
28324,21.91,13,FALL
28325,34.84,17,FALL
28326,12.54,9,FALL
28327,-1.47,5,FALL
28328,125.53,46,FALL
28329,33.66,16,FALL
28330,123.45,46,FALL
28331,1.72,6,FALL
28332,68.71,29,FALL
28333,32.51,16,FALL
28334,28.34,15,FALL
28335,-3.89,4,FALL
28336,39.89,18,FALL
28337,26.15,14,FALL
28338,81.74,31,FALL
28339,29.53,16,FALL
28340,-3.66,4,FALL
28341,52.87,21,FALL
28342,25.33,14,FALL
28343,34.20,16,FALL
28344,28.70,15,FALL
28345,17.87,12,FALL
28346,5.79,7,FALL
28347,28.24,14,FALL
28348,22.64,13,FALL
28349,-0.32,5,FALL
28350,34.63,17,FALL
28351,88.69,33,FALL
28352,23.90,13,FALL
28353,9.92,9,FALL
28354,79.90,33,FALL
28355,5.51,7,FALL
28356,7.15,8,FALL
28357,2.28,6,FALL
28358,39.70,18,FALL
28359,48.69,21,FALL
28360,33.70,18,FALL
28361,32.52,16,FALL
28362,18.06,11,FALL
28363,20.82,14,FALL
28364,39.32,19,FALL
28365,29.55,15,FALL
28366,37.70,17,FALL
28367,32.16,16,FALL
28368,2.90,6,FALL
28369,33.08,17,FALL
28370,36.36,17,FALL
28371,33.43,16,FALL
28372,28.38,15,FALL
28373,29.97,15,FALL
28374,27.91,15,FALL
28375,44.28,19,FALL
28376,3.57,6,FALL
28377,33.31,17,FALL
28378,26.16,16,FALL
28379,32.49,15,FALL
28380,35.60,17,FALL
28381,15.35,10,FALL
28382,15.51,11,FALL
28383,35.01,17,FALL
28384,121.63,45,FALL
28385,21.63,12,FALL
28386,31.96,16,FALL
28387,28.26,15,FALL
28388,1.80,6,FALL
28389,43.63,19,FALL
28390,39.54,18,FALL
28391,61.75,25,FALL
28392,27.94,15,FALL
28393,38.27,18,FALL
28394,1.16,6,FALL
28395,36.75,17,FALL
28396,45.68,20,FALL
28397,44.50,19,FALL
28398,72.36,29,FALL
28399,72.71,29,FALL
28400,3.71,7,FALL
28401,30.53,15,FALL
28402,39.02,17,FALL
28403,85.44,33,FALL
28404,0.91,6,FALL
28405,17.36,11,FALL
28406,32.55,17,FALL
28407,31.82,16,FALL
28408,-3.61,4,FALL
28409,0.47,6,FALL
28410,1.17,6,FALL
28411,-0.32,5,FALL
28412,32.65,16,FALL
28413,14.48,10,FALL
28414,1.70,6,FALL
28415,39.41,18,FALL
28416,26.16,14,FALL
28417,11.95,9,FALL
28418,-3.06,4,FALL
28419,88.69,35,FALL
28420,23.40,13,FALL
28421,36.08,17,FALL
28422,6.36,8,FALL
28423,9.76,9,FALL
28424,47.06,20,FALL
28425,8.85,8,FALL
28426,16.86,11,FALL
28427,50.92,21,FALL
28428,19.98,12,FALL
28429,38.85,18,FALL
28430,34.58,18,FALL
28431,81.38,33,FALL
28432,82.85,32,FALL
28433,33.63,16,FALL
28434,35.63,17,FALL
28435,20.98,13,FALL
28436,18.79,12,FALL
28437,39.07,18,FALL
28438,-0.37,5,FALL
28439,31.35,16,FALL
28440,31.23,16,FALL
28441,46.52,20,FALL
28442,32.25,17,FALL
28443,15.40,11,FALL
28444,122.39,45,FALL
28445,21.93,13,FALL
28446,30.89,16,FALL
28447,19.81,12,FALL
28448,5.62,7,FALL
28449,3.87,6,FALL
28450,34.26,16,FALL
28451,57.06,24,FALL
28452,-1.78,5,FALL
28453,-3.33,4,FALL
28454,30.76,16,FALL
28455,25.47,14,FALL
28456,14.39,10,FALL
28457,32.90,16,FALL
28458,13.27,10,FALL
28459,17.64,11,FALL
28460,36.61,17,FALL
28461,22.82,13,FALL
28462,42.82,19,FALL
28463,79.69,31,FALL
28464,-3.96,4,FALL
28465,0.76,6,FALL
28466,40.85,19,FALL
28467,26.50,14,FALL
28468,76.42,31,FALL
28469,7.04,7,FALL
28470,10.75,9,FALL
28471,46.36,20,FALL
28472,63.80,26,FALL
28473,16.13,11,FALL
28474,7.65,8,FALL
28475,16.34,12,FALL
28476,125.97,46,FALL
28477,17.45,11,FALL
28478,75.96,31,FALL
28479,31.80,16,FALL
28480,62.97,28,FALL
28481,19.80,12,FALL
28482,51.72,21,FALL
28483,32.69,18,FALL
28484,8.45,8,FALL
28485,0.76,6,FALL
28486,49.24,22,FALL
28487,25.93,14,FALL
28488,0.86,6,FALL
28489,32.20,16,FALL
28490,3.91,7,FALL
28491,14.39,10,FALL
28492,31.42,16,FALL
28493,11.89,9,FALL
28494,32.18,16,FALL
28495,115.76,43,FALL
28496,46.38,20,FALL
28497,25.75,14,FALL
28498,21.82,13,FALL
28499,136.49,49,FALL
28500,34.86,17,FALL
28501,44.29,21,FALL
28502,11.77,9,FALL
28503,23.99,13,FALL
28504,-3.27,4,FALL
28505,16.35,11,FALL
28506,31.08,16,FALL
28507,61.38,26,FALL
28508,28.82,15,FALL
28509,-2.47,4,FALL
28510,31.07,16,FALL
28511,96.25,36,FALL
28512,45.09,20,FALL
28513,45.85,20,FALL
28514,32.38,16,FALL
28515,24.92,15,FALL
28516,3.81,6,FALL
28517,15.73,10,FALL
28518,15.84,11,FALL
28519,29.01,15,FALL
28520,37.53,18,FALL
28521,39.26,18,FALL
28522,31.20,16,FALL
28523,-3.43,4,FALL
28524,5.86,6,FALL
28525,23.36,13,FALL
28526,40.65,19,FALL
28527,11.78,9,FALL
28528,-1.62,5,FALL
28529,17.57,11,FALL
28530,47.31,20,FALL
28531,9.65,9,FALL
28532,39.53,18,FALL
28533,30.57,16,FALL
28534,7.15,7,FALL
28535,21.37,12,FALL
28536,1.36,6,FALL
28537,25.42,14,FALL
28538,30.55,16,FALL
28539,32.72,17,FALL
28540,30.85,16,FALL
28541,32.95,16,FALL
28542,37.82,18,FALL
28543,22.80,13,FALL
28544,32.42,16,FALL
28545,50.92,22,FALL
28546,42.23,19,FALL
28547,57.66,25,FALL
28548,37.31,18,FALL
28549,66.41,29,FALL
28550,88.83,36,FALL
28551,47.24,21,FALL
28552,16.06,10,FALL
28553,-3.57,4,FALL
28554,39.51,20,FALL
28555,31.11,16,FALL
28556,30.64,16,FALL
28557,28.56,16,FALL
28558,33.71,16,FALL
28559,30.22,16,FALL
28560,33.85,18,FALL
28561,1.26,6,FALL
28562,38.35,18,FALL
28563,37.29,17,FALL
28564,23.81,14,FALL
28565,33.69,16,FALL
28566,19.69,12,FALL
28567,17.61,11,FALL
28568,108.92,41,FALL
28569,30.94,16,FALL
28570,36.16,17,FALL
28571,-0.56,5,FALL
28572,55.31,22,FALL
28573,76.42,30,FALL
28574,-1.48,5,FALL
28575,33.92,17,FALL
28576,63.50,28,FALL
28577,13.89,10,FALL
28578,3.37,6,FALL
28579,11.06,9,FALL
28580,23.65,14,FALL
28581,20.06,13,FALL
28582,7.99,8,FALL
28583,3.52,6,FALL
28584,31.83,16,FALL
28585,18.42,11,FALL
28586,7.45,8,FALL
28587,67.77,29,FALL
28588,27.76,16,FALL
28589,32.60,16,FALL
28590,33.28,16,FALL
28591,41.81,19,FALL
28592,21.57,13,FALL
28593,19.55,14,FALL
28594,18.48,12,FALL
28595,99.34,37,FALL
28596,4.65,7,FALL
28597,1.32,6,FALL
28598,42.10,20,FALL
28599,34.39,16,FALL
28600,34.22,18,FALL
28601,29.54,15,FALL
28602,35.88,17,FALL
28603,8.50,9,FALL
28604,82.49,33,FALL
28605,31.93,16,FALL
28606,4.42,7,FALL
28607,-3.62,4,FALL
28608,19.35,11,FALL
28609,31.23,15,FALL
28610,5.41,7,FALL
28611,20.27,12,FALL
28612,93.65,36,FALL
28613,37.31,17,FALL
28614,36.43,18,FALL
28615,77.97,31,FALL
28616,37.98,17,FALL
28617,32.35,16,FALL
28618,31.73,16,FALL
28619,35.77,18,FALL
28620,31.28,16,FALL
28621,27.42,15,FALL
28622,30.47,16,FALL
28623,-0.04,5,FALL
28624,11.81,10,FALL
28625,31.78,16,FALL
28626,65.17,25,FALL
28627,6.93,9,FALL
28628,87.81,33,FALL
28629,28.25,15,FALL
28630,31.06,16,FALL
28631,60.03,25,FALL
28632,27.89,15,FALL
28633,31.75,16,FALL
28634,31.64,16,FALL
28635,32.17,16,FALL
28636,81.42,32,FALL
28637,71.82,31,FALL
28638,46.95,21,FALL
28639,20.75,12,FALL
28640,31.06,16,FALL
28641,30.47,16,FALL
28642,35.20,17,FALL
28643,31.50,16,FALL
28644,31.85,16,FALL
28645,-0.21,5,FALL
28646,31.97,17,FALL
28647,37.64,18,FALL
28648,16.61,11,FALL
28649,38.06,17,FALL
28650,30.41,16,FALL
28651,36.83,17,FALL
28652,31.67,16,FALL
28653,28.17,15,FALL
28654,21.47,12,FALL
28655,21.83,13,FALL
28656,-2.88,4,FALL
28657,28.64,15,FALL
28658,56.35,23,FALL
28659,78.37,32,FALL
28660,9.71,9,FALL
28661,70.32,28,FALL
28662,33.21,16,FALL
28663,38.32,18,FALL
28664,29.29,16,FALL
28665,24.12,14,FALL
28666,32.15,16,FALL
28667,32.50,17,FALL
28668,32.20,16,FALL
28669,29.55,15,FALL
28670,19.09,12,FALL
28671,40.51,18,FALL
28672,2.56,6,FALL
28673,32.45,16,FALL
28674,34.02,16,FALL
28675,43.62,19,FALL
28676,5.29,7,FALL
28677,28.91,15,FALL
28678,17.99,12,FALL
28679,26.49,15,FALL
28680,55.18,24,FALL
28681,19.64,13,FALL
28682,21.50,13,FALL
28683,31.35,16,FALL
28684,83.66,35,FALL
28685,98.04,39,FALL
28686,14.53,10,FALL
28687,3.56,7,FALL
28688,146.38,51,FALL
28689,81.76,32,FALL
28690,31.95,16,FALL
28691,45.81,20,FALL
28692,16.67,10,FALL
28693,3.13,7,FALL
28694,34.99,17,FALL
28695,4.73,7,FALL
28696,17.94,11,FALL
28697,32.27,16,FALL
28698,14.66,10,FALL
28699,24.96,14,FALL
28700,25.64,15,FALL
28701,18.68,12,FALL
28702,35.71,18,FALL
28703,57.63,25,FALL
28704,58.63,25,FALL
28705,27.07,15,FALL
28706,8.45,8,FALL
28707,71.26,28,FALL
28708,12.36,9,FALL
28709,-0.74,5,FALL
28710,6.96,8,FALL
28711,32.74,16,FALL
28712,29.93,16,FALL
28713,28.27,15,FALL
28714,25.14,14,FALL
28715,31.41,16,FALL
28716,4.29,6,FALL
28717,27.29,14,FALL
28718,124.93,46,FALL
28719,9.54,8,FALL
28720,11.58,9,FALL
28721,30.38,15,FALL
28722,30.25,15,FALL
28723,72.25,31,FALL
28724,70.86,29,FALL
28725,32.12,16,FALL
28726,17.08,11,FALL
28727,8.93,9,FALL
28728,28.33,15,FALL
28729,23.78,14,FALL
28730,51.34,22,FALL
28731,34.54,16,FALL
28732,0.58,6,FALL
28733,117.29,42,FALL
28734,-1.48,5,FALL
28735,29.36,15,FALL
28736,30.07,15,FALL
28737,27.33,15,FALL
28738,-1.67,5,FALL
28739,26.27,14,FALL
28740,34.93,17,FALL
28741,35.58,17,FALL
28742,10.74,9,FALL
28743,73.77,31,FALL
28744,34.43,17,FALL
28745,29.75,16,FALL
28746,6.80,8,FALL
28747,32.71,16,FALL
28748,90.21,33,FALL
28749,9.80,9,FALL
28750,8.82,8,FALL
28751,30.60,16,FALL
28752,30.62,15,FALL
28753,13.73,10,FALL
28754,51.23,23,FALL
28755,-2.56,4,FALL
28756,145.67,52,FALL
28757,4.23,6,FALL
28758,98.55,37,FALL
28759,8.76,8,FALL
28760,6.91,8,FALL
28761,36.53,17,FALL
28762,31.26,16,FALL
28763,12.34,9,FALL
28764,17.88,11,FALL
28765,10.48,9,FALL
28766,37.89,18,FALL
28767,33.24,16,FALL
28768,30.82,15,FALL
28769,19.11,12,FALL
28770,40.81,19,FALL
28771,18.75,11,FALL
28772,26.55,15,FALL
28773,28.47,15,FALL
28774,0.95,6,FALL
28775,39.28,18,FALL
28776,36.09,17,FALL
28777,36.37,17,FALL
28778,30.99,16,FALL
28779,13.75,10,FALL
28780,30.91,15,FALL
28781,32.96,16,FALL
28782,15.62,10,FALL
28783,13.99,10,FALL
28784,43.37,18,FALL
28785,31.89,16,FALL
28786,39.60,18,FALL
28787,71.46,29,FALL
28788,4.16,7,FALL
28789,39.10,18,FALL
28790,34.85,17,FALL
28791,31.59,16,FALL
28792,-3.21,4,FALL
28793,8.23,8,FALL
28794,3.87,7,FALL
28795,56.94,22,FALL
28796,36.29,17,FALL
28797,38.45,18,FALL
28798,32.45,16,FALL
28799,23.57,13,FALL
28800,31.28,15,FALL
28801,24.72,15,FALL
28802,38.30,18,FALL
28803,67.35,27,FALL
28804,39.49,18,FALL
28805,32.48,17,FALL
28806,32.99,16,FALL
28807,9.91,9,FALL
28808,27.10,14,FALL
28809,49.97,22,FALL
28810,31.59,16,FALL
28811,0.59,5,FALL
28812,38.02,18,FALL
28813,12.73,9,FALL
28814,4.54,8,FALL
28815,-0.12,5,FALL
28816,-0.69,5,FALL
28817,24.85,14,FALL
28818,83.13,33,FALL
28819,5.07,7,FALL
28820,28.12,15,FALL
28821,32.10,16,FALL
28822,31.50,16,FALL
28823,5.70,7,FALL
28824,29.73,15,FALL
28825,42.24,20,FALL
28826,24.99,13,FALL
28827,31.70,16,FALL
28828,25.75,15,FALL
28829,-0.96,5,FALL
28830,40.32,19,FALL
28831,10.85,10,FALL
28832,34.20,17,FALL
28833,14.84,10,FALL
28834,29.06,15,FALL
28835,30.05,16,FALL
28836,15.95,11,FALL
28837,59.99,24,FALL
28838,35.12,16,FALL
28839,26.22,14,FALL
28840,40.26,19,FALL
28841,31.29,16,FALL
28842,29.57,15,FALL
28843,22.29,13,FALL
28844,3.54,6,FALL
28845,28.74,15,FALL
28846,7.62,7,FALL
28847,27.17,15,FALL
28848,21.07,13,FALL
28849,84.88,32,FALL
28850,-2.81,4,FALL
28851,16.31,11,FALL
28852,44.80,19,FALL
28853,31.04,16,FALL
28854,40.96,18,FALL
28855,34.32,17,FALL
28856,33.88,16,FALL
28857,13.99,10,FALL
28858,33.10,16,FALL
28859,17.60,10,FALL
28860,12.07,9,FALL
28861,79.55,32,FALL
28862,33.22,16,FALL
28863,28.63,15,FALL
28864,35.23,17,FALL
28865,33.78,16,FALL
28866,18.87,12,FALL
28867,-3.83,4,FALL
28868,15.49,10,FALL
28869,35.01,17,FALL
28870,11.43,9,FALL
28871,25.92,15,FALL
28872,31.73,16,FALL
28873,34.27,16,FALL
28874,2.70,6,FALL
28875,18.42,11,FALL
28876,30.81,16,FALL
28877,83.44,32,FALL
28878,77.27,31,FALL
28879,61.15,25,FALL
28880,34.81,17,FALL
28881,23.99,14,FALL
28882,-0.82,5,FALL
28883,9.87,9,FALL
28884,52.27,23,FALL
28885,30.62,16,FALL
28886,124.52,47,FALL
28887,70.28,27,FALL
28888,36.08,17,FALL
28889,31.02,16,FALL
28890,10.85,9,FALL
28891,31.79,16,FALL
28892,30.48,15,FALL
28893,42.89,21,FALL
28894,32.11,16,FALL
28895,52.62,23,FALL
28896,24.90,14,FALL
28897,5.80,8,FALL
28898,30.34,16,FALL
28899,0.37,6,FALL
28900,35.73,17,FALL
28901,32.30,16,FALL
28902,10.11,8,FALL
28903,123.67,46,FALL
28904,82.00,33,FALL
28905,112.21,44,FALL
28906,-4.81,4,FALL
28907,27.79,14,FALL
28908,26.85,15,FALL
28909,31.82,16,FALL
28910,74.45,30,FALL
28911,31.09,16,FALL
28912,14.76,10,FALL
28913,33.40,16,FALL
28914,21.91,13,FALL
28915,32.71,16,FALL
28916,31.64,16,FALL
28917,-0.94,5,FALL
28918,39.82,18,FALL
28919,0.98,6,FALL
28920,10.63,8,FALL
28921,-3.40,4,FALL
28922,33.31,16,FALL
28923,13.86,10,FALL
28924,36.93,17,FALL
28925,33.76,16,FALL
28926,34.23,17,FALL
28927,33.97,16,FALL
28928,-0.44,5,FALL
28929,32.89,16,FALL
28930,29.55,15,FALL
28931,26.17,14,FALL
28932,86.19,35,FALL
28933,36.37,17,FALL
28934,-2.09,5,FALL
28935,31.17,16,FALL
28936,38.42,18,FALL
28937,84.23,32,FALL
28938,30.94,15,FALL
28939,8.78,8,FALL
28940,18.40,11,FALL
28941,38.20,18,FALL
28942,32.99,16,FALL
28943,20.59,12,FALL
28944,51.54,22,FALL
28945,44.94,21,FALL
28946,31.40,17,FALL
28947,43.69,19,FALL
28948,33.67,16,FALL
28949,29.49,16,FALL
28950,90.07,35,FALL
28951,29.64,15,FALL
28952,-0.88,5,FALL
28953,30.96,16,FALL
28954,54.40,23,FALL
28955,59.97,25,FALL
28956,20.64,12,FALL
28957,37.18,18,FALL
28958,109.68,42,FALL
28959,32.80,17,FALL
28960,39.25,18,FALL
28961,34.05,16,FALL
28962,37.90,18,FALL
28963,17.63,11,FALL
28964,29.52,16,FALL
28965,5.51,7,FALL
28966,41.93,19,FALL
28967,-5.58,3,FALL
28968,-3.80,4,FALL
28969,6.68,8,FALL
28970,36.26,17,FALL
28971,9.22,8,FALL
28972,37.29,18,FALL
28973,33.84,16,FALL
28974,32.70,16,FALL
28975,22.92,14,FALL
28976,-0.84,5,FALL
28977,-3.64,4,FALL
28978,35.15,17,FALL
28979,3.06,7,FALL
28980,12.44,9,FALL
28981,-0.80,4,FALL
28982,38.52,18,FALL
28983,5.67,7,FALL
28984,47.47,21,FALL
28985,30.53,15,FALL
28986,20.58,13,FALL
28987,30.27,17,FALL
28988,29.19,15,FALL
28989,30.02,16,FALL
28990,35.04,17,FALL
28991,28.75,15,FALL
28992,2.80,7,FALL
28993,4.62,7,FALL
28994,1.97,6,FALL
28995,48.79,20,FALL
28996,130.92,47,FALL
28997,174.15,63,FALL
28998,5.58,6,FALL
28999,33.90,16,FALL
29000,1.07,6,FALL
29001,32.46,16,FALL
29002,10.71,9,FALL
29003,8.21,8,FALL
29004,32.88,16,FALL
29005,50.08,21,FALL
29006,30.24,15,FALL
29007,42.46,19,FALL
29008,34.09,17,FALL
29009,23.21,13,FALL
29010,32.98,16,FALL
29011,32.89,16,FALL
29012,-1.65,5,FALL
29013,2.03,6,FALL
29014,0.83,5,FALL
29015,-0.40,5,FALL
29016,36.30,17,FALL
29017,18.71,12,FALL
29018,33.89,16,FALL
29019,40.17,18,FALL
29020,26.72,15,FALL
29021,17.43,11,FALL
29022,76.71,31,FALL
29023,31.42,16,FALL
29024,43.22,19,FALL
29025,33.18,16,FALL
29026,32.69,16,FALL
29027,4.98,8,FALL
29028,111.95,43,FALL
29029,28.64,15,FALL
29030,34.82,16,FALL
29031,0.41,6,FALL
29032,6.37,7,FALL
29033,38.67,18,FALL
29034,11.86,10,FALL
29035,26.51,14,FALL
29036,4.36,7,FALL
29037,20.07,12,FALL
29038,32.60,16,FALL
29039,31.50,16,FALL
29040,36.04,17,FALL
29041,32.06,16,FALL
29042,38.73,18,FALL
29043,28.34,15,FALL
29044,32.66,16,FALL
29045,30.44,16,FALL
29046,3.06,6,FALL
29047,30.72,16,FALL
29048,-1.00,5,FALL
29049,5.90,7,FALL
29050,29.76,15,FALL
29051,25.54,15,FALL
29052,17.54,11,FALL
29053,25.89,14,FALL
29054,31.49,15,FALL
29055,45.85,20,FALL
29056,3.29,6,FALL
29057,44.80,20,FALL
29058,34.61,17,FALL
29059,23.56,14,FALL
29060,13.21,9,FALL
29061,79.63,33,FALL
29062,89.05,34,FALL
29063,0.90,5,FALL
29064,31.89,16,FALL
29065,28.49,15,FALL
29066,12.93,9,FALL
29067,40.40,18,FALL
29068,8.18,7,FALL
29069,14.36,10,FALL
29070,29.61,15,FALL
29071,32.75,16,FALL
29072,24.48,14,FALL
29073,-2.42,4,FALL
29074,13.45,10,FALL
29075,26.75,15,FALL
29076,27.92,15,FALL
29077,24.47,14,FALL
29078,40.73,18,FALL
29079,32.45,17,FALL
29080,5.04,6,FALL
29081,31.34,15,FALL
29082,5.16,7,FALL
29083,32.14,16,FALL
29084,31.55,16,FALL
29085,11.24,10,FALL
29086,-2.40,4,FALL
29087,49.87,21,FALL
29088,-3.19,4,FALL
29089,29.91,16,FALL
29090,124.06,46,FALL
29091,33.14,16,FALL
29092,33.28,17,FALL
29093,22.97,13,FALL
29094,-3.17,4,FALL
29095,6.43,7,FALL
29096,32.26,16,FALL
29097,33.31,16,FALL
29098,38.14,18,FALL
29099,31.45,16,FALL
29100,48.94,21,FALL
29101,32.41,16,FALL
29102,-0.92,5,FALL
29103,35.01,17,FALL
29104,-4.15,4,FALL
29105,33.77,16,FALL
29106,33.44,16,FALL
29107,37.89,18,FALL
29108,-4.16,4,FALL
29109,60.14,25,FALL
29110,58.97,24,FALL
29111,28.94,15,FALL
29112,31.67,16,FALL
29113,0.74,6,FALL
29114,32.20,16,FALL
29115,36.86,17,FALL
29116,85.40,33,FALL
29117,40.54,18,FALL
29118,24.77,13,FALL
29119,19.76,12,FALL
29120,32.09,17,FALL
29121,40.89,18,FALL
29122,2.16,6,FALL
29123,85.46,34,FALL
29124,-3.65,4,FALL
29125,49.98,20,FALL
29126,35.61,17,FALL
29127,37.62,18,FALL
29128,3.00,6,FALL
29129,10.41,10,FALL
29130,16.86,11,FALL
29131,25.69,14,FALL
29132,30.07,15,FALL
29133,29.98,16,FALL
29134,7.02,8,FALL
29135,-2.04,4,FALL
29136,25.55,14,FALL
29137,75.55,30,FALL
29138,72.70,29,FALL
29139,31.86,15,FALL
29140,45.02,21,FALL
29141,-3.44,4,FALL
29142,11.47,9,FALL
29143,25.45,14,FALL
29144,62.89,26,FALL
29145,101.78,39,FALL
29146,4.56,7,FALL
29147,37.13,17,FALL
29148,5.39,7,FALL
29149,28.77,15,FALL
29150,14.08,10,FALL
29151,30.96,16,FALL
29152,1.99,6,FALL
29153,63.06,27,FALL
29154,26.25,14,FALL
29155,-4.21,4,FALL
29156,1.18,6,FALL
29157,33.94,16,FALL
29158,31.01,16,FALL
29159,45.16,20,FALL
29160,8.93,8,FALL
29161,24.46,14,FALL
29162,-2.00,5,FALL
29163,32.54,16,FALL
29164,32.51,16,FALL
29165,30.43,16,FALL
29166,1.86,6,FALL
29167,9.89,9,FALL
29168,82.68,34,FALL
29169,29.33,16,FALL
29170,32.00,17,FALL
29171,36.13,17,FALL
29172,32.57,16,FALL
29173,70.97,28,FALL
29174,21.08,13,FALL
29175,16.48,11,FALL
29176,47.75,21,FALL
29177,9.40,10,FALL
29178,13.32,10,FALL
29179,2.67,7,FALL
29180,0.27,6,FALL
29181,84.61,32,FALL
29182,43.52,19,FALL
29183,29.60,15,FALL
29184,11.27,10,FALL
29185,33.96,16,FALL
29186,98.69,38,FALL
29187,29.95,15,FALL
29188,34.58,18,FALL
29189,53.44,24,FALL
29190,34.30,17,FALL
29191,-3.00,4,FALL
29192,17.85,11,FALL
29193,-1.69,5,FALL
29194,33.98,17,FALL
29195,51.18,22,FALL
29196,32.81,16,FALL
29197,47.15,20,FALL
29198,104.78,38,FALL
29199,11.47,9,FALL
29200,35.75,17,FALL
29201,69.44,29,FALL
29202,42.45,20,FALL
29203,28.24,15,FALL
29204,38.24,17,FALL
29205,-0.26,5,FALL
29206,122.18,46,FALL
29207,8.43,8,FALL
29208,7.00,8,FALL
29209,69.67,29,FALL
29210,32.80,16,FALL
29211,18.75,11,FALL
29212,19.13,11,FALL
29213,39.05,18,FALL
29214,-0.11,5,FALL
29215,31.93,16,FALL
29216,86.01,34,FALL
29217,33.17,16,FALL
29218,52.64,22,FALL
29219,14.42,9,FALL
29220,-3.84,4,FALL
29221,32.49,17,FALL
29222,33.52,16,FALL
29223,30.62,16,FALL
29224,24.49,13,FALL
29225,31.65,16,FALL
29226,15.29,10,FALL
29227,31.51,16,FALL
29228,49.23,21,FALL
29229,4.69,7,FALL
29230,15.77,11,FALL
29231,21.61,13,FALL
29232,57.38,24,FALL
29233,15.81,11,FALL
29234,29.69,16,FALL
29235,35.85,17,FALL
29236,45.35,19,FALL
29237,28.43,15,FALL
29238,12.58,10,FALL
29239,38.75,18,FALL
29240,11.13,9,FALL
29241,47.22,20,FALL
29242,10.44,8,FALL
29243,50.90,22,FALL
29244,15.38,10,FALL
29245,51.24,20,FALL
29246,47.16,20,FALL
29247,-0.50,5,FALL
29248,3.81,6,FALL
29249,8.95,9,FALL
29250,30.22,15,FALL
29251,10.24,8,FALL
29252,-4.19,4,FALL
29253,20.73,12,FALL
29254,-0.62,5,FALL
29255,92.68,36,FALL
29256,18.09,11,FALL
29257,28.65,15,FALL
29258,34.03,16,FALL
29259,19.50,12,FALL
29260,25.80,14,FALL
29261,28.00,15,FALL
29262,71.14,29,FALL
29263,23.89,13,FALL
29264,-0.39,5,FALL
29265,-3.16,4,FALL
29266,25.95,14,FALL
29267,23.39,14,FALL
29268,35.10,18,FALL
29269,18.32,11,FALL
29270,36.69,17,FALL
29271,36.05,17,FALL
29272,42.24,19,FALL
29273,10.70,9,FALL
29274,7.66,7,FALL
29275,-3.20,4,FALL
29276,31.32,15,FALL
29277,34.21,17,FALL
29278,-3.30,4,FALL
29279,63.55,26,FALL
29280,6.55,7,FALL
29281,42.72,20,FALL
29282,37.54,18,FALL
29283,58.20,24,FALL
29284,28.20,15,FALL
29285,0.37,5,FALL
29286,5.59,7,FALL
29287,33.72,16,FALL
29288,26.28,14,FALL
29289,29.44,16,FALL
29290,30.50,16,FALL
29291,30.13,15,FALL
29292,20.30,11,FALL
29293,38.79,18,FALL
29294,17.61,11,FALL
29295,29.76,15,FALL
29296,12.14,9,FALL
29297,-0.77,5,FALL
29298,31.97,16,FALL
29299,42.89,19,FALL
29300,38.01,18,FALL
29301,30.14,16,FALL
29302,-2.67,4,FALL
29303,33.93,16,FALL
29304,22.77,13,FALL
29305,13.02,10,FALL
29306,78.74,32,FALL
29307,37.15,18,FALL
29308,9.61,9,FALL
29309,16.00,11,FALL
29310,-0.56,5,FALL
29311,34.44,16,FALL
29312,26.61,15,FALL
29313,37.18,18,FALL
29314,35.33,18,FALL
29315,-3.64,4,FALL
29316,30.36,15,FALL
29317,51.75,22,FALL
29318,-3.62,4,FALL
29319,24.53,14,FALL
29320,123.44,46,FALL
29321,19.55,11,FALL
29322,6.75,8,FALL
29323,33.43,16,FALL
29324,5.72,7,FALL
29325,30.98,16,FALL
29326,29.81,15,FALL
29327,32.48,16,FALL
29328,30.68,16,FALL
29329,33.32,16,FALL
29330,43.76,19,FALL
29331,44.90,20,FALL
29332,79.58,32,FALL
29333,27.59,15,FALL
29334,116.77,44,FALL
29335,79.47,31,FALL
29336,86.03,32,FALL
29337,42.77,19,FALL
29338,35.37,17,FALL
29339,29.32,15,FALL
29340,33.49,16,FALL
29341,30.86,17,FALL
29342,27.51,14,FALL
29343,3.07,6,FALL
29344,-0.52,5,FALL
29345,34.88,18,FALL
29346,45.54,21,FALL
29347,38.27,18,FALL
29348,33.42,16,FALL
29349,3.40,6,FALL
29350,87.50,33,FALL
29351,38.66,18,FALL
29352,53.30,23,FALL
29353,31.53,16,FALL
29354,61.51,25,FALL
29355,21.77,13,FALL
29356,36.79,17,FALL
29357,2.80,6,FALL
29358,5.05,6,FALL
29359,33.98,17,FALL
29360,36.42,17,FALL
29361,84.64,33,FALL
29362,25.76,14,FALL
29363,35.46,17,FALL
29364,28.46,15,FALL
29365,3.47,6,FALL
29366,95.90,37,FALL
29367,36.03,18,FALL
29368,73.36,29,FALL
29369,45.81,20,FALL
29370,21.37,13,FALL
29371,212.07,76,FALL
29372,1.11,6,FALL
29373,46.73,20,FALL
29374,-5.69,3,FALL
29375,-1.44,5,FALL
29376,36.73,18,FALL
29377,93.48,36,FALL
29378,30.30,16,FALL
29379,3.02,7,FALL
29380,135.99,51,FALL
29381,38.67,18,FALL
29382,28.73,15,FALL
29383,-3.63,4,FALL
29384,72.84,30,FALL
29385,87.39,33,FALL
29386,32.09,17,FALL
29387,13.38,10,FALL
29388,48.26,21,FALL
29389,87.06,34,FALL
29390,11.64,9,FALL
29391,12.43,10,FALL
29392,35.23,17,FALL
29393,2.55,7,FALL
29394,40.65,18,FALL
29395,55.91,24,FALL
29396,24.35,14,FALL
29397,-3.89,4,FALL
29398,37.74,17,FALL
29399,9.60,9,FALL
29400,104.85,40,FALL
29401,24.43,14,FALL
29402,36.24,18,FALL
29403,66.68,28,FALL
29404,61.91,27,FALL
29405,43.55,20,FALL
29406,1.83,6,FALL
29407,-1.49,5,FALL
29408,9.05,10,FALL
29409,53.78,23,FALL
29410,28.92,15,FALL
29411,15.28,11,FALL
29412,-0.35,5,FALL
29413,1.76,5,FALL
29414,137.76,51,FALL
29415,14.83,11,FALL
29416,33.41,16,FALL
29417,123.03,45,FALL
29418,20.75,13,FALL
29419,12.62,10,FALL
29420,29.42,16,FALL
29421,47.68,20,FALL
29422,14.52,10,FALL
29423,28.34,15,FALL
29424,-2.67,4,FALL
29425,0.95,6,FALL
29426,15.88,11,FALL
29427,-0.23,5,FALL
29428,31.27,15,FALL
29429,23.52,13,FALL
29430,49.77,21,FALL
29431,15.27,10,FALL
29432,16.41,11,FALL
29433,21.89,14,FALL
29434,12.94,9,FALL
29435,2.33,7,FALL
29436,33.37,16,FALL
29437,2.03,6,FALL
29438,49.13,20,FALL
29439,31.87,16,FALL
29440,54.02,23,FALL
29441,49.17,22,FALL
29442,34.23,17,FALL
29443,30.04,15,FALL
29444,29.40,16,FALL
29445,36.07,17,FALL
29446,30.98,16,FALL
29447,2.30,6,FALL
29448,12.44,9,FALL
29449,1.61,6,FALL
29450,36.02,17,FALL
29451,70.21,27,FALL
29452,30.88,15,FALL
29453,10.07,8,FALL
29454,32.37,16,FALL
29455,37.48,17,FALL
29456,41.68,18,FALL
29457,36.99,17,FALL
29458,122.48,46,FALL
29459,32.51,16,FALL
29460,-0.90,5,FALL
29461,1.09,6,FALL
29462,-1.07,5,FALL
29463,34.82,17,FALL
29464,41.42,18,FALL
29465,41.68,19,FALL
29466,-2.71,4,FALL
29467,26.82,15,FALL
29468,8.98,8,FALL
29469,17.48,11,FALL
29470,21.03,12,FALL
29471,9.48,8,FALL
29472,-1.76,5,FALL
29473,21.11,13,FALL
29474,19.17,13,FALL
29475,71.28,30,FALL
29476,4.38,6,FALL
29477,35.00,17,FALL
29478,12.27,9,FALL
29479,32.20,16,FALL
29480,31.48,17,FALL
29481,33.29,17,FALL
29482,5.63,7,FALL
29483,16.41,10,FALL
29484,20.73,12,FALL
29485,44.22,19,FALL
29486,8.57,8,FALL
29487,25.73,14,FALL
29488,37.82,17,FALL
29489,22.48,14,FALL
29490,35.37,17,FALL
29491,12.65,9,FALL
29492,65.54,28,FALL
29493,31.62,16,FALL
29494,33.30,17,FALL
29495,27.99,15,FALL
29496,32.25,16,FALL
29497,54.04,24,FALL
29498,10.61,10,FALL
29499,32.36,16,FALL
29500,34.78,17,FALL
29501,6.31,8,FALL
29502,34.10,16,FALL
29503,16.81,11,FALL
29504,49.83,23,FALL
29505,13.96,10,FALL
29506,31.34,15,FALL
29507,15.95,10,FALL
29508,32.44,16,FALL
29509,21.80,13,FALL
29510,39.84,17,FALL
29511,118.56,45,FALL
29512,-2.98,4,FALL
29513,-0.99,5,FALL
29514,26.43,12,FALL
29515,9.03,8,FALL
29516,87.48,33,FALL
29517,18.50,13,FALL
29518,0.64,6,FALL
29519,21.72,13,FALL
29520,30.43,16,FALL
29521,-3.39,4,FALL
29522,79.32,31,FALL
29523,36.49,17,FALL
29524,39.99,18,FALL
29525,18.80,12,FALL
29526,48.98,22,FALL
29527,18.87,11,FALL
29528,27.50,15,FALL
29529,29.84,16,FALL
29530,23.28,13,FALL
29531,16.18,10,FALL
29532,34.12,17,FALL
29533,28.24,15,FALL
29534,70.02,28,FALL
29535,4.87,7,FALL
29536,5.74,6,FALL
29537,6.41,8,FALL
29538,31.89,16,FALL
29539,-1.42,5,FALL
29540,8.35,7,FALL
29541,18.01,12,FALL
29542,33.16,16,FALL
29543,31.81,17,FALL
29544,79.49,32,FALL
29545,45.82,19,FALL
29546,33.68,17,FALL
29547,13.94,10,FALL
29548,-0.87,5,FALL
29549,72.33,29,FALL
29550,34.47,16,FALL
29551,7.58,8,FALL
29552,8.04,7,FALL
29553,16.09,11,FALL
29554,25.77,14,FALL
29555,61.43,25,FALL
29556,-3.15,4,FALL
29557,11.03,9,FALL
29558,129.07,48,FALL
29559,32.44,16,FALL
29560,4.84,7,FALL
29561,19.40,13,FALL
29562,-1.01,5,FALL
29563,24.59,14,FALL
29564,2.72,7,FALL
29565,36.97,18,FALL
29566,67.67,30,FALL
29567,17.92,12,FALL
29568,79.59,31,FALL
29569,13.00,10,FALL
29570,31.22,15,FALL
29571,22.68,13,FALL
29572,83.05,32,FALL
29573,31.08,16,FALL
29574,28.92,15,FALL
29575,21.15,12,FALL
29576,32.17,16,FALL
29577,29.82,15,FALL
29578,48.79,22,FALL
29579,32.33,16,FALL
29580,31.14,16,FALL
29581,42.26,20,FALL
29582,45.49,20,FALL
29583,31.44,16,FALL
29584,33.65,16,FALL
29585,35.68,17,FALL
29586,29.25,15,FALL
29587,36.53,17,FALL
29588,10.09,8,FALL
29589,45.71,20,FALL
29590,33.41,17,FALL
29591,21.00,13,FALL
29592,37.60,18,FALL
29593,54.67,22,FALL
29594,11.27,9,FALL
29595,2.29,7,FALL
29596,8.31,8,FALL
29597,117.46,45,FALL
29598,29.20,15,FALL
29599,-3.27,4,FALL
29600,19.54,12,FALL
29601,35.21,17,FALL
29602,21.94,13,FALL
29603,3.04,7,FALL
29604,1.63,5,FALL
29605,32.78,17,FALL
29606,32.90,17,FALL
29607,90.00,34,FALL
29608,17.90,12,FALL
29609,116.08,45,FALL
29610,44.24,20,FALL
29611,83.78,33,FALL
29612,21.60,13,FALL
29613,17.93,11,FALL
29614,1.02,5,FALL
29615,28.51,14,FALL
29616,32.86,16,FALL
29617,-0.78,5,FALL
29618,25.73,15,FALL
29619,30.82,15,FALL
29620,2.89,6,FALL
29621,-0.76,5,FALL
29622,-3.48,4,FALL
29623,60.48,25,FALL
29624,12.76,9,FALL
29625,32.65,16,FALL
29626,21.87,12,FALL
29627,16.49,11,FALL
29628,18.95,12,FALL
29629,38.06,18,FALL
29630,43.49,20,FALL
29631,34.59,18,FALL
29632,76.51,31,FALL
29633,30.80,16,FALL
29634,-2.33,5,FALL
29635,59.95,25,FALL
29636,-1.27,5,FALL
29637,9.91,8,FALL
29638,23.18,13,FALL
29639,61.93,25,FALL
29640,-4.18,4,FALL
29641,37.70,18,FALL
29642,29.47,16,FALL
29643,29.05,16,FALL
29644,121.00,46,FALL
29645,34.85,16,FALL
29646,45.10,20,FALL
29647,56.01,23,FALL
29648,34.84,17,FALL
29649,34.60,17,FALL
29650,13.68,10,FALL
29651,3.83,7,FALL
29652,37.04,17,FALL
29653,-2.81,4,FALL
29654,5.83,8,FALL
29655,51.29,21,FALL
29656,30.71,15,FALL
29657,95.21,35,FALL
29658,24.63,14,FALL
29659,3.39,6,FALL
29660,33.59,16,FALL
29661,74.97,30,FALL
29662,17.52,11,FALL
29663,75.90,32,FALL
29664,29.11,15,FALL
29665,32.03,16,FALL
29666,32.69,16,FALL
29667,-1.06,5,FALL
29668,8.73,9,FALL
29669,32.03,16,FALL
29670,-1.59,5,FALL
29671,27.39,14,FALL
29672,31.57,16,FALL
29673,15.79,10,FALL
29674,34.65,17,FALL
29675,0.03,5,FALL
29676,26.84,15,FALL
29677,52.64,24,FALL
29678,37.67,18,FALL
29679,36.12,17,FALL
29680,29.82,15,FALL
29681,-5.44,3,FALL
29682,30.23,15,FALL
29683,35.74,17,FALL
29684,22.96,13,FALL
29685,26.35,14,FALL
29686,-3.23,4,FALL
29687,1.99,5,FALL
29688,30.64,16,FALL
29689,18.61,12,FALL
29690,35.00,17,FALL
29691,12.27,9,FALL
29692,30.00,16,FALL
29693,27.46,16,FALL
29694,17.56,12,FALL
29695,3.47,6,FALL
29696,30.61,15,FALL
29697,23.22,13,FALL
29698,26.70,16,FALL
29699,22.64,13,FALL
29700,15.51,10,FALL
29701,27.92,15,FALL
29702,-1.21,5,FALL
29703,21.67,13,FALL
29704,27.87,14,FALL
29705,39.76,19,FALL
29706,13.04,9,FALL
29707,32.35,16,FALL
29708,28.65,15,FALL
29709,104.61,40,FALL
29710,29.43,15,FALL
29711,32.08,16,FALL
29712,31.14,15,FALL
29713,23.46,14,FALL
29714,39.07,18,FALL
29715,25.23,14,FALL
29716,7.38,7,FALL
29717,32.39,16,FALL
29718,33.83,17,FALL
29719,32.02,16,FALL
29720,23.15,15,FALL
29721,35.32,17,FALL
29722,34.01,16,FALL
29723,26.33,14,FALL
29724,-0.68,5,FALL
29725,50.04,21,FALL
29726,-1.70,5,FALL
29727,-1.26,5,FALL
29728,51.19,22,FALL
29729,68.93,28,FALL
29730,46.02,19,FALL
29731,0.53,6,FALL
29732,12.19,9,FALL
29733,31.20,16,FALL
29734,39.02,18,FALL
29735,30.67,16,FALL
29736,35.46,17,FALL
29737,79.51,31,FALL
29738,102.95,38,FALL
29739,10.20,8,FALL
29740,34.19,16,FALL
29741,83.24,33,FALL
29742,31.73,16,FALL
29743,-0.13,5,FALL
29744,16.68,11,FALL
29745,31.23,16,FALL
29746,18.85,12,FALL
29747,8.91,8,FALL
29748,31.80,16,FALL
29749,4.85,7,FALL
29750,0.19,6,FALL
29751,35.15,16,FALL
29752,47.94,21,FALL
29753,94.07,35,FALL
29754,0.19,5,FALL
29755,25.48,14,FALL
29756,31.14,17,FALL
29757,37.05,17,FALL
29758,-3.51,4,FALL
29759,30.79,15,FALL
29760,24.41,13,FALL
29761,11.60,10,FALL
29762,-1.56,5,FALL
29763,52.82,21,FALL
29764,45.79,19,FALL
29765,14.78,10,FALL
29766,16.39,10,FALL
29767,32.00,16,FALL
29768,40.78,18,FALL
29769,-3.27,4,FALL
29770,4.14,7,FALL
29771,31.79,16,FALL
29772,-1.77,5,FALL
29773,32.64,16,FALL
29774,28.73,15,FALL
29775,20.06,12,FALL
29776,12.98,10,FALL
29777,28.60,16,FALL
29778,6.66,8,FALL
29779,31.47,16,FALL
29780,32.92,16,FALL
29781,19.54,11,FALL
29782,-6.31,3,FALL
29783,62.67,25,FALL
29784,35.48,17,FALL
29785,31.50,16,FALL
29786,41.43,18,FALL
29787,63.18,25,FALL
29788,40.04,18,FALL
29789,-5.25,3,FALL
29790,-3.47,4,FALL
29791,25.11,14,FALL
29792,89.01,34,FALL
29793,10.30,10,FALL
29794,10.35,8,FALL
29795,25.44,14,FALL
29796,6.06,7,FALL
29797,15.03,11,FALL
29798,127.17,46,FALL
29799,1.32,6,FALL
29800,35.43,17,FALL
29801,14.78,10,FALL
29802,51.14,24,FALL
29803,17.66,11,FALL
29804,29.21,15,FALL
29805,3.75,6,FALL
29806,28.31,15,FALL
29807,26.84,16,FALL
29808,-1.61,5,FALL
29809,88.47,33,FALL
29810,29.52,16,FALL
29811,36.16,18,FALL
29812,35.14,17,FALL
29813,35.45,17,FALL
29814,1.48,6,FALL
29815,-0.82,5,FALL
29816,19.35,12,FALL
29817,20.14,14,FALL
29818,8.87,8,FALL
29819,46.86,20,FALL
29820,20.13,12,FALL
29821,85.76,34,FALL
29822,-4.01,4,FALL
29823,40.14,19,FALL
29824,35.83,17,FALL
29825,22.74,13,FALL
29826,13.29,9,FALL
29827,25.21,14,FALL
29828,15.40,11,FALL
29829,29.95,16,FALL
29830,8.86,9,FALL
29831,1.45,6,FALL
29832,29.96,15,FALL
29833,21.46,13,FALL
29834,33.55,16,FALL
29835,41.03,18,FALL
29836,22.19,13,FALL
29837,27.32,15,FALL
29838,31.05,16,FALL
29839,7.73,8,FALL
29840,32.99,16,FALL
29841,29.91,16,FALL
29842,6.79,7,FALL
29843,37.79,17,FALL
29844,0.29,6,FALL
29845,34.87,16,FALL
29846,41.55,18,FALL
29847,34.70,17,FALL
29848,43.19,19,FALL
29849,31.88,17,FALL
29850,0.02,5,FALL
29851,95.82,38,FALL
29852,122.54,46,FALL
29853,25.11,14,FALL
29854,58.17,25,FALL
29855,28.21,15,FALL
29856,8.26,8,FALL
29857,47.36,20,FALL
29858,7.27,8,FALL
29859,27.20,14,FALL
29860,-1.20,5,FALL
29861,12.29,9,FALL
29862,4.41,6,FALL
29863,31.36,16,FALL
29864,20.09,12,FALL
29865,36.51,17,FALL
29866,14.20,9,FALL
29867,77.44,30,FALL
29868,23.58,14,FALL
29869,30.61,15,FALL
29870,50.61,21,FALL
29871,45.11,21,FALL
29872,28.90,15,FALL
29873,28.48,15,FALL
29874,8.46,7,FALL
29875,28.72,15,FALL
29876,30.59,16,FALL
29877,31.37,16,FALL
29878,6.54,8,FALL
29879,39.04,18,FALL
29880,42.02,19,FALL
29881,37.54,18,FALL
29882,21.52,13,FALL
29883,19.50,13,FALL
29884,73.31,29,FALL
29885,33.86,17,FALL
29886,34.47,18,FALL
29887,33.34,18,FALL
29888,31.33,17,FALL
29889,31.98,16,FALL
29890,123.28,47,FALL
29891,33.89,17,FALL
29892,29.15,15,FALL
29893,41.31,19,FALL
29894,32.69,16,FALL
29895,21.23,13,FALL
29896,9.56,9,FALL
29897,23.63,13,FALL
29898,20.12,12,FALL
29899,0.37,5,FALL
29900,20.84,12,FALL
29901,36.51,17,FALL
29902,3.86,7,FALL
29903,2.49,6,FALL
29904,50.47,21,FALL
29905,19.59,11,FALL
29906,38.03,18,FALL
29907,17.91,11,FALL
29908,34.86,17,FALL
29909,28.90,15,FALL
29910,-2.63,4,FALL
29911,1.85,6,FALL
29912,53.36,22,FALL
29913,28.68,15,FALL
29914,9.06,8,FALL
29915,27.37,15,FALL
29916,18.86,11,FALL
29917,6.46,7,FALL
29918,-3.51,4,FALL
29919,3.25,6,FALL
29920,9.23,7,FALL
29921,27.69,15,FALL
29922,22.26,13,FALL
29923,14.00,10,FALL
29924,69.45,29,FALL
29925,36.47,17,FALL
29926,5.12,7,FALL
29927,31.38,16,FALL
29928,28.77,15,FALL
29929,17.43,11,FALL
29930,118.48,44,FALL
29931,2.70,6,FALL
29932,12.83,10,FALL
29933,27.39,15,FALL
29934,-1.62,5,FALL
29935,34.63,17,FALL
29936,84.90,32,FALL
29937,3.00,6,FALL
29938,89.47,33,FALL
29939,36.43,18,FALL
29940,47.95,19,FALL
29941,4.34,7,FALL
29942,0.66,5,FALL
29943,33.42,16,FALL
29944,32.34,16,FALL
29945,-0.81,5,FALL
29946,-3.41,4,FALL
29947,33.27,16,FALL
29948,50.17,22,FALL
29949,76.37,31,FALL
29950,35.39,17,FALL
29951,14.42,10,FALL
29952,34.50,16,FALL
29953,10.67,10,FALL
29954,39.42,18,FALL
29955,35.69,17,FALL
29956,34.83,17,FALL
29957,32.68,16,FALL
29958,25.37,15,FALL
29959,32.82,16,FALL
29960,10.39,8,FALL
29961,33.14,16,FALL
29962,14.33,10,FALL
29963,32.77,17,FALL
29964,37.93,20,FALL
29965,52.09,23,FALL
29966,-2.83,4,FALL
29967,30.12,16,FALL
29968,36.65,18,FALL
29969,29.26,15,FALL
29970,3.19,7,FALL
29971,32.10,16,FALL
29972,-3.70,4,FALL
29973,31.75,15,FALL
29974,30.04,15,FALL
29975,54.19,22,FALL
29976,33.12,17,FALL
29977,77.47,30,FALL
29978,45.15,20,FALL
29979,14.52,10,FALL
29980,36.37,17,FALL
29981,11.60,9,FALL
29982,30.68,16,FALL
29983,128.97,48,FALL
29984,-3.49,4,FALL
29985,32.26,16,FALL
29986,18.96,11,FALL
29987,31.46,16,FALL
29988,30.33,16,FALL
29989,16.15,11,FALL
29990,5.62,7,FALL
29991,30.69,16,FALL
29992,33.13,16,FALL
29993,31.91,16,FALL
29994,38.47,18,FALL
29995,36.59,17,FALL
29996,32.25,17,FALL
29997,16.52,11,FALL
29998,-0.68,5,FALL
29999,45.80,20,FALL
30000,9.00,8,FALL
30001,2.54,6,FALL
30002,9.11,8,FALL
30003,34.61,17,FALL
30004,16.20,11,FALL
30005,5.80,7,FALL
30006,32.22,16,FALL
30007,43.16,19,FALL
30008,-0.35,5,FALL
30009,16.62,12,FALL
30010,33.26,15,FALL
30011,49.91,21,FALL
30012,4.80,7,FALL
30013,35.75,17,FALL
30014,41.98,20,FALL
30015,15.39,11,FALL
30016,-2.81,4,FALL
30017,2.96,5,FALL
30018,10.05,9,FALL
30019,-1.21,5,FALL
30020,29.47,16,FALL
30021,17.11,12,FALL
30022,-2.93,4,FALL
30023,31.28,16,FALL
30024,53.80,23,FALL
30025,13.53,10,FALL
30026,33.53,16,FALL
30027,9.94,8,FALL
30028,35.28,17,FALL
30029,5.38,7,FALL
30030,13.96,10,FALL
30031,30.38,16,FALL
30032,92.99,35,FALL
30033,-0.92,5,FALL
30034,38.84,17,FALL
30035,127.10,47,FALL
30036,-3.23,4,FALL
30037,122.85,45,FALL
30038,35.56,17,FALL
30039,39.50,18,FALL
30040,33.82,16,FALL
30041,38.87,18,FALL
30042,28.39,15,FALL
30043,21.32,13,FALL
30044,32.20,16,FALL
30045,3.18,6,FALL
30046,9.47,8,FALL
30047,34.45,16,FALL
30048,21.58,12,FALL
30049,28.88,15,FALL
30050,23.11,14,FALL
30051,38.46,18,FALL
30052,10.92,8,FALL
30053,37.29,18,FALL
30054,1.55,6,FALL
30055,-1.37,5,FALL
30056,31.70,16,FALL
30057,23.25,14,FALL
30058,32.82,16,FALL
30059,1.63,5,FALL
30060,57.90,24,FALL
30061,41.35,19,FALL
30062,31.59,16,FALL
30063,43.49,19,FALL
30064,36.50,17,FALL
30065,42.15,19,FALL
30066,-2.10,4,FALL
30067,1.08,6,FALL
30068,5.46,7,FALL
30069,-1.16,5,FALL
30070,30.13,15,FALL
30071,43.98,20,FALL
30072,4.29,7,FALL
30073,32.70,16,FALL
30074,30.16,16,FALL
30075,19.15,12,FALL
30076,4.67,7,FALL
30077,35.40,17,FALL
30078,34.24,17,FALL
30079,89.23,34,FALL
30080,76.38,30,FALL
30081,-0.87,5,FALL
30082,29.79,15,FALL
30083,33.03,17,FALL
30084,2.96,6,FALL
30085,6.66,9,FALL
30086,28.34,15,FALL
30087,31.92,16,FALL
30088,32.55,16,FALL
30089,27.12,14,FALL
30090,56.26,23,FALL
30091,31.58,16,FALL
30092,1.29,6,FALL
30093,-0.31,5,FALL
30094,39.42,18,FALL
30095,38.51,17,FALL
30096,21.06,12,FALL
30097,9.11,8,FALL
30098,33.81,17,FALL
30099,38.11,18,FALL
30100,54.36,22,FALL
30101,40.92,18,FALL
30102,32.42,16,FALL
30103,-3.55,4,FALL
30104,40.52,19,FALL
30105,36.15,17,FALL
30106,21.02,12,FALL
30107,33.23,16,FALL
30108,24.17,13,FALL
30109,29.93,15,FALL
30110,-3.74,4,FALL
30111,32.28,16,FALL
30112,104.76,39,FALL
30113,32.16,15,FALL
30114,29.46,15,FALL
30115,13.06,9,FALL
30116,33.12,16,FALL
30117,-1.14,5,FALL
30118,20.31,12,FALL
30119,4.85,7,FALL
30120,-2.88,4,FALL
30121,42.17,21,FALL
30122,27.92,16,FALL
30123,93.93,35,FALL
30124,30.79,15,FALL
30125,34.32,16,FALL
30126,34.60,17,FALL
30127,31.20,16,FALL
30128,62.25,26,FALL
30129,41.00,19,FALL
30130,25.09,14,FALL
30131,34.49,17,FALL
30132,2.29,6,FALL
30133,20.66,12,FALL
30134,32.74,16,FALL
30135,5.22,7,FALL
30136,27.25,15,FALL
30137,30.53,16,FALL
30138,-2.79,4,FALL
30139,35.57,17,FALL
30140,31.32,16,FALL
30141,2.83,7,FALL
30142,10.71,9,FALL
30143,73.52,28,FALL
30144,32.82,17,FALL
30145,4.28,7,FALL
30146,101.86,41,FALL
30147,31.43,16,FALL
30148,-0.63,5,FALL
30149,31.15,16,FALL
30150,30.83,16,FALL
30151,31.27,16,FALL
30152,6.38,8,FALL
30153,124.08,46,FALL
30154,-5.61,3,FALL
30155,34.06,16,FALL
30156,17.43,11,FALL
30157,16.80,11,FALL
30158,8.45,8,FALL
30159,33.95,17,FALL
30160,35.57,17,FALL
30161,23.48,13,FALL
30162,49.93,21,FALL
30163,14.04,11,FALL
30164,29.23,15,FALL
30165,-3.14,4,FALL
30166,-1.12,5,FALL
30167,9.21,10,FALL
30168,78.55,30,FALL
30169,16.71,11,FALL
30170,23.35,14,FALL
30171,13.30,10,FALL
30172,35.78,17,FALL
30173,30.16,16,FALL
30174,35.41,17,FALL
30175,38.17,20,FALL
30176,32.43,16,FALL
30177,24.29,14,FALL
30178,32.25,16,FALL
30179,9.67,11,FALL
30180,17.21,11,FALL
30181,23.84,14,FALL
30182,101.50,37,FALL
30183,-3.15,4,FALL
30184,35.41,16,FALL
30185,42.95,20,FALL
30186,80.73,31,FALL
30187,49.42,22,FALL
30188,13.85,10,FALL
30189,33.22,17,FALL
30190,8.23,8,FALL
30191,13.18,9,FALL
30192,95.66,37,FALL
30193,106.54,42,FALL
30194,30.50,15,FALL
30195,11.14,9,FALL
30196,124.36,45,FALL
30197,8.78,8,FALL
30198,16.73,12,FALL
30199,20.47,12,FALL
30200,30.62,15,FALL
30201,48.83,21,FALL
30202,28.84,16,FALL
30203,28.56,16,FALL
30204,28.28,15,FALL
30205,-1.42,5,FALL
30206,60.28,25,FALL
30207,9.88,8,FALL
30208,47.93,20,FALL
30209,33.91,18,FALL
30210,1.91,6,FALL
30211,75.71,31,FALL
30212,41.64,19,FALL
30213,35.87,17,FALL
30214,40.25,18,FALL
30215,5.57,7,FALL
30216,25.47,14,FALL
30217,14.76,10,FALL
30218,16.91,12,FALL
30219,2.92,7,FALL
30220,72.61,29,FALL
30221,1.13,6,FALL
30222,2.37,6,FALL
30223,33.64,16,FALL
30224,23.38,13,FALL
30225,35.92,17,FALL
30226,-3.97,4,FALL
30227,9.42,9,FALL
30228,10.17,9,FALL
30229,39.22,18,FALL
30230,11.56,10,FALL
30231,32.39,15,FALL
30232,34.04,16,FALL
30233,15.33,10,FALL
30234,11.31,9,FALL
30235,51.23,23,FALL
30236,28.35,15,FALL
30237,77.29,32,FALL
30238,35.37,17,FALL
30239,31.65,16,FALL
30240,44.52,19,FALL
30241,8.02,8,FALL
30242,-3.29,4,FALL
30243,3.47,7,FALL
30244,28.49,15,FALL
30245,11.75,9,FALL
30246,24.54,14,FALL
30247,32.16,17,FALL
30248,20.55,13,FALL
30249,42.32,19,FALL
30250,32.38,16,FALL
30251,10.28,9,FALL
30252,13.62,9,FALL
30253,9.86,9,FALL
30254,31.23,16,FALL
30255,14.02,10,FALL
30256,74.36,30,FALL
30257,50.10,21,FALL
30258,32.55,16,FALL
30259,20.79,13,FALL
30260,24.53,14,FALL
30261,1.33,6,FALL
30262,-1.41,4,FALL
30263,48.48,21,FALL
30264,22.19,13,FALL
30265,24.36,14,FALL
30266,8.00,7,FALL
30267,17.28,12,FALL
30268,47.77,21,FALL
30269,17.34,11,FALL
30270,26.74,14,FALL
30271,34.31,16,FALL
30272,9.52,8,FALL
30273,-1.44,4,FALL
30274,51.91,22,FALL
30275,46.18,21,FALL
30276,3.19,7,FALL
30277,11.94,9,FALL
30278,4.76,8,FALL
30279,-1.33,5,FALL
30280,31.35,16,FALL
30281,33.25,16,FALL
30282,30.59,16,FALL
30283,26.87,15,FALL
30284,26.10,14,FALL
30285,16.13,11,FALL
30286,35.82,17,FALL
30287,32.28,16,FALL
30288,2.82,6,FALL
30289,1.23,6,FALL
30290,15.14,10,FALL
30291,32.84,16,FALL
30292,45.29,20,FALL
30293,-4.83,3,FALL
30294,30.16,15,FALL
30295,4.61,7,FALL
30296,31.40,16,FALL
30297,37.53,19,FALL
30298,54.93,22,FALL
30299,31.66,16,FALL
30300,-0.35,5,FALL
30301,33.77,17,FALL
30302,34.09,17,FALL
30303,-2.44,4,FALL
30304,80.85,32,FALL
30305,42.19,19,FALL
30306,29.63,15,FALL
30307,26.28,15,FALL
30308,209.36,76,FALL
30309,-1.28,5,FALL
30310,21.57,13,FALL
30311,-2.60,4,FALL
30312,39.46,18,FALL
30313,101.00,39,FALL
30314,2.35,6,FALL
30315,8.17,8,FALL
30316,-2.87,4,FALL
30317,32.00,16,FALL
30318,4.99,6,FALL
30319,19.17,11,FALL
30320,14.05,10,FALL
30321,-0.62,5,FALL
30322,32.45,16,FALL
30323,7.58,8,FALL
30324,13.88,10,FALL
30325,36.14,17,FALL
30326,2.98,6,FALL
30327,32.16,16,FALL
30328,29.79,15,FALL
30329,25.29,14,FALL
30330,34.21,17,FALL
30331,29.95,16,FALL
30332,32.44,16,FALL
30333,0.01,5,FALL
30334,30.48,15,FALL
30335,36.38,17,FALL
30336,32.35,17,FALL
30337,12.13,9,FALL
30338,33.03,16,FALL
30339,1.91,6,FALL
30340,122.37,46,FALL
30341,55.72,24,FALL
30342,33.17,17,FALL
30343,33.39,16,FALL
30344,32.15,16,FALL
30345,1.50,6,FALL
30346,35.63,16,FALL
30347,24.94,14,FALL
30348,26.13,14,FALL
30349,25.15,15,FALL
30350,14.52,10,FALL
30351,1.73,6,FALL
30352,-0.68,5,FALL
30353,10.49,9,FALL
30354,125.53,45,FALL
30355,23.69,14,FALL
30356,17.74,11,FALL
30357,1.70,5,FALL
30358,-1.19,5,FALL
30359,48.31,20,FALL
30360,32.53,16,FALL
30361,-1.20,5,FALL
30362,1.72,5,FALL
30363,60.05,25,FALL
30364,30.39,16,FALL
30365,33.28,16,FALL
30366,12.48,10,FALL
30367,19.55,12,FALL
30368,28.53,14,FALL
30369,25.55,14,FALL
30370,32.51,16,FALL
30371,5.47,7,FALL
30372,20.65,13,FALL
30373,23.07,13,FALL
30374,34.99,17,FALL
30375,-2.72,4,FALL
30376,15.96,11,FALL
30377,26.53,14,FALL
30378,32.95,16,FALL
30379,46.78,20,FALL
30380,32.48,16,FALL
30381,27.38,14,FALL
30382,32.96,17,FALL
30383,32.77,16,FALL
30384,31.52,16,FALL
30385,34.96,17,FALL
30386,76.74,30,FALL
30387,8.00,8,FALL
30388,60.31,24,FALL
30389,7.30,8,FALL
30390,37.72,17,FALL
30391,30.11,15,FALL
30392,29.74,16,FALL
30393,26.59,15,FALL
30394,30.22,15,FALL
30395,10.79,9,FALL
30396,8.57,9,FALL
30397,122.38,46,FALL
30398,16.03,11,FALL
30399,33.40,16,FALL
30400,59.37,23,FALL
30401,29.85,16,FALL
30402,29.76,15,FALL
30403,-1.74,5,FALL
30404,-2.95,4,FALL
30405,33.61,16,FALL
30406,46.95,20,FALL
30407,4.91,7,FALL
30408,30.52,16,FALL
30409,7.62,7,FALL
30410,-1.43,5,FALL
30411,8.42,8,FALL
30412,35.81,17,FALL
30413,25.92,14,FALL
30414,11.45,9,FALL
30415,4.56,7,FALL
30416,17.02,11,FALL
30417,28.79,15,FALL
30418,45.79,20,FALL
30419,30.71,16,FALL
30420,26.15,14,FALL
30421,24.47,15,FALL
30422,8.36,8,FALL
30423,1.48,6,FALL
30424,-3.10,4,FALL
30425,98.28,36,FALL
30426,25.76,15,FALL
30427,29.17,15,FALL
30428,26.20,14,FALL
30429,41.27,19,FALL
30430,42.02,19,FALL
30431,31.73,16,FALL
30432,29.80,16,FALL
30433,0.70,5,FALL
30434,6.03,7,FALL
30435,8.13,8,FALL
30436,34.27,16,FALL
30437,29.95,16,FALL
30438,100.26,39,FALL
30439,27.31,15,FALL
30440,4.75,6,FALL
30441,13.86,11,FALL
30442,40.28,18,FALL
30443,-3.79,4,FALL
30444,35.42,17,FALL
30445,8.86,8,FALL
30446,-1.50,5,FALL
30447,14.03,10,FALL
30448,33.46,16,FALL
30449,3.16,6,FALL
30450,12.36,9,FALL
30451,9.14,7,FALL
30452,3.29,6,FALL
30453,26.43,15,FALL
30454,40.94,19,FALL
30455,17.17,11,FALL
30456,32.83,16,FALL
30457,-3.96,4,FALL
30458,40.86,18,FALL
30459,36.52,17,FALL
30460,33.96,17,FALL
30461,35.75,17,FALL
30462,44.59,21,FALL
30463,29.62,16,FALL
30464,17.23,11,FALL
30465,6.58,8,FALL
30466,16.07,11,FALL
30467,-1.70,5,FALL
30468,19.12,13,FALL
30469,36.97,17,FALL
30470,25.74,14,FALL
30471,11.57,10,FALL
30472,32.18,16,FALL
30473,18.59,11,FALL
30474,32.89,16,FALL
30475,31.11,16,FALL
30476,33.32,16,FALL
30477,31.52,16,FALL
30478,16.30,10,FALL
30479,82.73,32,FALL
30480,-3.28,4,FALL
30481,31.74,16,FALL
30482,24.23,13,FALL
30483,33.24,16,FALL
30484,78.78,31,FALL
30485,99.32,36,FALL
30486,42.14,18,FALL
30487,-3.94,4,FALL
30488,24.69,14,FALL
30489,33.59,17,FALL
30490,13.15,10,FALL
30491,26.97,15,FALL
30492,30.97,16,FALL
30493,66.77,27,FALL
30494,6.52,8,FALL
30495,35.81,17,FALL
30496,16.47,10,FALL
30497,46.78,21,FALL
30498,2.81,7,FALL
30499,28.58,15,FALL
30500,28.88,15,FALL
30501,2.97,6,FALL
30502,-3.04,4,FALL
30503,30.41,16,FALL
30504,50.26,21,FALL
30505,30.64,15,FALL
30506,35.76,16,FALL
30507,-0.36,5,FALL
30508,11.35,9,FALL
30509,32.08,16,FALL
30510,18.50,13,FALL
30511,77.30,30,FALL
30512,41.27,19,FALL
30513,30.43,15,FALL
30514,17.08,11,FALL
30515,0.13,5,FALL
30516,11.61,9,FALL
30517,-2.00,5,FALL
30518,25.24,14,FALL
30519,6.45,7,FALL
30520,25.22,13,FALL
30521,20.23,12,FALL
30522,34.31,16,FALL
30523,27.26,14,FALL
30524,-3.30,4,FALL
30525,15.26,10,FALL
30526,0.77,6,FALL
30527,28.51,15,FALL
30528,26.62,15,FALL
30529,43.36,19,FALL
30530,-2.17,4,FALL
30531,24.99,13,FALL
30532,16.55,11,FALL
30533,31.54,16,FALL
30534,65.98,27,FALL
30535,2.06,6,FALL
30536,32.00,16,FALL
30537,9.87,9,FALL
30538,87.89,33,FALL
30539,18.38,11,FALL
30540,20.62,14,FALL
30541,32.17,16,FALL
30542,32.39,16,FALL
30543,31.98,16,FALL
30544,34.20,18,FALL
30545,-0.15,5,FALL
30546,50.39,21,FALL
30547,5.07,6,FALL
30548,4.48,7,FALL
30549,5.93,7,FALL
30550,31.33,16,FALL
30551,24.51,13,FALL
30552,51.30,21,FALL
30553,34.04,16,FALL
30554,43.02,19,FALL
30555,32.34,16,FALL
30556,33.69,16,FALL
30557,35.19,17,FALL
30558,124.98,46,FALL
30559,11.91,11,FALL
30560,26.03,15,FALL
30561,16.51,10,FALL
30562,29.78,15,FALL
30563,21.72,12,FALL
30564,29.73,15,FALL
30565,-1.38,5,FALL
30566,40.54,19,FALL
30567,25.95,13,FALL
30568,-2.77,4,FALL
30569,30.50,15,FALL
30570,36.07,17,FALL
30571,24.85,14,FALL
30572,33.53,16,FALL
30573,29.06,15,FALL
30574,38.01,18,FALL
30575,2.87,7,FALL
30576,30.89,15,FALL
30577,68.56,28,FALL
30578,44.66,19,FALL
30579,-2.37,5,FALL
30580,29.47,15,FALL
30581,31.26,16,FALL
30582,31.50,16,FALL
30583,39.84,18,FALL
30584,27.83,15,FALL
30585,38.30,18,FALL
30586,30.04,15,FALL
30587,25.40,15,FALL
30588,5.85,7,FALL
30589,29.72,15,FALL
30590,21.44,13,FALL
30591,-2.97,4,FALL
30592,13.20,11,FALL
30593,20.65,13,FALL
30594,26.93,14,FALL
30595,30.01,18,FALL
30596,46.14,20,FALL
30597,34.56,16,FALL
30598,35.96,17,FALL
30599,102.34,38,FALL
30600,75.27,30,FALL
30601,29.17,15,FALL
30602,9.27,8,FALL
30603,24.05,15,FALL
30604,25.05,14,FALL
30605,33.06,17,FALL
30606,23.48,14,FALL
30607,9.75,9,FALL
30608,7.09,8,FALL
30609,6.83,8,FALL
30610,30.64,15,FALL
30611,30.75,15,FALL
30612,51.14,21,FALL
30613,-2.43,4,FALL
30614,-3.81,4,FALL
30615,66.03,26,FALL
30616,52.11,22,FALL
30617,33.97,17,FALL
30618,48.39,21,FALL
30619,33.59,16,FALL
30620,28.81,15,FALL
30621,88.78,33,FALL
30622,90.49,35,FALL
30623,29.11,16,FALL
30624,38.75,18,FALL
30625,0.71,6,FALL
30626,18.11,12,FALL
30627,32.05,16,FALL
30628,0.51,6,FALL
30629,1.88,6,FALL
30630,65.65,27,FALL
30631,14.11,10,FALL
30632,32.95,16,FALL
30633,40.87,19,FALL
30634,19.23,12,FALL
30635,32.95,16,FALL
30636,110.69,43,FALL
30637,18.74,11,FALL
30638,32.66,16,FALL
30639,47.54,22,FALL
30640,32.95,16,FALL
30641,13.34,10,FALL
30642,96.69,36,FALL
30643,20.57,13,FALL
30644,25.66,14,FALL
30645,-2.77,4,FALL
30646,47.04,21,FALL
30647,4.22,7,FALL
30648,36.61,17,FALL
30649,9.03,7,FALL
30650,36.86,17,FALL
30651,35.86,17,FALL
30652,37.21,18,FALL
30653,26.28,14,FALL
30654,32.48,16,FALL
30655,26.39,15,FALL
30656,32.26,16,FALL
30657,29.37,15,FALL
30658,76.56,32,FALL
30659,31.36,16,FALL
30660,9.09,8,FALL
30661,44.33,20,FALL
30662,15.87,11,FALL
30663,35.36,17,FALL
30664,-3.45,4,FALL
30665,5.30,7,FALL
30666,-1.61,5,FALL
30667,15.40,11,FALL
30668,30.08,17,FALL
30669,27.45,15,FALL
30670,5.46,7,FALL
30671,10.23,9,FALL
30672,36.44,17,FALL
30673,5.01,8,FALL
30674,135.08,50,FALL
30675,46.34,19,FALL
30676,5.63,7,FALL
30677,37.64,17,FALL
30678,-3.05,4,FALL
30679,96.30,39,FALL
30680,27.97,15,FALL
30681,27.31,15,FALL
30682,16.15,11,FALL
30683,-1.50,5,FALL
30684,1.40,6,FALL
30685,32.39,16,FALL
30686,28.78,15,FALL
30687,8.30,8,FALL
30688,-2.91,4,FALL
30689,4.65,7,FALL
30690,-2.73,4,FALL
30691,9.03,9,FALL
30692,45.59,20,FALL
30693,25.70,14,FALL
30694,124.30,46,FALL
30695,5.84,7,FALL
30696,-3.66,4,FALL
30697,16.25,11,FALL
30698,12.43,9,FALL
30699,17.23,11,FALL
30700,9.60,9,FALL
30701,35.02,16,FALL
30702,31.96,16,FALL
30703,92.79,35,FALL
30704,47.33,21,FALL
30705,20.42,12,FALL
30706,0.51,5,FALL
30707,62.43,28,FALL
30708,30.32,16,FALL
30709,21.33,13,FALL
30710,44.17,19,FALL
30711,12.56,9,FALL
30712,-2.77,4,FALL
30713,34.53,16,FALL
30714,35.54,17,FALL
30715,19.66,11,FALL
30716,33.09,17,FALL
30717,14.44,10,FALL
30718,33.21,17,FALL
30719,18.42,11,FALL
30720,14.39,11,FALL
30721,34.31,17,FALL
30722,-3.11,4,FALL
30723,32.33,16,FALL
30724,27.82,14,FALL
30725,1.49,6,FALL
30726,23.87,14,FALL
30727,7.81,8,FALL
30728,15.14,10,FALL
30729,8.40,7,FALL
30730,33.89,16,FALL
30731,58.30,24,FALL
30732,4.95,8,FALL
30733,7.95,7,FALL
30734,13.40,9,FALL
30735,29.39,16,FALL
30736,31.77,15,FALL
30737,16.74,11,FALL
30738,19.52,12,FALL
30739,30.55,16,FALL
30740,36.47,17,FALL
30741,52.41,22,FALL
30742,33.83,17,FALL
30743,31.25,16,FALL
30744,27.35,15,FALL
30745,33.00,15,FALL
30746,14.63,11,FALL
30747,10.82,9,FALL
30748,39.99,18,FALL
30749,30.19,15,FALL
30750,32.04,16,FALL
30751,92.49,36,FALL
30752,58.42,25,FALL
30753,16.85,11,FALL
30754,49.97,21,FALL
30755,35.76,17,FALL
30756,24.74,14,FALL
30757,23.95,14,FALL
30758,15.47,9,FALL
30759,28.53,15,FALL
30760,25.23,13,FALL
30761,6.05,8,FALL
30762,32.74,16,FALL
30763,19.58,12,FALL
30764,2.50,6,FALL
30765,-1.29,5,FALL
30766,23.28,14,FALL
30767,-1.79,5,FALL
30768,32.37,17,FALL
30769,42.35,20,FALL
30770,20.02,12,FALL
30771,13.97,9,FALL
30772,-5.67,3,FALL
30773,22.02,12,FALL
30774,76.05,30,FALL
30775,-3.70,4,FALL
30776,32.84,16,FALL
30777,23.75,14,FALL
30778,32.12,16,FALL
30779,6.34,7,FALL
30780,12.26,9,FALL
30781,112.99,43,FALL
30782,-3.26,4,FALL
30783,31.84,16,FALL
30784,4.10,7,FALL
30785,-3.38,4,FALL
30786,8.20,8,FALL
30787,-0.92,5,FALL
30788,85.50,34,FALL
30789,30.47,16,FALL
30790,31.60,16,FALL
30791,1.69,6,FALL
30792,82.19,33,FALL
30793,66.99,27,FALL
30794,23.02,13,FALL
30795,-3.58,4,FALL
30796,28.73,16,FALL
30797,26.56,14,FALL
30798,42.64,19,FALL
30799,4.91,7,FALL
30800,57.37,24,FALL
30801,31.61,16,FALL
30802,41.91,18,FALL
30803,24.67,13,FALL
30804,-3.13,4,FALL
30805,-3.59,4,FALL
30806,51.17,22,FALL
30807,32.33,16,FALL
30808,37.58,17,FALL
30809,35.62,17,FALL
30810,0.85,6,FALL
30811,122.61,46,FALL
30812,126.96,47,FALL
30813,31.75,16,FALL
30814,34.77,17,FALL
30815,70.30,29,FALL
30816,30.67,16,FALL
30817,39.61,18,FALL
30818,6.17,6,FALL
30819,19.32,12,FALL
30820,32.01,16,FALL
30821,34.32,17,FALL
30822,36.01,17,FALL
30823,37.22,17,FALL
30824,12.09,10,FALL
30825,33.42,17,FALL
30826,32.16,16,FALL
30827,1.71,6,FALL
30828,31.32,16,FALL
30829,18.95,11,FALL
30830,73.60,30,FALL
30831,34.94,17,FALL
30832,26.60,15,FALL
30833,32.74,16,FALL
30834,8.72,9,FALL
30835,113.17,42,FALL
30836,36.33,17,FALL
30837,16.19,11,FALL
30838,38.03,17,FALL
30839,-1.50,5,FALL
30840,89.89,35,FALL
30841,13.01,10,FALL
30842,0.03,5,FALL
30843,64.16,27,FALL
30844,31.87,16,FALL
30845,-3.19,4,FALL
30846,34.61,17,FALL
30847,31.16,15,FALL
30848,61.04,25,FALL
30849,88.75,35,FALL
30850,29.41,15,FALL
30851,-2.46,4,FALL
30852,42.23,20,FALL
30853,40.16,19,FALL
30854,35.16,17,FALL
30855,35.85,17,FALL
30856,0.51,6,FALL
30857,14.21,12,FALL
30858,25.62,14,FALL
30859,37.01,17,FALL
30860,47.79,20,FALL
30861,30.71,16,FALL
30862,25.13,13,FALL
30863,3.16,6,FALL
30864,26.72,15,FALL
30865,32.23,16,FALL
30866,60.17,25,FALL
30867,35.26,16,FALL
30868,24.79,14,FALL
30869,-1.96,4,FALL
30870,3.37,6,FALL
30871,48.13,22,FALL
30872,-3.52,4,FALL
30873,23.39,14,FALL
30874,38.12,18,FALL
30875,32.75,16,FALL
30876,32.78,16,FALL
30877,134.41,47,FALL
30878,36.28,17,FALL
30879,46.79,20,FALL
30880,32.56,16,FALL
30881,36.47,18,FALL
30882,18.22,11,FALL
30883,34.12,16,FALL
30884,46.30,20,FALL
30885,29.01,17,FALL
30886,52.62,22,FALL
30887,4.52,6,FALL
30888,31.42,16,FALL
30889,13.39,9,FALL
30890,5.92,7,FALL
30891,3.09,6,FALL
30892,32.91,16,FALL
30893,1.14,6,FALL
30894,23.20,14,FALL
30895,7.87,8,FALL
30896,29.66,16,FALL
30897,38.97,18,FALL
30898,21.75,13,FALL
30899,0.91,5,FALL
30900,31.42,16,FALL
30901,42.57,18,FALL
30902,15.72,11,FALL
30903,28.77,15,FALL
30904,19.99,12,FALL
30905,36.03,17,FALL
30906,26.82,15,FALL
30907,5.61,8,FALL
30908,33.06,17,FALL
30909,12.66,11,FALL
30910,45.08,20,FALL
30911,38.43,18,FALL
30912,35.70,17,FALL
30913,34.25,17,FALL
30914,32.06,17,FALL
30915,31.25,16,FALL
30916,32.00,16,FALL
30917,22.89,13,FALL
30918,34.27,17,FALL
30919,32.08,16,FALL
30920,31.60,16,FALL
30921,0.83,6,FALL
30922,59.45,25,FALL
30923,30.26,15,FALL
30924,38.33,18,FALL
30925,33.38,16,FALL
30926,14.03,10,FALL
30927,28.26,15,FALL
30928,31.99,15,FALL
30929,100.55,39,FALL
30930,45.51,20,FALL
30931,74.43,29,FALL
30932,31.27,16,FALL
30933,27.64,15,FALL
30934,37.27,18,FALL
30935,28.73,16,FALL
30936,35.83,17,FALL
30937,11.19,9,FALL
30938,34.24,17,FALL
30939,-2.51,4,FALL
30940,32.78,16,FALL
30941,37.35,17,FALL
30942,30.51,15,FALL
30943,36.21,18,FALL
30944,7.89,8,FALL
30945,4.75,7,FALL
30946,103.82,39,FALL
30947,12.58,9,FALL
30948,32.37,16,FALL
30949,18.77,11,FALL
30950,34.93,17,FALL
30951,80.37,31,FALL
30952,15.03,10,FALL
30953,88.10,35,FALL
30954,-4.00,4,FALL
30955,11.28,9,FALL
30956,82.71,32,FALL
30957,33.44,17,FALL
30958,31.45,16,FALL
30959,-4.40,3,FALL
30960,8.04,8,FALL
30961,34.12,17,FALL
30962,32.45,16,FALL
30963,-6.05,4,FALL
30964,30.60,15,FALL
30965,2.56,6,FALL
30966,28.75,15,FALL
30967,83.18,32,FALL
30968,34.99,16,FALL
30969,2.61,6,FALL
30970,5.36,7,FALL
30971,26.91,15,FALL
30972,29.12,15,FALL
30973,38.74,18,FALL
30974,6.19,8,FALL
30975,-2.48,4,FALL
30976,48.94,21,FALL
30977,35.93,17,FALL
30978,27.21,15,FALL
30979,37.48,17,FALL
30980,13.97,11,FALL
30981,29.22,15,FALL
30982,6.55,8,FALL
30983,-3.57,4,FALL
30984,22.53,13,FALL
30985,32.65,16,FALL
30986,35.19,17,FALL
30987,41.94,19,FALL
30988,-2.64,4,FALL
30989,31.29,16,FALL
30990,45.94,19,FALL
30991,31.91,16,FALL
30992,26.36,15,FALL
30993,-1.23,5,FALL
30994,36.09,17,FALL
30995,31.24,16,FALL
30996,60.32,24,FALL
30997,1.76,5,FALL
30998,25.73,16,FALL
30999,30.82,15,FALL
31000,39.02,17,FALL
31001,26.29,14,FALL
31002,28.82,15,FALL
31003,32.46,16,FALL
31004,49.85,22,FALL
31005,38.79,18,FALL
31006,39.29,18,FALL
31007,27.90,15,FALL
31008,30.92,16,FALL
31009,33.96,17,FALL
31010,32.08,16,FALL
31011,49.51,21,FALL
31012,60.12,24,FALL
31013,46.03,21,FALL
31014,34.24,17,FALL
31015,27.94,15,FALL
31016,23.59,14,FALL
31017,88.36,33,FALL
31018,32.30,16,FALL
31019,27.21,15,FALL
31020,27.27,15,FALL
31021,31.52,16,FALL
31022,51.80,22,FALL
31023,-3.56,4,FALL
31024,4.82,7,FALL
31025,35.30,17,FALL
31026,-2.92,4,FALL
31027,15.92,11,FALL
31028,28.71,15,FALL
31029,12.81,10,FALL
31030,32.51,16,FALL
31031,37.26,17,FALL
31032,10.01,8,FALL
31033,29.82,16,FALL
31034,32.44,17,FALL
31035,29.79,15,FALL
31036,38.62,18,FALL
31037,32.18,16,FALL
31038,69.86,27,FALL
31039,93.48,35,FALL
31040,21.57,14,FALL
31041,-3.61,4,FALL
31042,0.62,5,FALL
31043,7.02,8,FALL
31044,33.29,16,FALL
31045,35.28,17,FALL
31046,34.96,17,FALL
31047,32.01,16,FALL
31048,35.66,17,FALL
31049,31.65,16,FALL
31050,35.13,18,FALL
31051,45.17,20,FALL
31052,20.80,13,FALL
31053,116.50,44,FALL
31054,30.29,16,FALL
31055,32.88,16,FALL
31056,41.14,18,FALL
31057,31.29,15,FALL
31058,28.17,14,FALL
31059,-1.00,5,FALL
31060,58.71,25,FALL
31061,-2.85,4,FALL
31062,22.29,13,FALL
31063,57.35,24,FALL
31064,23.52,13,FALL
31065,-1.24,5,FALL
31066,36.73,17,FALL
31067,27.87,15,FALL
31068,5.95,7,FALL
31069,31.68,16,FALL
31070,32.89,16,FALL
31071,16.30,10,FALL
31072,12.97,9,FALL
31073,5.55,7,FALL
31074,50.88,23,FALL
31075,28.91,15,FALL
31076,11.33,9,FALL
31077,33.59,17,FALL
31078,11.01,9,FALL
31079,9.34,8,FALL
31080,31.71,16,FALL
31081,6.43,8,FALL
31082,28.44,15,FALL
31083,26.45,14,FALL
31084,8.43,8,FALL
31085,28.86,14,FALL
31086,39.58,18,FALL
31087,31.92,16,FALL
31088,0.58,6,FALL
31089,-2.45,4,FALL
31090,10.11,9,FALL
31091,36.82,18,FALL
31092,72.37,30,FALL
31093,16.88,11,FALL
31094,42.87,20,FALL
31095,32.11,16,FALL
31096,19.06,12,FALL
31097,32.12,16,FALL
31098,43.51,20,FALL
31099,31.48,16,FALL
31100,30.81,16,FALL
31101,49.60,21,FALL
31102,22.95,13,FALL
31103,83.17,32,FALL
31104,29.03,16,FALL
31105,43.75,20,FALL
31106,19.92,12,FALL
31107,5.56,9,FALL
31108,-3.49,4,FALL
31109,19.77,12,FALL
31110,65.83,28,FALL
31111,19.84,12,FALL
31112,28.23,15,FALL
31113,18.98,11,FALL
31114,-3.54,4,FALL
31115,14.52,10,FALL
31116,30.11,16,FALL
31117,19.18,12,FALL
31118,-0.99,5,FALL
31119,32.16,16,FALL
31120,27.00,14,FALL
31121,58.09,24,FALL
31122,11.26,9,FALL
31123,18.67,11,FALL
31124,19.26,11,FALL
31125,17.47,11,FALL
31126,22.75,13,FALL
31127,-3.05,4,FALL
31128,9.27,9,FALL
31129,29.58,15,FALL
31130,-0.88,5,FALL
31131,29.72,15,FALL
31132,32.82,16,FALL
31133,7.72,8,FALL
31134,13.69,9,FALL
31135,3.58,7,FALL
31136,9.03,8,FALL
31137,126.21,46,FALL
31138,34.23,17,FALL
31139,19.87,12,FALL
31140,25.11,14,FALL
31141,-0.22,5,FALL
31142,6.63,8,FALL
31143,10.77,9,FALL
31144,0.11,6,FALL
31145,17.75,12,FALL
31146,-1.03,5,FALL
31147,5.63,7,FALL
31148,121.77,46,FALL
31149,33.42,17,FALL
31150,44.78,21,FALL
31151,8.45,8,FALL
31152,34.36,16,FALL
31153,28.31,15,FALL
31154,-1.23,5,FALL
31155,6.18,7,FALL
31156,-2.60,4,FALL
31157,-2.94,4,FALL
31158,31.84,16,FALL
31159,75.32,31,FALL
31160,15.53,10,FALL
31161,32.57,16,FALL
31162,44.69,20,FALL
31163,32.90,16,FALL
31164,5.84,7,FALL
31165,124.80,47,FALL
31166,31.55,16,FALL
31167,45.04,20,FALL
31168,21.38,12,FALL
31169,129.91,46,FALL
31170,40.27,19,FALL
31171,11.26,9,FALL
31172,60.24,26,FALL
31173,0.74,6,FALL
31174,36.00,17,FALL
31175,-0.65,5,FALL
31176,37.59,18,FALL
31177,-1.32,5,FALL
31178,37.58,18,FALL
31179,36.32,17,FALL
31180,22.22,14,FALL
31181,31.77,16,FALL
31182,42.42,19,FALL
31183,36.82,17,FALL
31184,32.63,16,FALL
31185,31.76,15,FALL
31186,166.04,59,FALL
31187,29.11,16,FALL
31188,71.26,29,FALL
31189,5.43,8,FALL
31190,36.22,17,FALL
31191,37.12,18,FALL
31192,-1.62,5,FALL
31193,72.70,30,FALL
31194,-1.41,5,FALL
31195,0.66,6,FALL
31196,33.26,16,FALL
31197,26.77,15,FALL
31198,9.61,9,FALL
31199,36.05,17,FALL
31200,13.33,11,FALL
31201,42.28,19,FALL
31202,30.95,16,FALL
31203,30.30,16,FALL
31204,85.83,35,FALL
31205,35.16,17,FALL
31206,32.37,16,FALL
31207,33.59,17,FALL
31208,5.85,8,FALL
31209,27.72,16,FALL
31210,-3.94,4,FALL
31211,-1.11,5,FALL
31212,26.07,14,FALL
31213,24.90,15,FALL
31214,33.71,16,FALL
31215,-3.12,4,FALL
31216,34.10,16,FALL
31217,96.17,36,FALL
31218,12.05,9,FALL
31219,34.06,16,FALL
31220,18.51,11,FALL
31221,14.75,11,FALL
31222,32.55,16,FALL
31223,16.99,11,FALL
31224,28.38,15,FALL
31225,40.68,18,FALL
31226,26.52,14,FALL
31227,37.90,18,FALL
31228,33.25,16,FALL
31229,78.78,31,FALL
31230,31.24,16,FALL
31231,5.94,7,FALL
31232,31.83,16,FALL
31233,51.15,23,FALL
31234,25.01,13,FALL
31235,10.17,8,FALL
31236,50.29,21,FALL
31237,31.38,16,FALL
31238,50.30,21,FALL
31239,33.33,17,FALL
31240,-2.58,4,FALL
31241,-2.03,4,FALL
31242,61.60,25,FALL
31243,32.42,16,FALL
31244,33.51,17,FALL
31245,16.51,11,FALL
31246,47.22,21,FALL
31247,125.47,47,FALL
31248,24.74,14,FALL
31249,33.95,17,FALL
31250,125.65,46,FALL
31251,8.56,9,FALL
31252,45.37,20,FALL
31253,26.93,15,FALL
31254,35.36,17,FALL
31255,32.57,16,FALL
31256,53.15,22,FALL
31257,6.81,7,FALL
31258,33.30,16,FALL
31259,-3.78,4,FALL
31260,-3.51,4,FALL
31261,30.52,16,FALL
31262,91.16,34,FALL
31263,31.76,16,FALL
31264,18.56,11,FALL
31265,-1.36,5,FALL
31266,81.10,32,FALL
31267,3.22,6,FALL
31268,37.65,17,FALL
31269,32.79,16,FALL
31270,2.82,6,FALL
31271,36.05,17,FALL
31272,0.19,5,FALL
31273,68.42,30,FALL
31274,31.65,16,FALL
31275,-1.46,5,FALL
31276,33.11,16,FALL
31277,36.94,18,FALL
31278,82.66,31,FALL
31279,54.86,22,FALL
31280,114.15,43,FALL
31281,55.35,24,FALL
31282,33.73,16,FALL
31283,36.64,18,FALL
31284,121.97,46,FALL
31285,22.81,13,FALL
31286,38.61,18,FALL
31287,25.79,14,FALL
31288,31.94,16,FALL
31289,29.33,16,FALL
31290,57.09,24,FALL
31291,2.39,7,FALL
31292,24.37,13,FALL
31293,29.74,15,FALL
31294,34.88,17,FALL
31295,87.54,35,FALL
31296,6.17,8,FALL
31297,47.62,22,FALL
31298,15.52,11,FALL
31299,7.75,9,FALL
31300,-1.45,5,FALL
31301,32.27,16,FALL
31302,31.02,16,FALL
31303,12.64,9,FALL
31304,33.97,16,FALL
31305,14.52,10,FALL
31306,33.16,16,FALL
31307,2.75,6,FALL
31308,2.08,6,FALL
31309,10.58,9,FALL
31310,31.52,16,FALL
31311,49.54,22,FALL
31312,26.51,15,FALL
31313,11.93,9,FALL
31314,32.99,16,FALL
31315,46.03,20,FALL
31316,36.20,17,FALL
31317,7.94,7,FALL
31318,70.72,28,FALL
31319,35.60,16,FALL
31320,25.16,14,FALL
31321,5.95,8,FALL
31322,20.83,13,FALL
31323,18.70,12,FALL
31324,35.03,17,FALL
31325,44.56,20,FALL
31326,1.02,6,FALL
31327,40.13,20,FALL
31328,89.68,36,FALL
31329,18.83,12,FALL
31330,5.12,8,FALL
31331,15.37,11,FALL
31332,-1.32,5,FALL
31333,29.72,15,FALL
31334,17.71,10,FALL
31335,21.93,13,FALL
31336,20.79,12,FALL
31337,16.25,10,FALL
31338,32.53,16,FALL
31339,10.02,9,FALL
31340,29.81,15,FALL
31341,16.99,11,FALL
31342,35.58,17,FALL
31343,34.05,16,FALL
31344,24.94,15,FALL
31345,33.29,16,FALL
31346,60.66,25,FALL
31347,129.30,47,FALL
31348,11.67,11,FALL
31349,5.83,6,FALL
31350,27.39,15,FALL
31351,31.88,16,FALL
31352,34.46,17,FALL
31353,41.64,19,FALL
31354,44.76,21,FALL
31355,3.06,6,FALL
31356,26.73,15,FALL
31357,34.67,17,FALL
31358,30.29,15,FALL
31359,15.22,11,FALL
31360,31.32,15,FALL
31361,32.35,16,FALL
31362,9.99,9,FALL
31363,8.49,8,FALL
31364,72.94,29,FALL
31365,-1.23,5,FALL
31366,14.97,10,FALL
31367,31.63,16,FALL
31368,26.83,14,FALL
31369,34.29,16,FALL
31370,-3.21,4,FALL
31371,41.68,19,FALL
31372,33.72,16,FALL
31373,42.33,19,FALL
31374,12.26,9,FALL
31375,21.58,13,FALL
31376,13.69,10,FALL
31377,7.27,7,FALL
31378,31.98,16,FALL
31379,33.00,17,FALL
31380,32.04,16,FALL
31381,17.93,12,FALL
31382,36.55,18,FALL
31383,37.74,18,FALL
31384,67.62,28,FALL
31385,-0.43,5,FALL
31386,45.36,19,FALL
31387,0.41,6,FALL
31388,81.57,32,FALL
31389,23.00,13,FALL
31390,8.67,8,FALL
31391,25.92,13,FALL
31392,12.43,9,FALL
31393,17.54,11,FALL
31394,25.08,13,FALL
31395,52.02,21,FALL
31396,-3.31,4,FALL
31397,61.27,25,FALL
31398,31.22,16,FALL
31399,17.33,12,FALL
31400,39.86,18,FALL
31401,56.09,23,FALL
31402,10.83,9,FALL
31403,32.72,16,FALL
31404,9.06,8,FALL
31405,32.60,16,FALL
31406,12.59,9,FALL
31407,1.64,6,FALL
31408,12.22,9,FALL
31409,9.66,9,FALL
31410,32.88,16,FALL
31411,14.55,10,FALL
31412,32.48,17,FALL
31413,28.25,15,FALL
31414,41.09,19,FALL
31415,47.93,21,FALL
31416,60.03,25,FALL
31417,36.06,17,FALL
31418,25.15,14,FALL
31419,26.24,14,FALL
31420,13.99,9,FALL
31421,25.00,14,FALL
31422,44.56,20,FALL
31423,10.61,9,FALL
31424,31.97,16,FALL
31425,23.19,12,FALL
31426,9.29,9,FALL
31427,28.65,16,FALL
31428,88.54,35,FALL
31429,56.67,22,FALL
31430,14.00,10,FALL
31431,27.32,15,FALL
31432,17.51,11,FALL
31433,34.42,16,FALL
31434,24.37,13,FALL
31435,-3.08,4,FALL
31436,28.71,15,FALL
31437,33.44,16,FALL
31438,92.16,35,FALL
31439,-1.02,5,FALL
31440,2.11,6,FALL
31441,45.76,20,FALL
31442,42.35,19,FALL
31443,22.10,12,FALL
31444,34.95,17,FALL
31445,18.08,11,FALL
31446,24.17,13,FALL
31447,-2.83,4,FALL
31448,7.22,8,FALL
31449,124.45,47,FALL
31450,38.39,18,FALL
31451,33.36,16,FALL
31452,36.32,17,FALL
31453,28.52,15,FALL
31454,42.63,19,FALL
31455,23.11,13,FALL
31456,1.01,6,FALL
31457,30.87,16,FALL
31458,50.85,21,FALL
31459,95.55,36,FALL
31460,0.71,6,FALL
31461,30.02,15,FALL
31462,28.46,15,FALL
31463,5.71,7,FALL
31464,26.78,15,FALL
31465,2.20,6,FALL
31466,1.45,5,FALL
31467,-3.38,4,FALL
31468,32.23,16,FALL
31469,38.04,17,FALL
31470,14.47,10,FALL
31471,7.59,8,FALL
31472,11.35,9,FALL
31473,-3.41,4,FALL
31474,78.01,30,FALL
31475,30.56,16,FALL
31476,41.51,20,FALL
31477,-1.36,5,FALL
31478,0.47,5,FALL
31479,75.56,29,FALL
31480,13.65,11,FALL
31481,19.79,11,FALL
31482,31.85,16,FALL
31483,-3.59,4,FALL
31484,26.00,14,FALL
31485,-1.36,5,FALL
31486,11.76,9,FALL
31487,5.13,7,FALL
31488,6.56,7,FALL
31489,64.32,28,FALL
31490,50.41,21,FALL
31491,35.22,17,FALL
31492,28.02,15,FALL
31493,31.15,16,FALL
31494,76.60,31,FALL
31495,33.16,16,FALL
31496,2.71,6,FALL
31497,33.62,16,FALL
31498,38.12,18,FALL
31499,32.43,16,FALL
31500,31.13,16,FALL
31501,13.67,10,FALL
31502,43.29,19,FALL
31503,16.38,12,FALL
31504,31.01,16,FALL
31505,17.30,11,FALL
31506,29.30,15,FALL
31507,34.97,17,FALL
31508,30.88,16,FALL
31509,34.15,16,FALL
31510,44.66,19,FALL
31511,-3.39,4,FALL
31512,28.21,15,FALL
31513,3.37,6,FALL
31514,42.05,19,FALL
31515,29.11,15,FALL
31516,21.69,13,FALL
31517,1.12,6,FALL
31518,12.09,9,FALL
31519,6.90,7,FALL
31520,31.43,16,FALL
31521,7.94,9,FALL
31522,37.05,17,FALL
31523,52.48,22,FALL
31524,19.42,12,FALL
31525,32.11,16,FALL
31526,-3.22,4,FALL
31527,2.02,6,FALL
31528,120.48,44,FALL
31529,34.85,17,FALL
31530,18.58,11,FALL
31531,-1.54,5,FALL
31532,10.63,8,FALL
31533,5.91,7,FALL
31534,31.04,15,FALL
31535,5.06,7,FALL
31536,47.72,21,FALL
31537,31.24,16,FALL
31538,45.52,20,FALL
31539,98.63,37,FALL
31540,33.13,16,FALL
31541,18.09,12,FALL
31542,35.14,18,FALL
31543,34.25,16,FALL
31544,10.43,8,FALL
31545,37.30,18,FALL
31546,1.20,6,FALL
31547,33.89,16,FALL
31548,32.79,16,FALL
31549,1.90,6,FALL
31550,35.40,18,FALL
31551,25.98,15,FALL
31552,44.22,19,FALL
31553,120.91,46,FALL
31554,33.41,16,FALL
31555,28.14,15,FALL
31556,76.42,30,FALL
31557,72.38,30,FALL
31558,30.62,16,FALL
31559,36.66,17,FALL
31560,33.95,17,FALL
31561,5.15,6,FALL
31562,87.52,33,FALL
31563,58.42,25,FALL
31564,16.79,11,FALL
31565,34.54,18,FALL
31566,-1.74,5,FALL
31567,26.28,14,FALL
31568,14.56,10,FALL
31569,20.44,12,FALL
31570,4.88,7,FALL
31571,39.95,18,FALL
31572,28.47,15,FALL
31573,29.57,14,FALL
31574,32.58,16,FALL
31575,32.37,16,FALL
31576,18.62,12,FALL
31577,9.12,9,FALL
31578,9.66,9,FALL
31579,70.34,28,FALL
31580,-3.22,4,FALL
31581,49.38,21,FALL
31582,69.62,30,FALL
31583,18.22,11,FALL
31584,29.78,16,FALL
31585,8.12,9,FALL
31586,18.84,11,FALL
31587,33.74,16,FALL
31588,12.04,9,FALL
31589,34.15,16,FALL
31590,211.22,76,FALL
31591,37.31,17,FALL
31592,22.64,13,FALL
31593,16.90,11,FALL
31594,30.21,15,FALL
31595,16.50,11,FALL
31596,44.89,20,FALL
31597,10.94,9,FALL
31598,10.57,9,FALL
31599,33.61,16,FALL
31600,36.79,18,FALL
31601,40.99,19,FALL
31602,34.28,17,FALL
31603,34.93,17,FALL
31604,37.17,17,FALL
31605,32.57,16,FALL
31606,48.82,21,FALL
31607,37.68,18,FALL
31608,3.02,6,FALL
31609,36.18,17,FALL
31610,47.56,20,FALL
31611,32.34,16,FALL
31612,27.77,14,FALL
31613,28.65,15,FALL
31614,4.19,6,FALL
31615,33.16,16,FALL
31616,61.58,25,FALL
31617,45.24,19,FALL
31618,31.66,16,FALL
31619,4.13,6,FALL
31620,21.67,12,FALL
31621,31.35,16,FALL
31622,-0.85,5,FALL
31623,40.19,18,FALL
31624,-0.77,5,FALL
31625,34.67,17,FALL
31626,32.34,16,FALL
31627,0.68,6,FALL
31628,75.58,30,FALL
31629,4.66,7,FALL
31630,41.60,19,FALL
31631,34.84,17,FALL
31632,34.39,17,FALL
31633,22.03,13,FALL
31634,16.87,11,FALL
31635,1.44,6,FALL
31636,33.17,16,FALL
31637,19.76,12,FALL
31638,4.76,7,FALL
31639,20.20,12,FALL
31640,4.53,7,FALL
31641,32.62,16,FALL
31642,18.48,12,FALL
31643,28.94,14,FALL
31644,38.07,18,FALL
31645,17.21,11,FALL
31646,33.41,16,FALL
31647,33.58,16,FALL
31648,41.25,19,FALL
31649,30.46,16,FALL
31650,0.04,5,FALL
31651,-0.87,5,FALL
31652,10.67,9,FALL
31653,47.00,20,FALL
31654,58.02,26,FALL
31655,-0.69,5,FALL
31656,32.83,16,FALL
31657,7.42,8,FALL
31658,74.16,29,FALL
31659,30.57,17,FALL
31660,43.47,20,FALL
31661,26.53,15,FALL
31662,19.89,12,FALL
31663,32.48,16,FALL
31664,33.43,17,FALL
31665,33.34,16,FALL
31666,83.06,32,FALL
31667,32.16,16,FALL
31668,35.59,17,FALL
31669,35.60,17,FALL
31670,36.80,17,FALL
31671,31.04,16,FALL
31672,31.71,16,FALL
31673,46.66,20,FALL
31674,29.84,15,FALL
31675,38.84,18,FALL
31676,9.23,8,FALL
31677,36.04,17,FALL
31678,55.98,23,FALL
31679,28.22,15,FALL
31680,19.70,13,FALL
31681,30.99,16,FALL
31682,33.30,16,FALL
31683,89.96,34,FALL
31684,13.24,11,FALL
31685,85.86,32,FALL
31686,-0.05,5,FALL
31687,36.09,17,FALL
31688,3.90,6,FALL
31689,28.20,15,FALL
31690,33.32,16,FALL
31691,31.99,16,FALL
31692,5.21,7,FALL
31693,29.32,16,FALL
31694,54.83,23,FALL
31695,38.98,18,FALL
31696,4.96,6,FALL
31697,34.38,16,FALL
31698,68.37,29,FALL
31699,31.79,16,FALL
31700,34.57,17,FALL
31701,38.52,17,FALL
31702,49.19,22,FALL
31703,48.73,22,FALL
31704,4.85,7,FALL
31705,38.52,18,FALL
31706,29.30,15,FALL
31707,3.25,6,FALL
31708,33.97,16,FALL
31709,37.54,18,FALL
31710,12.88,9,FALL
31711,60.38,25,FALL
31712,32.09,16,FALL
31713,3.44,6,FALL
31714,37.55,17,FALL
31715,2.52,6,FALL
31716,28.89,16,FALL
31717,30.07,15,FALL
31718,32.44,16,FALL
31719,37.82,18,FALL
31720,4.46,7,FALL
31721,8.57,8,FALL
31722,34.41,16,FALL
31723,24.20,14,FALL
31724,34.82,17,FALL
31725,30.17,15,FALL
31726,24.52,14,FALL
31727,25.68,14,FALL
31728,-1.34,5,FALL
31729,13.55,9,FALL
31730,8.72,8,FALL
31731,2.38,7,FALL
31732,8.30,8,FALL
31733,35.37,17,FALL
31734,16.16,10,FALL
31735,27.66,15,FALL
31736,31.97,16,FALL
31737,31.81,16,FALL
31738,30.19,16,FALL
31739,31.19,16,FALL
31740,47.98,20,FALL
31741,32.92,16,FALL
31742,34.16,16,FALL
31743,28.83,15,FALL
31744,32.99,16,FALL
31745,33.28,17,FALL
31746,5.32,7,FALL
31747,23.74,14,FALL
31748,20.10,13,FALL
31749,30.05,16,FALL
31750,0.23,6,FALL
31751,19.60,12,FALL
31752,4.82,8,FALL
31753,35.62,17,FALL
31754,18.11,13,FALL
31755,33.20,16,FALL
31756,12.40,9,FALL
31757,42.72,19,FALL
31758,33.04,16,FALL
31759,11.13,9,FALL
31760,30.68,16,FALL
31761,30.58,16,FALL
31762,31.72,16,FALL
31763,-2.67,4,FALL
31764,25.80,14,FALL
31765,1.72,6,FALL
31766,29.19,15,FALL
31767,30.06,16,FALL
31768,25.66,15,FALL
31769,2.56,6,FALL
31770,65.14,26,FALL
31771,-2.02,5,FALL
31772,56.00,23,FALL
31773,32.18,16,FALL
31774,34.37,17,FALL
31775,29.11,15,FALL
31776,33.35,16,FALL
31777,57.56,24,FALL
31778,45.02,19,FALL
31779,15.10,10,FALL
31780,28.47,15,FALL
31781,13.59,10,FALL
31782,86.64,35,FALL
31783,19.19,12,FALL
31784,40.86,18,FALL
31785,33.46,16,FALL
31786,17.44,11,FALL
31787,45.51,21,FALL
31788,30.82,16,FALL
31789,16.36,11,FALL
31790,-2.08,4,FALL
31791,-0.34,5,FALL
31792,37.02,18,FALL
31793,28.35,14,FALL
31794,28.08,15,FALL
31795,8.78,8,FALL
31796,32.04,16,FALL
31797,30.60,16,FALL
31798,21.95,14,FALL
31799,20.26,12,FALL
31800,10.13,9,FALL
31801,-3.31,4,FALL
31802,43.10,20,FALL
31803,6.09,7,FALL
31804,31.09,16,FALL
31805,37.15,17,FALL
31806,11.20,9,FALL
31807,32.58,16,FALL
31808,5.56,6,FALL
31809,30.50,16,FALL
31810,33.52,16,FALL
31811,4.92,7,FALL
31812,39.35,19,FALL
31813,13.56,10,FALL
31814,28.90,16,FALL
31815,82.12,31,FALL
31816,32.38,16,FALL
31817,67.37,27,FALL
31818,26.09,14,FALL
31819,77.46,30,FALL
31820,30.94,16,FALL
31821,31.41,16,FALL
31822,6.09,8,FALL
31823,83.73,33,FALL
31824,32.53,16,FALL
31825,32.79,16,FALL
31826,30.12,16,FALL
31827,28.47,15,FALL
31828,26.24,15,FALL
31829,29.65,15,FALL
31830,27.12,15,FALL
31831,32.48,17,FALL
31832,32.57,16,FALL
31833,31.27,16,FALL
31834,10.81,9,FALL
31835,6.29,7,FALL
31836,19.85,12,FALL
31837,23.08,13,FALL
31838,-3.63,4,FALL
31839,36.94,17,FALL
31840,20.24,13,FALL
31841,21.41,12,FALL
31842,36.10,17,FALL
31843,10.88,8,FALL
31844,34.33,16,FALL
31845,30.43,16,FALL
31846,24.45,14,FALL
31847,24.66,14,FALL
31848,33.11,16,FALL
31849,38.35,18,FALL
31850,99.16,37,FALL
31851,14.20,9,FALL
31852,23.13,14,FALL
31853,46.13,20,FALL
31854,54.14,22,FALL
31855,11.52,10,FALL
31856,33.11,16,FALL
31857,17.70,11,FALL
31858,41.53,18,FALL
31859,2.95,6,FALL
31860,8.66,7,FALL
31861,122.42,46,FALL
31862,14.95,9,FALL
31863,13.27,9,FALL
31864,34.39,16,FALL
31865,9.08,8,FALL
31866,32.63,16,FALL
31867,34.40,16,FALL
31868,30.52,16,FALL
31869,42.02,19,FALL
31870,37.66,17,FALL
31871,173.99,64,FALL
31872,34.02,17,FALL
31873,2.04,5,FALL
31874,30.54,16,FALL
31875,35.45,17,FALL
31876,35.58,17,FALL
31877,15.09,10,FALL
31878,33.86,16,FALL
31879,34.54,17,FALL
31880,41.48,19,FALL
31881,37.15,19,FALL
31882,31.59,16,FALL
31883,28.15,15,FALL
31884,37.94,17,FALL
31885,65.99,29,FALL
31886,10.88,10,FALL
31887,46.32,20,FALL
31888,6.20,7,FALL
31889,1.38,6,FALL
31890,20.19,13,FALL
31891,26.78,14,FALL
31892,6.45,8,FALL
31893,28.59,15,FALL
31894,32.17,16,FALL
31895,13.97,10,FALL
31896,-2.64,4,FALL
31897,10.05,9,FALL
31898,23.91,13,FALL
31899,34.30,17,FALL
31900,1.43,5,FALL
31901,0.70,6,FALL
31902,3.56,5,FALL
31903,82.49,33,FALL
31904,33.43,16,FALL
31905,24.60,13,FALL
31906,24.79,13,FALL
31907,32.07,16,FALL
31908,77.04,32,FALL
31909,45.59,19,FALL
31910,33.45,16,FALL
31911,3.68,7,FALL
31912,34.27,17,FALL
31913,30.31,15,FALL
31914,30.93,16,FALL
31915,18.54,12,FALL
31916,9.63,8,FALL
31917,79.43,32,FALL
31918,21.20,12,FALL
31919,72.23,28,FALL
31920,32.04,16,FALL
31921,33.64,16,FALL
31922,13.25,10,FALL
31923,42.33,19,FALL
31924,37.79,18,FALL
31925,29.48,15,FALL
31926,30.36,15,FALL
31927,5.15,7,FALL
31928,29.22,15,FALL
31929,29.36,16,FALL
31930,41.28,19,FALL
31931,119.74,45,FALL
31932,0.10,6,FALL
31933,17.48,11,FALL
31934,44.02,20,FALL
31935,7.95,8,FALL
31936,60.49,25,FALL
31937,40.15,18,FALL
31938,17.38,12,FALL
31939,7.36,8,FALL
31940,10.30,9,FALL
31941,17.55,11,FALL
31942,7.13,8,FALL
31943,32.51,16,FALL
31944,37.44,18,FALL
31945,10.56,9,FALL
31946,41.13,18,FALL
31947,34.89,17,FALL
31948,8.39,8,FALL
31949,31.40,16,FALL
31950,20.54,12,FALL
0,28.22,17,FALL
1,43.03,19,FALL
2,52.45,21,FALL
3,40.33,18,FALL
4,-2.32,5,FALL
5,38.08,17,FALL
6,1.84,6,FALL
7,9.71,8,FALL
8,5.46,7,FALL
9,69.41,28,FALL
10,44.43,20,FALL
11,52.38,20,FALL
12,29.54,15,FALL
13,13.68,9,FALL
14,-6.74,3,FALL
15,19.00,11,FALL
16,45.84,20,FALL
17,19.63,11,FALL
18,2.64,6,FALL
19,12.07,9,FALL
20,35.70,17,FALL
21,20.12,12,FALL
22,55.82,23,FALL
23,8.13,8,FALL
24,20.89,11,FALL
25,19.96,12,FALL
26,-6.50,3,FALL
27,10.82,9,FALL
28,12.39,10,FALL
29,8.67,8,FALL
30,8.74,8,FALL
31,4.07,7,FALL
32,39.50,19,FALL
